casoId,diplomaId,classeDiploma,rotuloDiplomaPt,statusDiplomaId,dataEmissao,diplomadoId,classeDiplomado,nomeDiplomado,nacionalidadeDiplomadoPt,cpfDiplomado,naturalidadeId,classeNaturalidade,rotuloNaturalidadePt,codigoMunicipioIbge,nomeMunicipioNaturalidade,ufNaturalidade,nomeMunicipioEstrangeiro,cursoId,classeCurso,nomeCurso,codigoEmecCurso,cargaHorariaCurso,dataConclusaoCurso,grauConferidoId,tituloConferidoId,modalidadeEnsinoId,enderecoCursoId,classeEnderecoCurso,iesEmissoraId,classeIesEmissora,nomeIesEmissora,cnpjIesEmissora,iesRegistradoraId,classeIesRegistradora,nomeIesRegistradora,cnpjIesRegistradora,registroId,classeRegistro,requisicaoDocumentacaoIri,requisicaoDocumentacaoId,processoAdministrativoIri,numeroProcessoDiploma,dataRegistro,numeroRegistro,assinaturaId,classeAssinatura,dataHoraAssinatura,formatoAssinaturaId,codigoValidacaoId,classeCodigoValidacao,valorCodigoValidacao,diplomaIri,versaoLeiaute,ambienteId,ambiente,nomePlataformaAcesso,plataformaAcessoId,diplomadoIri,logradouroCurso,numeroEnderecoCurso,complementoEnderecoCurso,bairroCurso,municipioCurso,ufCurso,cepCurso,paisCurso,enderecoCursoIndisponivel,outroTituloConferido,enfaseCurso,nomeHabilitacao,dataHabilitacao,numeroProcessoEmec,tipoProcessoEmec,dataProtocoloEmec,dataRegistroEmec,codigoMecIesEmissora,logradouroIesEmissora,municipioIesEmissora,ufIesEmissora,cepIesEmissora,paisIesEmissora,codigoMecIesRegistradora,logradouroIesRegistradora,municipioIesRegistradora,ufIesRegistradora,cepIesRegistradora,paisIesRegistradora,registroIri,identificadorDocumentacaoAcademica,dataColacaoGrau,dataExpedicaoDiploma,livroRegistro,folhaRegistro,sequenciaRegistro,informacoesAdicionaisRegistro,nomeResponsavelRegistro,cpfResponsavelRegistro,matriculaResponsavelRegistro,nomesAssinantesRegistro,cpfsAssinantesRegistro,cargosAssinantesRegistro,nomeAssinanteEmissao,cpfAssinanteEmissao,cargoAssinanteEmissao,papelAssinatura,instituicaoResponsavelAssinatura,agenteCertificador,dataHoraCarimboTempo,documentacaoAcademicaIri,nomeSignatarioTermoResponsabilidade,cpfSignatarioTermoResponsabilidade,cargoSignatarioTermoResponsabilidade,atoDesignacaoSignatario,historicoEscolarIri,identificadorHistoricoEscolar
CASO0001,diplomaCaso1,DiplomaDigital,Diploma 001,Ativo,2027-01-10,diplomadoCaso1,Diplomado,Pessoa Fictícia-0001,Brasileira,CPF-FICTICIO-0001,localNaturalidadeBr3106200,LocalNaturalidade,Belo Horizonte (MG),3106200,Belo Horizonte,MG,,cursoCaso1,Curso,Bacharelado em Gestão do Conhecimento Aplicado,CURSO-FAKE-001,3200,2026-12-18,Bacharelado,Bacharel,Presencial,enderecoCursoCaso1,Endereco,iesEmissoraCaso1,IesEmissora,Universidade do Vale do Conhecimento,CNPJ-FICTICIO-0001/CNPJ-FICTICIO-0002,iesRegistradoraCaso1,IesRegistradora,Universidade Nacional da Curadoria,CNPJ-FICTICIO-0003/CNPJ-FICTICIO-0004,registroCaso1,RegistroDiploma,https://w3id.org/ufes/ontodiplomadigital/instancias-ficticias#requisicaoDocumentacao001,ReqDip00000000000000000000000000000000000000000001,https://w3id.org/ufes/ontodiplomadigital/instancias-ficticias#processoAdministrativo001,PROC-FAKE-2027-0001,2027-01-15,RDP-FAKE-0001,assinaturaCaso1,AssinaturaDigital,2027-01-15T14:10:00,XAdES,CODIGO-VALIDACAO-FICTICIO-0001,CodigoValidacao,CODIGO-VALIDACAO-FICTICIO-0002,https://w3id.org/ufes/ontodiplomadigital/instancias-ficticias#diplomaCaso1,1.05,Homologacao,homologação,Portal Público Fictício de Consulta de Diplomas,,https://w3id.org/ufes/ontodiplomadigital/instancias-ficticias#diplomadoCaso1,Campus Integracao,,Bloco A,,Vila Semantica,ES,29001-111,Brasil,,,Curadoria digital e interoperabilidade semantica,Curadoria Digital e Interoperabilidade,2026-12-18,,,,,MEC-FAKE-1001,"Avenida das Ontologias, 1000",Vila Semântica,ES,29000-000,Brasil,MEC-FAKE-2002,"Rua dos Grafos, 250",Cidade do Registro,MG,30000-000,Brasil,https://w3id.org/ufes/ontodiplomadigital/instancias-ficticias#registroCaso1,ReqDip00000000000000000000000000000000000000000001,2026-12-20,2027-01-08,L-2027-A,45,018,Exemplo regular com todos os vinculos centrais preenchidos para fins de teste.,Pessoa Fictícia-0002,CPF-FICTICIO-0002,MAT-REG-001,Assinante Fictício-0003 | Assinante Fictício-0004,CPF-FICTICIO-0003 | CPF-FICTICIO-0004,Reitor | Secretaria Geral Acadêmica,Assinante Fictício-0005,CPF-FICTICIO-0005,Reitor,AssinaturaPJRegistradora,Universidade Nacional da Curadoria,Autoridade Certificadora Fictícia Raiz do Conhecimento,2027-01-15T14:10:00,https://w3id.org/ufes/ontodiplomadigital/instancias-ficticias#documentacaoAcademicaCaso1,Pessoa Fictícia-0006,CPF-FICTICIO-0006,Reitor,urn:fake:pdfa:ato-designacao:caso1,https://w3id.org/ufes/ontodiplomadigital/instancias-ficticias#historicoCaso1,HISTORICO-0001
CASO0002,diplomaCaso2,DiplomaDigital,Diploma 002,Revogado,2026-12-22,diplomadoCaso2,Diplomado,Pessoa Fictícia-0007,Brasileira,CPF-FICTICIO-0007,localNaturalidadeBr2611606,LocalNaturalidade,Recife (PE),2611606,Recife,PE,,cursoCaso2,CursoNSF,Tecnologia em Análise Territorial de Dados,,2400,2026-11-30,Tecnologia,Tecnologo,Semipresencial,enderecoCursoLote08,Endereco,iesEmissoraCaso2,IesEmissora,Instituto Superior Horizonte Aberto,CNPJ-FICTICIO-0005/CNPJ-FICTICIO-0006,iesRegistradoraCaso2,IesRegistradora,Centro Universitario Rede Cidada,CNPJ-FICTICIO-0007/CNPJ-FICTICIO-0008,registroCaso2,RegistroDiplomaNSF,https://w3id.org/ufes/ontodiplomadigital/instancias-ficticias#requisicaoDocumentacao002,ReqDip00000000000000000000000000000000000000000002,https://w3id.org/ufes/ontodiplomadigital/instancias-ficticias#processoAdministrativo002,PROC-FAKE-2026-0202,2027-01-07,RDP-FAKE-0002,assinaturaCaso2,AssinaturaDigital,2027-01-07T09:25:00,PAdES,CODIGO-VALIDACAO-FICTICIO-0003,CodigoValidacao,CODIGO-VALIDACAO-FICTICIO-0004,https://w3id.org/ufes/ontodiplomadigital/instancias-ficticias#diplomaCaso2,1.05,Producao,produção,Portal Público Fictício de Consulta de Diplomas,,https://w3id.org/ufes/ontodiplomadigital/instancias-ficticias#diplomadoCaso2,Campus de Dados 08,,Bloco C,,Florianopolis,SC,31008-000,Brasil,,Analista Territorial de Dados,,,,EMEC-FAKE-2026-0099,Reconhecimento em analise documental,2026-07-18,2026-07-11,MEC-FAKE-3003,"Praca dos Metadados, 88",Nova Taxonomia,BA,40000-000,Brasil,MEC-FAKE-4004,"Alameda da Proveniencia, 510",Rede de Dados,DF,70000-000,Brasil,https://w3id.org/ufes/ontodiplomadigital/instancias-ficticias#registroCaso2,ReqDip00000000000000000000000000000000000000000002,2026-12-05,2026-12-20,L-2027-NSF,12,004,"Exemplo NSF usado para demonstrar variacao de curso, registro e situacao administrativa.",Pessoa Fictícia-0008,CPF-FICTICIO-0008,MAT-REG-002,Assinante Fictício-0009,CPF-FICTICIO-0009,Diretoria de Registro Acadêmico,Assinante Fictício-0010,CPF-FICTICIO-0010,Reitora,AssinaturaPJEmissora,Instituto Superior Horizonte Aberto,Autoridade Certificadora Fictícia Rede Federal,2027-01-07T09:25:00,https://w3id.org/ufes/ontodiplomadigital/instancias-ficticias#documentacaoAcademicaCaso2,Pessoa Fictícia-0011,CPF-FICTICIO-0011,Reitora,urn:fake:pdfa:ato-designacao:caso2,https://w3id.org/ufes/ontodiplomadigital/instancias-ficticias#historicoCaso2,HISTORICO-0002
CASO0003,diplomaLote001,DiplomaDigital,Diploma 003,Ativo,2026-02-14,diplomadoLote001,Diplomado,Pessoa Fictícia-0012,Brasileira,CPF-FICTICIO-0012,localNaturalidadeBr4205407,LocalNaturalidade,Florianópolis (SC),4205407,Florianópolis,SC,,cursoLote001,Curso,Bacharelado em Ciência de Dados Publicos,CURSO-FAKE-0003,2600,2026-01-13,Bacharelado,Bacharel,Presencial,enderecoCursoLote08,Endereco,iesEmissoraLote01,IesEmissora,Universidade Aberta do Conhecimento,CNPJ-FICTICIO-0009/CNPJ-FICTICIO-0010,iesRegistradoraLote01,IesRegistradora,Universidade Registradora do Brasil Digital,CNPJ-FICTICIO-0011/CNPJ-FICTICIO-0012,registroLote001,RegistroDiploma,https://w3id.org/ufes/ontodiplomadigital/instancias-ficticias#requisicaoDocumentacao003,ReqDip00000000000000000000000000000000000000000003,https://w3id.org/ufes/ontodiplomadigital/instancias-ficticias#processoAdministrativo003,PROC-FAKE-2026-0003,2026-02-19,RDP-FAKE-0003,assinaturaLote001,AssinaturaDigital,2026-02-19T09:11:00,XAdES,CODIGO-VALIDACAO-FICTICIO-0005,CodigoValidacao,CODIGO-VALIDACAO-FICTICIO-0006,https://w3id.org/ufes/ontodiplomadigital/instancias-ficticias#diplomaLote001,1.05,Homologacao,homologação,GovBR Acadêmico Fictício,,https://w3id.org/ufes/ontodiplomadigital/instancias-ficticias#diplomadoLote001,Campus de Dados 08,,Bloco C,,Florianopolis,SC,31008-000,Brasil,,,interoperabilidade semantica,,,,,,,MEC-EM-0001,"Avenida Sintetica 101, Setor Emissor",Vitoria,ES,29001-000,Brasil,MEC-RG-0001,"Rua Registral 201, Setor de Proveniencia",Curitiba,PR,30001-000,Brasil,https://w3id.org/ufes/ontodiplomadigital/instancias-ficticias#registroLote001,ReqDip00000000000000000000000000000000000000000003,2026-01-20,2026-02-04,L-2026-1,1,003,Caso sintetico 003 com status ativo e modalidade presencial.,Pessoa Fictícia-0013,CPF-FICTICIO-0013,MAT-REG-0003,Assinante Fictício-0014,CPF-FICTICIO-0014,Reitoria de Registro 1,Assinante Fictício-0015,CPF-FICTICIO-0015,Diretor Acadêmico,AssinaturaPFResponsavelRegistro,,,2026-02-19T09:11:00,https://w3id.org/ufes/ontodiplomadigital/instancias-ficticias#documentacaoAcademicaLote001,Pessoa Fictícia-0016,CPF-FICTICIO-0016,Diretor Geral,urn:fake:pdfa:ato-designacao:lote01,https://w3id.org/ufes/ontodiplomadigital/instancias-ficticias#historicoLote001,HISTORICO-0003
CASO0004,diplomaLote002,DiplomaDigital,Diploma 004,Ativo,2026-02-17,diplomadoLote002,Diplomado,Pessoa Fictícia-0017,Brasileira,CPF-FICTICIO-0017,localNaturalidadeBr4106902,LocalNaturalidade,Curitiba (PR),4106902,Curitiba,PR,,cursoLote002,Curso,Licenciatura em Curadoria Digital,CURSO-FAKE-0004,2800,2026-01-16,Licenciatura,Licenciado,Ead,enderecoCursoLote02,Endereco,iesEmissoraLote02,IesEmissora,Centro Universitario Horizonte Semântico,CNPJ-FICTICIO-0013/CNPJ-FICTICIO-0014,iesRegistradoraLote02,IesRegistradora,Centro de Registro Interoperável,CNPJ-FICTICIO-0015/CNPJ-FICTICIO-0016,registroLote002,RegistroDiploma,https://w3id.org/ufes/ontodiplomadigital/instancias-ficticias#requisicaoDocumentacao004,ReqDip00000000000000000000000000000000000000000004,https://w3id.org/ufes/ontodiplomadigital/instancias-ficticias#processoAdministrativo004,PROC-FAKE-2026-0004,2026-02-22,RDP-FAKE-0004,assinaturaLote002,AssinaturaDigital,2026-02-22T10:12:00,CAdES,CODIGO-VALIDACAO-FICTICIO-0007,CodigoValidacao,CODIGO-VALIDACAO-FICTICIO-0008,https://w3id.org/ufes/ontodiplomadigital/instancias-ficticias#diplomaLote002,1.05,Producao,produção,Portal Público Fictício de Consulta de Diplomas,,https://w3id.org/ufes/ontodiplomadigital/instancias-ficticias#diplomadoLote002,Campus de Dados 02,,Bloco B,,Recife,PE,31002-000,Brasil,,,curadoria digital,,,,,,,MEC-EM-0002,"Avenida Sintetica 102, Setor Emissor",Belo Horizonte,MG,29002-000,Brasil,MEC-RG-0002,"Rua Registral 202, Setor de Proveniencia",Fortaleza,CE,30002-000,Brasil,https://w3id.org/ufes/ontodiplomadigital/instancias-ficticias#registroLote002,ReqDip00000000000000000000000000000000000000000004,2026-01-23,2026-02-07,L-2026-2,2,004,Caso sintetico 004 com status ativo e modalidade ead.,Pessoa Fictícia-0018,CPF-FICTICIO-0018,MAT-REG-0004,Assinante Fictício-0019,CPF-FICTICIO-0019,Reitoria de Registro 2,Assinante Fictício-0020,CPF-FICTICIO-0020,Diretora Acadêmica,AssinaturaPFEmissora,,,2026-02-22T10:12:00,https://w3id.org/ufes/ontodiplomadigital/instancias-ficticias#documentacaoAcademicaLote002,Pessoa Fictícia-0021,CPF-FICTICIO-0021,Diretora Geral,urn:fake:pdfa:ato-designacao:lote02,https://w3id.org/ufes/ontodiplomadigital/instancias-ficticias#historicoLote002,HISTORICO-0004
CASO0005,diplomaLote003,DiplomaDigital,Diploma 005,Ativo,2026-02-20,diplomadoLote003,Diplomado,Pessoa Fictícia-0022,Brasileira,CPF-FICTICIO-0022,localNaturalidadeBr2927408,LocalNaturalidade,Salvador (BA),2927408,Salvador,BA,,cursoLote003,Curso,Tecnologia em Arquivologia Aplicada,CURSO-FAKE-0005,3000,2026-01-19,Tecnologia,Tecnologo,Semipresencial,enderecoCursoLote02,Endereco,iesEmissoraLote03,IesEmissora,Instituto Federal de Curadoria Digital,CNPJ-FICTICIO-0017/CNPJ-FICTICIO-0018,iesRegistradoraLote03,IesRegistradora,Instituto Nacional de Validação Acadêmica,CNPJ-FICTICIO-0019/CNPJ-FICTICIO-0020,registroLote003,RegistroDiploma,https://w3id.org/ufes/ontodiplomadigital/instancias-ficticias#requisicaoDocumentacao005,ReqDip00000000000000000000000000000000000000000005,https://w3id.org/ufes/ontodiplomadigital/instancias-ficticias#processoAdministrativo005,PROC-FAKE-2026-0005,2026-02-25,RDP-FAKE-0005,assinaturaLote003,AssinaturaDigital,2026-02-25T11:13:00,PAdES,CODIGO-VALIDACAO-FICTICIO-0009,CodigoValidacao,CODIGO-VALIDACAO-FICTICIO-0010,https://w3id.org/ufes/ontodiplomadigital/instancias-ficticias#diplomaLote003,1.05,Homologacao,homologação,GovBR Acadêmico Fictício,,https://w3id.org/ufes/ontodiplomadigital/instancias-ficticias#diplomadoLote003,Campus de Dados 02,,Bloco B,,Recife,PE,31002-000,Brasil,,,organizacao do conhecimento,Análise semantica aplicada,2026-01-19,,,,,MEC-EM-0003,"Avenida Sintetica 103, Setor Emissor",Salvador,BA,29003-000,Brasil,MEC-RG-0003,"Rua Registral 203, Setor de Proveniencia",Goiania,GO,30003-000,Brasil,https://w3id.org/ufes/ontodiplomadigital/instancias-ficticias#registroLote003,ReqDip00000000000000000000000000000000000000000005,2026-01-26,2026-02-10,L-2026-3,3,005,Caso sintetico 005 com status ativo e modalidade semipresencial.,Pessoa Fictícia-0023,CPF-FICTICIO-0023,MAT-REG-0005,Assinante Fictício-0024,CPF-FICTICIO-0024,Reitoria de Registro 3,Assinante Fictício-0025,CPF-FICTICIO-0025,Secretario Geral Acadêmico,AssinaturaPJArquivamentoDocumentacaoAcademica,Instituto Federal de Curadoria Digital,,2026-02-25T11:13:00,https://w3id.org/ufes/ontodiplomadigital/instancias-ficticias#documentacaoAcademicaLote003,Pessoa Fictícia-0026,CPF-FICTICIO-0026,Procurador Institucional,urn:fake:pdfa:ato-designacao:lote03,https://w3id.org/ufes/ontodiplomadigital/instancias-ficticias#historicoLote003,HISTORICO-0005
CASO0006,diplomaLote004,DiplomaDigital,Diploma 006,Revogado,2026-02-23,diplomadoLote004,Diplomado,Pessoa Fictícia-0027,Brasileira,CPF-FICTICIO-0027,localNaturalidadeBr3550308,LocalNaturalidade,São Paulo (SP),3550308,São Paulo,SP,,cursoLote004,CursoNSF,Bacharelado em Biblioteconomia Analitica,,3200,2026-01-22,Bacharelado,Bacharel,Presencial,enderecoCursoLote04,Endereco,iesEmissoraLote04,IesEmissora,Universidade Metropolitana da Informação,CNPJ-FICTICIO-0021/CNPJ-FICTICIO-0022,iesRegistradoraLote04,IesRegistradora,Universidade Curadora de Diplomas,CNPJ-FICTICIO-0023/CNPJ-FICTICIO-0024,registroLote004,RegistroDiplomaNSF,https://w3id.org/ufes/ontodiplomadigital/instancias-ficticias#requisicaoDocumentacao006,ReqDip00000000000000000000000000000000000000000006,https://w3id.org/ufes/ontodiplomadigital/instancias-ficticias#processoAdministrativo006,PROC-FAKE-2026-0006,2026-02-28,RDP-FAKE-0006,assinaturaLote004,AssinaturaDigital,2026-02-28T12:14:00,XAdES,CODIGO-VALIDACAO-FICTICIO-0011,CodigoValidacao,CODIGO-VALIDACAO-FICTICIO-0012,https://w3id.org/ufes/ontodiplomadigital/instancias-ficticias#diplomaLote004,1.05,Producao,produção,Portal Público Fictício de Consulta de Diplomas,,https://w3id.org/ufes/ontodiplomadigital/instancias-ficticias#diplomadoLote004,Campus de Dados 04,,Bloco D,,Fortaleza,CE,31004-000,Brasil,,,preservacao e acesso,,,EMEC-FAKE-2026-0006,Análise de regularidade do curso 006,2025-08-30,2025-08-15,MEC-EM-0004,"Avenida Sintetica 104, Setor Emissor",Brasilia,DF,29004-000,Brasil,MEC-RG-0004,"Rua Registral 204, Setor de Proveniencia",Sao Paulo,SP,30004-000,Brasil,https://w3id.org/ufes/ontodiplomadigital/instancias-ficticias#registroLote004,ReqDip00000000000000000000000000000000000000000006,2026-01-29,2026-02-13,L-2026-4,4,006,Caso sintetico 006 com status revogado e modalidade presencial.,Pessoa Fictícia-0028,CPF-FICTICIO-0028,MAT-REG-0006,Assinante Fictício-0029,CPF-FICTICIO-0029,Reitoria de Registro 4,Assinante Fictício-0030,CPF-FICTICIO-0030,Secretaria Geral Acadêmica,AssinaturaPJRegistradora,Universidade Curadora de Diplomas,,2026-02-28T12:14:00,https://w3id.org/ufes/ontodiplomadigital/instancias-ficticias#documentacaoAcademicaLote004,Pessoa Fictícia-0031,CPF-FICTICIO-0031,Procuradora Institucional,urn:fake:pdfa:ato-designacao:lote04,https://w3id.org/ufes/ontodiplomadigital/instancias-ficticias#historicoLote004,HISTORICO-0006
CASO0007,diplomaLote005,DiplomaDigital,Diploma 007,Anulado,2026-02-26,diplomadoLote005,Diplomado,Pessoa Fictícia-0032,Brasileira,CPF-FICTICIO-0032,localNaturalidadeBr2408102,LocalNaturalidade,Natal (RN),2408102,Natal,RN,,cursoLote005,Curso,Licenciatura em Gestão da Informação,CURSO-FAKE-0007,3400,2026-01-25,Licenciatura,Licenciado,Ead,enderecoCursoLote10,Endereco,iesEmissoraLote05,IesEmissora,Faculdade Nacional de Dados Ligados,CNPJ-FICTICIO-0025/CNPJ-FICTICIO-0026,iesRegistradoraLote05,IesRegistradora,Centro Registral de Conhecimento Aplicado,CNPJ-FICTICIO-0027/CNPJ-FICTICIO-0028,registroLote005,RegistroDiploma,https://w3id.org/ufes/ontodiplomadigital/instancias-ficticias#requisicaoDocumentacao007,ReqDip00000000000000000000000000000000000000000007,https://w3id.org/ufes/ontodiplomadigital/instancias-ficticias#processoAdministrativo007,PROC-FAKE-2026-0007,2026-03-03,RDP-FAKE-0007,assinaturaLote005,AssinaturaDigital,2026-03-03T13:15:00,CAdES,CODIGO-VALIDACAO-FICTICIO-0013,CodigoValidacao,CODIGO-VALIDACAO-FICTICIO-0014,https://w3id.org/ufes/ontodiplomadigital/instancias-ficticias#diplomaLote005,1.05,Homologacao,homologação,GovBR Acadêmico Fictício,,https://w3id.org/ufes/ontodiplomadigital/instancias-ficticias#diplomadoLote005,Campus de Dados 10,,Bloco E,,Vitoria,ES,31010-000,Brasil,,,governanca de dados,,,,,,,MEC-EM-0005,"Avenida Sintetica 105, Setor Emissor",Recife,PE,29005-000,Brasil,MEC-RG-0005,"Rua Registral 205, Setor de Proveniencia",Rio de Janeiro,RJ,30005-000,Brasil,https://w3id.org/ufes/ontodiplomadigital/instancias-ficticias#registroLote005,ReqDip00000000000000000000000000000000000000000007,2026-02-01,2026-02-16,L-2026-5,5,007,Caso sintetico 007 com status anulado e modalidade ead.,Pessoa Fictícia-0033,CPF-FICTICIO-0033,MAT-REG-0007,Assinante Fictício-0034 | Assinante Fictício-0035,CPF-FICTICIO-0034 | CPF-FICTICIO-0035,Reitoria de Registro 5 | Secretaria Acadêmica Integrada,Pessoa Fictícia-0006,CPF-FICTICIO-0036,Pro-Reitor de Graduacao,AssinaturaPJEmissora,Faculdade Nacional de Dados Ligados,,2026-03-03T13:15:00,https://w3id.org/ufes/ontodiplomadigital/instancias-ficticias#documentacaoAcademicaLote005,Assinante Fictício-0005,CPF-FICTICIO-0037,Reitor,urn:fake:pdfa:ato-designacao:lote05,https://w3id.org/ufes/ontodiplomadigital/instancias-ficticias#historicoLote005,HISTORICO-0007
CASO0008,diplomaLote006,DiplomaDigital,Diploma 008,Ativo,2026-03-01,diplomadoLote006,Diplomado,Pessoa Fictícia-0036,Brasileira,CPF-FICTICIO-0038,localNaturalidadeBr3550308,LocalNaturalidade,São Paulo (SP),3550308,São Paulo,SP,,cursoLote006,Curso,Tecnologia em Humanidades Digitais,,2400,2026-01-28,Tecnologia,Tecnologo,Semipresencial,enderecoCursoLote06,Endereco,iesEmissoraLote06,IesEmissora,Universidade de Estudos Documentais,CNPJ-FICTICIO-0029/CNPJ-FICTICIO-0030,iesRegistradoraLote06,IesRegistradora,Universidade Federal de Registro Semântico,CNPJ-FICTICIO-0031/CNPJ-FICTICIO-0032,registroLote006,RegistroDiploma,https://w3id.org/ufes/ontodiplomadigital/instancias-ficticias#requisicaoDocumentacao008,ReqDip00000000000000000000000000000000000000000008,https://w3id.org/ufes/ontodiplomadigital/instancias-ficticias#processoAdministrativo008,PROC-FAKE-2026-0008,2026-03-06,RDP-FAKE-0008,assinaturaLote006,AssinaturaDigital,2026-03-06T14:16:00,PAdES,CODIGO-VALIDACAO-FICTICIO-0015,CodigoValidacao,CODIGO-VALIDACAO-FICTICIO-0016,https://w3id.org/ufes/ontodiplomadigital/instancias-ficticias#diplomaLote006,1.05,Producao,produção,Portal Público Fictício de Consulta de Diplomas,,https://w3id.org/ufes/ontodiplomadigital/instancias-ficticias#diplomadoLote006,Campus de Dados 06,,Bloco A,,Sao Paulo,SP,31006-000,Brasil,,Especialista em Humanidades Digitais,tratamento documental,Processos de registro academico,2026-01-28,EMEC-FAKE-2026-0008,Análise de regularidade do curso 008,2025-09-05,2025-08-21,MEC-EM-0006,"Avenida Sintetica 106, Setor Emissor",Curitiba,PR,29006-000,Brasil,MEC-RG-0006,"Rua Registral 206, Setor de Proveniencia",Florianopolis,SC,30006-000,Brasil,https://w3id.org/ufes/ontodiplomadigital/instancias-ficticias#registroLote006,ReqDip00000000000000000000000000000000000000000008,2026-02-04,2026-02-19,L-2026-6,6,008,Caso sintetico 008 com status ativo e modalidade semipresencial.,Pessoa Fictícia-0037,CPF-FICTICIO-0039,MAT-REG-0008,Assinante Fictício-0038,CPF-FICTICIO-0040,Reitoria de Registro 6,Pessoa Fictícia-0011,CPF-FICTICIO-0041,Pro-Reitora de Graduacao,AssinaturaPFResponsavelRegistro,,,2026-03-06T14:16:00,https://w3id.org/ufes/ontodiplomadigital/instancias-ficticias#documentacaoAcademicaLote006,Assinante Fictício-0010,CPF-FICTICIO-0042,Reitora,urn:fake:pdfa:ato-designacao:lote06,https://w3id.org/ufes/ontodiplomadigital/instancias-ficticias#historicoLote006,HISTORICO-0008
CASO0009,diplomaLote007,DiplomaDigital,Diploma 009,Ativo,2026-03-04,diplomadoLote007,Diplomado,Pessoa Fictícia-0039,Brasileira,CPF-FICTICIO-0043,localNaturalidadeBr3550308,LocalNaturalidade,São Paulo (SP),3550308,São Paulo,SP,,cursoLote007,Curso,Bacharelado em Documentacao Tecnica,CURSO-FAKE-0009,2600,2026-01-31,Bacharelado,Bacharel,Presencial,enderecoCursoCaso1,Endereco,iesEmissoraLote07,IesEmissora,Centro Acadêmico de Interoperabilidade,CNPJ-FICTICIO-0033/CNPJ-FICTICIO-0034,iesRegistradoraLote07,IesRegistradora,Instituto de Segurança Documental,CNPJ-FICTICIO-0035/CNPJ-FICTICIO-0036,registroLote007,RegistroDiploma,https://w3id.org/ufes/ontodiplomadigital/instancias-ficticias#requisicaoDocumentacao009,ReqDip00000000000000000000000000000000000000000009,https://w3id.org/ufes/ontodiplomadigital/instancias-ficticias#processoAdministrativo009,PROC-FAKE-2026-0009,2026-03-09,RDP-FAKE-0009,assinaturaLote007,AssinaturaDigital,2026-03-09T15:17:00,XAdES,CODIGO-VALIDACAO-FICTICIO-0017,CodigoValidacao,CODIGO-VALIDACAO-FICTICIO-0018,https://w3id.org/ufes/ontodiplomadigital/instancias-ficticias#diplomaLote007,1.05,Homologacao,homologação,GovBR Acadêmico Fictício,,https://w3id.org/ufes/ontodiplomadigital/instancias-ficticias#diplomadoLote007,Campus Integracao,,Bloco A,,Vila Semantica,ES,29001-111,Brasil,,,interoperabilidade semantica,,,,,,,MEC-EM-0007,"Avenida Sintetica 107, Setor Emissor",Fortaleza,CE,29007-000,Brasil,MEC-RG-0007,"Rua Registral 207, Setor de Proveniencia",Belem,PA,30007-000,Brasil,https://w3id.org/ufes/ontodiplomadigital/instancias-ficticias#registroLote007,ReqDip00000000000000000000000000000000000000000009,2026-02-07,2026-02-22,L-2026-7,7,009,Caso sintetico 009 com status ativo e modalidade presencial.,Pessoa Fictícia-0040,CPF-FICTICIO-0044,MAT-REG-0009,Assinante Fictício-0041,CPF-FICTICIO-0045,Reitoria de Registro 7,Pessoa Fictícia-0016,CPF-FICTICIO-0046,Reitor,AssinaturaPFEmissora,,,2026-03-09T15:17:00,https://w3id.org/ufes/ontodiplomadigital/instancias-ficticias#documentacaoAcademicaLote007,Assinante Fictício-0015,CPF-FICTICIO-0047,Diretor Geral,urn:fake:pdfa:ato-designacao:lote07,https://w3id.org/ufes/ontodiplomadigital/instancias-ficticias#historicoLote007,HISTORICO-0009
CASO0010,diplomaLote008,DiplomaDigital,Diploma 010,Ativo,2026-03-07,diplomadoLote008,Diplomado,Pessoa Fictícia-0042,Brasileira,CPF-FICTICIO-0048,localNaturalidadeBr2611606,LocalNaturalidade,Recife (PE),2611606,Recife,PE,,cursoLote008,CursoNSF,Licenciatura em Governanca Informacional,,2800,2026-02-03,Licenciatura,Licenciado,Ead,enderecoCursoLote08,Endereco,iesEmissoraLote08,IesEmissora,Instituto Superior de Preservacao Informacional,CNPJ-FICTICIO-0037/CNPJ-FICTICIO-0038,iesRegistradoraLote08,IesRegistradora,Centro Universitario de Rastreabilidade Acadêmica,CNPJ-FICTICIO-0039/CNPJ-FICTICIO-0040,registroLote008,RegistroDiplomaNSF,https://w3id.org/ufes/ontodiplomadigital/instancias-ficticias#requisicaoDocumentacao010,ReqDip00000000000000000000000000000000000000000010,https://w3id.org/ufes/ontodiplomadigital/instancias-ficticias#processoAdministrativo010,PROC-FAKE-2026-0010,2026-03-12,RDP-FAKE-0010,assinaturaLote008,AssinaturaDigital,2026-03-12T16:18:00,CAdES,CODIGO-VALIDACAO-FICTICIO-0019,CodigoValidacao,CODIGO-VALIDACAO-FICTICIO-0020,https://w3id.org/ufes/ontodiplomadigital/instancias-ficticias#diplomaLote008,1.05,Producao,produção,Portal Público Fictício de Consulta de Diplomas,,https://w3id.org/ufes/ontodiplomadigital/instancias-ficticias#diplomadoLote008,Campus de Dados 08,,Bloco C,,Florianopolis,SC,31008-000,Brasil,,,curadoria digital,,,EMEC-FAKE-2026-0010,Análise de regularidade do curso 010,2025-09-11,2025-08-27,MEC-EM-0008,"Avenida Sintetica 108, Setor Emissor",Goiania,GO,29008-000,Brasil,MEC-RG-0008,"Rua Registral 208, Setor de Proveniencia",Vitoria,ES,30008-000,Brasil,https://w3id.org/ufes/ontodiplomadigital/instancias-ficticias#registroLote008,ReqDip00000000000000000000000000000000000000000010,2026-02-10,2026-02-25,L-2026-1,8,010,Caso sintetico 010 com status ativo e modalidade ead.,Pessoa Fictícia-0043,CPF-FICTICIO-0049,MAT-REG-0010,Assinante Fictício-0044,CPF-FICTICIO-0050,Reitoria de Registro 8,Pessoa Fictícia-0021,CPF-FICTICIO-0051,Reitora,AssinaturaPJArquivamentoDocumentacaoAcademica,Instituto Superior de Preservacao Informacional,,2026-03-12T16:18:00,https://w3id.org/ufes/ontodiplomadigital/instancias-ficticias#documentacaoAcademicaLote008,Assinante Fictício-0020,CPF-FICTICIO-0052,Diretora Geral,urn:fake:pdfa:ato-designacao:lote08,https://w3id.org/ufes/ontodiplomadigital/instancias-ficticias#historicoLote008,HISTORICO-0010
CASO0011,diplomaLote009,DiplomaDigital,Diploma 011,Revogado,2026-03-10,diplomadoLote009,Diplomado,Pessoa Fictícia-0045,Brasileira,CPF-FICTICIO-0053,localNaturalidadeBr1600303,LocalNaturalidade,Macapá (AP),1600303,Macapá,AP,,cursoLote009,Curso,Tecnologia em Interoperabilidade Semântica,CURSO-FAKE-0011,3000,2026-02-06,Tecnologia,Tecnologo,Semipresencial,enderecoCursoLote05,Endereco,iesEmissoraLote09,IesEmissora,Universidade do Patrimonio Digital,CNPJ-FICTICIO-0041/CNPJ-FICTICIO-0042,iesRegistradoraLote01,IesRegistradora,Universidade Registradora do Brasil Digital,CNPJ-FICTICIO-0011/CNPJ-FICTICIO-0012,registroLote009,RegistroDiploma,https://w3id.org/ufes/ontodiplomadigital/instancias-ficticias#requisicaoDocumentacao011,ReqDip00000000000000000000000000000000000000000011,https://w3id.org/ufes/ontodiplomadigital/instancias-ficticias#processoAdministrativo011,PROC-FAKE-2026-0011,2026-03-15,RDP-FAKE-0011,assinaturaLote009,AssinaturaDigital,2026-03-15T08:19:00,PAdES,CODIGO-VALIDACAO-FICTICIO-0021,CodigoValidacao,CODIGO-VALIDACAO-FICTICIO-0022,https://w3id.org/ufes/ontodiplomadigital/instancias-ficticias#diplomaLote009,1.05,Homologacao,homologação,GovBR Acadêmico Fictício,,https://w3id.org/ufes/ontodiplomadigital/instancias-ficticias#diplomadoLote009,Campus de Dados 05,,Bloco E,,Goiania,GO,31005-000,Brasil,,,organizacao do conhecimento,Análise semantica aplicada,2026-02-06,,,,,MEC-EM-0009,"Avenida Sintetica 109, Setor Emissor",Sao Paulo,SP,29009-000,Brasil,MEC-RG-0001,"Rua Registral 201, Setor de Proveniencia",Curitiba,PR,30001-000,Brasil,https://w3id.org/ufes/ontodiplomadigital/instancias-ficticias#registroLote009,ReqDip00000000000000000000000000000000000000000011,2026-02-13,2026-02-28,L-2026-2,9,011,Caso sintetico 011 com status revogado e modalidade semipresencial.,Pessoa Fictícia-0046,CPF-FICTICIO-0054,MAT-REG-0011,Assinante Fictício-0047,CPF-FICTICIO-0055,Reitoria de Registro 9,Pessoa Fictícia-0026,CPF-FICTICIO-0056,Diretor Acadêmico,AssinaturaPJRegistradora,Universidade Registradora do Brasil Digital,,2026-03-15T08:19:00,https://w3id.org/ufes/ontodiplomadigital/instancias-ficticias#documentacaoAcademicaLote009,Assinante Fictício-0025,CPF-FICTICIO-0057,Procurador Institucional,urn:fake:pdfa:ato-designacao:lote09,https://w3id.org/ufes/ontodiplomadigital/instancias-ficticias#historicoLote009,HISTORICO-0011
CASO0012,diplomaLote010,DiplomaDigital,Diploma 012,Anulado,2026-03-13,diplomadoLote010,Diplomado,Pessoa Fictícia-0048,Brasileira,CPF-FICTICIO-0058,localNaturalidadeBr2800308,LocalNaturalidade,Aracaju (SE),2800308,Aracaju,SE,,cursoLote010,Curso,Bacharelado em Preservacao Digital,CURSO-FAKE-0012,3200,2026-02-09,Bacharelado,Bacharel,Presencial,enderecoCursoLote10,Endereco,iesEmissoraLote10,IesEmissora,Centro Universitario de Modelagem Conceitual,CNPJ-FICTICIO-0043/CNPJ-FICTICIO-0044,iesRegistradoraLote02,IesRegistradora,Centro de Registro Interoperável,CNPJ-FICTICIO-0015/CNPJ-FICTICIO-0016,registroLote010,RegistroDiploma,https://w3id.org/ufes/ontodiplomadigital/instancias-ficticias#requisicaoDocumentacao012,ReqDip00000000000000000000000000000000000000000012,https://w3id.org/ufes/ontodiplomadigital/instancias-ficticias#processoAdministrativo012,PROC-FAKE-2026-0012,2026-03-18,RDP-FAKE-0012,assinaturaLote010,AssinaturaDigital,2026-03-18T09:20:00,XAdES,CODIGO-VALIDACAO-FICTICIO-0023,CodigoValidacao,CODIGO-VALIDACAO-FICTICIO-0024,https://w3id.org/ufes/ontodiplomadigital/instancias-ficticias#diplomaLote010,1.05,Producao,produção,Portal Público Fictício de Consulta de Diplomas,,https://w3id.org/ufes/ontodiplomadigital/instancias-ficticias#diplomadoLote010,Campus de Dados 10,,Bloco E,,Vitoria,ES,31010-000,Brasil,,,preservacao e acesso,,,,,,,MEC-EM-0010,"Avenida Sintetica 110, Setor Emissor",Rio de Janeiro,RJ,29010-000,Brasil,MEC-RG-0002,"Rua Registral 202, Setor de Proveniencia",Fortaleza,CE,30002-000,Brasil,https://w3id.org/ufes/ontodiplomadigital/instancias-ficticias#registroLote010,ReqDip00000000000000000000000000000000000000000012,2026-02-16,2026-03-03,L-2026-3,10,012,Caso sintetico 012 com status anulado e modalidade presencial.,Pessoa Fictícia-0049,CPF-FICTICIO-0059,MAT-REG-0012,Assinante Fictício-0050 | Assinante Fictício-0051,CPF-FICTICIO-0060 | CPF-FICTICIO-0061,Reitoria de Registro 1 | Secretaria Acadêmica Integrada,Pessoa Fictícia-0031,CPF-FICTICIO-0062,Diretora Acadêmica,AssinaturaPJEmissora,Centro Universitario de Modelagem Conceitual,Autoridade Certificadora Fictícia Integridade Digital,2026-03-18T09:20:00,https://w3id.org/ufes/ontodiplomadigital/instancias-ficticias#documentacaoAcademicaLote010,Assinante Fictício-0030,CPF-FICTICIO-0063,Procuradora Institucional,urn:fake:pdfa:ato-designacao:lote10,https://w3id.org/ufes/ontodiplomadigital/instancias-ficticias#historicoLote010,HISTORICO-0012
CASO0013,diplomaLote011,DiplomaDigital,Diploma 013,Ativo,2026-03-16,diplomadoLote011,Diplomado,Pessoa Fictícia-0052,Brasileira,CPF-FICTICIO-0064,localNaturalidadeBr1302603,LocalNaturalidade,Manaus (AM),1302603,Manaus,AM,,cursoLote011,Curso,Licenciatura em Análise Territorial de Dados,CURSO-FAKE-0013,3400,2026-02-12,Licenciatura,Licenciado,Ead,enderecoCursoLote11,Endereco,iesEmissoraLote01,IesEmissora,Universidade Aberta do Conhecimento,CNPJ-FICTICIO-0009/CNPJ-FICTICIO-0010,iesRegistradoraLote03,IesRegistradora,Instituto Nacional de Validação Acadêmica,CNPJ-FICTICIO-0019/CNPJ-FICTICIO-0020,registroLote011,RegistroDiploma,https://w3id.org/ufes/ontodiplomadigital/instancias-ficticias#requisicaoDocumentacao013,ReqDip00000000000000000000000000000000000000000013,https://w3id.org/ufes/ontodiplomadigital/instancias-ficticias#processoAdministrativo013,PROC-FAKE-2026-0013,2026-03-21,RDP-FAKE-0013,assinaturaLote011,AssinaturaDigital,2026-03-21T10:21:00,CAdES,CODIGO-VALIDACAO-FICTICIO-0025,CodigoValidacao,CODIGO-VALIDACAO-FICTICIO-0026,https://w3id.org/ufes/ontodiplomadigital/instancias-ficticias#diplomaLote011,1.05,Homologacao,homologação,GovBR Acadêmico Fictício,,https://w3id.org/ufes/ontodiplomadigital/instancias-ficticias#diplomadoLote011,Campus de Dados 11,,Bloco A,,Belo Horizonte,MG,31011-000,Brasil,,,governanca de dados,,,,,,,MEC-EM-0001,"Avenida Sintetica 101, Setor Emissor",Vitoria,ES,29001-000,Brasil,MEC-RG-0003,"Rua Registral 203, Setor de Proveniencia",Goiania,GO,30003-000,Brasil,https://w3id.org/ufes/ontodiplomadigital/instancias-ficticias#registroLote011,ReqDip00000000000000000000000000000000000000000013,2026-02-19,2026-03-06,L-2026-4,11,013,Caso sintetico 013 com status ativo e modalidade ead.,Pessoa Fictícia-0053,CPF-FICTICIO-0065,MAT-REG-0013,Assinante Fictício-0054,CPF-FICTICIO-0066,Reitoria de Registro 2,Assinante Fictício-0005,CPF-FICTICIO-0067,Secretario Geral Acadêmico,AssinaturaPFResponsavelRegistro,,,2026-03-21T10:21:00,https://w3id.org/ufes/ontodiplomadigital/instancias-ficticias#documentacaoAcademicaLote011,Pessoa Fictícia-0016,CPF-FICTICIO-0016,Diretor Geral,urn:fake:pdfa:ato-designacao:lote01,https://w3id.org/ufes/ontodiplomadigital/instancias-ficticias#historicoLote011,HISTORICO-0013
CASO0014,diplomaLote012,DiplomaDigital,Diploma 014,Ativo,2026-03-19,diplomadoLote012,Diplomado,Pessoa Fictícia-0055,Brasileira,CPF-FICTICIO-0068,localNaturalidadeBr3304557,LocalNaturalidade,Rio de Janeiro (RJ),3304557,Rio de Janeiro,RJ,,cursoLote012,CursoNSF,Tecnologia em Memoria Institucional,,2400,2026-02-15,Tecnologia,Tecnologo,Semipresencial,enderecoCursoLote12,Endereco,iesEmissoraLote02,IesEmissora,Centro Universitario Horizonte Semântico,CNPJ-FICTICIO-0013/CNPJ-FICTICIO-0014,iesRegistradoraLote04,IesRegistradora,Universidade Curadora de Diplomas,CNPJ-FICTICIO-0023/CNPJ-FICTICIO-0024,registroLote012,RegistroDiplomaNSF,https://w3id.org/ufes/ontodiplomadigital/instancias-ficticias#requisicaoDocumentacao014,ReqDip00000000000000000000000000000000000000000014,https://w3id.org/ufes/ontodiplomadigital/instancias-ficticias#processoAdministrativo014,PROC-FAKE-2026-0014,2026-03-24,RDP-FAKE-0014,assinaturaLote012,AssinaturaDigital,2026-03-24T11:22:00,PAdES,CODIGO-VALIDACAO-FICTICIO-0027,CodigoValidacao,CODIGO-VALIDACAO-FICTICIO-0028,https://w3id.org/ufes/ontodiplomadigital/instancias-ficticias#diplomaLote012,1.05,Producao,produção,Portal Público Fictício de Consulta de Diplomas,,https://w3id.org/ufes/ontodiplomadigital/instancias-ficticias#diplomadoLote012,Campus de Dados 12,,Bloco B,,Salvador,BA,31012-000,Brasil,,Especialista em Memoria Institucional,tratamento documental,Processos de registro academico,2026-02-15,EMEC-FAKE-2026-0014,Análise de regularidade do curso 014,2025-09-23,2025-09-08,MEC-EM-0002,"Avenida Sintetica 102, Setor Emissor",Belo Horizonte,MG,29002-000,Brasil,MEC-RG-0004,"Rua Registral 204, Setor de Proveniencia",Sao Paulo,SP,30004-000,Brasil,https://w3id.org/ufes/ontodiplomadigital/instancias-ficticias#registroLote012,ReqDip00000000000000000000000000000000000000000014,2026-02-22,2026-03-09,L-2026-5,12,014,Caso sintetico 014 com status ativo e modalidade semipresencial.,Pessoa Fictícia-0056,CPF-FICTICIO-0069,MAT-REG-0014,Assinante Fictício-0057,CPF-FICTICIO-0070,Reitoria de Registro 3,Assinante Fictício-0010,CPF-FICTICIO-0071,Secretaria Geral Acadêmica,AssinaturaPFEmissora,,,2026-03-24T11:22:00,https://w3id.org/ufes/ontodiplomadigital/instancias-ficticias#documentacaoAcademicaLote012,Pessoa Fictícia-0021,CPF-FICTICIO-0021,Diretora Geral,urn:fake:pdfa:ato-designacao:lote02,https://w3id.org/ufes/ontodiplomadigital/instancias-ficticias#historicoLote012,HISTORICO-0014
CASO0015,diplomaLote013,DiplomaDigital,Diploma 015,Ativo,2026-03-22,diplomadoLote013,Diplomado,Pessoa Fictícia-0058,Brasileira,CPF-FICTICIO-0072,localNaturalidadeBr3304557,LocalNaturalidade,Rio de Janeiro (RJ),3304557,Rio de Janeiro,RJ,,cursoLote013,Curso,Bacharelado em Ciência de Dados Publicos,CURSO-FAKE-0015,2600,2026-02-18,Bacharelado,Bacharel,Presencial,enderecoCursoCaso1,Endereco,iesEmissoraLote03,IesEmissora,Instituto Federal de Curadoria Digital,CNPJ-FICTICIO-0017/CNPJ-FICTICIO-0018,iesRegistradoraLote05,IesRegistradora,Centro Registral de Conhecimento Aplicado,CNPJ-FICTICIO-0027/CNPJ-FICTICIO-0028,registroLote013,RegistroDiploma,https://w3id.org/ufes/ontodiplomadigital/instancias-ficticias#requisicaoDocumentacao015,ReqDip00000000000000000000000000000000000000000015,https://w3id.org/ufes/ontodiplomadigital/instancias-ficticias#processoAdministrativo015,PROC-FAKE-2026-0015,2026-03-27,RDP-FAKE-0015,assinaturaLote013,AssinaturaDigital,2026-03-27T12:23:00,XAdES,CODIGO-VALIDACAO-FICTICIO-0029,CodigoValidacao,CODIGO-VALIDACAO-FICTICIO-0030,https://w3id.org/ufes/ontodiplomadigital/instancias-ficticias#diplomaLote013,1.05,Homologacao,homologação,GovBR Acadêmico Fictício,,https://w3id.org/ufes/ontodiplomadigital/instancias-ficticias#diplomadoLote013,Campus Integracao,,Bloco A,,Vila Semantica,ES,29001-111,Brasil,,,interoperabilidade semantica,,,,,,,MEC-EM-0003,"Avenida Sintetica 103, Setor Emissor",Salvador,BA,29003-000,Brasil,MEC-RG-0005,"Rua Registral 205, Setor de Proveniencia",Rio de Janeiro,RJ,30005-000,Brasil,https://w3id.org/ufes/ontodiplomadigital/instancias-ficticias#registroLote013,ReqDip00000000000000000000000000000000000000000015,2026-02-25,2026-03-12,L-2026-6,13,015,Caso sintetico 015 com status ativo e modalidade presencial.,Pessoa Fictícia-0013,CPF-FICTICIO-0073,MAT-REG-0015,Assinante Fictício-0059,CPF-FICTICIO-0074,Reitoria de Registro 4,Assinante Fictício-0015,CPF-FICTICIO-0075,Pro-Reitor de Graduacao,AssinaturaPJArquivamentoDocumentacaoAcademica,Instituto Federal de Curadoria Digital,,2026-03-27T12:23:00,https://w3id.org/ufes/ontodiplomadigital/instancias-ficticias#documentacaoAcademicaLote013,Pessoa Fictícia-0026,CPF-FICTICIO-0026,Procurador Institucional,urn:fake:pdfa:ato-designacao:lote03,https://w3id.org/ufes/ontodiplomadigital/instancias-ficticias#historicoLote013,HISTORICO-0015
CASO0016,diplomaLote014,DiplomaDigital,Diploma 016,Revogado,2026-03-25,diplomadoLote014,Diplomado,Pessoa Fictícia-0060,Brasileira,CPF-FICTICIO-0076,localNaturalidadeBr3304557,LocalNaturalidade,Rio de Janeiro (RJ),3304557,Rio de Janeiro,RJ,,cursoLote014,Curso,Licenciatura em Curadoria Digital,CURSO-FAKE-0016,2800,2026-02-21,Licenciatura,Licenciado,Ead,enderecoCursoLote02,Endereco,iesEmissoraLote04,IesEmissora,Universidade Metropolitana da Informação,CNPJ-FICTICIO-0021/CNPJ-FICTICIO-0022,iesRegistradoraLote06,IesRegistradora,Universidade Federal de Registro Semântico,CNPJ-FICTICIO-0031/CNPJ-FICTICIO-0032,registroLote014,RegistroDiploma,https://w3id.org/ufes/ontodiplomadigital/instancias-ficticias#requisicaoDocumentacao016,ReqDip00000000000000000000000000000000000000000016,https://w3id.org/ufes/ontodiplomadigital/instancias-ficticias#processoAdministrativo016,PROC-FAKE-2026-0016,2026-03-30,RDP-FAKE-0016,assinaturaLote014,AssinaturaDigital,2026-03-30T13:24:00,CAdES,CODIGO-VALIDACAO-FICTICIO-0031,CodigoValidacao,CODIGO-VALIDACAO-FICTICIO-0032,https://w3id.org/ufes/ontodiplomadigital/instancias-ficticias#diplomaLote014,1.05,Producao,produção,Portal Público Fictício de Consulta de Diplomas,,https://w3id.org/ufes/ontodiplomadigital/instancias-ficticias#diplomadoLote014,Campus de Dados 02,,Bloco B,,Recife,PE,31002-000,Brasil,,,curadoria digital,,,,,,,MEC-EM-0004,"Avenida Sintetica 104, Setor Emissor",Brasilia,DF,29004-000,Brasil,MEC-RG-0006,"Rua Registral 206, Setor de Proveniencia",Florianopolis,SC,30006-000,Brasil,https://w3id.org/ufes/ontodiplomadigital/instancias-ficticias#registroLote014,ReqDip00000000000000000000000000000000000000000016,2026-02-28,2026-03-15,L-2026-7,14,016,Caso sintetico 016 com status revogado e modalidade ead.,Pessoa Fictícia-0018,CPF-FICTICIO-0077,MAT-REG-0016,Assinante Fictício-0061,CPF-FICTICIO-0078,Reitoria de Registro 5,Assinante Fictício-0020,CPF-FICTICIO-0079,Pro-Reitora de Graduacao,AssinaturaPJRegistradora,Universidade Federal de Registro Semântico,,2026-03-30T13:24:00,https://w3id.org/ufes/ontodiplomadigital/instancias-ficticias#documentacaoAcademicaLote014,Pessoa Fictícia-0031,CPF-FICTICIO-0031,Procuradora Institucional,urn:fake:pdfa:ato-designacao:lote04,https://w3id.org/ufes/ontodiplomadigital/instancias-ficticias#historicoLote014,HISTORICO-0016
CASO0017,diplomaLote015,DiplomaDigital,Diploma 017,Anulado,2026-03-28,diplomadoLote015,Diplomado,Pessoa Fictícia-0062,Angolana,CPF-FICTICIO-0080,localNaturalidadeEstrangeiraLuanda,LocalNaturalidade,Luanda (município estrangeiro),,,,Luanda,cursoLote015,Curso,Tecnologia em Arquivologia Aplicada,CURSO-FAKE-0017,3000,2026-02-24,Tecnologia,Tecnologo,Semipresencial,enderecoCursoLote09,Endereco,iesEmissoraLote05,IesEmissora,Faculdade Nacional de Dados Ligados,CNPJ-FICTICIO-0025/CNPJ-FICTICIO-0026,iesRegistradoraLote07,IesRegistradora,Instituto de Segurança Documental,CNPJ-FICTICIO-0035/CNPJ-FICTICIO-0036,registroLote015,RegistroDiploma,https://w3id.org/ufes/ontodiplomadigital/instancias-ficticias#requisicaoDocumentacao017,ReqDip00000000000000000000000000000000000000000017,https://w3id.org/ufes/ontodiplomadigital/instancias-ficticias#processoAdministrativo017,PROC-FAKE-2026-0017,2026-04-02,RDP-FAKE-0017,assinaturaLote015,AssinaturaDigital,2026-04-02T14:25:00,PAdES,CODIGO-VALIDACAO-FICTICIO-0033,CodigoValidacao,CODIGO-VALIDACAO-FICTICIO-0034,https://w3id.org/ufes/ontodiplomadigital/instancias-ficticias#diplomaLote015,1.05,Homologacao,homologação,GovBR Acadêmico Fictício,,https://w3id.org/ufes/ontodiplomadigital/instancias-ficticias#diplomadoLote015,Campus de Dados 09,,Bloco D,,Belem,PA,31009-000,Brasil,,,organizacao do conhecimento,Análise semantica aplicada,2026-02-24,,,,,MEC-EM-0005,"Avenida Sintetica 105, Setor Emissor",Recife,PE,29005-000,Brasil,MEC-RG-0007,"Rua Registral 207, Setor de Proveniencia",Belem,PA,30007-000,Brasil,https://w3id.org/ufes/ontodiplomadigital/instancias-ficticias#registroLote015,ReqDip00000000000000000000000000000000000000000017,2026-03-03,2026-03-18,L-2026-1,15,017,Caso sintetico 017 com status anulado e modalidade semipresencial.,Pessoa Fictícia-0023,CPF-FICTICIO-0081,MAT-REG-0017,Assinante Fictício-0063 | Assinante Fictício-0064,CPF-FICTICIO-0082 | CPF-FICTICIO-0083,Reitoria de Registro 6 | Secretaria Acadêmica Integrada,Assinante Fictício-0025,CPF-FICTICIO-0084,Reitor,AssinaturaPJEmissora,Faculdade Nacional de Dados Ligados,,2026-04-02T14:25:00,https://w3id.org/ufes/ontodiplomadigital/instancias-ficticias#documentacaoAcademicaLote015,Assinante Fictício-0005,CPF-FICTICIO-0037,Reitor,urn:fake:pdfa:ato-designacao:lote05,https://w3id.org/ufes/ontodiplomadigital/instancias-ficticias#historicoLote015,HISTORICO-0017
CASO0018,diplomaLote016,DiplomaDigital,Diploma 018,Ativo,2026-03-31,diplomadoLote016,Diplomado,Pessoa Fictícia-0065,Brasileira,CPF-FICTICIO-0085,localNaturalidadeBr3304557,LocalNaturalidade,Rio de Janeiro (RJ),3304557,Rio de Janeiro,RJ,,cursoLote016,CursoNSF,Bacharelado em Biblioteconomia Analitica,,3200,2026-02-27,Bacharelado,Bacharel,Presencial,enderecoCursoLote04,Endereco,iesEmissoraLote06,IesEmissora,Universidade de Estudos Documentais,CNPJ-FICTICIO-0029/CNPJ-FICTICIO-0030,iesRegistradoraLote08,IesRegistradora,Centro Universitario de Rastreabilidade Acadêmica,CNPJ-FICTICIO-0039/CNPJ-FICTICIO-0040,registroLote016,RegistroDiplomaNSF,https://w3id.org/ufes/ontodiplomadigital/instancias-ficticias#requisicaoDocumentacao018,ReqDip00000000000000000000000000000000000000000018,https://w3id.org/ufes/ontodiplomadigital/instancias-ficticias#processoAdministrativo018,PROC-FAKE-2026-0018,2026-04-05,RDP-FAKE-0018,assinaturaLote016,AssinaturaDigital,2026-04-05T15:26:00,XAdES,CODIGO-VALIDACAO-FICTICIO-0035,CodigoValidacao,CODIGO-VALIDACAO-FICTICIO-0036,https://w3id.org/ufes/ontodiplomadigital/instancias-ficticias#diplomaLote016,1.05,Producao,produção,Portal Público Fictício de Consulta de Diplomas,,https://w3id.org/ufes/ontodiplomadigital/instancias-ficticias#diplomadoLote016,Campus de Dados 04,,Bloco D,,Fortaleza,CE,31004-000,Brasil,,,preservacao e acesso,,,EMEC-FAKE-2026-0018,Análise de regularidade do curso 018,2025-10-05,2025-09-20,MEC-EM-0006,"Avenida Sintetica 106, Setor Emissor",Curitiba,PR,29006-000,Brasil,MEC-RG-0008,"Rua Registral 208, Setor de Proveniencia",Vitoria,ES,30008-000,Brasil,https://w3id.org/ufes/ontodiplomadigital/instancias-ficticias#registroLote016,ReqDip00000000000000000000000000000000000000000018,2026-03-06,2026-03-21,L-2026-2,16,018,Caso sintetico 018 com status ativo e modalidade presencial.,Pessoa Fictícia-0028,CPF-FICTICIO-0086,MAT-REG-0018,Assinante Fictício-0066,CPF-FICTICIO-0087,Reitoria de Registro 7,Assinante Fictício-0030,CPF-FICTICIO-0088,Reitora,AssinaturaPFResponsavelRegistro,,,2026-04-05T15:26:00,https://w3id.org/ufes/ontodiplomadigital/instancias-ficticias#documentacaoAcademicaLote016,Assinante Fictício-0010,CPF-FICTICIO-0042,Reitora,urn:fake:pdfa:ato-designacao:lote06,https://w3id.org/ufes/ontodiplomadigital/instancias-ficticias#historicoLote016,HISTORICO-0018
CASO0019,diplomaLote017,DiplomaDigital,Diploma 019,Ativo,2026-04-03,diplomadoLote017,Diplomado,Pessoa Fictícia-0067,Brasileira,CPF-FICTICIO-0089,localNaturalidadeBr3304557,LocalNaturalidade,Rio de Janeiro (RJ),3304557,Rio de Janeiro,RJ,,cursoLote017,Curso,Licenciatura em Gestão da Informação,CURSO-FAKE-0019,3400,2026-03-02,Licenciatura,Licenciado,Ead,enderecoCursoLote06,Endereco,iesEmissoraLote07,IesEmissora,Centro Acadêmico de Interoperabilidade,CNPJ-FICTICIO-0033/CNPJ-FICTICIO-0034,iesRegistradoraLote01,IesRegistradora,Universidade Registradora do Brasil Digital,CNPJ-FICTICIO-0011/CNPJ-FICTICIO-0012,registroLote017,RegistroDiploma,https://w3id.org/ufes/ontodiplomadigital/instancias-ficticias#requisicaoDocumentacao019,ReqDip00000000000000000000000000000000000000000019,https://w3id.org/ufes/ontodiplomadigital/instancias-ficticias#processoAdministrativo019,PROC-FAKE-2026-0019,2026-04-08,RDP-FAKE-0019,assinaturaLote017,AssinaturaDigital,2026-04-08T16:27:00,CAdES,CODIGO-VALIDACAO-FICTICIO-0037,CodigoValidacao,CODIGO-VALIDACAO-FICTICIO-0038,https://w3id.org/ufes/ontodiplomadigital/instancias-ficticias#diplomaLote017,1.05,Homologacao,homologação,GovBR Acadêmico Fictício,,https://w3id.org/ufes/ontodiplomadigital/instancias-ficticias#diplomadoLote017,Campus de Dados 06,,Bloco A,,Sao Paulo,SP,31006-000,Brasil,,,governanca de dados,,,,,,,MEC-EM-0007,"Avenida Sintetica 107, Setor Emissor",Fortaleza,CE,29007-000,Brasil,MEC-RG-0001,"Rua Registral 201, Setor de Proveniencia",Curitiba,PR,30001-000,Brasil,https://w3id.org/ufes/ontodiplomadigital/instancias-ficticias#registroLote017,ReqDip00000000000000000000000000000000000000000019,2026-03-09,2026-03-24,L-2026-3,17,019,Caso sintetico 019 com status ativo e modalidade ead.,Pessoa Fictícia-0033,CPF-FICTICIO-0090,MAT-REG-0019,Assinante Fictício-0068,CPF-FICTICIO-0091,Reitoria de Registro 8,Pessoa Fictícia-0006,CPF-FICTICIO-0092,Diretor Acadêmico,AssinaturaPFEmissora,,,2026-04-08T16:27:00,https://w3id.org/ufes/ontodiplomadigital/instancias-ficticias#documentacaoAcademicaLote017,Assinante Fictício-0015,CPF-FICTICIO-0047,Diretor Geral,urn:fake:pdfa:ato-designacao:lote07,https://w3id.org/ufes/ontodiplomadigital/instancias-ficticias#historicoLote017,HISTORICO-0019
CASO0020,diplomaLote018,DiplomaDigital,Diploma 020,Ativo,2026-04-06,diplomadoLote018,Diplomado,Pessoa Fictícia-0069,Brasileira,CPF-FICTICIO-0093,localNaturalidadeBr3304557,LocalNaturalidade,Rio de Janeiro (RJ),3304557,Rio de Janeiro,RJ,,cursoLote018,Curso,Tecnologia em Humanidades Digitais,,2400,2026-03-05,Tecnologia,Tecnologo,Semipresencial,enderecoCursoLote06,Endereco,iesEmissoraLote08,IesEmissora,Instituto Superior de Preservacao Informacional,CNPJ-FICTICIO-0037/CNPJ-FICTICIO-0038,iesRegistradoraLote02,IesRegistradora,Centro de Registro Interoperável,CNPJ-FICTICIO-0015/CNPJ-FICTICIO-0016,registroLote018,RegistroDiploma,https://w3id.org/ufes/ontodiplomadigital/instancias-ficticias#requisicaoDocumentacao020,ReqDip00000000000000000000000000000000000000000020,https://w3id.org/ufes/ontodiplomadigital/instancias-ficticias#processoAdministrativo020,PROC-FAKE-2026-0020,2026-04-11,RDP-FAKE-0020,assinaturaLote018,AssinaturaDigital,2026-04-11T08:28:00,PAdES,CODIGO-VALIDACAO-FICTICIO-0039,CodigoValidacao,CODIGO-VALIDACAO-FICTICIO-0040,https://w3id.org/ufes/ontodiplomadigital/instancias-ficticias#diplomaLote018,1.05,Producao,produção,Portal Público Fictício de Consulta de Diplomas,,https://w3id.org/ufes/ontodiplomadigital/instancias-ficticias#diplomadoLote018,Campus de Dados 06,,Bloco A,,Sao Paulo,SP,31006-000,Brasil,,Especialista em Humanidades Digitais,tratamento documental,Processos de registro academico,2026-03-05,EMEC-FAKE-2026-0020,Análise de regularidade do curso 020,2025-10-11,2025-09-26,MEC-EM-0008,"Avenida Sintetica 108, Setor Emissor",Goiania,GO,29008-000,Brasil,MEC-RG-0002,"Rua Registral 202, Setor de Proveniencia",Fortaleza,CE,30002-000,Brasil,https://w3id.org/ufes/ontodiplomadigital/instancias-ficticias#registroLote018,ReqDip00000000000000000000000000000000000000000020,2026-03-12,2026-03-27,L-2026-4,18,020,Caso sintetico 020 com status ativo e modalidade semipresencial.,Pessoa Fictícia-0037,CPF-FICTICIO-0094,MAT-REG-0020,Assinante Fictício-0070,CPF-FICTICIO-0095,Reitoria de Registro 9,Pessoa Fictícia-0011,CPF-FICTICIO-0096,Diretora Acadêmica,AssinaturaPJArquivamentoDocumentacaoAcademica,Instituto Superior de Preservacao Informacional,,2026-04-11T08:28:00,https://w3id.org/ufes/ontodiplomadigital/instancias-ficticias#documentacaoAcademicaLote018,Assinante Fictício-0020,CPF-FICTICIO-0052,Diretora Geral,urn:fake:pdfa:ato-designacao:lote08,https://w3id.org/ufes/ontodiplomadigital/instancias-ficticias#historicoLote018,HISTORICO-0020
CASO0021,diplomaLote019,DiplomaDigital,Diploma 021,Revogado,2026-04-09,diplomadoLote019,Diplomado,Pessoa Fictícia-0071,Brasileira,CPF-FICTICIO-0097,localNaturalidadeBr5300108,LocalNaturalidade,Brasília (DF),5300108,Brasília,DF,,cursoLote019,Curso,Bacharelado em Documentacao Tecnica,CURSO-FAKE-0021,2600,2026-03-08,Bacharelado,Bacharel,Presencial,enderecoCursoLote06,Endereco,iesEmissoraLote09,IesEmissora,Universidade do Patrimonio Digital,CNPJ-FICTICIO-0041/CNPJ-FICTICIO-0042,iesRegistradoraLote03,IesRegistradora,Instituto Nacional de Validação Acadêmica,CNPJ-FICTICIO-0019/CNPJ-FICTICIO-0020,registroLote019,RegistroDiploma,https://w3id.org/ufes/ontodiplomadigital/instancias-ficticias#requisicaoDocumentacao021,ReqDip00000000000000000000000000000000000000000021,https://w3id.org/ufes/ontodiplomadigital/instancias-ficticias#processoAdministrativo021,PROC-FAKE-2026-0021,2026-04-14,RDP-FAKE-0021,assinaturaLote019,AssinaturaDigital,2026-04-14T09:29:00,XAdES,CODIGO-VALIDACAO-FICTICIO-0041,CodigoValidacao,CODIGO-VALIDACAO-FICTICIO-0042,https://w3id.org/ufes/ontodiplomadigital/instancias-ficticias#diplomaLote019,1.05,Homologacao,homologação,GovBR Acadêmico Fictício,,https://w3id.org/ufes/ontodiplomadigital/instancias-ficticias#diplomadoLote019,Campus de Dados 06,,Bloco A,,Sao Paulo,SP,31006-000,Brasil,,,interoperabilidade semantica,,,,,,,MEC-EM-0009,"Avenida Sintetica 109, Setor Emissor",Sao Paulo,SP,29009-000,Brasil,MEC-RG-0003,"Rua Registral 203, Setor de Proveniencia",Goiania,GO,30003-000,Brasil,https://w3id.org/ufes/ontodiplomadigital/instancias-ficticias#registroLote019,ReqDip00000000000000000000000000000000000000000021,2026-03-15,2026-03-30,L-2026-5,19,021,Caso sintetico 021 com status revogado e modalidade presencial.,Pessoa Fictícia-0040,CPF-FICTICIO-0098,MAT-REG-0021,Assinante Fictício-0072,CPF-FICTICIO-0099,Reitoria de Registro 1,Pessoa Fictícia-0016,CPF-FICTICIO-0100,Secretario Geral Acadêmico,AssinaturaPJRegistradora,Instituto Nacional de Validação Acadêmica,,2026-04-14T09:29:00,https://w3id.org/ufes/ontodiplomadigital/instancias-ficticias#documentacaoAcademicaLote019,Assinante Fictício-0025,CPF-FICTICIO-0057,Procurador Institucional,urn:fake:pdfa:ato-designacao:lote09,https://w3id.org/ufes/ontodiplomadigital/instancias-ficticias#historicoLote019,HISTORICO-0021
CASO0022,diplomaLote020,DiplomaDigital,Diploma 022,Anulado,2026-04-12,diplomadoLote020,Diplomado,Pessoa Fictícia-0073,Brasileira,CPF-FICTICIO-0101,localNaturalidadeBr2111300,LocalNaturalidade,São Luís (MA),2111300,São Luís,MA,,cursoLote020,CursoNSF,Licenciatura em Governanca Informacional,,2800,2026-03-11,Licenciatura,Licenciado,Ead,enderecoCursoLote08,Endereco,iesEmissoraLote10,IesEmissora,Centro Universitario de Modelagem Conceitual,CNPJ-FICTICIO-0043/CNPJ-FICTICIO-0044,iesRegistradoraLote04,IesRegistradora,Universidade Curadora de Diplomas,CNPJ-FICTICIO-0023/CNPJ-FICTICIO-0024,registroLote020,RegistroDiplomaNSF,https://w3id.org/ufes/ontodiplomadigital/instancias-ficticias#requisicaoDocumentacao022,ReqDip00000000000000000000000000000000000000000022,https://w3id.org/ufes/ontodiplomadigital/instancias-ficticias#processoAdministrativo022,PROC-FAKE-2026-0022,2026-04-17,RDP-FAKE-0022,assinaturaLote020,AssinaturaDigital,2026-04-17T10:30:00,CAdES,CODIGO-VALIDACAO-FICTICIO-0043,CodigoValidacao,CODIGO-VALIDACAO-FICTICIO-0044,https://w3id.org/ufes/ontodiplomadigital/instancias-ficticias#diplomaLote020,1.05,Producao,produção,Portal Público Fictício de Consulta de Diplomas,,https://w3id.org/ufes/ontodiplomadigital/instancias-ficticias#diplomadoLote020,Campus de Dados 08,,Bloco C,,Florianopolis,SC,31008-000,Brasil,,,curadoria digital,,,EMEC-FAKE-2026-0022,Análise de regularidade do curso 022,2025-10-17,2025-10-02,MEC-EM-0010,"Avenida Sintetica 110, Setor Emissor",Rio de Janeiro,RJ,29010-000,Brasil,MEC-RG-0004,"Rua Registral 204, Setor de Proveniencia",Sao Paulo,SP,30004-000,Brasil,https://w3id.org/ufes/ontodiplomadigital/instancias-ficticias#registroLote020,ReqDip00000000000000000000000000000000000000000022,2026-03-18,2026-04-02,L-2026-6,20,022,Caso sintetico 022 com status anulado e modalidade ead.,Pessoa Fictícia-0043,CPF-FICTICIO-0102,MAT-REG-0022,Assinante Fictício-0074 | Assinante Fictício-0075,CPF-FICTICIO-0103 | CPF-FICTICIO-0104,Reitoria de Registro 2 | Secretaria Acadêmica Integrada,Pessoa Fictícia-0021,CPF-FICTICIO-0105,Secretaria Geral Acadêmica,AssinaturaPJEmissora,Centro Universitario de Modelagem Conceitual,,2026-04-17T10:30:00,https://w3id.org/ufes/ontodiplomadigital/instancias-ficticias#documentacaoAcademicaLote020,Assinante Fictício-0030,CPF-FICTICIO-0063,Procuradora Institucional,urn:fake:pdfa:ato-designacao:lote10,https://w3id.org/ufes/ontodiplomadigital/instancias-ficticias#historicoLote020,HISTORICO-0022
CASO0023,diplomaLote021,DiplomaDigital,Diploma 023,Ativo,2026-04-15,diplomadoLote021,Diplomado,Pessoa Fictícia-0076,Brasileira,CPF-FICTICIO-0106,localNaturalidadeBr3106200,LocalNaturalidade,Belo Horizonte (MG),3106200,Belo Horizonte,MG,,cursoLote021,Curso,Tecnologia em Interoperabilidade Semântica,CURSO-FAKE-0023,3000,2026-03-14,Tecnologia,Tecnologo,Semipresencial,enderecoCursoLote03,Endereco,iesEmissoraLote01,IesEmissora,Universidade Aberta do Conhecimento,CNPJ-FICTICIO-0009/CNPJ-FICTICIO-0010,iesRegistradoraLote05,IesRegistradora,Centro Registral de Conhecimento Aplicado,CNPJ-FICTICIO-0027/CNPJ-FICTICIO-0028,registroLote021,RegistroDiploma,https://w3id.org/ufes/ontodiplomadigital/instancias-ficticias#requisicaoDocumentacao023,ReqDip00000000000000000000000000000000000000000023,https://w3id.org/ufes/ontodiplomadigital/instancias-ficticias#processoAdministrativo023,PROC-FAKE-2026-0023,2026-04-20,RDP-FAKE-0023,assinaturaLote021,AssinaturaDigital,2026-04-20T11:31:00,PAdES,CODIGO-VALIDACAO-FICTICIO-0045,CodigoValidacao,CODIGO-VALIDACAO-FICTICIO-0046,https://w3id.org/ufes/ontodiplomadigital/instancias-ficticias#diplomaLote021,1.05,Homologacao,homologação,GovBR Acadêmico Fictício,,https://w3id.org/ufes/ontodiplomadigital/instancias-ficticias#diplomadoLote021,Campus de Dados 03,,Bloco C,,Curitiba,PR,31003-000,Brasil,,,organizacao do conhecimento,Análise semantica aplicada,2026-03-14,,,,,MEC-EM-0001,"Avenida Sintetica 101, Setor Emissor",Vitoria,ES,29001-000,Brasil,MEC-RG-0005,"Rua Registral 205, Setor de Proveniencia",Rio de Janeiro,RJ,30005-000,Brasil,https://w3id.org/ufes/ontodiplomadigital/instancias-ficticias#registroLote021,ReqDip00000000000000000000000000000000000000000023,2026-03-21,2026-04-05,L-2026-7,21,023,Caso sintetico 023 com status ativo e modalidade semipresencial.,Pessoa Fictícia-0046,CPF-FICTICIO-0107,MAT-REG-0023,Assinante Fictício-0077,CPF-FICTICIO-0108,Reitoria de Registro 3,Pessoa Fictícia-0026,CPF-FICTICIO-0109,Pro-Reitor de Graduacao,AssinaturaPFResponsavelRegistro,,,2026-04-20T11:31:00,https://w3id.org/ufes/ontodiplomadigital/instancias-ficticias#documentacaoAcademicaLote021,Pessoa Fictícia-0016,CPF-FICTICIO-0016,Diretor Geral,urn:fake:pdfa:ato-designacao:lote01,https://w3id.org/ufes/ontodiplomadigital/instancias-ficticias#historicoLote021,HISTORICO-0023
CASO0024,diplomaLote022,DiplomaDigital,Diploma 024,Ativo,2026-04-18,diplomadoLote022,Diplomado,Pessoa Fictícia-0078,Brasileira,CPF-FICTICIO-0110,localNaturalidadeBr2927408,LocalNaturalidade,Salvador (BA),2927408,Salvador,BA,,cursoLote022,Curso,Bacharelado em Preservacao Digital,CURSO-FAKE-0024,3200,2026-03-17,Bacharelado,Bacharel,Presencial,enderecoCursoLote10,Endereco,iesEmissoraLote02,IesEmissora,Centro Universitario Horizonte Semântico,CNPJ-FICTICIO-0013/CNPJ-FICTICIO-0014,iesRegistradoraLote06,IesRegistradora,Universidade Federal de Registro Semântico,CNPJ-FICTICIO-0031/CNPJ-FICTICIO-0032,registroLote022,RegistroDiploma,https://w3id.org/ufes/ontodiplomadigital/instancias-ficticias#requisicaoDocumentacao024,ReqDip00000000000000000000000000000000000000000024,https://w3id.org/ufes/ontodiplomadigital/instancias-ficticias#processoAdministrativo024,PROC-FAKE-2026-0024,2026-04-23,RDP-FAKE-0024,assinaturaLote022,AssinaturaDigital,2026-04-23T12:32:00,XAdES,CODIGO-VALIDACAO-FICTICIO-0047,CodigoValidacao,CODIGO-VALIDACAO-FICTICIO-0048,https://w3id.org/ufes/ontodiplomadigital/instancias-ficticias#diplomaLote022,1.05,Producao,produção,Portal Público Fictício de Consulta de Diplomas,,https://w3id.org/ufes/ontodiplomadigital/instancias-ficticias#diplomadoLote022,Campus de Dados 10,,Bloco E,,Vitoria,ES,31010-000,Brasil,,,preservacao e acesso,,,,,,,MEC-EM-0002,"Avenida Sintetica 102, Setor Emissor",Belo Horizonte,MG,29002-000,Brasil,MEC-RG-0006,"Rua Registral 206, Setor de Proveniencia",Florianopolis,SC,30006-000,Brasil,https://w3id.org/ufes/ontodiplomadigital/instancias-ficticias#registroLote022,ReqDip00000000000000000000000000000000000000000024,2026-03-24,2026-04-08,L-2026-1,22,024,Caso sintetico 024 com status ativo e modalidade presencial.,Pessoa Fictícia-0049,CPF-FICTICIO-0111,MAT-REG-0024,Assinante Fictício-0079,CPF-FICTICIO-0112,Reitoria de Registro 4,Pessoa Fictícia-0031,CPF-FICTICIO-0113,Pro-Reitora de Graduacao,AssinaturaPFEmissora,,Autoridade Certificadora Fictícia Integridade Digital,2026-04-23T12:32:00,https://w3id.org/ufes/ontodiplomadigital/instancias-ficticias#documentacaoAcademicaLote022,Pessoa Fictícia-0021,CPF-FICTICIO-0021,Diretora Geral,urn:fake:pdfa:ato-designacao:lote02,https://w3id.org/ufes/ontodiplomadigital/instancias-ficticias#historicoLote022,HISTORICO-0024
CASO0025,diplomaLote023,DiplomaDigital,Diploma 025,Ativo,2026-04-21,diplomadoLote023,Diplomado,Pessoa Fictícia-0080,Brasileira,CPF-FICTICIO-0114,localNaturalidadeBr4314902,LocalNaturalidade,Porto Alegre (RS),4314902,Porto Alegre,RS,,cursoLote023,Curso,Licenciatura em Análise Territorial de Dados,CURSO-FAKE-0025,3400,2026-03-20,Licenciatura,Licenciado,Ead,enderecoCursoLote04,Endereco,iesEmissoraLote03,IesEmissora,Instituto Federal de Curadoria Digital,CNPJ-FICTICIO-0017/CNPJ-FICTICIO-0018,iesRegistradoraLote07,IesRegistradora,Instituto de Segurança Documental,CNPJ-FICTICIO-0035/CNPJ-FICTICIO-0036,registroLote023,RegistroDiploma,https://w3id.org/ufes/ontodiplomadigital/instancias-ficticias#requisicaoDocumentacao025,ReqDip00000000000000000000000000000000000000000025,https://w3id.org/ufes/ontodiplomadigital/instancias-ficticias#processoAdministrativo025,PROC-FAKE-2026-0025,2026-04-26,RDP-FAKE-0025,assinaturaLote023,AssinaturaDigital,2026-04-26T13:33:00,CAdES,CODIGO-VALIDACAO-FICTICIO-0049,CodigoValidacao,CODIGO-VALIDACAO-FICTICIO-0050,https://w3id.org/ufes/ontodiplomadigital/instancias-ficticias#diplomaLote023,1.05,Homologacao,homologação,GovBR Acadêmico Fictício,,https://w3id.org/ufes/ontodiplomadigital/instancias-ficticias#diplomadoLote023,Campus de Dados 04,,Bloco D,,Fortaleza,CE,31004-000,Brasil,,,governanca de dados,,,,,,,MEC-EM-0003,"Avenida Sintetica 103, Setor Emissor",Salvador,BA,29003-000,Brasil,MEC-RG-0007,"Rua Registral 207, Setor de Proveniencia",Belem,PA,30007-000,Brasil,https://w3id.org/ufes/ontodiplomadigital/instancias-ficticias#registroLote023,ReqDip00000000000000000000000000000000000000000025,2026-03-27,2026-04-11,L-2026-2,23,025,Caso sintetico 025 com status ativo e modalidade ead.,Pessoa Fictícia-0053,CPF-FICTICIO-0115,MAT-REG-0025,Assinante Fictício-0081,CPF-FICTICIO-0116,Reitoria de Registro 5,Assinante Fictício-0005,CPF-FICTICIO-0117,Reitor,AssinaturaPJArquivamentoDocumentacaoAcademica,Instituto Federal de Curadoria Digital,,2026-04-26T13:33:00,https://w3id.org/ufes/ontodiplomadigital/instancias-ficticias#documentacaoAcademicaLote023,Pessoa Fictícia-0026,CPF-FICTICIO-0026,Procurador Institucional,urn:fake:pdfa:ato-designacao:lote03,https://w3id.org/ufes/ontodiplomadigital/instancias-ficticias#historicoLote023,HISTORICO-0025
CASO0026,diplomaLote024,DiplomaDigital,Diploma 026,Revogado,2026-04-24,diplomadoLote024,Diplomado,Pessoa Fictícia-0082,Moçambicana,CPF-FICTICIO-0118,localNaturalidadeEstrangeiraMaputo,LocalNaturalidade,Maputo (município estrangeiro),,,,Maputo,cursoLote024,CursoNSF,Tecnologia em Memoria Institucional,,2400,2026-03-23,Tecnologia,Tecnologo,Semipresencial,enderecoCursoLote12,Endereco,iesEmissoraLote04,IesEmissora,Universidade Metropolitana da Informação,CNPJ-FICTICIO-0021/CNPJ-FICTICIO-0022,iesRegistradoraLote08,IesRegistradora,Centro Universitario de Rastreabilidade Acadêmica,CNPJ-FICTICIO-0039/CNPJ-FICTICIO-0040,registroLote024,RegistroDiplomaNSF,https://w3id.org/ufes/ontodiplomadigital/instancias-ficticias#requisicaoDocumentacao026,ReqDip00000000000000000000000000000000000000000026,https://w3id.org/ufes/ontodiplomadigital/instancias-ficticias#processoAdministrativo026,PROC-FAKE-2026-0026,2026-04-29,RDP-FAKE-0026,assinaturaLote024,AssinaturaDigital,2026-04-29T14:34:00,PAdES,CODIGO-VALIDACAO-FICTICIO-0051,CodigoValidacao,CODIGO-VALIDACAO-FICTICIO-0052,https://w3id.org/ufes/ontodiplomadigital/instancias-ficticias#diplomaLote024,1.05,Producao,produção,Portal Público Fictício de Consulta de Diplomas,,https://w3id.org/ufes/ontodiplomadigital/instancias-ficticias#diplomadoLote024,Campus de Dados 12,,Bloco B,,Salvador,BA,31012-000,Brasil,,Especialista em Memoria Institucional,tratamento documental,Processos de registro academico,2026-03-23,EMEC-FAKE-2026-0026,Análise de regularidade do curso 026,2025-10-29,2025-10-14,MEC-EM-0004,"Avenida Sintetica 104, Setor Emissor",Brasilia,DF,29004-000,Brasil,MEC-RG-0008,"Rua Registral 208, Setor de Proveniencia",Vitoria,ES,30008-000,Brasil,https://w3id.org/ufes/ontodiplomadigital/instancias-ficticias#registroLote024,ReqDip00000000000000000000000000000000000000000026,2026-03-30,2026-04-14,L-2026-3,24,026,Caso sintetico 026 com status revogado e modalidade semipresencial.,Pessoa Fictícia-0056,CPF-FICTICIO-0119,MAT-REG-0026,Assinante Fictício-0083,CPF-FICTICIO-0120,Reitoria de Registro 6,Assinante Fictício-0010,CPF-FICTICIO-0121,Reitora,AssinaturaPJRegistradora,Centro Universitario de Rastreabilidade Acadêmica,,2026-04-29T14:34:00,https://w3id.org/ufes/ontodiplomadigital/instancias-ficticias#documentacaoAcademicaLote024,Pessoa Fictícia-0031,CPF-FICTICIO-0031,Procuradora Institucional,urn:fake:pdfa:ato-designacao:lote04,https://w3id.org/ufes/ontodiplomadigital/instancias-ficticias#historicoLote024,HISTORICO-0026
CASO0027,diplomaLote025,DiplomaDigital,Diploma 027,Anulado,2026-04-27,diplomadoLote025,Diplomado,Pessoa Fictícia-0084,Brasileira,CPF-FICTICIO-0122,localNaturalidadeBr3106200,LocalNaturalidade,Belo Horizonte (MG),3106200,Belo Horizonte,MG,,cursoLote025,Curso,Bacharelado em Ciência de Dados Publicos,CURSO-FAKE-0027,2600,2026-03-26,Bacharelado,Bacharel,Presencial,enderecoCursoLote10,Endereco,iesEmissoraLote05,IesEmissora,Faculdade Nacional de Dados Ligados,CNPJ-FICTICIO-0025/CNPJ-FICTICIO-0026,iesRegistradoraLote01,IesRegistradora,Universidade Registradora do Brasil Digital,CNPJ-FICTICIO-0011/CNPJ-FICTICIO-0012,registroLote025,RegistroDiploma,https://w3id.org/ufes/ontodiplomadigital/instancias-ficticias#requisicaoDocumentacao027,ReqDip00000000000000000000000000000000000000000027,https://w3id.org/ufes/ontodiplomadigital/instancias-ficticias#processoAdministrativo027,PROC-FAKE-2026-0027,2026-05-02,RDP-FAKE-0027,assinaturaLote025,AssinaturaDigital,2026-05-02T15:35:00,XAdES,CODIGO-VALIDACAO-FICTICIO-0053,CodigoValidacao,CODIGO-VALIDACAO-FICTICIO-0054,https://w3id.org/ufes/ontodiplomadigital/instancias-ficticias#diplomaLote025,1.05,Homologacao,homologação,GovBR Acadêmico Fictício,,https://w3id.org/ufes/ontodiplomadigital/instancias-ficticias#diplomadoLote025,Campus de Dados 10,,Bloco E,,Vitoria,ES,31010-000,Brasil,,,interoperabilidade semantica,,,,,,,MEC-EM-0005,"Avenida Sintetica 105, Setor Emissor",Recife,PE,29005-000,Brasil,MEC-RG-0001,"Rua Registral 201, Setor de Proveniencia",Curitiba,PR,30001-000,Brasil,https://w3id.org/ufes/ontodiplomadigital/instancias-ficticias#registroLote025,ReqDip00000000000000000000000000000000000000000027,2026-04-02,2026-04-17,L-2026-4,25,027,Caso sintetico 027 com status anulado e modalidade presencial.,Pessoa Fictícia-0013,CPF-FICTICIO-0123,MAT-REG-0027,Assinante Fictício-0085 | Assinante Fictício-0086,CPF-FICTICIO-0124 | CPF-FICTICIO-0125,Reitoria de Registro 7 | Secretaria Acadêmica Integrada,Assinante Fictício-0015,CPF-FICTICIO-0126,Diretor Acadêmico,AssinaturaPJEmissora,Faculdade Nacional de Dados Ligados,,2026-05-02T15:35:00,https://w3id.org/ufes/ontodiplomadigital/instancias-ficticias#documentacaoAcademicaLote025,Assinante Fictício-0005,CPF-FICTICIO-0037,Reitor,urn:fake:pdfa:ato-designacao:lote05,https://w3id.org/ufes/ontodiplomadigital/instancias-ficticias#historicoLote025,HISTORICO-0027
CASO0028,diplomaLote026,DiplomaDigital,Diploma 028,Ativo,2026-04-30,diplomadoLote026,Diplomado,Pessoa Fictícia-0087,Brasileira,CPF-FICTICIO-0127,localNaturalidadeBr5208707,LocalNaturalidade,Goiânia (GO),5208707,Goiânia,GO,,cursoLote026,Curso,Licenciatura em Curadoria Digital,CURSO-FAKE-0028,2800,2026-03-29,Licenciatura,Licenciado,Ead,enderecoCursoLote02,Endereco,iesEmissoraLote06,IesEmissora,Universidade de Estudos Documentais,CNPJ-FICTICIO-0029/CNPJ-FICTICIO-0030,iesRegistradoraLote02,IesRegistradora,Centro de Registro Interoperável,CNPJ-FICTICIO-0015/CNPJ-FICTICIO-0016,registroLote026,RegistroDiploma,https://w3id.org/ufes/ontodiplomadigital/instancias-ficticias#requisicaoDocumentacao028,ReqDip00000000000000000000000000000000000000000028,https://w3id.org/ufes/ontodiplomadigital/instancias-ficticias#processoAdministrativo028,PROC-FAKE-2026-0028,2026-05-05,RDP-FAKE-0028,assinaturaLote026,AssinaturaDigital,2026-05-05T16:36:00,CAdES,CODIGO-VALIDACAO-FICTICIO-0055,CodigoValidacao,CODIGO-VALIDACAO-FICTICIO-0056,https://w3id.org/ufes/ontodiplomadigital/instancias-ficticias#diplomaLote026,1.05,Producao,produção,Portal Público Fictício de Consulta de Diplomas,,https://w3id.org/ufes/ontodiplomadigital/instancias-ficticias#diplomadoLote026,Campus de Dados 02,,Bloco B,,Recife,PE,31002-000,Brasil,,,curadoria digital,,,,,,,MEC-EM-0006,"Avenida Sintetica 106, Setor Emissor",Curitiba,PR,29006-000,Brasil,MEC-RG-0002,"Rua Registral 202, Setor de Proveniencia",Fortaleza,CE,30002-000,Brasil,https://w3id.org/ufes/ontodiplomadigital/instancias-ficticias#registroLote026,ReqDip00000000000000000000000000000000000000000028,2026-04-05,2026-04-20,L-2026-5,26,028,Caso sintetico 028 com status ativo e modalidade ead.,Pessoa Fictícia-0018,CPF-FICTICIO-0128,MAT-REG-0028,Assinante Fictício-0088,CPF-FICTICIO-0129,Reitoria de Registro 8,Assinante Fictício-0020,CPF-FICTICIO-0130,Diretora Acadêmica,AssinaturaPFResponsavelRegistro,,,2026-05-05T16:36:00,https://w3id.org/ufes/ontodiplomadigital/instancias-ficticias#documentacaoAcademicaLote026,Assinante Fictício-0010,CPF-FICTICIO-0042,Reitora,urn:fake:pdfa:ato-designacao:lote06,https://w3id.org/ufes/ontodiplomadigital/instancias-ficticias#historicoLote026,HISTORICO-0028
CASO0029,diplomaLote027,DiplomaDigital,Diploma 029,Ativo,2026-05-03,diplomadoLote027,Diplomado,Pessoa Fictícia-0089,Brasileira,CPF-FICTICIO-0131,localNaturalidadeBr4205407,LocalNaturalidade,Florianópolis (SC),4205407,Florianópolis,SC,,cursoLote027,Curso,Tecnologia em Arquivologia Aplicada,CURSO-FAKE-0029,3000,2026-04-01,Tecnologia,Tecnologo,Semipresencial,enderecoCursoLote10,Endereco,iesEmissoraLote07,IesEmissora,Centro Acadêmico de Interoperabilidade,CNPJ-FICTICIO-0033/CNPJ-FICTICIO-0034,iesRegistradoraLote03,IesRegistradora,Instituto Nacional de Validação Acadêmica,CNPJ-FICTICIO-0019/CNPJ-FICTICIO-0020,registroLote027,RegistroDiploma,https://w3id.org/ufes/ontodiplomadigital/instancias-ficticias#requisicaoDocumentacao029,ReqDip00000000000000000000000000000000000000000029,https://w3id.org/ufes/ontodiplomadigital/instancias-ficticias#processoAdministrativo029,PROC-FAKE-2026-0029,2026-05-08,RDP-FAKE-0029,assinaturaLote027,AssinaturaDigital,2026-05-08T08:37:00,PAdES,CODIGO-VALIDACAO-FICTICIO-0057,CodigoValidacao,CODIGO-VALIDACAO-FICTICIO-0058,https://w3id.org/ufes/ontodiplomadigital/instancias-ficticias#diplomaLote027,1.05,Homologacao,homologação,GovBR Acadêmico Fictício,,https://w3id.org/ufes/ontodiplomadigital/instancias-ficticias#diplomadoLote027,Campus de Dados 10,,Bloco E,,Vitoria,ES,31010-000,Brasil,,,organizacao do conhecimento,Análise semantica aplicada,2026-04-01,,,,,MEC-EM-0007,"Avenida Sintetica 107, Setor Emissor",Fortaleza,CE,29007-000,Brasil,MEC-RG-0003,"Rua Registral 203, Setor de Proveniencia",Goiania,GO,30003-000,Brasil,https://w3id.org/ufes/ontodiplomadigital/instancias-ficticias#registroLote027,ReqDip00000000000000000000000000000000000000000029,2026-04-08,2026-04-23,L-2026-6,27,029,Caso sintetico 029 com status ativo e modalidade semipresencial.,Pessoa Fictícia-0023,CPF-FICTICIO-0132,MAT-REG-0029,Assinante Fictício-0090,CPF-FICTICIO-0133,Reitoria de Registro 9,Assinante Fictício-0025,CPF-FICTICIO-0134,Secretario Geral Acadêmico,AssinaturaPFEmissora,,,2026-05-08T08:37:00,https://w3id.org/ufes/ontodiplomadigital/instancias-ficticias#documentacaoAcademicaLote027,Assinante Fictício-0015,CPF-FICTICIO-0047,Diretor Geral,urn:fake:pdfa:ato-designacao:lote07,https://w3id.org/ufes/ontodiplomadigital/instancias-ficticias#historicoLote027,HISTORICO-0029
CASO0030,diplomaLote028,DiplomaDigital,Diploma 030,Ativo,2026-05-06,diplomadoLote028,Diplomado,Pessoa Fictícia-0091,Argentina,CPF-FICTICIO-0135,localNaturalidadeEstrangeiraBuenosAires,LocalNaturalidade,Buenos Aires (município estrangeiro),,,,Buenos Aires,cursoLote028,CursoNSF,Bacharelado em Biblioteconomia Analitica,,3200,2026-04-04,Bacharelado,Bacharel,Presencial,enderecoCursoLote04,Endereco,iesEmissoraLote08,IesEmissora,Instituto Superior de Preservacao Informacional,CNPJ-FICTICIO-0037/CNPJ-FICTICIO-0038,iesRegistradoraLote04,IesRegistradora,Universidade Curadora de Diplomas,CNPJ-FICTICIO-0023/CNPJ-FICTICIO-0024,registroLote028,RegistroDiplomaNSF,https://w3id.org/ufes/ontodiplomadigital/instancias-ficticias#requisicaoDocumentacao030,ReqDip00000000000000000000000000000000000000000030,https://w3id.org/ufes/ontodiplomadigital/instancias-ficticias#processoAdministrativo030,PROC-FAKE-2026-0030,2026-05-11,RDP-FAKE-0030,assinaturaLote028,AssinaturaDigital,2026-05-11T09:38:00,XAdES,CODIGO-VALIDACAO-FICTICIO-0059,CodigoValidacao,CODIGO-VALIDACAO-FICTICIO-0060,https://w3id.org/ufes/ontodiplomadigital/instancias-ficticias#diplomaLote028,1.05,Producao,produção,Portal Público Fictício de Consulta de Diplomas,,https://w3id.org/ufes/ontodiplomadigital/instancias-ficticias#diplomadoLote028,Campus de Dados 04,,Bloco D,,Fortaleza,CE,31004-000,Brasil,,,preservacao e acesso,,,EMEC-FAKE-2026-0030,Análise de regularidade do curso 030,2025-11-10,2025-10-26,MEC-EM-0008,"Avenida Sintetica 108, Setor Emissor",Goiania,GO,29008-000,Brasil,MEC-RG-0004,"Rua Registral 204, Setor de Proveniencia",Sao Paulo,SP,30004-000,Brasil,https://w3id.org/ufes/ontodiplomadigital/instancias-ficticias#registroLote028,ReqDip00000000000000000000000000000000000000000030,2026-04-11,2026-04-26,L-2026-7,28,030,Caso sintetico 030 com status ativo e modalidade presencial.,Pessoa Fictícia-0028,CPF-FICTICIO-0136,MAT-REG-0030,Assinante Fictício-0092,CPF-FICTICIO-0137,Reitoria de Registro 1,Assinante Fictício-0030,CPF-FICTICIO-0138,Secretaria Geral Acadêmica,AssinaturaPJArquivamentoDocumentacaoAcademica,Instituto Superior de Preservacao Informacional,,2026-05-11T09:38:00,https://w3id.org/ufes/ontodiplomadigital/instancias-ficticias#documentacaoAcademicaLote028,Assinante Fictício-0020,CPF-FICTICIO-0052,Diretora Geral,urn:fake:pdfa:ato-designacao:lote08,https://w3id.org/ufes/ontodiplomadigital/instancias-ficticias#historicoLote028,HISTORICO-0030
CASO0031,diplomaLote029,DiplomaDigital,Diploma 031,Revogado,2026-05-09,diplomadoLote029,Diplomado,Pessoa Fictícia-0093,Brasileira,CPF-FICTICIO-0139,localNaturalidadeBr3550308,LocalNaturalidade,São Paulo (SP),3550308,São Paulo,SP,,cursoLote029,Curso,Licenciatura em Gestão da Informação,CURSO-FAKE-0031,3400,2026-04-07,Licenciatura,Licenciado,Ead,enderecoCursoLote05,Endereco,iesEmissoraLote09,IesEmissora,Universidade do Patrimonio Digital,CNPJ-FICTICIO-0041/CNPJ-FICTICIO-0042,iesRegistradoraLote05,IesRegistradora,Centro Registral de Conhecimento Aplicado,CNPJ-FICTICIO-0027/CNPJ-FICTICIO-0028,registroLote029,RegistroDiploma,https://w3id.org/ufes/ontodiplomadigital/instancias-ficticias#requisicaoDocumentacao031,ReqDip00000000000000000000000000000000000000000031,https://w3id.org/ufes/ontodiplomadigital/instancias-ficticias#processoAdministrativo031,PROC-FAKE-2026-0031,2026-05-14,RDP-FAKE-0031,assinaturaLote029,AssinaturaDigital,2026-05-14T10:39:00,CAdES,CODIGO-VALIDACAO-FICTICIO-0061,CodigoValidacao,CODIGO-VALIDACAO-FICTICIO-0062,https://w3id.org/ufes/ontodiplomadigital/instancias-ficticias#diplomaLote029,1.05,Homologacao,homologação,GovBR Acadêmico Fictício,,https://w3id.org/ufes/ontodiplomadigital/instancias-ficticias#diplomadoLote029,Campus de Dados 05,,Bloco E,,Goiania,GO,31005-000,Brasil,,,governanca de dados,,,,,,,MEC-EM-0009,"Avenida Sintetica 109, Setor Emissor",Sao Paulo,SP,29009-000,Brasil,MEC-RG-0005,"Rua Registral 205, Setor de Proveniencia",Rio de Janeiro,RJ,30005-000,Brasil,https://w3id.org/ufes/ontodiplomadigital/instancias-ficticias#registroLote029,ReqDip00000000000000000000000000000000000000000031,2026-04-14,2026-04-29,L-2026-1,29,031,Caso sintetico 031 com status revogado e modalidade ead.,Pessoa Fictícia-0033,CPF-FICTICIO-0140,MAT-REG-0031,Assinante Fictício-0094,CPF-FICTICIO-0141,Reitoria de Registro 2,Pessoa Fictícia-0006,CPF-FICTICIO-0142,Pro-Reitor de Graduacao,AssinaturaPJRegistradora,Centro Registral de Conhecimento Aplicado,,2026-05-14T10:39:00,https://w3id.org/ufes/ontodiplomadigital/instancias-ficticias#documentacaoAcademicaLote029,Assinante Fictício-0025,CPF-FICTICIO-0057,Procurador Institucional,urn:fake:pdfa:ato-designacao:lote09,https://w3id.org/ufes/ontodiplomadigital/instancias-ficticias#historicoLote029,HISTORICO-0031
CASO0032,diplomaLote030,DiplomaDigital,Diploma 032,Anulado,2026-05-12,diplomadoLote030,Diplomado,Pessoa Fictícia-0095,Brasileira,CPF-FICTICIO-0143,localNaturalidadeBr3550308,LocalNaturalidade,São Paulo (SP),3550308,São Paulo,SP,,cursoLote030,Curso,Tecnologia em Humanidades Digitais,,2400,2026-04-10,Tecnologia,Tecnologo,Semipresencial,enderecoCursoLote06,Endereco,iesEmissoraLote10,IesEmissora,Centro Universitario de Modelagem Conceitual,CNPJ-FICTICIO-0043/CNPJ-FICTICIO-0044,iesRegistradoraLote06,IesRegistradora,Universidade Federal de Registro Semântico,CNPJ-FICTICIO-0031/CNPJ-FICTICIO-0032,registroLote030,RegistroDiploma,https://w3id.org/ufes/ontodiplomadigital/instancias-ficticias#requisicaoDocumentacao032,ReqDip00000000000000000000000000000000000000000032,https://w3id.org/ufes/ontodiplomadigital/instancias-ficticias#processoAdministrativo032,PROC-FAKE-2026-0032,2026-05-17,RDP-FAKE-0032,assinaturaLote030,AssinaturaDigital,2026-05-17T11:40:00,PAdES,CODIGO-VALIDACAO-FICTICIO-0063,CodigoValidacao,CODIGO-VALIDACAO-FICTICIO-0064,https://w3id.org/ufes/ontodiplomadigital/instancias-ficticias#diplomaLote030,1.05,Producao,produção,Portal Público Fictício de Consulta de Diplomas,,https://w3id.org/ufes/ontodiplomadigital/instancias-ficticias#diplomadoLote030,Campus de Dados 06,,Bloco A,,Sao Paulo,SP,31006-000,Brasil,,Especialista em Humanidades Digitais,tratamento documental,Processos de registro academico,2026-04-10,EMEC-FAKE-2026-0032,Análise de regularidade do curso 032,2025-11-16,2025-11-01,MEC-EM-0010,"Avenida Sintetica 110, Setor Emissor",Rio de Janeiro,RJ,29010-000,Brasil,MEC-RG-0006,"Rua Registral 206, Setor de Proveniencia",Florianopolis,SC,30006-000,Brasil,https://w3id.org/ufes/ontodiplomadigital/instancias-ficticias#registroLote030,ReqDip00000000000000000000000000000000000000000032,2026-04-17,2026-05-02,L-2026-2,30,032,Caso sintetico 032 com status anulado e modalidade semipresencial.,Pessoa Fictícia-0037,CPF-FICTICIO-0144,MAT-REG-0032,Assinante Fictício-0096 | Assinante Fictício-0097,CPF-FICTICIO-0145 | CPF-FICTICIO-0146,Reitoria de Registro 3 | Secretaria Acadêmica Integrada,Pessoa Fictícia-0011,CPF-FICTICIO-0147,Pro-Reitora de Graduacao,AssinaturaPJEmissora,Centro Universitario de Modelagem Conceitual,,2026-05-17T11:40:00,https://w3id.org/ufes/ontodiplomadigital/instancias-ficticias#documentacaoAcademicaLote030,Assinante Fictício-0030,CPF-FICTICIO-0063,Procuradora Institucional,urn:fake:pdfa:ato-designacao:lote10,https://w3id.org/ufes/ontodiplomadigital/instancias-ficticias#historicoLote030,HISTORICO-0032
CASO0033,diplomaLote031,DiplomaDigital,Diploma 033,Ativo,2026-05-15,diplomadoLote031,Diplomado,Pessoa Fictícia-0098,Brasileira,CPF-FICTICIO-0148,localNaturalidadeBr2927408,LocalNaturalidade,Salvador (BA),2927408,Salvador,BA,,cursoLote031,Curso,Bacharelado em Documentacao Tecnica,CURSO-FAKE-0033,2600,2026-04-13,Bacharelado,Bacharel,Presencial,enderecoCursoLote11,Endereco,iesEmissoraLote01,IesEmissora,Universidade Aberta do Conhecimento,CNPJ-FICTICIO-0009/CNPJ-FICTICIO-0010,iesRegistradoraLote07,IesRegistradora,Instituto de Segurança Documental,CNPJ-FICTICIO-0035/CNPJ-FICTICIO-0036,registroLote031,RegistroDiploma,https://w3id.org/ufes/ontodiplomadigital/instancias-ficticias#requisicaoDocumentacao033,ReqDip00000000000000000000000000000000000000000033,https://w3id.org/ufes/ontodiplomadigital/instancias-ficticias#processoAdministrativo033,PROC-FAKE-2026-0033,2026-05-20,RDP-FAKE-0033,assinaturaLote031,AssinaturaDigital,2026-05-20T12:41:00,XAdES,CODIGO-VALIDACAO-FICTICIO-0065,CodigoValidacao,CODIGO-VALIDACAO-FICTICIO-0066,https://w3id.org/ufes/ontodiplomadigital/instancias-ficticias#diplomaLote031,1.05,Homologacao,homologação,GovBR Acadêmico Fictício,,https://w3id.org/ufes/ontodiplomadigital/instancias-ficticias#diplomadoLote031,Campus de Dados 11,,Bloco A,,Belo Horizonte,MG,31011-000,Brasil,,,interoperabilidade semantica,,,,,,,MEC-EM-0001,"Avenida Sintetica 101, Setor Emissor",Vitoria,ES,29001-000,Brasil,MEC-RG-0007,"Rua Registral 207, Setor de Proveniencia",Belem,PA,30007-000,Brasil,https://w3id.org/ufes/ontodiplomadigital/instancias-ficticias#registroLote031,ReqDip00000000000000000000000000000000000000000033,2026-04-20,2026-05-05,L-2026-3,31,033,Caso sintetico 033 com status ativo e modalidade presencial.,Pessoa Fictícia-0040,CPF-FICTICIO-0149,MAT-REG-0033,Assinante Fictício-0099,CPF-FICTICIO-0150,Reitoria de Registro 4,Pessoa Fictícia-0016,CPF-FICTICIO-0151,Reitor,AssinaturaPFResponsavelRegistro,,,2026-05-20T12:41:00,https://w3id.org/ufes/ontodiplomadigital/instancias-ficticias#documentacaoAcademicaLote031,Pessoa Fictícia-0016,CPF-FICTICIO-0016,Diretor Geral,urn:fake:pdfa:ato-designacao:lote01,https://w3id.org/ufes/ontodiplomadigital/instancias-ficticias#historicoLote031,HISTORICO-0033
CASO0034,diplomaLote032,DiplomaDigital,Diploma 034,Ativo,2026-05-18,diplomadoLote032,Diplomado,Pessoa Fictícia-0100,Brasileira,CPF-FICTICIO-0152,localNaturalidadeBr2611606,LocalNaturalidade,Recife (PE),2611606,Recife,PE,,cursoLote032,CursoNSF,Licenciatura em Governanca Informacional,,2800,2026-04-16,Licenciatura,Licenciado,Ead,enderecoCursoLote08,Endereco,iesEmissoraLote02,IesEmissora,Centro Universitario Horizonte Semântico,CNPJ-FICTICIO-0013/CNPJ-FICTICIO-0014,iesRegistradoraLote08,IesRegistradora,Centro Universitario de Rastreabilidade Acadêmica,CNPJ-FICTICIO-0039/CNPJ-FICTICIO-0040,registroLote032,RegistroDiplomaNSF,https://w3id.org/ufes/ontodiplomadigital/instancias-ficticias#requisicaoDocumentacao034,ReqDip00000000000000000000000000000000000000000034,https://w3id.org/ufes/ontodiplomadigital/instancias-ficticias#processoAdministrativo034,PROC-FAKE-2026-0034,2026-05-23,RDP-FAKE-0034,assinaturaLote032,AssinaturaDigital,2026-05-23T13:42:00,CAdES,CODIGO-VALIDACAO-FICTICIO-0067,CodigoValidacao,CODIGO-VALIDACAO-FICTICIO-0068,https://w3id.org/ufes/ontodiplomadigital/instancias-ficticias#diplomaLote032,1.05,Producao,produção,Portal Público Fictício de Consulta de Diplomas,,https://w3id.org/ufes/ontodiplomadigital/instancias-ficticias#diplomadoLote032,Campus de Dados 08,,Bloco C,,Florianopolis,SC,31008-000,Brasil,,,curadoria digital,,,EMEC-FAKE-2026-0034,Análise de regularidade do curso 034,2025-11-22,2025-11-07,MEC-EM-0002,"Avenida Sintetica 102, Setor Emissor",Belo Horizonte,MG,29002-000,Brasil,MEC-RG-0008,"Rua Registral 208, Setor de Proveniencia",Vitoria,ES,30008-000,Brasil,https://w3id.org/ufes/ontodiplomadigital/instancias-ficticias#registroLote032,ReqDip00000000000000000000000000000000000000000034,2026-04-23,2026-05-08,L-2026-4,32,034,Caso sintetico 034 com status ativo e modalidade ead.,Pessoa Fictícia-0043,CPF-FICTICIO-0153,MAT-REG-0034,Assinante Fictício-0101,CPF-FICTICIO-0154,Reitoria de Registro 5,Pessoa Fictícia-0021,CPF-FICTICIO-0155,Reitora,AssinaturaPFEmissora,,,2026-05-23T13:42:00,https://w3id.org/ufes/ontodiplomadigital/instancias-ficticias#documentacaoAcademicaLote032,Pessoa Fictícia-0021,CPF-FICTICIO-0021,Diretora Geral,urn:fake:pdfa:ato-designacao:lote02,https://w3id.org/ufes/ontodiplomadigital/instancias-ficticias#historicoLote032,HISTORICO-0034
CASO0035,diplomaLote033,DiplomaDigital,Diploma 035,Ativo,2026-05-21,diplomadoLote033,Diplomado,Pessoa Fictícia-0102,Moçambicana,CPF-FICTICIO-0156,localNaturalidadeEstrangeiraMaputo,LocalNaturalidade,Maputo (município estrangeiro),,,,Maputo,cursoLote033,Curso,Tecnologia em Interoperabilidade Semântica,CURSO-FAKE-0035,3000,2026-04-19,Tecnologia,Tecnologo,Semipresencial,enderecoCursoLote08,Endereco,iesEmissoraLote03,IesEmissora,Instituto Federal de Curadoria Digital,CNPJ-FICTICIO-0017/CNPJ-FICTICIO-0018,iesRegistradoraLote01,IesRegistradora,Universidade Registradora do Brasil Digital,CNPJ-FICTICIO-0011/CNPJ-FICTICIO-0012,registroLote033,RegistroDiploma,https://w3id.org/ufes/ontodiplomadigital/instancias-ficticias#requisicaoDocumentacao035,ReqDip00000000000000000000000000000000000000000035,https://w3id.org/ufes/ontodiplomadigital/instancias-ficticias#processoAdministrativo035,PROC-FAKE-2026-0035,2026-05-26,RDP-FAKE-0035,assinaturaLote033,AssinaturaDigital,2026-05-26T14:43:00,PAdES,CODIGO-VALIDACAO-FICTICIO-0069,CodigoValidacao,CODIGO-VALIDACAO-FICTICIO-0070,https://w3id.org/ufes/ontodiplomadigital/instancias-ficticias#diplomaLote033,1.05,Homologacao,homologação,GovBR Acadêmico Fictício,,https://w3id.org/ufes/ontodiplomadigital/instancias-ficticias#diplomadoLote033,Campus de Dados 08,,Bloco C,,Florianopolis,SC,31008-000,Brasil,,,organizacao do conhecimento,Análise semantica aplicada,2026-04-19,,,,,MEC-EM-0003,"Avenida Sintetica 103, Setor Emissor",Salvador,BA,29003-000,Brasil,MEC-RG-0001,"Rua Registral 201, Setor de Proveniencia",Curitiba,PR,30001-000,Brasil,https://w3id.org/ufes/ontodiplomadigital/instancias-ficticias#registroLote033,ReqDip00000000000000000000000000000000000000000035,2026-04-26,2026-05-11,L-2026-5,33,035,Caso sintetico 035 com status ativo e modalidade semipresencial.,Pessoa Fictícia-0046,CPF-FICTICIO-0157,MAT-REG-0035,Assinante Fictício-0103,CPF-FICTICIO-0158,Reitoria de Registro 6,Pessoa Fictícia-0026,CPF-FICTICIO-0159,Diretor Acadêmico,AssinaturaPJArquivamentoDocumentacaoAcademica,Instituto Federal de Curadoria Digital,,2026-05-26T14:43:00,https://w3id.org/ufes/ontodiplomadigital/instancias-ficticias#documentacaoAcademicaLote033,Pessoa Fictícia-0026,CPF-FICTICIO-0026,Procurador Institucional,urn:fake:pdfa:ato-designacao:lote03,https://w3id.org/ufes/ontodiplomadigital/instancias-ficticias#historicoLote033,HISTORICO-0035
CASO0036,diplomaLote034,DiplomaDigital,Diploma 036,Revogado,2026-05-24,diplomadoLote034,Diplomado,Pessoa Fictícia-0104,Brasileira,CPF-FICTICIO-0160,localNaturalidadeBr3550308,LocalNaturalidade,São Paulo (SP),3550308,São Paulo,SP,,cursoLote034,Curso,Bacharelado em Preservacao Digital,CURSO-FAKE-0036,3200,2026-04-22,Bacharelado,Bacharel,Presencial,enderecoCursoLote10,Endereco,iesEmissoraLote04,IesEmissora,Universidade Metropolitana da Informação,CNPJ-FICTICIO-0021/CNPJ-FICTICIO-0022,iesRegistradoraLote02,IesRegistradora,Centro de Registro Interoperável,CNPJ-FICTICIO-0015/CNPJ-FICTICIO-0016,registroLote034,RegistroDiploma,https://w3id.org/ufes/ontodiplomadigital/instancias-ficticias#requisicaoDocumentacao036,ReqDip00000000000000000000000000000000000000000036,https://w3id.org/ufes/ontodiplomadigital/instancias-ficticias#processoAdministrativo036,PROC-FAKE-2026-0036,2026-05-29,RDP-FAKE-0036,assinaturaLote034,AssinaturaDigital,2026-05-29T15:44:00,XAdES,CODIGO-VALIDACAO-FICTICIO-0071,CodigoValidacao,CODIGO-VALIDACAO-FICTICIO-0072,https://w3id.org/ufes/ontodiplomadigital/instancias-ficticias#diplomaLote034,1.05,Producao,produção,Portal Público Fictício de Consulta de Diplomas,,https://w3id.org/ufes/ontodiplomadigital/instancias-ficticias#diplomadoLote034,Campus de Dados 10,,Bloco E,,Vitoria,ES,31010-000,Brasil,,,preservacao e acesso,,,,,,,MEC-EM-0004,"Avenida Sintetica 104, Setor Emissor",Brasilia,DF,29004-000,Brasil,MEC-RG-0002,"Rua Registral 202, Setor de Proveniencia",Fortaleza,CE,30002-000,Brasil,https://w3id.org/ufes/ontodiplomadigital/instancias-ficticias#registroLote034,ReqDip00000000000000000000000000000000000000000036,2026-04-29,2026-05-14,L-2026-6,34,036,Caso sintetico 036 com status revogado e modalidade presencial.,Pessoa Fictícia-0049,CPF-FICTICIO-0161,MAT-REG-0036,Assinante Fictício-0105,CPF-FICTICIO-0162,Reitoria de Registro 7,Pessoa Fictícia-0031,CPF-FICTICIO-0163,Diretora Acadêmica,AssinaturaPJRegistradora,Centro de Registro Interoperável,Autoridade Certificadora Fictícia Integridade Digital,2026-05-29T15:44:00,https://w3id.org/ufes/ontodiplomadigital/instancias-ficticias#documentacaoAcademicaLote034,Pessoa Fictícia-0031,CPF-FICTICIO-0031,Procuradora Institucional,urn:fake:pdfa:ato-designacao:lote04,https://w3id.org/ufes/ontodiplomadigital/instancias-ficticias#historicoLote034,HISTORICO-0036
CASO0037,diplomaLote035,DiplomaDigital,Diploma 037,Anulado,2026-05-27,diplomadoLote035,Diplomado,Pessoa Fictícia-0106,Brasileira,CPF-FICTICIO-0164,localNaturalidadeBr2111300,LocalNaturalidade,São Luís (MA),2111300,São Luís,MA,,cursoLote035,Curso,Licenciatura em Análise Territorial de Dados,CURSO-FAKE-0037,3400,2026-04-25,Licenciatura,Licenciado,Ead,enderecoCursoLote09,Endereco,iesEmissoraLote05,IesEmissora,Faculdade Nacional de Dados Ligados,CNPJ-FICTICIO-0025/CNPJ-FICTICIO-0026,iesRegistradoraLote03,IesRegistradora,Instituto Nacional de Validação Acadêmica,CNPJ-FICTICIO-0019/CNPJ-FICTICIO-0020,registroLote035,RegistroDiploma,https://w3id.org/ufes/ontodiplomadigital/instancias-ficticias#requisicaoDocumentacao037,ReqDip00000000000000000000000000000000000000000037,https://w3id.org/ufes/ontodiplomadigital/instancias-ficticias#processoAdministrativo037,PROC-FAKE-2026-0037,2026-06-01,RDP-FAKE-0037,assinaturaLote035,AssinaturaDigital,2026-06-01T16:45:00,CAdES,CODIGO-VALIDACAO-FICTICIO-0073,CodigoValidacao,CODIGO-VALIDACAO-FICTICIO-0074,https://w3id.org/ufes/ontodiplomadigital/instancias-ficticias#diplomaLote035,1.05,Homologacao,homologação,GovBR Acadêmico Fictício,,https://w3id.org/ufes/ontodiplomadigital/instancias-ficticias#diplomadoLote035,Campus de Dados 09,,Bloco D,,Belem,PA,31009-000,Brasil,,,governanca de dados,,,,,,,MEC-EM-0005,"Avenida Sintetica 105, Setor Emissor",Recife,PE,29005-000,Brasil,MEC-RG-0003,"Rua Registral 203, Setor de Proveniencia",Goiania,GO,30003-000,Brasil,https://w3id.org/ufes/ontodiplomadigital/instancias-ficticias#registroLote035,ReqDip00000000000000000000000000000000000000000037,2026-05-02,2026-05-17,L-2026-7,35,037,Caso sintetico 037 com status anulado e modalidade ead.,Pessoa Fictícia-0053,CPF-FICTICIO-0165,MAT-REG-0037,Assinante Fictício-0107 | Assinante Fictício-0108,CPF-FICTICIO-0166 | CPF-FICTICIO-0167,Reitoria de Registro 8 | Secretaria Acadêmica Integrada,Assinante Fictício-0005,CPF-FICTICIO-0168,Secretario Geral Acadêmico,AssinaturaPJEmissora,Faculdade Nacional de Dados Ligados,,2026-06-01T16:45:00,https://w3id.org/ufes/ontodiplomadigital/instancias-ficticias#documentacaoAcademicaLote035,Assinante Fictício-0005,CPF-FICTICIO-0037,Reitor,urn:fake:pdfa:ato-designacao:lote05,https://w3id.org/ufes/ontodiplomadigital/instancias-ficticias#historicoLote035,HISTORICO-0037
CASO0038,diplomaLote036,DiplomaDigital,Diploma 038,Ativo,2026-05-30,diplomadoLote036,Diplomado,Pessoa Fictícia-0109,Brasileira,CPF-FICTICIO-0169,localNaturalidadeBr1721000,LocalNaturalidade,Palmas (TO),1721000,Palmas,TO,,cursoLote036,CursoNSF,Tecnologia em Memoria Institucional,,2400,2026-04-28,Tecnologia,Tecnologo,Semipresencial,enderecoCursoLote12,Endereco,iesEmissoraLote06,IesEmissora,Universidade de Estudos Documentais,CNPJ-FICTICIO-0029/CNPJ-FICTICIO-0030,iesRegistradoraLote04,IesRegistradora,Universidade Curadora de Diplomas,CNPJ-FICTICIO-0023/CNPJ-FICTICIO-0024,registroLote036,RegistroDiplomaNSF,https://w3id.org/ufes/ontodiplomadigital/instancias-ficticias#requisicaoDocumentacao038,ReqDip00000000000000000000000000000000000000000038,https://w3id.org/ufes/ontodiplomadigital/instancias-ficticias#processoAdministrativo038,PROC-FAKE-2026-0038,2026-06-04,RDP-FAKE-0038,assinaturaLote036,AssinaturaDigital,2026-06-04T08:46:00,PAdES,CODIGO-VALIDACAO-FICTICIO-0075,CodigoValidacao,CODIGO-VALIDACAO-FICTICIO-0076,https://w3id.org/ufes/ontodiplomadigital/instancias-ficticias#diplomaLote036,1.05,Producao,produção,Portal Público Fictício de Consulta de Diplomas,,https://w3id.org/ufes/ontodiplomadigital/instancias-ficticias#diplomadoLote036,Campus de Dados 12,,Bloco B,,Salvador,BA,31012-000,Brasil,,Especialista em Memoria Institucional,tratamento documental,Processos de registro academico,2026-04-28,EMEC-FAKE-2026-0038,Análise de regularidade do curso 038,2025-12-04,2025-11-19,MEC-EM-0006,"Avenida Sintetica 106, Setor Emissor",Curitiba,PR,29006-000,Brasil,MEC-RG-0004,"Rua Registral 204, Setor de Proveniencia",Sao Paulo,SP,30004-000,Brasil,https://w3id.org/ufes/ontodiplomadigital/instancias-ficticias#registroLote036,ReqDip00000000000000000000000000000000000000000038,2026-05-05,2026-05-20,L-2026-1,36,038,Caso sintetico 038 com status ativo e modalidade semipresencial.,Pessoa Fictícia-0056,CPF-FICTICIO-0170,MAT-REG-0038,Assinante Fictício-0110,CPF-FICTICIO-0171,Reitoria de Registro 9,Assinante Fictício-0010,CPF-FICTICIO-0172,Secretaria Geral Acadêmica,AssinaturaPFResponsavelRegistro,,,2026-06-04T08:46:00,https://w3id.org/ufes/ontodiplomadigital/instancias-ficticias#documentacaoAcademicaLote036,Assinante Fictício-0010,CPF-FICTICIO-0042,Reitora,urn:fake:pdfa:ato-designacao:lote06,https://w3id.org/ufes/ontodiplomadigital/instancias-ficticias#historicoLote036,HISTORICO-0038
CASO0039,diplomaLote037,DiplomaDigital,Diploma 039,Ativo,2026-06-02,diplomadoLote037,Diplomado,Pessoa Fictícia-0111,Brasileira,CPF-FICTICIO-0173,localNaturalidadeBr3550308,LocalNaturalidade,São Paulo (SP),3550308,São Paulo,SP,,cursoLote037,Curso,Bacharelado em Ciência de Dados Publicos,CURSO-FAKE-0039,2600,2026-05-01,Bacharelado,Bacharel,Presencial,enderecoCursoLote09,Endereco,iesEmissoraLote07,IesEmissora,Centro Acadêmico de Interoperabilidade,CNPJ-FICTICIO-0033/CNPJ-FICTICIO-0034,iesRegistradoraLote05,IesRegistradora,Centro Registral de Conhecimento Aplicado,CNPJ-FICTICIO-0027/CNPJ-FICTICIO-0028,registroLote037,RegistroDiploma,https://w3id.org/ufes/ontodiplomadigital/instancias-ficticias#requisicaoDocumentacao039,ReqDip00000000000000000000000000000000000000000039,https://w3id.org/ufes/ontodiplomadigital/instancias-ficticias#processoAdministrativo039,PROC-FAKE-2026-0039,2026-06-07,RDP-FAKE-0039,assinaturaLote037,AssinaturaDigital,2026-06-07T09:47:00,XAdES,CODIGO-VALIDACAO-FICTICIO-0077,CodigoValidacao,CODIGO-VALIDACAO-FICTICIO-0078,https://w3id.org/ufes/ontodiplomadigital/instancias-ficticias#diplomaLote037,1.05,Homologacao,homologação,GovBR Acadêmico Fictício,,https://w3id.org/ufes/ontodiplomadigital/instancias-ficticias#diplomadoLote037,Campus de Dados 09,,Bloco D,,Belem,PA,31009-000,Brasil,,,interoperabilidade semantica,,,,,,,MEC-EM-0007,"Avenida Sintetica 107, Setor Emissor",Fortaleza,CE,29007-000,Brasil,MEC-RG-0005,"Rua Registral 205, Setor de Proveniencia",Rio de Janeiro,RJ,30005-000,Brasil,https://w3id.org/ufes/ontodiplomadigital/instancias-ficticias#registroLote037,ReqDip00000000000000000000000000000000000000000039,2026-05-08,2026-05-23,L-2026-2,37,039,Caso sintetico 039 com status ativo e modalidade presencial.,Pessoa Fictícia-0013,CPF-FICTICIO-0174,MAT-REG-0039,Assinante Fictício-0112,CPF-FICTICIO-0175,Reitoria de Registro 1,Assinante Fictício-0015,CPF-FICTICIO-0176,Pro-Reitor de Graduacao,AssinaturaPFEmissora,,,2026-06-07T09:47:00,https://w3id.org/ufes/ontodiplomadigital/instancias-ficticias#documentacaoAcademicaLote037,Assinante Fictício-0015,CPF-FICTICIO-0047,Diretor Geral,urn:fake:pdfa:ato-designacao:lote07,https://w3id.org/ufes/ontodiplomadigital/instancias-ficticias#historicoLote037,HISTORICO-0039
CASO0040,diplomaLote038,DiplomaDigital,Diploma 040,Ativo,2026-06-05,diplomadoLote038,Diplomado,Pessoa Fictícia-0113,Brasileira,CPF-FICTICIO-0177,localNaturalidadeBr5300108,LocalNaturalidade,Brasília (DF),5300108,Brasília,DF,,cursoLote038,Curso,Licenciatura em Curadoria Digital,CURSO-FAKE-0040,2800,2026-05-04,Licenciatura,Licenciado,Ead,enderecoCursoLote02,Endereco,iesEmissoraLote08,IesEmissora,Instituto Superior de Preservacao Informacional,CNPJ-FICTICIO-0037/CNPJ-FICTICIO-0038,iesRegistradoraLote06,IesRegistradora,Universidade Federal de Registro Semântico,CNPJ-FICTICIO-0031/CNPJ-FICTICIO-0032,registroLote038,RegistroDiploma,https://w3id.org/ufes/ontodiplomadigital/instancias-ficticias#requisicaoDocumentacao040,ReqDip00000000000000000000000000000000000000000040,https://w3id.org/ufes/ontodiplomadigital/instancias-ficticias#processoAdministrativo040,PROC-FAKE-2026-0040,2026-06-10,RDP-FAKE-0040,assinaturaLote038,AssinaturaDigital,2026-06-10T10:48:00,CAdES,CODIGO-VALIDACAO-FICTICIO-0079,CodigoValidacao,CODIGO-VALIDACAO-FICTICIO-0080,https://w3id.org/ufes/ontodiplomadigital/instancias-ficticias#diplomaLote038,1.05,Producao,produção,Portal Público Fictício de Consulta de Diplomas,,https://w3id.org/ufes/ontodiplomadigital/instancias-ficticias#diplomadoLote038,Campus de Dados 02,,Bloco B,,Recife,PE,31002-000,Brasil,,,curadoria digital,,,,,,,MEC-EM-0008,"Avenida Sintetica 108, Setor Emissor",Goiania,GO,29008-000,Brasil,MEC-RG-0006,"Rua Registral 206, Setor de Proveniencia",Florianopolis,SC,30006-000,Brasil,https://w3id.org/ufes/ontodiplomadigital/instancias-ficticias#registroLote038,ReqDip00000000000000000000000000000000000000000040,2026-05-11,2026-05-26,L-2026-3,38,040,Caso sintetico 040 com status ativo e modalidade ead.,Pessoa Fictícia-0018,CPF-FICTICIO-0178,MAT-REG-0040,Assinante Fictício-0114,CPF-FICTICIO-0179,Reitoria de Registro 2,Assinante Fictício-0020,CPF-FICTICIO-0180,Pro-Reitora de Graduacao,AssinaturaPJArquivamentoDocumentacaoAcademica,Instituto Superior de Preservacao Informacional,,2026-06-10T10:48:00,https://w3id.org/ufes/ontodiplomadigital/instancias-ficticias#documentacaoAcademicaLote038,Assinante Fictício-0020,CPF-FICTICIO-0052,Diretora Geral,urn:fake:pdfa:ato-designacao:lote08,https://w3id.org/ufes/ontodiplomadigital/instancias-ficticias#historicoLote038,HISTORICO-0040
CASO0041,diplomaLote039,DiplomaDigital,Diploma 041,Revogado,2026-06-08,diplomadoLote039,Diplomado,Pessoa Fictícia-0115,Brasileira,CPF-FICTICIO-0181,localNaturalidadeBr3304557,LocalNaturalidade,Rio de Janeiro (RJ),3304557,Rio de Janeiro,RJ,,cursoLote039,Curso,Tecnologia em Arquivologia Aplicada,CURSO-FAKE-0041,3000,2026-05-07,Tecnologia,Tecnologo,Semipresencial,enderecoCursoLote10,Endereco,iesEmissoraLote09,IesEmissora,Universidade do Patrimonio Digital,CNPJ-FICTICIO-0041/CNPJ-FICTICIO-0042,iesRegistradoraLote07,IesRegistradora,Instituto de Segurança Documental,CNPJ-FICTICIO-0035/CNPJ-FICTICIO-0036,registroLote039,RegistroDiploma,https://w3id.org/ufes/ontodiplomadigital/instancias-ficticias#requisicaoDocumentacao041,ReqDip00000000000000000000000000000000000000000041,https://w3id.org/ufes/ontodiplomadigital/instancias-ficticias#processoAdministrativo041,PROC-FAKE-2026-0041,2026-06-13,RDP-FAKE-0041,assinaturaLote039,AssinaturaDigital,2026-06-13T11:49:00,PAdES,CODIGO-VALIDACAO-FICTICIO-0081,CodigoValidacao,CODIGO-VALIDACAO-FICTICIO-0082,https://w3id.org/ufes/ontodiplomadigital/instancias-ficticias#diplomaLote039,1.05,Homologacao,homologação,GovBR Acadêmico Fictício,,https://w3id.org/ufes/ontodiplomadigital/instancias-ficticias#diplomadoLote039,Campus de Dados 10,,Bloco E,,Vitoria,ES,31010-000,Brasil,,,organizacao do conhecimento,Análise semantica aplicada,2026-05-07,,,,,MEC-EM-0009,"Avenida Sintetica 109, Setor Emissor",Sao Paulo,SP,29009-000,Brasil,MEC-RG-0007,"Rua Registral 207, Setor de Proveniencia",Belem,PA,30007-000,Brasil,https://w3id.org/ufes/ontodiplomadigital/instancias-ficticias#registroLote039,ReqDip00000000000000000000000000000000000000000041,2026-05-14,2026-05-29,L-2026-4,39,041,Caso sintetico 041 com status revogado e modalidade semipresencial.,Pessoa Fictícia-0023,CPF-FICTICIO-0182,MAT-REG-0041,Assinante Fictício-0116,CPF-FICTICIO-0183,Reitoria de Registro 3,Assinante Fictício-0025,CPF-FICTICIO-0184,Reitor,AssinaturaPJRegistradora,Instituto de Segurança Documental,,2026-06-13T11:49:00,https://w3id.org/ufes/ontodiplomadigital/instancias-ficticias#documentacaoAcademicaLote039,Assinante Fictício-0025,CPF-FICTICIO-0057,Procurador Institucional,urn:fake:pdfa:ato-designacao:lote09,https://w3id.org/ufes/ontodiplomadigital/instancias-ficticias#historicoLote039,HISTORICO-0041
CASO0042,diplomaLote040,DiplomaDigital,Diploma 042,Anulado,2026-06-11,diplomadoLote040,Diplomado,Pessoa Fictícia-0117,Brasileira,CPF-FICTICIO-0185,localNaturalidadeBr2611606,LocalNaturalidade,Recife (PE),2611606,Recife,PE,,cursoLote040,CursoNSF,Bacharelado em Biblioteconomia Analitica,,3200,2026-05-10,Bacharelado,Bacharel,Presencial,enderecoCursoLote04,Endereco,iesEmissoraLote10,IesEmissora,Centro Universitario de Modelagem Conceitual,CNPJ-FICTICIO-0043/CNPJ-FICTICIO-0044,iesRegistradoraLote08,IesRegistradora,Centro Universitario de Rastreabilidade Acadêmica,CNPJ-FICTICIO-0039/CNPJ-FICTICIO-0040,registroLote040,RegistroDiplomaNSF,https://w3id.org/ufes/ontodiplomadigital/instancias-ficticias#requisicaoDocumentacao042,ReqDip00000000000000000000000000000000000000000042,https://w3id.org/ufes/ontodiplomadigital/instancias-ficticias#processoAdministrativo042,PROC-FAKE-2026-0042,2026-06-16,RDP-FAKE-0042,assinaturaLote040,AssinaturaDigital,2026-06-16T12:10:00,XAdES,CODIGO-VALIDACAO-FICTICIO-0083,CodigoValidacao,CODIGO-VALIDACAO-FICTICIO-0084,https://w3id.org/ufes/ontodiplomadigital/instancias-ficticias#diplomaLote040,1.05,Producao,produção,Portal Público Fictício de Consulta de Diplomas,,https://w3id.org/ufes/ontodiplomadigital/instancias-ficticias#diplomadoLote040,Campus de Dados 04,,Bloco D,,Fortaleza,CE,31004-000,Brasil,,,preservacao e acesso,,,EMEC-FAKE-2026-0042,Análise de regularidade do curso 042,2025-12-16,2025-12-01,MEC-EM-0010,"Avenida Sintetica 110, Setor Emissor",Rio de Janeiro,RJ,29010-000,Brasil,MEC-RG-0008,"Rua Registral 208, Setor de Proveniencia",Vitoria,ES,30008-000,Brasil,https://w3id.org/ufes/ontodiplomadigital/instancias-ficticias#registroLote040,ReqDip00000000000000000000000000000000000000000042,2026-05-17,2026-06-01,L-2026-5,40,042,Caso sintetico 042 com status anulado e modalidade presencial.,Pessoa Fictícia-0028,CPF-FICTICIO-0186,MAT-REG-0042,Assinante Fictício-0118 | Assinante Fictício-0119,CPF-FICTICIO-0187 | CPF-FICTICIO-0188,Reitoria de Registro 4 | Secretaria Acadêmica Integrada,Assinante Fictício-0030,CPF-FICTICIO-0189,Reitora,AssinaturaPJEmissora,Centro Universitario de Modelagem Conceitual,,2026-06-16T12:10:00,https://w3id.org/ufes/ontodiplomadigital/instancias-ficticias#documentacaoAcademicaLote040,Assinante Fictício-0030,CPF-FICTICIO-0063,Procuradora Institucional,urn:fake:pdfa:ato-designacao:lote10,https://w3id.org/ufes/ontodiplomadigital/instancias-ficticias#historicoLote040,HISTORICO-0042
CASO0043,diplomaLote041,DiplomaDigital,Diploma 043,Ativo,2026-06-14,diplomadoLote041,Diplomado,Pessoa Fictícia-0120,Brasileira,CPF-FICTICIO-0190,localNaturalidadeBr3204807,LocalNaturalidade,São José do Calçado (ES),3204807,São José do Calçado,ES,,cursoLote041,Curso,Licenciatura em Gestão da Informação,CURSO-FAKE-0043,3400,2026-05-13,Licenciatura,Licenciado,Ead,enderecoCursoLote02,Endereco,iesEmissoraLote01,IesEmissora,Universidade Aberta do Conhecimento,CNPJ-FICTICIO-0009/CNPJ-FICTICIO-0010,iesRegistradoraLote01,IesRegistradora,Universidade Registradora do Brasil Digital,CNPJ-FICTICIO-0011/CNPJ-FICTICIO-0012,registroLote041,RegistroDiploma,https://w3id.org/ufes/ontodiplomadigital/instancias-ficticias#requisicaoDocumentacao043,ReqDip00000000000000000000000000000000000000000043,https://w3id.org/ufes/ontodiplomadigital/instancias-ficticias#processoAdministrativo043,PROC-FAKE-2026-0043,2026-06-19,RDP-FAKE-0043,assinaturaLote041,AssinaturaDigital,2026-06-19T13:11:00,CAdES,CODIGO-VALIDACAO-FICTICIO-0085,CodigoValidacao,CODIGO-VALIDACAO-FICTICIO-0086,https://w3id.org/ufes/ontodiplomadigital/instancias-ficticias#diplomaLote041,1.05,Homologacao,homologação,GovBR Acadêmico Fictício,,https://w3id.org/ufes/ontodiplomadigital/instancias-ficticias#diplomadoLote041,Campus de Dados 02,,Bloco B,,Recife,PE,31002-000,Brasil,,,governanca de dados,,,,,,,MEC-EM-0001,"Avenida Sintetica 101, Setor Emissor",Vitoria,ES,29001-000,Brasil,MEC-RG-0001,"Rua Registral 201, Setor de Proveniencia",Curitiba,PR,30001-000,Brasil,https://w3id.org/ufes/ontodiplomadigital/instancias-ficticias#registroLote041,ReqDip00000000000000000000000000000000000000000043,2026-05-20,2026-06-04,L-2026-6,41,043,Caso sintetico 043 com status ativo e modalidade ead.,Pessoa Fictícia-0033,CPF-FICTICIO-0191,MAT-REG-0043,Assinante Fictício-0121,CPF-FICTICIO-0192,Reitoria de Registro 5,Pessoa Fictícia-0006,CPF-FICTICIO-0193,Diretor Acadêmico,AssinaturaPFResponsavelRegistro,,,2026-06-19T13:11:00,https://w3id.org/ufes/ontodiplomadigital/instancias-ficticias#documentacaoAcademicaLote041,Pessoa Fictícia-0016,CPF-FICTICIO-0016,Diretor Geral,urn:fake:pdfa:ato-designacao:lote01,https://w3id.org/ufes/ontodiplomadigital/instancias-ficticias#historicoLote041,HISTORICO-0043
CASO0044,diplomaLote042,DiplomaDigital,Diploma 044,Ativo,2026-06-17,diplomadoLote042,Diplomado,Pessoa Fictícia-0122,Brasileira,CPF-FICTICIO-0194,localNaturalidadeBr2304400,LocalNaturalidade,Fortaleza (CE),2304400,Fortaleza,CE,,cursoLote042,Curso,Tecnologia em Humanidades Digitais,,2400,2026-05-16,Tecnologia,Tecnologo,Semipresencial,enderecoCursoLote06,Endereco,iesEmissoraLote02,IesEmissora,Centro Universitario Horizonte Semântico,CNPJ-FICTICIO-0013/CNPJ-FICTICIO-0014,iesRegistradoraLote02,IesRegistradora,Centro de Registro Interoperável,CNPJ-FICTICIO-0015/CNPJ-FICTICIO-0016,registroLote042,RegistroDiploma,https://w3id.org/ufes/ontodiplomadigital/instancias-ficticias#requisicaoDocumentacao044,ReqDip00000000000000000000000000000000000000000044,https://w3id.org/ufes/ontodiplomadigital/instancias-ficticias#processoAdministrativo044,PROC-FAKE-2026-0044,2026-06-22,RDP-FAKE-0044,assinaturaLote042,AssinaturaDigital,2026-06-22T14:12:00,PAdES,CODIGO-VALIDACAO-FICTICIO-0087,CodigoValidacao,CODIGO-VALIDACAO-FICTICIO-0088,https://w3id.org/ufes/ontodiplomadigital/instancias-ficticias#diplomaLote042,1.05,Producao,produção,Portal Público Fictício de Consulta de Diplomas,,https://w3id.org/ufes/ontodiplomadigital/instancias-ficticias#diplomadoLote042,Campus de Dados 06,,Bloco A,,Sao Paulo,SP,31006-000,Brasil,,Especialista em Humanidades Digitais,tratamento documental,Processos de registro academico,2026-05-16,EMEC-FAKE-2026-0044,Análise de regularidade do curso 044,2025-12-22,2025-12-07,MEC-EM-0002,"Avenida Sintetica 102, Setor Emissor",Belo Horizonte,MG,29002-000,Brasil,MEC-RG-0002,"Rua Registral 202, Setor de Proveniencia",Fortaleza,CE,30002-000,Brasil,https://w3id.org/ufes/ontodiplomadigital/instancias-ficticias#registroLote042,ReqDip00000000000000000000000000000000000000000044,2026-05-23,2026-06-07,L-2026-7,42,044,Caso sintetico 044 com status ativo e modalidade semipresencial.,Pessoa Fictícia-0037,CPF-FICTICIO-0195,MAT-REG-0044,Assinante Fictício-0123,CPF-FICTICIO-0196,Reitoria de Registro 6,Pessoa Fictícia-0011,CPF-FICTICIO-0197,Diretora Acadêmica,AssinaturaPFEmissora,,,2026-06-22T14:12:00,https://w3id.org/ufes/ontodiplomadigital/instancias-ficticias#documentacaoAcademicaLote042,Pessoa Fictícia-0021,CPF-FICTICIO-0021,Diretora Geral,urn:fake:pdfa:ato-designacao:lote02,https://w3id.org/ufes/ontodiplomadigital/instancias-ficticias#historicoLote042,HISTORICO-0044
CASO0045,diplomaLote043,DiplomaDigital,Diploma 045,Ativo,2026-06-20,diplomadoLote043,Diplomado,Pessoa Fictícia-0124,Brasileira,CPF-FICTICIO-0198,localNaturalidadeBr2111300,LocalNaturalidade,São Luís (MA),2111300,São Luís,MA,,cursoLote043,Curso,Bacharelado em Documentacao Tecnica,CURSO-FAKE-0045,2600,2026-05-19,Bacharelado,Bacharel,Presencial,enderecoCursoLote06,Endereco,iesEmissoraLote03,IesEmissora,Instituto Federal de Curadoria Digital,CNPJ-FICTICIO-0017/CNPJ-FICTICIO-0018,iesRegistradoraLote03,IesRegistradora,Instituto Nacional de Validação Acadêmica,CNPJ-FICTICIO-0019/CNPJ-FICTICIO-0020,registroLote043,RegistroDiploma,https://w3id.org/ufes/ontodiplomadigital/instancias-ficticias#requisicaoDocumentacao045,ReqDip00000000000000000000000000000000000000000045,https://w3id.org/ufes/ontodiplomadigital/instancias-ficticias#processoAdministrativo045,PROC-FAKE-2026-0045,2026-06-25,RDP-FAKE-0045,assinaturaLote043,AssinaturaDigital,2026-06-25T15:13:00,XAdES,CODIGO-VALIDACAO-FICTICIO-0089,CodigoValidacao,CODIGO-VALIDACAO-FICTICIO-0090,https://w3id.org/ufes/ontodiplomadigital/instancias-ficticias#diplomaLote043,1.05,Homologacao,homologação,GovBR Acadêmico Fictício,,https://w3id.org/ufes/ontodiplomadigital/instancias-ficticias#diplomadoLote043,Campus de Dados 06,,Bloco A,,Sao Paulo,SP,31006-000,Brasil,,,interoperabilidade semantica,,,,,,,MEC-EM-0003,"Avenida Sintetica 103, Setor Emissor",Salvador,BA,29003-000,Brasil,MEC-RG-0003,"Rua Registral 203, Setor de Proveniencia",Goiania,GO,30003-000,Brasil,https://w3id.org/ufes/ontodiplomadigital/instancias-ficticias#registroLote043,ReqDip00000000000000000000000000000000000000000045,2026-05-26,2026-06-10,L-2026-1,43,045,Caso sintetico 045 com status ativo e modalidade presencial.,Pessoa Fictícia-0040,CPF-FICTICIO-0199,MAT-REG-0045,Assinante Fictício-0125,CPF-FICTICIO-0200,Reitoria de Registro 7,Pessoa Fictícia-0016,CPF-FICTICIO-0201,Secretario Geral Acadêmico,AssinaturaPJArquivamentoDocumentacaoAcademica,Instituto Federal de Curadoria Digital,,2026-06-25T15:13:00,https://w3id.org/ufes/ontodiplomadigital/instancias-ficticias#documentacaoAcademicaLote043,Pessoa Fictícia-0026,CPF-FICTICIO-0026,Procurador Institucional,urn:fake:pdfa:ato-designacao:lote03,https://w3id.org/ufes/ontodiplomadigital/instancias-ficticias#historicoLote043,HISTORICO-0045
CASO0046,diplomaLote044,DiplomaDigital,Diploma 046,Revogado,2026-06-23,diplomadoLote044,Diplomado,Pessoa Fictícia-0126,Brasileira,CPF-FICTICIO-0202,localNaturalidadeBr2304400,LocalNaturalidade,Fortaleza (CE),2304400,Fortaleza,CE,,cursoLote044,CursoNSF,Licenciatura em Governanca Informacional,,2800,2026-05-22,Licenciatura,Licenciado,Ead,enderecoCursoLote08,Endereco,iesEmissoraLote04,IesEmissora,Universidade Metropolitana da Informação,CNPJ-FICTICIO-0021/CNPJ-FICTICIO-0022,iesRegistradoraLote04,IesRegistradora,Universidade Curadora de Diplomas,CNPJ-FICTICIO-0023/CNPJ-FICTICIO-0024,registroLote044,RegistroDiplomaNSF,https://w3id.org/ufes/ontodiplomadigital/instancias-ficticias#requisicaoDocumentacao046,ReqDip00000000000000000000000000000000000000000046,https://w3id.org/ufes/ontodiplomadigital/instancias-ficticias#processoAdministrativo046,PROC-FAKE-2026-0046,2026-06-28,RDP-FAKE-0046,assinaturaLote044,AssinaturaDigital,2026-06-28T16:14:00,CAdES,CODIGO-VALIDACAO-FICTICIO-0091,CodigoValidacao,CODIGO-VALIDACAO-FICTICIO-0092,https://w3id.org/ufes/ontodiplomadigital/instancias-ficticias#diplomaLote044,1.05,Producao,produção,Portal Público Fictício de Consulta de Diplomas,,https://w3id.org/ufes/ontodiplomadigital/instancias-ficticias#diplomadoLote044,Campus de Dados 08,,Bloco C,,Florianopolis,SC,31008-000,Brasil,,,curadoria digital,,,EMEC-FAKE-2026-0046,Análise de regularidade do curso 046,2025-12-28,2025-12-13,MEC-EM-0004,"Avenida Sintetica 104, Setor Emissor",Brasilia,DF,29004-000,Brasil,MEC-RG-0004,"Rua Registral 204, Setor de Proveniencia",Sao Paulo,SP,30004-000,Brasil,https://w3id.org/ufes/ontodiplomadigital/instancias-ficticias#registroLote044,ReqDip00000000000000000000000000000000000000000046,2026-05-29,2026-06-13,L-2026-2,44,046,Caso sintetico 046 com status revogado e modalidade ead.,Pessoa Fictícia-0043,CPF-FICTICIO-0203,MAT-REG-0046,Assinante Fictício-0127,CPF-FICTICIO-0204,Reitoria de Registro 8,Pessoa Fictícia-0021,CPF-FICTICIO-0205,Secretaria Geral Acadêmica,AssinaturaPJRegistradora,Universidade Curadora de Diplomas,,2026-06-28T16:14:00,https://w3id.org/ufes/ontodiplomadigital/instancias-ficticias#documentacaoAcademicaLote044,Pessoa Fictícia-0031,CPF-FICTICIO-0031,Procuradora Institucional,urn:fake:pdfa:ato-designacao:lote04,https://w3id.org/ufes/ontodiplomadigital/instancias-ficticias#historicoLote044,HISTORICO-0046
CASO0047,diplomaLote045,DiplomaDigital,Diploma 047,Anulado,2026-06-26,diplomadoLote045,Diplomado,Pessoa Fictícia-0128,Brasileira,CPF-FICTICIO-0206,localNaturalidadeBr1100205,LocalNaturalidade,Porto Velho (RO),1100205,Porto Velho,RO,,cursoLote045,Curso,Tecnologia em Interoperabilidade Semântica,CURSO-FAKE-0047,3000,2026-05-25,Tecnologia,Tecnologo,Semipresencial,enderecoCursoLote03,Endereco,iesEmissoraLote05,IesEmissora,Faculdade Nacional de Dados Ligados,CNPJ-FICTICIO-0025/CNPJ-FICTICIO-0026,iesRegistradoraLote05,IesRegistradora,Centro Registral de Conhecimento Aplicado,CNPJ-FICTICIO-0027/CNPJ-FICTICIO-0028,registroLote045,RegistroDiploma,https://w3id.org/ufes/ontodiplomadigital/instancias-ficticias#requisicaoDocumentacao047,ReqDip00000000000000000000000000000000000000000047,https://w3id.org/ufes/ontodiplomadigital/instancias-ficticias#processoAdministrativo047,PROC-FAKE-2026-0047,2026-07-01,RDP-FAKE-0047,assinaturaLote045,AssinaturaDigital,2026-07-01T08:15:00,PAdES,CODIGO-VALIDACAO-FICTICIO-0093,CodigoValidacao,CODIGO-VALIDACAO-FICTICIO-0094,https://w3id.org/ufes/ontodiplomadigital/instancias-ficticias#diplomaLote045,1.05,Homologacao,homologação,GovBR Acadêmico Fictício,,https://w3id.org/ufes/ontodiplomadigital/instancias-ficticias#diplomadoLote045,Campus de Dados 03,,Bloco C,,Curitiba,PR,31003-000,Brasil,,,organizacao do conhecimento,Análise semantica aplicada,2026-05-25,,,,,MEC-EM-0005,"Avenida Sintetica 105, Setor Emissor",Recife,PE,29005-000,Brasil,MEC-RG-0005,"Rua Registral 205, Setor de Proveniencia",Rio de Janeiro,RJ,30005-000,Brasil,https://w3id.org/ufes/ontodiplomadigital/instancias-ficticias#registroLote045,ReqDip00000000000000000000000000000000000000000047,2026-06-01,2026-06-16,L-2026-3,45,047,Caso sintetico 047 com status anulado e modalidade semipresencial.,Pessoa Fictícia-0046,CPF-FICTICIO-0207,MAT-REG-0047,Assinante Fictício-0129 | Assinante Fictício-0130,CPF-FICTICIO-0208 | CPF-FICTICIO-0209,Reitoria de Registro 9 | Secretaria Acadêmica Integrada,Pessoa Fictícia-0026,CPF-FICTICIO-0210,Pro-Reitor de Graduacao,AssinaturaPJEmissora,Faculdade Nacional de Dados Ligados,,2026-07-01T08:15:00,https://w3id.org/ufes/ontodiplomadigital/instancias-ficticias#documentacaoAcademicaLote045,Assinante Fictício-0005,CPF-FICTICIO-0037,Reitor,urn:fake:pdfa:ato-designacao:lote05,https://w3id.org/ufes/ontodiplomadigital/instancias-ficticias#historicoLote045,HISTORICO-0047
CASO0048,diplomaLote046,DiplomaDigital,Diploma 048,Ativo,2026-06-29,diplomadoLote046,Diplomado,Pessoa Fictícia-0131,Brasileira,CPF-FICTICIO-0211,localNaturalidadeBr2304400,LocalNaturalidade,Fortaleza (CE),2304400,Fortaleza,CE,,cursoLote046,Curso,Bacharelado em Preservacao Digital,CURSO-FAKE-0048,3200,2026-05-28,Bacharelado,Bacharel,Presencial,enderecoCursoLote10,Endereco,iesEmissoraLote06,IesEmissora,Universidade de Estudos Documentais,CNPJ-FICTICIO-0029/CNPJ-FICTICIO-0030,iesRegistradoraLote06,IesRegistradora,Universidade Federal de Registro Semântico,CNPJ-FICTICIO-0031/CNPJ-FICTICIO-0032,registroLote046,RegistroDiploma,https://w3id.org/ufes/ontodiplomadigital/instancias-ficticias#requisicaoDocumentacao048,ReqDip00000000000000000000000000000000000000000048,https://w3id.org/ufes/ontodiplomadigital/instancias-ficticias#processoAdministrativo048,PROC-FAKE-2026-0048,2026-07-04,RDP-FAKE-0048,assinaturaLote046,AssinaturaDigital,2026-07-04T09:16:00,XAdES,CODIGO-VALIDACAO-FICTICIO-0095,CodigoValidacao,CODIGO-VALIDACAO-FICTICIO-0096,https://w3id.org/ufes/ontodiplomadigital/instancias-ficticias#diplomaLote046,1.05,Producao,produção,Portal Público Fictício de Consulta de Diplomas,,https://w3id.org/ufes/ontodiplomadigital/instancias-ficticias#diplomadoLote046,Campus de Dados 10,,Bloco E,,Vitoria,ES,31010-000,Brasil,,,preservacao e acesso,,,,,,,MEC-EM-0006,"Avenida Sintetica 106, Setor Emissor",Curitiba,PR,29006-000,Brasil,MEC-RG-0006,"Rua Registral 206, Setor de Proveniencia",Florianopolis,SC,30006-000,Brasil,https://w3id.org/ufes/ontodiplomadigital/instancias-ficticias#registroLote046,ReqDip00000000000000000000000000000000000000000048,2026-06-04,2026-06-19,L-2026-4,46,048,Caso sintetico 048 com status ativo e modalidade presencial.,Pessoa Fictícia-0049,CPF-FICTICIO-0212,MAT-REG-0048,Assinante Fictício-0132,CPF-FICTICIO-0213,Reitoria de Registro 1,Pessoa Fictícia-0031,CPF-FICTICIO-0214,Pro-Reitora de Graduacao,AssinaturaPFResponsavelRegistro,,Autoridade Certificadora Fictícia Integridade Digital,2026-07-04T09:16:00,https://w3id.org/ufes/ontodiplomadigital/instancias-ficticias#documentacaoAcademicaLote046,Assinante Fictício-0010,CPF-FICTICIO-0042,Reitora,urn:fake:pdfa:ato-designacao:lote06,https://w3id.org/ufes/ontodiplomadigital/instancias-ficticias#historicoLote046,HISTORICO-0048
CASO0049,diplomaLote047,DiplomaDigital,Diploma 049,Ativo,2026-07-02,diplomadoLote047,Diplomado,Pessoa Fictícia-0133,Brasileira,CPF-FICTICIO-0215,localNaturalidadeBr1302603,LocalNaturalidade,Manaus (AM),1302603,Manaus,AM,,cursoLote047,Curso,Licenciatura em Análise Territorial de Dados,CURSO-FAKE-0049,3400,2026-05-31,Licenciatura,Licenciado,Ead,enderecoCursoLote07,Endereco,iesEmissoraLote07,IesEmissora,Centro Acadêmico de Interoperabilidade,CNPJ-FICTICIO-0033/CNPJ-FICTICIO-0034,iesRegistradoraLote07,IesRegistradora,Instituto de Segurança Documental,CNPJ-FICTICIO-0035/CNPJ-FICTICIO-0036,registroLote047,RegistroDiploma,https://w3id.org/ufes/ontodiplomadigital/instancias-ficticias#requisicaoDocumentacao049,ReqDip00000000000000000000000000000000000000000049,https://w3id.org/ufes/ontodiplomadigital/instancias-ficticias#processoAdministrativo049,PROC-FAKE-2026-0049,2026-07-07,RDP-FAKE-0049,assinaturaLote047,AssinaturaDigital,2026-07-07T10:17:00,CAdES,CODIGO-VALIDACAO-FICTICIO-0097,CodigoValidacao,CODIGO-VALIDACAO-FICTICIO-0098,https://w3id.org/ufes/ontodiplomadigital/instancias-ficticias#diplomaLote047,1.05,Homologacao,homologação,GovBR Acadêmico Fictício,,https://w3id.org/ufes/ontodiplomadigital/instancias-ficticias#diplomadoLote047,Campus de Dados 07,,Bloco B,,Rio de Janeiro,RJ,31007-000,Brasil,,,governanca de dados,,,,,,,MEC-EM-0007,"Avenida Sintetica 107, Setor Emissor",Fortaleza,CE,29007-000,Brasil,MEC-RG-0007,"Rua Registral 207, Setor de Proveniencia",Belem,PA,30007-000,Brasil,https://w3id.org/ufes/ontodiplomadigital/instancias-ficticias#registroLote047,ReqDip00000000000000000000000000000000000000000049,2026-06-07,2026-06-22,L-2026-5,47,049,Caso sintetico 049 com status ativo e modalidade ead.,Pessoa Fictícia-0053,CPF-FICTICIO-0216,MAT-REG-0049,Assinante Fictício-0134,CPF-FICTICIO-0217,Reitoria de Registro 2,Assinante Fictício-0005,CPF-FICTICIO-0218,Reitor,AssinaturaPFEmissora,,,2026-07-07T10:17:00,https://w3id.org/ufes/ontodiplomadigital/instancias-ficticias#documentacaoAcademicaLote047,Assinante Fictício-0015,CPF-FICTICIO-0047,Diretor Geral,urn:fake:pdfa:ato-designacao:lote07,https://w3id.org/ufes/ontodiplomadigital/instancias-ficticias#historicoLote047,HISTORICO-0049
CASO0050,diplomaLote048,DiplomaDigital,Diploma 050,Ativo,2026-07-05,diplomadoLote048,Diplomado,Pessoa Fictícia-0135,Brasileira,CPF-FICTICIO-0219,localNaturalidadeBr2507507,LocalNaturalidade,João Pessoa (PB),2507507,João Pessoa,PB,,cursoLote048,CursoNSF,Tecnologia em Memoria Institucional,,2400,2026-06-03,Tecnologia,Tecnologo,Semipresencial,enderecoCursoLote12,Endereco,iesEmissoraLote08,IesEmissora,Instituto Superior de Preservacao Informacional,CNPJ-FICTICIO-0037/CNPJ-FICTICIO-0038,iesRegistradoraLote08,IesRegistradora,Centro Universitario de Rastreabilidade Acadêmica,CNPJ-FICTICIO-0039/CNPJ-FICTICIO-0040,registroLote048,RegistroDiplomaNSF,https://w3id.org/ufes/ontodiplomadigital/instancias-ficticias#requisicaoDocumentacao050,ReqDip00000000000000000000000000000000000000000050,https://w3id.org/ufes/ontodiplomadigital/instancias-ficticias#processoAdministrativo050,PROC-FAKE-2026-0050,2026-07-10,RDP-FAKE-0050,assinaturaLote048,AssinaturaDigital,2026-07-10T11:18:00,PAdES,CODIGO-VALIDACAO-FICTICIO-0099,CodigoValidacao,CODIGO-VALIDACAO-FICTICIO-0100,https://w3id.org/ufes/ontodiplomadigital/instancias-ficticias#diplomaLote048,1.05,Producao,produção,Portal Público Fictício de Consulta de Diplomas,,https://w3id.org/ufes/ontodiplomadigital/instancias-ficticias#diplomadoLote048,Campus de Dados 12,,Bloco B,,Salvador,BA,31012-000,Brasil,,Especialista em Memoria Institucional,tratamento documental,Processos de registro academico,2026-06-03,EMEC-FAKE-2026-0050,Análise de regularidade do curso 050,2026-01-09,2025-12-25,MEC-EM-0008,"Avenida Sintetica 108, Setor Emissor",Goiania,GO,29008-000,Brasil,MEC-RG-0008,"Rua Registral 208, Setor de Proveniencia",Vitoria,ES,30008-000,Brasil,https://w3id.org/ufes/ontodiplomadigital/instancias-ficticias#registroLote048,ReqDip00000000000000000000000000000000000000000050,2026-06-10,2026-06-25,L-2026-6,48,050,Caso sintetico 050 com status ativo e modalidade semipresencial.,Pessoa Fictícia-0056,CPF-FICTICIO-0220,MAT-REG-0050,Assinante Fictício-0136,CPF-FICTICIO-0221,Reitoria de Registro 3,Assinante Fictício-0010,CPF-FICTICIO-0222,Reitora,AssinaturaPJArquivamentoDocumentacaoAcademica,Instituto Superior de Preservacao Informacional,,2026-07-10T11:18:00,https://w3id.org/ufes/ontodiplomadigital/instancias-ficticias#documentacaoAcademicaLote048,Assinante Fictício-0020,CPF-FICTICIO-0052,Diretora Geral,urn:fake:pdfa:ato-designacao:lote08,https://w3id.org/ufes/ontodiplomadigital/instancias-ficticias#historicoLote048,HISTORICO-0050
CASO0051,diplomaLote049,DiplomaDigital,Diploma 051,Revogado,2026-07-08,diplomadoLote049,Diplomado,Pessoa Fictícia-0137,Brasileira,CPF-FICTICIO-0223,localNaturalidadeBr1501402,LocalNaturalidade,Belém (PA),1501402,Belém,PA,,cursoLote049,Curso,Bacharelado em Ciência de Dados Publicos,CURSO-FAKE-0051,2600,2026-06-06,Bacharelado,Bacharel,Presencial,enderecoCursoLote01,Endereco,iesEmissoraLote09,IesEmissora,Universidade do Patrimonio Digital,CNPJ-FICTICIO-0041/CNPJ-FICTICIO-0042,iesRegistradoraLote01,IesRegistradora,Universidade Registradora do Brasil Digital,CNPJ-FICTICIO-0011/CNPJ-FICTICIO-0012,registroLote049,RegistroDiploma,https://w3id.org/ufes/ontodiplomadigital/instancias-ficticias#requisicaoDocumentacao051,ReqDip00000000000000000000000000000000000000000051,https://w3id.org/ufes/ontodiplomadigital/instancias-ficticias#processoAdministrativo051,PROC-FAKE-2026-0051,2026-07-13,RDP-FAKE-0051,assinaturaLote049,AssinaturaDigital,2026-07-13T12:19:00,XAdES,CODIGO-VALIDACAO-FICTICIO-0101,CodigoValidacao,CODIGO-VALIDACAO-FICTICIO-0102,https://w3id.org/ufes/ontodiplomadigital/instancias-ficticias#diplomaLote049,1.05,Homologacao,homologação,GovBR Acadêmico Fictício,,https://w3id.org/ufes/ontodiplomadigital/instancias-ficticias#diplomadoLote049,Campus de Dados 01,,Bloco A,,Brasilia,DF,31001-000,Brasil,,,interoperabilidade semantica,,,,,,,MEC-EM-0009,"Avenida Sintetica 109, Setor Emissor",Sao Paulo,SP,29009-000,Brasil,MEC-RG-0001,"Rua Registral 201, Setor de Proveniencia",Curitiba,PR,30001-000,Brasil,https://w3id.org/ufes/ontodiplomadigital/instancias-ficticias#registroLote049,ReqDip00000000000000000000000000000000000000000051,2026-06-13,2026-06-28,L-2026-7,49,051,Caso sintetico 051 com status revogado e modalidade presencial.,Pessoa Fictícia-0013,CPF-FICTICIO-0224,MAT-REG-0051,Assinante Fictício-0138,CPF-FICTICIO-0225,Reitoria de Registro 4,Assinante Fictício-0015,CPF-FICTICIO-0226,Diretor Acadêmico,AssinaturaPJRegistradora,Universidade Registradora do Brasil Digital,,2026-07-13T12:19:00,https://w3id.org/ufes/ontodiplomadigital/instancias-ficticias#documentacaoAcademicaLote049,Assinante Fictício-0025,CPF-FICTICIO-0057,Procurador Institucional,urn:fake:pdfa:ato-designacao:lote09,https://w3id.org/ufes/ontodiplomadigital/instancias-ficticias#historicoLote049,HISTORICO-0051
CASO0052,diplomaLote050,DiplomaDigital,Diploma 052,Anulado,2026-07-11,diplomadoLote050,Diplomado,Pessoa Fictícia-0139,Brasileira,CPF-FICTICIO-0227,localNaturalidadeBr4106902,LocalNaturalidade,Curitiba (PR),4106902,Curitiba,PR,,cursoLote050,Curso,Licenciatura em Curadoria Digital,CURSO-FAKE-0052,2800,2026-06-09,Licenciatura,Licenciado,Ead,enderecoCursoLote02,Endereco,iesEmissoraLote10,IesEmissora,Centro Universitario de Modelagem Conceitual,CNPJ-FICTICIO-0043/CNPJ-FICTICIO-0044,iesRegistradoraLote02,IesRegistradora,Centro de Registro Interoperável,CNPJ-FICTICIO-0015/CNPJ-FICTICIO-0016,registroLote050,RegistroDiploma,https://w3id.org/ufes/ontodiplomadigital/instancias-ficticias#requisicaoDocumentacao052,ReqDip00000000000000000000000000000000000000000052,https://w3id.org/ufes/ontodiplomadigital/instancias-ficticias#processoAdministrativo052,PROC-FAKE-2026-0052,2026-07-16,RDP-FAKE-0052,assinaturaLote050,AssinaturaDigital,2026-07-16T13:20:00,CAdES,CODIGO-VALIDACAO-FICTICIO-0103,CodigoValidacao,CODIGO-VALIDACAO-FICTICIO-0104,https://w3id.org/ufes/ontodiplomadigital/instancias-ficticias#diplomaLote050,1.05,Producao,produção,Portal Público Fictício de Consulta de Diplomas,,https://w3id.org/ufes/ontodiplomadigital/instancias-ficticias#diplomadoLote050,Campus de Dados 02,,Bloco B,,Recife,PE,31002-000,Brasil,,,curadoria digital,,,,,,,MEC-EM-0010,"Avenida Sintetica 110, Setor Emissor",Rio de Janeiro,RJ,29010-000,Brasil,MEC-RG-0002,"Rua Registral 202, Setor de Proveniencia",Fortaleza,CE,30002-000,Brasil,https://w3id.org/ufes/ontodiplomadigital/instancias-ficticias#registroLote050,ReqDip00000000000000000000000000000000000000000052,2026-06-16,2026-07-01,L-2026-1,50,052,Caso sintetico 052 com status anulado e modalidade ead.,Pessoa Fictícia-0018,CPF-FICTICIO-0228,MAT-REG-0052,Assinante Fictício-0140 | Assinante Fictício-0141,CPF-FICTICIO-0229 | CPF-FICTICIO-0230,Reitoria de Registro 5 | Secretaria Acadêmica Integrada,Assinante Fictício-0020,CPF-FICTICIO-0231,Diretora Acadêmica,AssinaturaPJEmissora,Centro Universitario de Modelagem Conceitual,,2026-07-16T13:20:00,https://w3id.org/ufes/ontodiplomadigital/instancias-ficticias#documentacaoAcademicaLote050,Assinante Fictício-0030,CPF-FICTICIO-0063,Procuradora Institucional,urn:fake:pdfa:ato-designacao:lote10,https://w3id.org/ufes/ontodiplomadigital/instancias-ficticias#historicoLote050,HISTORICO-0052
CASO0053,diplomaLote051,DiplomaDigital,Diploma 053,Ativo,2026-07-14,diplomadoLote051,Diplomado,Pessoa Fictícia-0142,Brasileira,CPF-FICTICIO-0232,localNaturalidadeBr2704302,LocalNaturalidade,Maceió (AL),2704302,Maceió,AL,,cursoLote051,Curso,Tecnologia em Arquivologia Aplicada,CURSO-FAKE-0053,3000,2026-06-12,Tecnologia,Tecnologo,Semipresencial,enderecoCursoLote07,Endereco,iesEmissoraLote01,IesEmissora,Universidade Aberta do Conhecimento,CNPJ-FICTICIO-0009/CNPJ-FICTICIO-0010,iesRegistradoraLote03,IesRegistradora,Instituto Nacional de Validação Acadêmica,CNPJ-FICTICIO-0019/CNPJ-FICTICIO-0020,registroLote051,RegistroDiploma,https://w3id.org/ufes/ontodiplomadigital/instancias-ficticias#requisicaoDocumentacao053,ReqDip00000000000000000000000000000000000000000053,https://w3id.org/ufes/ontodiplomadigital/instancias-ficticias#processoAdministrativo053,PROC-FAKE-2026-0053,2026-07-19,RDP-FAKE-0053,assinaturaLote051,AssinaturaDigital,2026-07-19T14:21:00,PAdES,CODIGO-VALIDACAO-FICTICIO-0105,CodigoValidacao,CODIGO-VALIDACAO-FICTICIO-0106,https://w3id.org/ufes/ontodiplomadigital/instancias-ficticias#diplomaLote051,1.05,Homologacao,homologação,GovBR Acadêmico Fictício,,https://w3id.org/ufes/ontodiplomadigital/instancias-ficticias#diplomadoLote051,Campus de Dados 07,,Bloco B,,Rio de Janeiro,RJ,31007-000,Brasil,,,organizacao do conhecimento,Análise semantica aplicada,2026-06-12,,,,,MEC-EM-0001,"Avenida Sintetica 101, Setor Emissor",Vitoria,ES,29001-000,Brasil,MEC-RG-0003,"Rua Registral 203, Setor de Proveniencia",Goiania,GO,30003-000,Brasil,https://w3id.org/ufes/ontodiplomadigital/instancias-ficticias#registroLote051,ReqDip00000000000000000000000000000000000000000053,2026-06-19,2026-07-04,L-2026-2,51,053,Caso sintetico 053 com status ativo e modalidade semipresencial.,Pessoa Fictícia-0023,CPF-FICTICIO-0233,MAT-REG-0053,Assinante Fictício-0143,CPF-FICTICIO-0234,Reitoria de Registro 6,Assinante Fictício-0025,CPF-FICTICIO-0235,Secretario Geral Acadêmico,AssinaturaPFResponsavelRegistro,,,2026-07-19T14:21:00,https://w3id.org/ufes/ontodiplomadigital/instancias-ficticias#documentacaoAcademicaLote051,Pessoa Fictícia-0016,CPF-FICTICIO-0016,Diretor Geral,urn:fake:pdfa:ato-designacao:lote01,https://w3id.org/ufes/ontodiplomadigital/instancias-ficticias#historicoLote051,HISTORICO-0053
CASO0054,diplomaLote052,DiplomaDigital,Diploma 054,Ativo,2026-07-17,diplomadoLote052,Diplomado,Pessoa Fictícia-0144,Brasileira,CPF-FICTICIO-0236,localNaturalidadeBr5300108,LocalNaturalidade,Brasília (DF),5300108,Brasília,DF,,cursoLote052,CursoNSF,Bacharelado em Biblioteconomia Analitica,,3200,2026-06-15,Bacharelado,Bacharel,Presencial,enderecoCursoLote04,Endereco,iesEmissoraLote02,IesEmissora,Centro Universitario Horizonte Semântico,CNPJ-FICTICIO-0013/CNPJ-FICTICIO-0014,iesRegistradoraLote04,IesRegistradora,Universidade Curadora de Diplomas,CNPJ-FICTICIO-0023/CNPJ-FICTICIO-0024,registroLote052,RegistroDiplomaNSF,https://w3id.org/ufes/ontodiplomadigital/instancias-ficticias#requisicaoDocumentacao054,ReqDip00000000000000000000000000000000000000000054,https://w3id.org/ufes/ontodiplomadigital/instancias-ficticias#processoAdministrativo054,PROC-FAKE-2026-0054,2026-07-22,RDP-FAKE-0054,assinaturaLote052,AssinaturaDigital,2026-07-22T15:22:00,XAdES,CODIGO-VALIDACAO-FICTICIO-0107,CodigoValidacao,CODIGO-VALIDACAO-FICTICIO-0108,https://w3id.org/ufes/ontodiplomadigital/instancias-ficticias#diplomaLote052,1.05,Producao,produção,Portal Público Fictício de Consulta de Diplomas,,https://w3id.org/ufes/ontodiplomadigital/instancias-ficticias#diplomadoLote052,Campus de Dados 04,,Bloco D,,Fortaleza,CE,31004-000,Brasil,,,preservacao e acesso,,,EMEC-FAKE-2026-0054,Análise de regularidade do curso 054,2026-01-21,2026-01-06,MEC-EM-0002,"Avenida Sintetica 102, Setor Emissor",Belo Horizonte,MG,29002-000,Brasil,MEC-RG-0004,"Rua Registral 204, Setor de Proveniencia",Sao Paulo,SP,30004-000,Brasil,https://w3id.org/ufes/ontodiplomadigital/instancias-ficticias#registroLote052,ReqDip00000000000000000000000000000000000000000054,2026-06-22,2026-07-07,L-2026-3,52,054,Caso sintetico 054 com status ativo e modalidade presencial.,Pessoa Fictícia-0028,CPF-FICTICIO-0237,MAT-REG-0054,Assinante Fictício-0145,CPF-FICTICIO-0238,Reitoria de Registro 7,Assinante Fictício-0030,CPF-FICTICIO-0239,Secretaria Geral Acadêmica,AssinaturaPFEmissora,,,2026-07-22T15:22:00,https://w3id.org/ufes/ontodiplomadigital/instancias-ficticias#documentacaoAcademicaLote052,Pessoa Fictícia-0021,CPF-FICTICIO-0021,Diretora Geral,urn:fake:pdfa:ato-designacao:lote02,https://w3id.org/ufes/ontodiplomadigital/instancias-ficticias#historicoLote052,HISTORICO-0054
CASO0055,diplomaLote053,DiplomaDigital,Diploma 055,Ativo,2026-07-20,diplomadoLote053,Diplomado,Pessoa Fictícia-0146,Brasileira,CPF-FICTICIO-0240,localNaturalidadeBr3304557,LocalNaturalidade,Rio de Janeiro (RJ),3304557,Rio de Janeiro,RJ,,cursoLote053,Curso,Licenciatura em Gestão da Informação,CURSO-FAKE-0055,3400,2026-06-18,Licenciatura,Licenciado,Ead,enderecoCursoLote11,Endereco,iesEmissoraLote03,IesEmissora,Instituto Federal de Curadoria Digital,CNPJ-FICTICIO-0017/CNPJ-FICTICIO-0018,iesRegistradoraLote05,IesRegistradora,Centro Registral de Conhecimento Aplicado,CNPJ-FICTICIO-0027/CNPJ-FICTICIO-0028,registroLote053,RegistroDiploma,https://w3id.org/ufes/ontodiplomadigital/instancias-ficticias#requisicaoDocumentacao055,ReqDip00000000000000000000000000000000000000000055,https://w3id.org/ufes/ontodiplomadigital/instancias-ficticias#processoAdministrativo055,PROC-FAKE-2026-0055,2026-07-25,RDP-FAKE-0055,assinaturaLote053,AssinaturaDigital,2026-07-25T16:23:00,CAdES,CODIGO-VALIDACAO-FICTICIO-0109,CodigoValidacao,CODIGO-VALIDACAO-FICTICIO-0110,https://w3id.org/ufes/ontodiplomadigital/instancias-ficticias#diplomaLote053,1.05,Homologacao,homologação,GovBR Acadêmico Fictício,,https://w3id.org/ufes/ontodiplomadigital/instancias-ficticias#diplomadoLote053,Campus de Dados 11,,Bloco A,,Belo Horizonte,MG,31011-000,Brasil,,,governanca de dados,,,,,,,MEC-EM-0003,"Avenida Sintetica 103, Setor Emissor",Salvador,BA,29003-000,Brasil,MEC-RG-0005,"Rua Registral 205, Setor de Proveniencia",Rio de Janeiro,RJ,30005-000,Brasil,https://w3id.org/ufes/ontodiplomadigital/instancias-ficticias#registroLote053,ReqDip00000000000000000000000000000000000000000055,2026-06-25,2026-07-10,L-2026-4,53,055,Caso sintetico 055 com status ativo e modalidade ead.,Pessoa Fictícia-0033,CPF-FICTICIO-0241,MAT-REG-0055,Assinante Fictício-0147,CPF-FICTICIO-0242,Reitoria de Registro 8,Pessoa Fictícia-0006,CPF-FICTICIO-0243,Pro-Reitor de Graduacao,AssinaturaPJArquivamentoDocumentacaoAcademica,Instituto Federal de Curadoria Digital,,2026-07-25T16:23:00,https://w3id.org/ufes/ontodiplomadigital/instancias-ficticias#documentacaoAcademicaLote053,Pessoa Fictícia-0026,CPF-FICTICIO-0026,Procurador Institucional,urn:fake:pdfa:ato-designacao:lote03,https://w3id.org/ufes/ontodiplomadigital/instancias-ficticias#historicoLote053,HISTORICO-0055
CASO0056,diplomaLote054,DiplomaDigital,Diploma 056,Revogado,2026-07-23,diplomadoLote054,Diplomado,Pessoa Fictícia-0148,Brasileira,CPF-FICTICIO-0244,localNaturalidadeBr2927408,LocalNaturalidade,Salvador (BA),2927408,Salvador,BA,,cursoLote054,Curso,Tecnologia em Humanidades Digitais,,2400,2026-06-21,Tecnologia,Tecnologo,Semipresencial,enderecoCursoLote06,Endereco,iesEmissoraLote04,IesEmissora,Universidade Metropolitana da Informação,CNPJ-FICTICIO-0021/CNPJ-FICTICIO-0022,iesRegistradoraLote06,IesRegistradora,Universidade Federal de Registro Semântico,CNPJ-FICTICIO-0031/CNPJ-FICTICIO-0032,registroLote054,RegistroDiploma,https://w3id.org/ufes/ontodiplomadigital/instancias-ficticias#requisicaoDocumentacao056,ReqDip00000000000000000000000000000000000000000056,https://w3id.org/ufes/ontodiplomadigital/instancias-ficticias#processoAdministrativo056,PROC-FAKE-2026-0056,2026-07-28,RDP-FAKE-0056,assinaturaLote054,AssinaturaDigital,2026-07-28T08:24:00,PAdES,CODIGO-VALIDACAO-FICTICIO-0111,CodigoValidacao,CODIGO-VALIDACAO-FICTICIO-0112,https://w3id.org/ufes/ontodiplomadigital/instancias-ficticias#diplomaLote054,1.05,Producao,produção,Portal Público Fictício de Consulta de Diplomas,,https://w3id.org/ufes/ontodiplomadigital/instancias-ficticias#diplomadoLote054,Campus de Dados 06,,Bloco A,,Sao Paulo,SP,31006-000,Brasil,,Especialista em Humanidades Digitais,tratamento documental,Processos de registro academico,2026-06-21,EMEC-FAKE-2026-0056,Análise de regularidade do curso 056,2026-01-27,2026-01-12,MEC-EM-0004,"Avenida Sintetica 104, Setor Emissor",Brasilia,DF,29004-000,Brasil,MEC-RG-0006,"Rua Registral 206, Setor de Proveniencia",Florianopolis,SC,30006-000,Brasil,https://w3id.org/ufes/ontodiplomadigital/instancias-ficticias#registroLote054,ReqDip00000000000000000000000000000000000000000056,2026-06-28,2026-07-13,L-2026-5,54,056,Caso sintetico 056 com status revogado e modalidade semipresencial.,Pessoa Fictícia-0037,CPF-FICTICIO-0245,MAT-REG-0056,Assinante Fictício-0149,CPF-FICTICIO-0246,Reitoria de Registro 9,Pessoa Fictícia-0011,CPF-FICTICIO-0247,Pro-Reitora de Graduacao,AssinaturaPJRegistradora,Universidade Federal de Registro Semântico,,2026-07-28T08:24:00,https://w3id.org/ufes/ontodiplomadigital/instancias-ficticias#documentacaoAcademicaLote054,Pessoa Fictícia-0031,CPF-FICTICIO-0031,Procuradora Institucional,urn:fake:pdfa:ato-designacao:lote04,https://w3id.org/ufes/ontodiplomadigital/instancias-ficticias#historicoLote054,HISTORICO-0056
CASO0057,diplomaLote055,DiplomaDigital,Diploma 057,Anulado,2026-07-26,diplomadoLote055,Diplomado,Pessoa Fictícia-0150,Brasileira,CPF-FICTICIO-0248,localNaturalidadeBr2304400,LocalNaturalidade,Fortaleza (CE),2304400,Fortaleza,CE,,cursoLote055,Curso,Bacharelado em Documentacao Tecnica,CURSO-FAKE-0057,2600,2026-06-24,Bacharelado,Bacharel,Presencial,enderecoCursoLote03,Endereco,iesEmissoraLote05,IesEmissora,Faculdade Nacional de Dados Ligados,CNPJ-FICTICIO-0025/CNPJ-FICTICIO-0026,iesRegistradoraLote07,IesRegistradora,Instituto de Segurança Documental,CNPJ-FICTICIO-0035/CNPJ-FICTICIO-0036,registroLote055,RegistroDiploma,https://w3id.org/ufes/ontodiplomadigital/instancias-ficticias#requisicaoDocumentacao057,ReqDip00000000000000000000000000000000000000000057,https://w3id.org/ufes/ontodiplomadigital/instancias-ficticias#processoAdministrativo057,PROC-FAKE-2026-0057,2026-07-31,RDP-FAKE-0057,assinaturaLote055,AssinaturaDigital,2026-07-31T09:25:00,XAdES,CODIGO-VALIDACAO-FICTICIO-0113,CodigoValidacao,CODIGO-VALIDACAO-FICTICIO-0114,https://w3id.org/ufes/ontodiplomadigital/instancias-ficticias#diplomaLote055,1.05,Homologacao,homologação,GovBR Acadêmico Fictício,,https://w3id.org/ufes/ontodiplomadigital/instancias-ficticias#diplomadoLote055,Campus de Dados 03,,Bloco C,,Curitiba,PR,31003-000,Brasil,,,interoperabilidade semantica,,,,,,,MEC-EM-0005,"Avenida Sintetica 105, Setor Emissor",Recife,PE,29005-000,Brasil,MEC-RG-0007,"Rua Registral 207, Setor de Proveniencia",Belem,PA,30007-000,Brasil,https://w3id.org/ufes/ontodiplomadigital/instancias-ficticias#registroLote055,ReqDip00000000000000000000000000000000000000000057,2026-07-01,2026-07-16,L-2026-6,55,057,Caso sintetico 057 com status anulado e modalidade presencial.,Pessoa Fictícia-0040,CPF-FICTICIO-0249,MAT-REG-0057,Assinante Fictício-0151 | Assinante Fictício-0152,CPF-FICTICIO-0250 | CPF-FICTICIO-0251,Reitoria de Registro 1 | Secretaria Acadêmica Integrada,Pessoa Fictícia-0016,CPF-FICTICIO-0252,Reitor,AssinaturaPJEmissora,Faculdade Nacional de Dados Ligados,,2026-07-31T09:25:00,https://w3id.org/ufes/ontodiplomadigital/instancias-ficticias#documentacaoAcademicaLote055,Assinante Fictício-0005,CPF-FICTICIO-0037,Reitor,urn:fake:pdfa:ato-designacao:lote05,https://w3id.org/ufes/ontodiplomadigital/instancias-ficticias#historicoLote055,HISTORICO-0057
CASO0058,diplomaLote056,DiplomaDigital,Diploma 058,Ativo,2026-07-29,diplomadoLote056,Diplomado,Pessoa Fictícia-0153,Brasileira,CPF-FICTICIO-0253,localNaturalidadeBr2800308,LocalNaturalidade,Aracaju (SE),2800308,Aracaju,SE,,cursoLote056,CursoNSF,Licenciatura em Governanca Informacional,,2800,2026-06-27,Licenciatura,Licenciado,Ead,enderecoCursoLote08,Endereco,iesEmissoraLote06,IesEmissora,Universidade de Estudos Documentais,CNPJ-FICTICIO-0029/CNPJ-FICTICIO-0030,iesRegistradoraLote08,IesRegistradora,Centro Universitario de Rastreabilidade Acadêmica,CNPJ-FICTICIO-0039/CNPJ-FICTICIO-0040,registroLote056,RegistroDiplomaNSF,https://w3id.org/ufes/ontodiplomadigital/instancias-ficticias#requisicaoDocumentacao058,ReqDip00000000000000000000000000000000000000000058,https://w3id.org/ufes/ontodiplomadigital/instancias-ficticias#processoAdministrativo058,PROC-FAKE-2026-0058,2026-08-03,RDP-FAKE-0058,assinaturaLote056,AssinaturaDigital,2026-08-03T10:26:00,CAdES,CODIGO-VALIDACAO-FICTICIO-0115,CodigoValidacao,CODIGO-VALIDACAO-FICTICIO-0116,https://w3id.org/ufes/ontodiplomadigital/instancias-ficticias#diplomaLote056,1.05,Producao,produção,Portal Público Fictício de Consulta de Diplomas,,https://w3id.org/ufes/ontodiplomadigital/instancias-ficticias#diplomadoLote056,Campus de Dados 08,,Bloco C,,Florianopolis,SC,31008-000,Brasil,,,curadoria digital,,,EMEC-FAKE-2026-0058,Análise de regularidade do curso 058,2026-02-02,2026-01-18,MEC-EM-0006,"Avenida Sintetica 106, Setor Emissor",Curitiba,PR,29006-000,Brasil,MEC-RG-0008,"Rua Registral 208, Setor de Proveniencia",Vitoria,ES,30008-000,Brasil,https://w3id.org/ufes/ontodiplomadigital/instancias-ficticias#registroLote056,ReqDip00000000000000000000000000000000000000000058,2026-07-04,2026-07-19,L-2026-7,56,058,Caso sintetico 058 com status ativo e modalidade ead.,Pessoa Fictícia-0043,CPF-FICTICIO-0254,MAT-REG-0058,Assinante Fictício-0154,CPF-FICTICIO-0255,Reitoria de Registro 2,Pessoa Fictícia-0021,CPF-FICTICIO-0256,Reitora,AssinaturaPFResponsavelRegistro,,,2026-08-03T10:26:00,https://w3id.org/ufes/ontodiplomadigital/instancias-ficticias#documentacaoAcademicaLote056,Assinante Fictício-0010,CPF-FICTICIO-0042,Reitora,urn:fake:pdfa:ato-designacao:lote06,https://w3id.org/ufes/ontodiplomadigital/instancias-ficticias#historicoLote056,HISTORICO-0058
CASO0059,diplomaLote057,DiplomaDigital,Diploma 059,Ativo,2026-08-01,diplomadoLote057,Diplomado,Pessoa Fictícia-0155,Brasileira,CPF-FICTICIO-0257,localNaturalidadeBr3550308,LocalNaturalidade,São Paulo (SP),3550308,São Paulo,SP,,cursoLote057,Curso,Tecnologia em Interoperabilidade Semântica,CURSO-FAKE-0059,3000,2026-06-30,Tecnologia,Tecnologo,Semipresencial,enderecoCursoLote01,Endereco,iesEmissoraLote07,IesEmissora,Centro Acadêmico de Interoperabilidade,CNPJ-FICTICIO-0033/CNPJ-FICTICIO-0034,iesRegistradoraLote01,IesRegistradora,Universidade Registradora do Brasil Digital,CNPJ-FICTICIO-0011/CNPJ-FICTICIO-0012,registroLote057,RegistroDiploma,https://w3id.org/ufes/ontodiplomadigital/instancias-ficticias#requisicaoDocumentacao059,ReqDip00000000000000000000000000000000000000000059,https://w3id.org/ufes/ontodiplomadigital/instancias-ficticias#processoAdministrativo059,PROC-FAKE-2026-0059,2026-08-06,RDP-FAKE-0059,assinaturaLote057,AssinaturaDigital,2026-08-06T11:27:00,PAdES,CODIGO-VALIDACAO-FICTICIO-0117,CodigoValidacao,CODIGO-VALIDACAO-FICTICIO-0118,https://w3id.org/ufes/ontodiplomadigital/instancias-ficticias#diplomaLote057,1.05,Homologacao,homologação,GovBR Acadêmico Fictício,,https://w3id.org/ufes/ontodiplomadigital/instancias-ficticias#diplomadoLote057,Campus de Dados 01,,Bloco A,,Brasilia,DF,31001-000,Brasil,,,organizacao do conhecimento,Análise semantica aplicada,2026-06-30,,,,,MEC-EM-0007,"Avenida Sintetica 107, Setor Emissor",Fortaleza,CE,29007-000,Brasil,MEC-RG-0001,"Rua Registral 201, Setor de Proveniencia",Curitiba,PR,30001-000,Brasil,https://w3id.org/ufes/ontodiplomadigital/instancias-ficticias#registroLote057,ReqDip00000000000000000000000000000000000000000059,2026-07-07,2026-07-22,L-2026-1,57,059,Caso sintetico 059 com status ativo e modalidade semipresencial.,Pessoa Fictícia-0046,CPF-FICTICIO-0258,MAT-REG-0059,Assinante Fictício-0156,CPF-FICTICIO-0259,Reitoria de Registro 3,Pessoa Fictícia-0026,CPF-FICTICIO-0260,Diretor Acadêmico,AssinaturaPFEmissora,,,2026-08-06T11:27:00,https://w3id.org/ufes/ontodiplomadigital/instancias-ficticias#documentacaoAcademicaLote057,Assinante Fictício-0015,CPF-FICTICIO-0047,Diretor Geral,urn:fake:pdfa:ato-designacao:lote07,https://w3id.org/ufes/ontodiplomadigital/instancias-ficticias#historicoLote057,HISTORICO-0059
CASO0060,diplomaLote058,DiplomaDigital,Diploma 060,Ativo,2026-08-04,diplomadoLote058,Diplomado,Pessoa Fictícia-0157,Brasileira,CPF-FICTICIO-0261,localNaturalidadeBr3106200,LocalNaturalidade,Belo Horizonte (MG),3106200,Belo Horizonte,MG,,cursoLote058,Curso,Bacharelado em Preservacao Digital,CURSO-FAKE-0060,3200,2026-07-03,Bacharelado,Bacharel,Presencial,enderecoCursoLote10,Endereco,iesEmissoraLote08,IesEmissora,Instituto Superior de Preservacao Informacional,CNPJ-FICTICIO-0037/CNPJ-FICTICIO-0038,iesRegistradoraLote02,IesRegistradora,Centro de Registro Interoperável,CNPJ-FICTICIO-0015/CNPJ-FICTICIO-0016,registroLote058,RegistroDiploma,https://w3id.org/ufes/ontodiplomadigital/instancias-ficticias#requisicaoDocumentacao060,ReqDip00000000000000000000000000000000000000000060,https://w3id.org/ufes/ontodiplomadigital/instancias-ficticias#processoAdministrativo060,PROC-FAKE-2026-0060,2026-08-09,RDP-FAKE-0060,assinaturaLote058,AssinaturaDigital,2026-08-09T12:28:00,XAdES,CODIGO-VALIDACAO-FICTICIO-0119,CodigoValidacao,CODIGO-VALIDACAO-FICTICIO-0120,https://w3id.org/ufes/ontodiplomadigital/instancias-ficticias#diplomaLote058,1.05,Producao,produção,Portal Público Fictício de Consulta de Diplomas,,https://w3id.org/ufes/ontodiplomadigital/instancias-ficticias#diplomadoLote058,Campus de Dados 10,,Bloco E,,Vitoria,ES,31010-000,Brasil,,,preservacao e acesso,,,,,,,MEC-EM-0008,"Avenida Sintetica 108, Setor Emissor",Goiania,GO,29008-000,Brasil,MEC-RG-0002,"Rua Registral 202, Setor de Proveniencia",Fortaleza,CE,30002-000,Brasil,https://w3id.org/ufes/ontodiplomadigital/instancias-ficticias#registroLote058,ReqDip00000000000000000000000000000000000000000060,2026-07-10,2026-07-25,L-2026-2,58,060,Caso sintetico 060 com status ativo e modalidade presencial.,Pessoa Fictícia-0049,CPF-FICTICIO-0262,MAT-REG-0060,Assinante Fictício-0158,CPF-FICTICIO-0263,Reitoria de Registro 4,Pessoa Fictícia-0031,CPF-FICTICIO-0264,Diretora Acadêmica,AssinaturaPJArquivamentoDocumentacaoAcademica,Instituto Superior de Preservacao Informacional,Autoridade Certificadora Fictícia Integridade Digital,2026-08-09T12:28:00,https://w3id.org/ufes/ontodiplomadigital/instancias-ficticias#documentacaoAcademicaLote058,Assinante Fictício-0020,CPF-FICTICIO-0052,Diretora Geral,urn:fake:pdfa:ato-designacao:lote08,https://w3id.org/ufes/ontodiplomadigital/instancias-ficticias#historicoLote058,HISTORICO-0060
CASO0061,diplomaLote059,DiplomaDigital,Diploma 061,Revogado,2026-08-07,diplomadoLote059,Diplomado,Pessoa Fictícia-0159,Brasileira,CPF-FICTICIO-0265,localNaturalidadeBr3304557,LocalNaturalidade,Rio de Janeiro (RJ),3304557,Rio de Janeiro,RJ,,cursoLote059,Curso,Licenciatura em Análise Territorial de Dados,CURSO-FAKE-0061,3400,2026-07-06,Licenciatura,Licenciado,Ead,enderecoCursoLote06,Endereco,iesEmissoraLote09,IesEmissora,Universidade do Patrimonio Digital,CNPJ-FICTICIO-0041/CNPJ-FICTICIO-0042,iesRegistradoraLote03,IesRegistradora,Instituto Nacional de Validação Acadêmica,CNPJ-FICTICIO-0019/CNPJ-FICTICIO-0020,registroLote059,RegistroDiploma,https://w3id.org/ufes/ontodiplomadigital/instancias-ficticias#requisicaoDocumentacao061,ReqDip00000000000000000000000000000000000000000061,https://w3id.org/ufes/ontodiplomadigital/instancias-ficticias#processoAdministrativo061,PROC-FAKE-2026-0061,2026-08-12,RDP-FAKE-0061,assinaturaLote059,AssinaturaDigital,2026-08-12T13:29:00,CAdES,CODIGO-VALIDACAO-FICTICIO-0121,CodigoValidacao,CODIGO-VALIDACAO-FICTICIO-0122,https://w3id.org/ufes/ontodiplomadigital/instancias-ficticias#diplomaLote059,1.05,Homologacao,homologação,GovBR Acadêmico Fictício,,https://w3id.org/ufes/ontodiplomadigital/instancias-ficticias#diplomadoLote059,Campus de Dados 06,,Bloco A,,Sao Paulo,SP,31006-000,Brasil,,,governanca de dados,,,,,,,MEC-EM-0009,"Avenida Sintetica 109, Setor Emissor",Sao Paulo,SP,29009-000,Brasil,MEC-RG-0003,"Rua Registral 203, Setor de Proveniencia",Goiania,GO,30003-000,Brasil,https://w3id.org/ufes/ontodiplomadigital/instancias-ficticias#registroLote059,ReqDip00000000000000000000000000000000000000000061,2026-07-13,2026-07-28,L-2026-3,59,061,Caso sintetico 061 com status revogado e modalidade ead.,Pessoa Fictícia-0053,CPF-FICTICIO-0266,MAT-REG-0061,Assinante Fictício-0160,CPF-FICTICIO-0267,Reitoria de Registro 5,Assinante Fictício-0005,CPF-FICTICIO-0268,Secretario Geral Acadêmico,AssinaturaPJRegistradora,Instituto Nacional de Validação Acadêmica,,2026-08-12T13:29:00,https://w3id.org/ufes/ontodiplomadigital/instancias-ficticias#documentacaoAcademicaLote059,Assinante Fictício-0025,CPF-FICTICIO-0057,Procurador Institucional,urn:fake:pdfa:ato-designacao:lote09,https://w3id.org/ufes/ontodiplomadigital/instancias-ficticias#historicoLote059,HISTORICO-0061
CASO0062,diplomaLote060,DiplomaDigital,Diploma 062,Anulado,2026-08-10,diplomadoLote060,Diplomado,Pessoa Fictícia-0161,Brasileira,CPF-FICTICIO-0269,localNaturalidadeBr2927408,LocalNaturalidade,Salvador (BA),2927408,Salvador,BA,,cursoLote060,CursoNSF,Tecnologia em Memoria Institucional,,2400,2026-07-09,Tecnologia,Tecnologo,Semipresencial,enderecoCursoLote12,Endereco,iesEmissoraLote10,IesEmissora,Centro Universitario de Modelagem Conceitual,CNPJ-FICTICIO-0043/CNPJ-FICTICIO-0044,iesRegistradoraLote04,IesRegistradora,Universidade Curadora de Diplomas,CNPJ-FICTICIO-0023/CNPJ-FICTICIO-0024,registroLote060,RegistroDiplomaNSF,https://w3id.org/ufes/ontodiplomadigital/instancias-ficticias#requisicaoDocumentacao062,ReqDip00000000000000000000000000000000000000000062,https://w3id.org/ufes/ontodiplomadigital/instancias-ficticias#processoAdministrativo062,PROC-FAKE-2026-0062,2026-08-15,RDP-FAKE-0062,assinaturaLote060,AssinaturaDigital,2026-08-15T14:30:00,PAdES,CODIGO-VALIDACAO-FICTICIO-0123,CodigoValidacao,CODIGO-VALIDACAO-FICTICIO-0124,https://w3id.org/ufes/ontodiplomadigital/instancias-ficticias#diplomaLote060,1.05,Producao,produção,Portal Público Fictício de Consulta de Diplomas,,https://w3id.org/ufes/ontodiplomadigital/instancias-ficticias#diplomadoLote060,Campus de Dados 12,,Bloco B,,Salvador,BA,31012-000,Brasil,,Especialista em Memoria Institucional,tratamento documental,Processos de registro academico,2026-07-09,EMEC-FAKE-2026-0062,Análise de regularidade do curso 062,2026-02-14,2026-01-30,MEC-EM-0010,"Avenida Sintetica 110, Setor Emissor",Rio de Janeiro,RJ,29010-000,Brasil,MEC-RG-0004,"Rua Registral 204, Setor de Proveniencia",Sao Paulo,SP,30004-000,Brasil,https://w3id.org/ufes/ontodiplomadigital/instancias-ficticias#registroLote060,ReqDip00000000000000000000000000000000000000000062,2026-07-16,2026-07-31,L-2026-4,60,062,Caso sintetico 062 com status anulado e modalidade semipresencial.,Pessoa Fictícia-0056,CPF-FICTICIO-0270,MAT-REG-0062,Assinante Fictício-0162 | Assinante Fictício-0163,CPF-FICTICIO-0271 | CPF-FICTICIO-0272,Reitoria de Registro 6 | Secretaria Acadêmica Integrada,Assinante Fictício-0010,CPF-FICTICIO-0273,Secretaria Geral Acadêmica,AssinaturaPJEmissora,Centro Universitario de Modelagem Conceitual,,2026-08-15T14:30:00,https://w3id.org/ufes/ontodiplomadigital/instancias-ficticias#documentacaoAcademicaLote060,Assinante Fictício-0030,CPF-FICTICIO-0063,Procuradora Institucional,urn:fake:pdfa:ato-designacao:lote10,https://w3id.org/ufes/ontodiplomadigital/instancias-ficticias#historicoLote060,HISTORICO-0062
CASO0063,diplomaLote061,DiplomaDigital,Diploma 063,Ativo,2026-08-13,diplomadoLote061,Diplomado,Pessoa Fictícia-0164,Brasileira,CPF-FICTICIO-0274,localNaturalidadeBr2408102,LocalNaturalidade,Natal (RN),2408102,Natal,RN,,cursoLote061,Curso,Bacharelado em Ciência de Dados Publicos,CURSO-FAKE-0063,2600,2026-07-12,Bacharelado,Bacharel,Presencial,enderecoCursoLote11,Endereco,iesEmissoraLote01,IesEmissora,Universidade Aberta do Conhecimento,CNPJ-FICTICIO-0009/CNPJ-FICTICIO-0010,iesRegistradoraLote05,IesRegistradora,Centro Registral de Conhecimento Aplicado,CNPJ-FICTICIO-0027/CNPJ-FICTICIO-0028,registroLote061,RegistroDiploma,https://w3id.org/ufes/ontodiplomadigital/instancias-ficticias#requisicaoDocumentacao063,ReqDip00000000000000000000000000000000000000000063,https://w3id.org/ufes/ontodiplomadigital/instancias-ficticias#processoAdministrativo063,PROC-FAKE-2026-0063,2026-08-18,RDP-FAKE-0063,assinaturaLote061,AssinaturaDigital,2026-08-18T15:31:00,XAdES,CODIGO-VALIDACAO-FICTICIO-0125,CodigoValidacao,CODIGO-VALIDACAO-FICTICIO-0126,https://w3id.org/ufes/ontodiplomadigital/instancias-ficticias#diplomaLote061,1.05,Homologacao,homologação,GovBR Acadêmico Fictício,,https://w3id.org/ufes/ontodiplomadigital/instancias-ficticias#diplomadoLote061,Campus de Dados 11,,Bloco A,,Belo Horizonte,MG,31011-000,Brasil,,,interoperabilidade semantica,,,,,,,MEC-EM-0001,"Avenida Sintetica 101, Setor Emissor",Vitoria,ES,29001-000,Brasil,MEC-RG-0005,"Rua Registral 205, Setor de Proveniencia",Rio de Janeiro,RJ,30005-000,Brasil,https://w3id.org/ufes/ontodiplomadigital/instancias-ficticias#registroLote061,ReqDip00000000000000000000000000000000000000000063,2026-07-19,2026-08-03,L-2026-5,61,063,Caso sintetico 063 com status ativo e modalidade presencial.,Pessoa Fictícia-0013,CPF-FICTICIO-0275,MAT-REG-0063,Assinante Fictício-0165,CPF-FICTICIO-0276,Reitoria de Registro 7,Assinante Fictício-0015,CPF-FICTICIO-0277,Pro-Reitor de Graduacao,AssinaturaPFResponsavelRegistro,,,2026-08-18T15:31:00,https://w3id.org/ufes/ontodiplomadigital/instancias-ficticias#documentacaoAcademicaLote061,Pessoa Fictícia-0016,CPF-FICTICIO-0016,Diretor Geral,urn:fake:pdfa:ato-designacao:lote01,https://w3id.org/ufes/ontodiplomadigital/instancias-ficticias#historicoLote061,HISTORICO-0063
CASO0064,diplomaLote062,DiplomaDigital,Diploma 064,Ativo,2026-08-16,diplomadoLote062,Diplomado,Pessoa Fictícia-0166,Brasileira,CPF-FICTICIO-0278,localNaturalidadeBr4106902,LocalNaturalidade,Curitiba (PR),4106902,Curitiba,PR,,cursoLote062,Curso,Licenciatura em Curadoria Digital,CURSO-FAKE-0064,2800,2026-07-15,Licenciatura,Licenciado,Ead,enderecoCursoLote02,Endereco,iesEmissoraLote02,IesEmissora,Centro Universitario Horizonte Semântico,CNPJ-FICTICIO-0013/CNPJ-FICTICIO-0014,iesRegistradoraLote06,IesRegistradora,Universidade Federal de Registro Semântico,CNPJ-FICTICIO-0031/CNPJ-FICTICIO-0032,registroLote062,RegistroDiploma,https://w3id.org/ufes/ontodiplomadigital/instancias-ficticias#requisicaoDocumentacao064,ReqDip00000000000000000000000000000000000000000064,https://w3id.org/ufes/ontodiplomadigital/instancias-ficticias#processoAdministrativo064,PROC-FAKE-2026-0064,2026-08-21,RDP-FAKE-0064,assinaturaLote062,AssinaturaDigital,2026-08-21T16:32:00,CAdES,CODIGO-VALIDACAO-FICTICIO-0127,CodigoValidacao,CODIGO-VALIDACAO-FICTICIO-0128,https://w3id.org/ufes/ontodiplomadigital/instancias-ficticias#diplomaLote062,1.05,Producao,produção,Portal Público Fictício de Consulta de Diplomas,,https://w3id.org/ufes/ontodiplomadigital/instancias-ficticias#diplomadoLote062,Campus de Dados 02,,Bloco B,,Recife,PE,31002-000,Brasil,,,curadoria digital,,,,,,,MEC-EM-0002,"Avenida Sintetica 102, Setor Emissor",Belo Horizonte,MG,29002-000,Brasil,MEC-RG-0006,"Rua Registral 206, Setor de Proveniencia",Florianopolis,SC,30006-000,Brasil,https://w3id.org/ufes/ontodiplomadigital/instancias-ficticias#registroLote062,ReqDip00000000000000000000000000000000000000000064,2026-07-22,2026-08-06,L-2026-6,62,064,Caso sintetico 064 com status ativo e modalidade ead.,Pessoa Fictícia-0018,CPF-FICTICIO-0279,MAT-REG-0064,Assinante Fictício-0167,CPF-FICTICIO-0280,Reitoria de Registro 8,Assinante Fictício-0020,CPF-FICTICIO-0281,Pro-Reitora de Graduacao,AssinaturaPFEmissora,,,2026-08-21T16:32:00,https://w3id.org/ufes/ontodiplomadigital/instancias-ficticias#documentacaoAcademicaLote062,Pessoa Fictícia-0021,CPF-FICTICIO-0021,Diretora Geral,urn:fake:pdfa:ato-designacao:lote02,https://w3id.org/ufes/ontodiplomadigital/instancias-ficticias#historicoLote062,HISTORICO-0064
CASO0065,diplomaLote063,DiplomaDigital,Diploma 065,Ativo,2026-08-19,diplomadoLote063,Diplomado,Pessoa Fictícia-0168,Brasileira,CPF-FICTICIO-0282,localNaturalidadeBr3550308,LocalNaturalidade,São Paulo (SP),3550308,São Paulo,SP,,cursoLote063,Curso,Tecnologia em Arquivologia Aplicada,CURSO-FAKE-0065,3000,2026-07-18,Tecnologia,Tecnologo,Semipresencial,enderecoCursoLote01,Endereco,iesEmissoraLote03,IesEmissora,Instituto Federal de Curadoria Digital,CNPJ-FICTICIO-0017/CNPJ-FICTICIO-0018,iesRegistradoraLote07,IesRegistradora,Instituto de Segurança Documental,CNPJ-FICTICIO-0035/CNPJ-FICTICIO-0036,registroLote063,RegistroDiploma,https://w3id.org/ufes/ontodiplomadigital/instancias-ficticias#requisicaoDocumentacao065,ReqDip00000000000000000000000000000000000000000065,https://w3id.org/ufes/ontodiplomadigital/instancias-ficticias#processoAdministrativo065,PROC-FAKE-2026-0065,2026-08-24,RDP-FAKE-0065,assinaturaLote063,AssinaturaDigital,2026-08-24T08:33:00,PAdES,CODIGO-VALIDACAO-FICTICIO-0129,CodigoValidacao,CODIGO-VALIDACAO-FICTICIO-0130,https://w3id.org/ufes/ontodiplomadigital/instancias-ficticias#diplomaLote063,1.05,Homologacao,homologação,GovBR Acadêmico Fictício,,https://w3id.org/ufes/ontodiplomadigital/instancias-ficticias#diplomadoLote063,Campus de Dados 01,,Bloco A,,Brasilia,DF,31001-000,Brasil,,,organizacao do conhecimento,Análise semantica aplicada,2026-07-18,,,,,MEC-EM-0003,"Avenida Sintetica 103, Setor Emissor",Salvador,BA,29003-000,Brasil,MEC-RG-0007,"Rua Registral 207, Setor de Proveniencia",Belem,PA,30007-000,Brasil,https://w3id.org/ufes/ontodiplomadigital/instancias-ficticias#registroLote063,ReqDip00000000000000000000000000000000000000000065,2026-07-25,2026-08-09,L-2026-7,63,065,Caso sintetico 065 com status ativo e modalidade semipresencial.,Pessoa Fictícia-0023,CPF-FICTICIO-0283,MAT-REG-0065,Assinante Fictício-0169,CPF-FICTICIO-0284,Reitoria de Registro 9,Assinante Fictício-0025,CPF-FICTICIO-0285,Reitor,AssinaturaPJArquivamentoDocumentacaoAcademica,Instituto Federal de Curadoria Digital,,2026-08-24T08:33:00,https://w3id.org/ufes/ontodiplomadigital/instancias-ficticias#documentacaoAcademicaLote063,Pessoa Fictícia-0026,CPF-FICTICIO-0026,Procurador Institucional,urn:fake:pdfa:ato-designacao:lote03,https://w3id.org/ufes/ontodiplomadigital/instancias-ficticias#historicoLote063,HISTORICO-0065
CASO0066,diplomaLote064,DiplomaDigital,Diploma 066,Revogado,2026-08-22,diplomadoLote064,Diplomado,Pessoa Fictícia-0170,Brasileira,CPF-FICTICIO-0286,localNaturalidadeBr1501402,LocalNaturalidade,Belém (PA),1501402,Belém,PA,,cursoLote064,CursoNSF,Bacharelado em Biblioteconomia Analitica,,3200,2026-07-21,Bacharelado,Bacharel,Presencial,enderecoCursoLote04,Endereco,iesEmissoraLote04,IesEmissora,Universidade Metropolitana da Informação,CNPJ-FICTICIO-0021/CNPJ-FICTICIO-0022,iesRegistradoraLote08,IesRegistradora,Centro Universitario de Rastreabilidade Acadêmica,CNPJ-FICTICIO-0039/CNPJ-FICTICIO-0040,registroLote064,RegistroDiplomaNSF,https://w3id.org/ufes/ontodiplomadigital/instancias-ficticias#requisicaoDocumentacao066,ReqDip00000000000000000000000000000000000000000066,https://w3id.org/ufes/ontodiplomadigital/instancias-ficticias#processoAdministrativo066,PROC-FAKE-2026-0066,2026-08-27,RDP-FAKE-0066,assinaturaLote064,AssinaturaDigital,2026-08-27T09:34:00,XAdES,CODIGO-VALIDACAO-FICTICIO-0131,CodigoValidacao,CODIGO-VALIDACAO-FICTICIO-0132,https://w3id.org/ufes/ontodiplomadigital/instancias-ficticias#diplomaLote064,1.05,Producao,produção,Portal Público Fictício de Consulta de Diplomas,,https://w3id.org/ufes/ontodiplomadigital/instancias-ficticias#diplomadoLote064,Campus de Dados 04,,Bloco D,,Fortaleza,CE,31004-000,Brasil,,,preservacao e acesso,,,EMEC-FAKE-2026-0066,Análise de regularidade do curso 066,2026-02-26,2026-02-11,MEC-EM-0004,"Avenida Sintetica 104, Setor Emissor",Brasilia,DF,29004-000,Brasil,MEC-RG-0008,"Rua Registral 208, Setor de Proveniencia",Vitoria,ES,30008-000,Brasil,https://w3id.org/ufes/ontodiplomadigital/instancias-ficticias#registroLote064,ReqDip00000000000000000000000000000000000000000066,2026-07-28,2026-08-12,L-2026-1,64,066,Caso sintetico 066 com status revogado e modalidade presencial.,Pessoa Fictícia-0028,CPF-FICTICIO-0287,MAT-REG-0066,Assinante Fictício-0171,CPF-FICTICIO-0288,Reitoria de Registro 1,Assinante Fictício-0030,CPF-FICTICIO-0289,Reitora,AssinaturaPJRegistradora,Centro Universitario de Rastreabilidade Acadêmica,,2026-08-27T09:34:00,https://w3id.org/ufes/ontodiplomadigital/instancias-ficticias#documentacaoAcademicaLote064,Pessoa Fictícia-0031,CPF-FICTICIO-0031,Procuradora Institucional,urn:fake:pdfa:ato-designacao:lote04,https://w3id.org/ufes/ontodiplomadigital/instancias-ficticias#historicoLote064,HISTORICO-0066
CASO0067,diplomaLote065,DiplomaDigital,Diploma 067,Anulado,2026-08-25,diplomadoLote065,Diplomado,Pessoa Fictícia-0172,Angolana,CPF-FICTICIO-0290,localNaturalidadeEstrangeiraLuanda,LocalNaturalidade,Luanda (município estrangeiro),,,,Luanda,cursoLote065,Curso,Licenciatura em Gestão da Informação,CURSO-FAKE-0067,3400,2026-07-24,Licenciatura,Licenciado,Ead,enderecoCursoLote11,Endereco,iesEmissoraLote05,IesEmissora,Faculdade Nacional de Dados Ligados,CNPJ-FICTICIO-0025/CNPJ-FICTICIO-0026,iesRegistradoraLote01,IesRegistradora,Universidade Registradora do Brasil Digital,CNPJ-FICTICIO-0011/CNPJ-FICTICIO-0012,registroLote065,RegistroDiploma,https://w3id.org/ufes/ontodiplomadigital/instancias-ficticias#requisicaoDocumentacao067,ReqDip00000000000000000000000000000000000000000067,https://w3id.org/ufes/ontodiplomadigital/instancias-ficticias#processoAdministrativo067,PROC-FAKE-2026-0067,2026-08-30,RDP-FAKE-0067,assinaturaLote065,AssinaturaDigital,2026-08-30T10:35:00,CAdES,CODIGO-VALIDACAO-FICTICIO-0133,CodigoValidacao,CODIGO-VALIDACAO-FICTICIO-0134,https://w3id.org/ufes/ontodiplomadigital/instancias-ficticias#diplomaLote065,1.05,Homologacao,homologação,GovBR Acadêmico Fictício,,https://w3id.org/ufes/ontodiplomadigital/instancias-ficticias#diplomadoLote065,Campus de Dados 11,,Bloco A,,Belo Horizonte,MG,31011-000,Brasil,,,governanca de dados,,,,,,,MEC-EM-0005,"Avenida Sintetica 105, Setor Emissor",Recife,PE,29005-000,Brasil,MEC-RG-0001,"Rua Registral 201, Setor de Proveniencia",Curitiba,PR,30001-000,Brasil,https://w3id.org/ufes/ontodiplomadigital/instancias-ficticias#registroLote065,ReqDip00000000000000000000000000000000000000000067,2026-07-31,2026-08-15,L-2026-2,65,067,Caso sintetico 067 com status anulado e modalidade ead.,Pessoa Fictícia-0033,CPF-FICTICIO-0291,MAT-REG-0067,Assinante Fictício-0173 | Assinante Fictício-0174,CPF-FICTICIO-0292 | CPF-FICTICIO-0293,Reitoria de Registro 2 | Secretaria Acadêmica Integrada,Pessoa Fictícia-0006,CPF-FICTICIO-0294,Diretor Acadêmico,AssinaturaPJEmissora,Faculdade Nacional de Dados Ligados,,2026-08-30T10:35:00,https://w3id.org/ufes/ontodiplomadigital/instancias-ficticias#documentacaoAcademicaLote065,Assinante Fictício-0005,CPF-FICTICIO-0037,Reitor,urn:fake:pdfa:ato-designacao:lote05,https://w3id.org/ufes/ontodiplomadigital/instancias-ficticias#historicoLote065,HISTORICO-0067
CASO0068,diplomaLote066,DiplomaDigital,Diploma 068,Ativo,2026-08-28,diplomadoLote066,Diplomado,Pessoa Fictícia-0175,Brasileira,CPF-FICTICIO-0295,localNaturalidadeBr2211001,LocalNaturalidade,Teresina (PI),2211001,Teresina,PI,,cursoLote066,Curso,Tecnologia em Humanidades Digitais,,2400,2026-07-27,Tecnologia,Tecnologo,Semipresencial,enderecoCursoLote06,Endereco,iesEmissoraLote06,IesEmissora,Universidade de Estudos Documentais,CNPJ-FICTICIO-0029/CNPJ-FICTICIO-0030,iesRegistradoraLote02,IesRegistradora,Centro de Registro Interoperável,CNPJ-FICTICIO-0015/CNPJ-FICTICIO-0016,registroLote066,RegistroDiploma,https://w3id.org/ufes/ontodiplomadigital/instancias-ficticias#requisicaoDocumentacao068,ReqDip00000000000000000000000000000000000000000068,https://w3id.org/ufes/ontodiplomadigital/instancias-ficticias#processoAdministrativo068,PROC-FAKE-2026-0068,2026-09-02,RDP-FAKE-0068,assinaturaLote066,AssinaturaDigital,2026-09-02T11:36:00,PAdES,CODIGO-VALIDACAO-FICTICIO-0135,CodigoValidacao,CODIGO-VALIDACAO-FICTICIO-0136,https://w3id.org/ufes/ontodiplomadigital/instancias-ficticias#diplomaLote066,1.05,Producao,produção,Portal Público Fictício de Consulta de Diplomas,,https://w3id.org/ufes/ontodiplomadigital/instancias-ficticias#diplomadoLote066,Campus de Dados 06,,Bloco A,,Sao Paulo,SP,31006-000,Brasil,,Especialista em Humanidades Digitais,tratamento documental,Processos de registro academico,2026-07-27,EMEC-FAKE-2026-0068,Análise de regularidade do curso 068,2026-03-04,2026-02-17,MEC-EM-0006,"Avenida Sintetica 106, Setor Emissor",Curitiba,PR,29006-000,Brasil,MEC-RG-0002,"Rua Registral 202, Setor de Proveniencia",Fortaleza,CE,30002-000,Brasil,https://w3id.org/ufes/ontodiplomadigital/instancias-ficticias#registroLote066,ReqDip00000000000000000000000000000000000000000068,2026-08-03,2026-08-18,L-2026-3,66,068,Caso sintetico 068 com status ativo e modalidade semipresencial.,Pessoa Fictícia-0037,CPF-FICTICIO-0296,MAT-REG-0068,Assinante Fictício-0176,CPF-FICTICIO-0297,Reitoria de Registro 3,Pessoa Fictícia-0011,CPF-FICTICIO-0298,Diretora Acadêmica,AssinaturaPFResponsavelRegistro,,,2026-09-02T11:36:00,https://w3id.org/ufes/ontodiplomadigital/instancias-ficticias#documentacaoAcademicaLote066,Assinante Fictício-0010,CPF-FICTICIO-0042,Reitora,urn:fake:pdfa:ato-designacao:lote06,https://w3id.org/ufes/ontodiplomadigital/instancias-ficticias#historicoLote066,HISTORICO-0068
CASO0069,diplomaLote067,DiplomaDigital,Diploma 069,Ativo,2026-08-31,diplomadoLote067,Diplomado,Pessoa Fictícia-0177,Brasileira,CPF-FICTICIO-0299,localNaturalidadeBr3304557,LocalNaturalidade,Rio de Janeiro (RJ),3304557,Rio de Janeiro,RJ,,cursoLote067,Curso,Bacharelado em Documentacao Tecnica,CURSO-FAKE-0069,2600,2026-07-30,Bacharelado,Bacharel,Presencial,enderecoCursoCaso1,Endereco,iesEmissoraLote07,IesEmissora,Centro Acadêmico de Interoperabilidade,CNPJ-FICTICIO-0033/CNPJ-FICTICIO-0034,iesRegistradoraLote03,IesRegistradora,Instituto Nacional de Validação Acadêmica,CNPJ-FICTICIO-0019/CNPJ-FICTICIO-0020,registroLote067,RegistroDiploma,https://w3id.org/ufes/ontodiplomadigital/instancias-ficticias#requisicaoDocumentacao069,ReqDip00000000000000000000000000000000000000000069,https://w3id.org/ufes/ontodiplomadigital/instancias-ficticias#processoAdministrativo069,PROC-FAKE-2026-0069,2026-09-05,RDP-FAKE-0069,assinaturaLote067,AssinaturaDigital,2026-09-05T12:37:00,XAdES,CODIGO-VALIDACAO-FICTICIO-0137,CodigoValidacao,CODIGO-VALIDACAO-FICTICIO-0138,https://w3id.org/ufes/ontodiplomadigital/instancias-ficticias#diplomaLote067,1.05,Homologacao,homologação,GovBR Acadêmico Fictício,,https://w3id.org/ufes/ontodiplomadigital/instancias-ficticias#diplomadoLote067,Campus Integracao,,Bloco A,,Vila Semantica,ES,29001-111,Brasil,,,interoperabilidade semantica,,,,,,,MEC-EM-0007,"Avenida Sintetica 107, Setor Emissor",Fortaleza,CE,29007-000,Brasil,MEC-RG-0003,"Rua Registral 203, Setor de Proveniencia",Goiania,GO,30003-000,Brasil,https://w3id.org/ufes/ontodiplomadigital/instancias-ficticias#registroLote067,ReqDip00000000000000000000000000000000000000000069,2026-08-06,2026-08-21,L-2026-4,67,069,Caso sintetico 069 com status ativo e modalidade presencial.,Pessoa Fictícia-0040,CPF-FICTICIO-0300,MAT-REG-0069,Assinante Fictício-0178,CPF-FICTICIO-0301,Reitoria de Registro 4,Pessoa Fictícia-0016,CPF-FICTICIO-0302,Secretario Geral Acadêmico,AssinaturaPFEmissora,,,2026-09-05T12:37:00,https://w3id.org/ufes/ontodiplomadigital/instancias-ficticias#documentacaoAcademicaLote067,Assinante Fictício-0015,CPF-FICTICIO-0047,Diretor Geral,urn:fake:pdfa:ato-designacao:lote07,https://w3id.org/ufes/ontodiplomadigital/instancias-ficticias#historicoLote067,HISTORICO-0069
CASO0070,diplomaLote068,DiplomaDigital,Diploma 070,Ativo,2026-09-03,diplomadoLote068,Diplomado,Pessoa Fictícia-0179,Argentina,CPF-FICTICIO-0303,localNaturalidadeEstrangeiraBuenosAires,LocalNaturalidade,Buenos Aires (município estrangeiro),,,,Buenos Aires,cursoLote068,CursoNSF,Licenciatura em Governanca Informacional,,2800,2026-08-02,Licenciatura,Licenciado,Ead,enderecoCursoLote08,Endereco,iesEmissoraLote08,IesEmissora,Instituto Superior de Preservacao Informacional,CNPJ-FICTICIO-0037/CNPJ-FICTICIO-0038,iesRegistradoraLote04,IesRegistradora,Universidade Curadora de Diplomas,CNPJ-FICTICIO-0023/CNPJ-FICTICIO-0024,registroLote068,RegistroDiplomaNSF,https://w3id.org/ufes/ontodiplomadigital/instancias-ficticias#requisicaoDocumentacao070,ReqDip00000000000000000000000000000000000000000070,https://w3id.org/ufes/ontodiplomadigital/instancias-ficticias#processoAdministrativo070,PROC-FAKE-2026-0070,2026-09-08,RDP-FAKE-0070,assinaturaLote068,AssinaturaDigital,2026-09-08T13:38:00,CAdES,CODIGO-VALIDACAO-FICTICIO-0139,CodigoValidacao,CODIGO-VALIDACAO-FICTICIO-0140,https://w3id.org/ufes/ontodiplomadigital/instancias-ficticias#diplomaLote068,1.05,Producao,produção,Portal Público Fictício de Consulta de Diplomas,,https://w3id.org/ufes/ontodiplomadigital/instancias-ficticias#diplomadoLote068,Campus de Dados 08,,Bloco C,,Florianopolis,SC,31008-000,Brasil,,,curadoria digital,,,EMEC-FAKE-2026-0070,Análise de regularidade do curso 070,2026-03-10,2026-02-23,MEC-EM-0008,"Avenida Sintetica 108, Setor Emissor",Goiania,GO,29008-000,Brasil,MEC-RG-0004,"Rua Registral 204, Setor de Proveniencia",Sao Paulo,SP,30004-000,Brasil,https://w3id.org/ufes/ontodiplomadigital/instancias-ficticias#registroLote068,ReqDip00000000000000000000000000000000000000000070,2026-08-09,2026-08-24,L-2026-5,68,070,Caso sintetico 070 com status ativo e modalidade ead.,Pessoa Fictícia-0043,CPF-FICTICIO-0304,MAT-REG-0070,Assinante Fictício-0180,CPF-FICTICIO-0305,Reitoria de Registro 5,Pessoa Fictícia-0021,CPF-FICTICIO-0306,Secretaria Geral Acadêmica,AssinaturaPJArquivamentoDocumentacaoAcademica,Instituto Superior de Preservacao Informacional,,2026-09-08T13:38:00,https://w3id.org/ufes/ontodiplomadigital/instancias-ficticias#documentacaoAcademicaLote068,Assinante Fictício-0020,CPF-FICTICIO-0052,Diretora Geral,urn:fake:pdfa:ato-designacao:lote08,https://w3id.org/ufes/ontodiplomadigital/instancias-ficticias#historicoLote068,HISTORICO-0070
CASO0071,diplomaLote069,DiplomaDigital,Diploma 071,Revogado,2026-09-06,diplomadoLote069,Diplomado,Pessoa Fictícia-0181,Brasileira,CPF-FICTICIO-0307,localNaturalidadeBr4314902,LocalNaturalidade,Porto Alegre (RS),4314902,Porto Alegre,RS,,cursoLote069,Curso,Tecnologia em Interoperabilidade Semântica,CURSO-FAKE-0071,3000,2026-08-05,Tecnologia,Tecnologo,Semipresencial,enderecoCursoLote09,Endereco,iesEmissoraLote09,IesEmissora,Universidade do Patrimonio Digital,CNPJ-FICTICIO-0041/CNPJ-FICTICIO-0042,iesRegistradoraLote05,IesRegistradora,Centro Registral de Conhecimento Aplicado,CNPJ-FICTICIO-0027/CNPJ-FICTICIO-0028,registroLote069,RegistroDiploma,https://w3id.org/ufes/ontodiplomadigital/instancias-ficticias#requisicaoDocumentacao071,ReqDip00000000000000000000000000000000000000000071,https://w3id.org/ufes/ontodiplomadigital/instancias-ficticias#processoAdministrativo071,PROC-FAKE-2026-0071,2026-09-11,RDP-FAKE-0071,assinaturaLote069,AssinaturaDigital,2026-09-11T14:39:00,PAdES,CODIGO-VALIDACAO-FICTICIO-0141,CodigoValidacao,CODIGO-VALIDACAO-FICTICIO-0142,https://w3id.org/ufes/ontodiplomadigital/instancias-ficticias#diplomaLote069,1.05,Homologacao,homologação,GovBR Acadêmico Fictício,,https://w3id.org/ufes/ontodiplomadigital/instancias-ficticias#diplomadoLote069,Campus de Dados 09,,Bloco D,,Belem,PA,31009-000,Brasil,,,organizacao do conhecimento,Análise semantica aplicada,2026-08-05,,,,,MEC-EM-0009,"Avenida Sintetica 109, Setor Emissor",Sao Paulo,SP,29009-000,Brasil,MEC-RG-0005,"Rua Registral 205, Setor de Proveniencia",Rio de Janeiro,RJ,30005-000,Brasil,https://w3id.org/ufes/ontodiplomadigital/instancias-ficticias#registroLote069,ReqDip00000000000000000000000000000000000000000071,2026-08-12,2026-08-27,L-2026-6,69,071,Caso sintetico 071 com status revogado e modalidade semipresencial.,Pessoa Fictícia-0046,CPF-FICTICIO-0308,MAT-REG-0071,Assinante Fictício-0182,CPF-FICTICIO-0309,Reitoria de Registro 6,Pessoa Fictícia-0026,CPF-FICTICIO-0310,Pro-Reitor de Graduacao,AssinaturaPJRegistradora,Centro Registral de Conhecimento Aplicado,,2026-09-11T14:39:00,https://w3id.org/ufes/ontodiplomadigital/instancias-ficticias#documentacaoAcademicaLote069,Assinante Fictício-0025,CPF-FICTICIO-0057,Procurador Institucional,urn:fake:pdfa:ato-designacao:lote09,https://w3id.org/ufes/ontodiplomadigital/instancias-ficticias#historicoLote069,HISTORICO-0071
CASO0072,diplomaLote070,DiplomaDigital,Diploma 072,Anulado,2026-09-09,diplomadoLote070,Diplomado,Pessoa Fictícia-0183,Francesa,CPF-FICTICIO-0311,localNaturalidadeEstrangeiraParis,LocalNaturalidade,Paris (município estrangeiro),,,,Paris,cursoLote070,Curso,Bacharelado em Preservacao Digital,CURSO-FAKE-0072,3200,2026-08-08,Bacharelado,Bacharel,Presencial,enderecoCursoLote10,Endereco,iesEmissoraLote10,IesEmissora,Centro Universitario de Modelagem Conceitual,CNPJ-FICTICIO-0043/CNPJ-FICTICIO-0044,iesRegistradoraLote06,IesRegistradora,Universidade Federal de Registro Semântico,CNPJ-FICTICIO-0031/CNPJ-FICTICIO-0032,registroLote070,RegistroDiploma,https://w3id.org/ufes/ontodiplomadigital/instancias-ficticias#requisicaoDocumentacao072,ReqDip00000000000000000000000000000000000000000072,https://w3id.org/ufes/ontodiplomadigital/instancias-ficticias#processoAdministrativo072,PROC-FAKE-2026-0072,2026-09-14,RDP-FAKE-0072,assinaturaLote070,AssinaturaDigital,2026-09-14T15:40:00,XAdES,CODIGO-VALIDACAO-FICTICIO-0143,CodigoValidacao,CODIGO-VALIDACAO-FICTICIO-0144,https://w3id.org/ufes/ontodiplomadigital/instancias-ficticias#diplomaLote070,1.05,Producao,produção,Portal Público Fictício de Consulta de Diplomas,,https://w3id.org/ufes/ontodiplomadigital/instancias-ficticias#diplomadoLote070,Campus de Dados 10,,Bloco E,,Vitoria,ES,31010-000,Brasil,,,preservacao e acesso,,,,,,,MEC-EM-0010,"Avenida Sintetica 110, Setor Emissor",Rio de Janeiro,RJ,29010-000,Brasil,MEC-RG-0006,"Rua Registral 206, Setor de Proveniencia",Florianopolis,SC,30006-000,Brasil,https://w3id.org/ufes/ontodiplomadigital/instancias-ficticias#registroLote070,ReqDip00000000000000000000000000000000000000000072,2026-08-15,2026-08-30,L-2026-7,70,072,Caso sintetico 072 com status anulado e modalidade presencial.,Pessoa Fictícia-0049,CPF-FICTICIO-0312,MAT-REG-0072,Assinante Fictício-0184 | Assinante Fictício-0185,CPF-FICTICIO-0313 | CPF-FICTICIO-0314,Reitoria de Registro 7 | Secretaria Acadêmica Integrada,Pessoa Fictícia-0031,CPF-FICTICIO-0315,Pro-Reitora de Graduacao,AssinaturaPJEmissora,Centro Universitario de Modelagem Conceitual,Autoridade Certificadora Fictícia Integridade Digital,2026-09-14T15:40:00,https://w3id.org/ufes/ontodiplomadigital/instancias-ficticias#documentacaoAcademicaLote070,Assinante Fictício-0030,CPF-FICTICIO-0063,Procuradora Institucional,urn:fake:pdfa:ato-designacao:lote10,https://w3id.org/ufes/ontodiplomadigital/instancias-ficticias#historicoLote070,HISTORICO-0072
CASO0073,diplomaLote071,DiplomaDigital,Diploma 073,Ativo,2026-09-12,diplomadoLote071,Diplomado,Pessoa Fictícia-0186,Brasileira,CPF-FICTICIO-0316,localNaturalidadeBr1501402,LocalNaturalidade,Belém (PA),1501402,Belém,PA,,cursoLote071,Curso,Licenciatura em Análise Territorial de Dados,CURSO-FAKE-0073,3400,2026-08-11,Licenciatura,Licenciado,Ead,enderecoCursoLote04,Endereco,iesEmissoraLote01,IesEmissora,Universidade Aberta do Conhecimento,CNPJ-FICTICIO-0009/CNPJ-FICTICIO-0010,iesRegistradoraLote07,IesRegistradora,Instituto de Segurança Documental,CNPJ-FICTICIO-0035/CNPJ-FICTICIO-0036,registroLote071,RegistroDiploma,https://w3id.org/ufes/ontodiplomadigital/instancias-ficticias#requisicaoDocumentacao073,ReqDip00000000000000000000000000000000000000000073,https://w3id.org/ufes/ontodiplomadigital/instancias-ficticias#processoAdministrativo073,PROC-FAKE-2026-0073,2026-09-17,RDP-FAKE-0073,assinaturaLote071,AssinaturaDigital,2026-09-17T16:41:00,CAdES,CODIGO-VALIDACAO-FICTICIO-0145,CodigoValidacao,CODIGO-VALIDACAO-FICTICIO-0146,https://w3id.org/ufes/ontodiplomadigital/instancias-ficticias#diplomaLote071,1.05,Homologacao,homologação,GovBR Acadêmico Fictício,,https://w3id.org/ufes/ontodiplomadigital/instancias-ficticias#diplomadoLote071,Campus de Dados 04,,Bloco D,,Fortaleza,CE,31004-000,Brasil,,,governanca de dados,,,,,,,MEC-EM-0001,"Avenida Sintetica 101, Setor Emissor",Vitoria,ES,29001-000,Brasil,MEC-RG-0007,"Rua Registral 207, Setor de Proveniencia",Belem,PA,30007-000,Brasil,https://w3id.org/ufes/ontodiplomadigital/instancias-ficticias#registroLote071,ReqDip00000000000000000000000000000000000000000073,2026-08-18,2026-09-02,L-2026-1,71,073,Caso sintetico 073 com status ativo e modalidade ead.,Pessoa Fictícia-0053,CPF-FICTICIO-0317,MAT-REG-0073,Assinante Fictício-0187,CPF-FICTICIO-0318,Reitoria de Registro 8,Assinante Fictício-0005,CPF-FICTICIO-0319,Reitor,AssinaturaPFResponsavelRegistro,,,2026-09-17T16:41:00,https://w3id.org/ufes/ontodiplomadigital/instancias-ficticias#documentacaoAcademicaLote071,Pessoa Fictícia-0016,CPF-FICTICIO-0016,Diretor Geral,urn:fake:pdfa:ato-designacao:lote01,https://w3id.org/ufes/ontodiplomadigital/instancias-ficticias#historicoLote071,HISTORICO-0073
CASO0074,diplomaLote072,DiplomaDigital,Diploma 074,Ativo,2026-09-15,diplomadoLote072,Diplomado,Pessoa Fictícia-0188,Brasileira,CPF-FICTICIO-0320,localNaturalidadeBr4314902,LocalNaturalidade,Porto Alegre (RS),4314902,Porto Alegre,RS,,cursoLote072,CursoNSF,Tecnologia em Memoria Institucional,,2400,2026-08-14,Tecnologia,Tecnologo,Semipresencial,enderecoCursoLote12,Endereco,iesEmissoraLote02,IesEmissora,Centro Universitario Horizonte Semântico,CNPJ-FICTICIO-0013/CNPJ-FICTICIO-0014,iesRegistradoraLote08,IesRegistradora,Centro Universitario de Rastreabilidade Acadêmica,CNPJ-FICTICIO-0039/CNPJ-FICTICIO-0040,registroLote072,RegistroDiplomaNSF,https://w3id.org/ufes/ontodiplomadigital/instancias-ficticias#requisicaoDocumentacao074,ReqDip00000000000000000000000000000000000000000074,https://w3id.org/ufes/ontodiplomadigital/instancias-ficticias#processoAdministrativo074,PROC-FAKE-2026-0074,2026-09-20,RDP-FAKE-0074,assinaturaLote072,AssinaturaDigital,2026-09-20T08:42:00,PAdES,CODIGO-VALIDACAO-FICTICIO-0147,CodigoValidacao,CODIGO-VALIDACAO-FICTICIO-0148,https://w3id.org/ufes/ontodiplomadigital/instancias-ficticias#diplomaLote072,1.05,Producao,produção,Portal Público Fictício de Consulta de Diplomas,,https://w3id.org/ufes/ontodiplomadigital/instancias-ficticias#diplomadoLote072,Campus de Dados 12,,Bloco B,,Salvador,BA,31012-000,Brasil,,Especialista em Memoria Institucional,tratamento documental,Processos de registro academico,2026-08-14,EMEC-FAKE-2026-0074,Análise de regularidade do curso 074,2026-03-22,2026-03-07,MEC-EM-0002,"Avenida Sintetica 102, Setor Emissor",Belo Horizonte,MG,29002-000,Brasil,MEC-RG-0008,"Rua Registral 208, Setor de Proveniencia",Vitoria,ES,30008-000,Brasil,https://w3id.org/ufes/ontodiplomadigital/instancias-ficticias#registroLote072,ReqDip00000000000000000000000000000000000000000074,2026-08-21,2026-09-05,L-2026-2,72,074,Caso sintetico 074 com status ativo e modalidade semipresencial.,Pessoa Fictícia-0056,CPF-FICTICIO-0321,MAT-REG-0074,Assinante Fictício-0189,CPF-FICTICIO-0322,Reitoria de Registro 9,Assinante Fictício-0010,CPF-FICTICIO-0323,Reitora,AssinaturaPFEmissora,,,2026-09-20T08:42:00,https://w3id.org/ufes/ontodiplomadigital/instancias-ficticias#documentacaoAcademicaLote072,Pessoa Fictícia-0021,CPF-FICTICIO-0021,Diretora Geral,urn:fake:pdfa:ato-designacao:lote02,https://w3id.org/ufes/ontodiplomadigital/instancias-ficticias#historicoLote072,HISTORICO-0074
CASO0075,diplomaLote073,DiplomaDigital,Diploma 075,Ativo,2026-09-18,diplomadoLote073,Diplomado,Pessoa Fictícia-0190,Brasileira,CPF-FICTICIO-0324,localNaturalidadeBr5300108,LocalNaturalidade,Brasília (DF),5300108,Brasília,DF,,cursoLote073,Curso,Bacharelado em Ciência de Dados Publicos,CURSO-FAKE-0075,2600,2026-08-17,Bacharelado,Bacharel,Presencial,enderecoCursoLote08,Endereco,iesEmissoraLote03,IesEmissora,Instituto Federal de Curadoria Digital,CNPJ-FICTICIO-0017/CNPJ-FICTICIO-0018,iesRegistradoraLote01,IesRegistradora,Universidade Registradora do Brasil Digital,CNPJ-FICTICIO-0011/CNPJ-FICTICIO-0012,registroLote073,RegistroDiploma,https://w3id.org/ufes/ontodiplomadigital/instancias-ficticias#requisicaoDocumentacao075,ReqDip00000000000000000000000000000000000000000075,https://w3id.org/ufes/ontodiplomadigital/instancias-ficticias#processoAdministrativo075,PROC-FAKE-2026-0075,2026-09-23,RDP-FAKE-0075,assinaturaLote073,AssinaturaDigital,2026-09-23T09:43:00,XAdES,CODIGO-VALIDACAO-FICTICIO-0149,CodigoValidacao,CODIGO-VALIDACAO-FICTICIO-0150,https://w3id.org/ufes/ontodiplomadigital/instancias-ficticias#diplomaLote073,1.05,Homologacao,homologação,GovBR Acadêmico Fictício,,https://w3id.org/ufes/ontodiplomadigital/instancias-ficticias#diplomadoLote073,Campus de Dados 08,,Bloco C,,Florianopolis,SC,31008-000,Brasil,,,interoperabilidade semantica,,,,,,,MEC-EM-0003,"Avenida Sintetica 103, Setor Emissor",Salvador,BA,29003-000,Brasil,MEC-RG-0001,"Rua Registral 201, Setor de Proveniencia",Curitiba,PR,30001-000,Brasil,https://w3id.org/ufes/ontodiplomadigital/instancias-ficticias#registroLote073,ReqDip00000000000000000000000000000000000000000075,2026-08-24,2026-09-08,L-2026-3,73,075,Caso sintetico 075 com status ativo e modalidade presencial.,Pessoa Fictícia-0013,CPF-FICTICIO-0325,MAT-REG-0075,Assinante Fictício-0191,CPF-FICTICIO-0326,Reitoria de Registro 1,Assinante Fictício-0015,CPF-FICTICIO-0327,Diretor Acadêmico,AssinaturaPJArquivamentoDocumentacaoAcademica,Instituto Federal de Curadoria Digital,,2026-09-23T09:43:00,https://w3id.org/ufes/ontodiplomadigital/instancias-ficticias#documentacaoAcademicaLote073,Pessoa Fictícia-0026,CPF-FICTICIO-0026,Procurador Institucional,urn:fake:pdfa:ato-designacao:lote03,https://w3id.org/ufes/ontodiplomadigital/instancias-ficticias#historicoLote073,HISTORICO-0075
CASO0076,diplomaLote074,DiplomaDigital,Diploma 076,Revogado,2026-09-21,diplomadoLote074,Diplomado,Pessoa Fictícia-0192,Brasileira,CPF-FICTICIO-0328,localNaturalidadeBr3304557,LocalNaturalidade,Rio de Janeiro (RJ),3304557,Rio de Janeiro,RJ,,cursoLote074,Curso,Licenciatura em Curadoria Digital,CURSO-FAKE-0076,2800,2026-08-20,Licenciatura,Licenciado,Ead,enderecoCursoLote02,Endereco,iesEmissoraLote04,IesEmissora,Universidade Metropolitana da Informação,CNPJ-FICTICIO-0021/CNPJ-FICTICIO-0022,iesRegistradoraLote02,IesRegistradora,Centro de Registro Interoperável,CNPJ-FICTICIO-0015/CNPJ-FICTICIO-0016,registroLote074,RegistroDiploma,https://w3id.org/ufes/ontodiplomadigital/instancias-ficticias#requisicaoDocumentacao076,ReqDip00000000000000000000000000000000000000000076,https://w3id.org/ufes/ontodiplomadigital/instancias-ficticias#processoAdministrativo076,PROC-FAKE-2026-0076,2026-09-26,RDP-FAKE-0076,assinaturaLote074,AssinaturaDigital,2026-09-26T10:44:00,CAdES,CODIGO-VALIDACAO-FICTICIO-0151,CodigoValidacao,CODIGO-VALIDACAO-FICTICIO-0152,https://w3id.org/ufes/ontodiplomadigital/instancias-ficticias#diplomaLote074,1.05,Producao,produção,Portal Público Fictício de Consulta de Diplomas,,https://w3id.org/ufes/ontodiplomadigital/instancias-ficticias#diplomadoLote074,Campus de Dados 02,,Bloco B,,Recife,PE,31002-000,Brasil,,,curadoria digital,,,,,,,MEC-EM-0004,"Avenida Sintetica 104, Setor Emissor",Brasilia,DF,29004-000,Brasil,MEC-RG-0002,"Rua Registral 202, Setor de Proveniencia",Fortaleza,CE,30002-000,Brasil,https://w3id.org/ufes/ontodiplomadigital/instancias-ficticias#registroLote074,ReqDip00000000000000000000000000000000000000000076,2026-08-27,2026-09-11,L-2026-4,74,076,Caso sintetico 076 com status revogado e modalidade ead.,Pessoa Fictícia-0018,CPF-FICTICIO-0329,MAT-REG-0076,Assinante Fictício-0193,CPF-FICTICIO-0330,Reitoria de Registro 2,Assinante Fictício-0020,CPF-FICTICIO-0331,Diretora Acadêmica,AssinaturaPJRegistradora,Centro de Registro Interoperável,,2026-09-26T10:44:00,https://w3id.org/ufes/ontodiplomadigital/instancias-ficticias#documentacaoAcademicaLote074,Pessoa Fictícia-0031,CPF-FICTICIO-0031,Procuradora Institucional,urn:fake:pdfa:ato-designacao:lote04,https://w3id.org/ufes/ontodiplomadigital/instancias-ficticias#historicoLote074,HISTORICO-0076
CASO0077,diplomaLote075,DiplomaDigital,Diploma 077,Anulado,2026-09-24,diplomadoLote075,Diplomado,Pessoa Fictícia-0194,Canadense,CPF-FICTICIO-0332,localNaturalidadeEstrangeiraToronto,LocalNaturalidade,Toronto (município estrangeiro),,,,Toronto,cursoLote075,Curso,Tecnologia em Arquivologia Aplicada,CURSO-FAKE-0077,3000,2026-08-23,Tecnologia,Tecnologo,Semipresencial,enderecoCursoLote02,Endereco,iesEmissoraLote05,IesEmissora,Faculdade Nacional de Dados Ligados,CNPJ-FICTICIO-0025/CNPJ-FICTICIO-0026,iesRegistradoraLote03,IesRegistradora,Instituto Nacional de Validação Acadêmica,CNPJ-FICTICIO-0019/CNPJ-FICTICIO-0020,registroLote075,RegistroDiploma,https://w3id.org/ufes/ontodiplomadigital/instancias-ficticias#requisicaoDocumentacao077,ReqDip00000000000000000000000000000000000000000077,https://w3id.org/ufes/ontodiplomadigital/instancias-ficticias#processoAdministrativo077,PROC-FAKE-2026-0077,2026-09-29,RDP-FAKE-0077,assinaturaLote075,AssinaturaDigital,2026-09-29T11:45:00,PAdES,CODIGO-VALIDACAO-FICTICIO-0153,CodigoValidacao,CODIGO-VALIDACAO-FICTICIO-0154,https://w3id.org/ufes/ontodiplomadigital/instancias-ficticias#diplomaLote075,1.05,Homologacao,homologação,GovBR Acadêmico Fictício,,https://w3id.org/ufes/ontodiplomadigital/instancias-ficticias#diplomadoLote075,Campus de Dados 02,,Bloco B,,Recife,PE,31002-000,Brasil,,,organizacao do conhecimento,Análise semantica aplicada,2026-08-23,,,,,MEC-EM-0005,"Avenida Sintetica 105, Setor Emissor",Recife,PE,29005-000,Brasil,MEC-RG-0003,"Rua Registral 203, Setor de Proveniencia",Goiania,GO,30003-000,Brasil,https://w3id.org/ufes/ontodiplomadigital/instancias-ficticias#registroLote075,ReqDip00000000000000000000000000000000000000000077,2026-08-30,2026-09-14,L-2026-5,75,077,Caso sintetico 077 com status anulado e modalidade semipresencial.,Pessoa Fictícia-0023,CPF-FICTICIO-0333,MAT-REG-0077,Assinante Fictício-0195 | Assinante Fictício-0196,CPF-FICTICIO-0334 | CPF-FICTICIO-0335,Reitoria de Registro 3 | Secretaria Acadêmica Integrada,Assinante Fictício-0025,CPF-FICTICIO-0336,Secretario Geral Acadêmico,AssinaturaPJEmissora,Faculdade Nacional de Dados Ligados,,2026-09-29T11:45:00,https://w3id.org/ufes/ontodiplomadigital/instancias-ficticias#documentacaoAcademicaLote075,Assinante Fictício-0005,CPF-FICTICIO-0037,Reitor,urn:fake:pdfa:ato-designacao:lote05,https://w3id.org/ufes/ontodiplomadigital/instancias-ficticias#historicoLote075,HISTORICO-0077
CASO0078,diplomaLote076,DiplomaDigital,Diploma 078,Ativo,2026-09-27,diplomadoLote076,Diplomado,Pessoa Fictícia-0197,Brasileira,CPF-FICTICIO-0337,localNaturalidadeBr1100205,LocalNaturalidade,Porto Velho (RO),1100205,Porto Velho,RO,,cursoLote076,CursoNSF,Bacharelado em Biblioteconomia Analitica,,3200,2026-08-26,Bacharelado,Bacharel,Presencial,enderecoCursoLote04,Endereco,iesEmissoraLote06,IesEmissora,Universidade de Estudos Documentais,CNPJ-FICTICIO-0029/CNPJ-FICTICIO-0030,iesRegistradoraLote04,IesRegistradora,Universidade Curadora de Diplomas,CNPJ-FICTICIO-0023/CNPJ-FICTICIO-0024,registroLote076,RegistroDiplomaNSF,https://w3id.org/ufes/ontodiplomadigital/instancias-ficticias#requisicaoDocumentacao078,ReqDip00000000000000000000000000000000000000000078,https://w3id.org/ufes/ontodiplomadigital/instancias-ficticias#processoAdministrativo078,PROC-FAKE-2026-0078,2026-10-02,RDP-FAKE-0078,assinaturaLote076,AssinaturaDigital,2026-10-02T12:46:00,XAdES,CODIGO-VALIDACAO-FICTICIO-0155,CodigoValidacao,CODIGO-VALIDACAO-FICTICIO-0156,https://w3id.org/ufes/ontodiplomadigital/instancias-ficticias#diplomaLote076,1.05,Producao,produção,Portal Público Fictício de Consulta de Diplomas,,https://w3id.org/ufes/ontodiplomadigital/instancias-ficticias#diplomadoLote076,Campus de Dados 04,,Bloco D,,Fortaleza,CE,31004-000,Brasil,,,preservacao e acesso,,,EMEC-FAKE-2026-0078,Análise de regularidade do curso 078,2026-04-03,2026-03-19,MEC-EM-0006,"Avenida Sintetica 106, Setor Emissor",Curitiba,PR,29006-000,Brasil,MEC-RG-0004,"Rua Registral 204, Setor de Proveniencia",Sao Paulo,SP,30004-000,Brasil,https://w3id.org/ufes/ontodiplomadigital/instancias-ficticias#registroLote076,ReqDip00000000000000000000000000000000000000000078,2026-09-02,2026-09-17,L-2026-6,76,078,Caso sintetico 078 com status ativo e modalidade presencial.,Pessoa Fictícia-0028,CPF-FICTICIO-0338,MAT-REG-0078,Assinante Fictício-0198,CPF-FICTICIO-0339,Reitoria de Registro 4,Assinante Fictício-0030,CPF-FICTICIO-0340,Secretaria Geral Acadêmica,AssinaturaPFResponsavelRegistro,,,2026-10-02T12:46:00,https://w3id.org/ufes/ontodiplomadigital/instancias-ficticias#documentacaoAcademicaLote076,Assinante Fictício-0010,CPF-FICTICIO-0042,Reitora,urn:fake:pdfa:ato-designacao:lote06,https://w3id.org/ufes/ontodiplomadigital/instancias-ficticias#historicoLote076,HISTORICO-0078
CASO0079,diplomaLote077,DiplomaDigital,Diploma 079,Ativo,2026-09-30,diplomadoLote077,Diplomado,Pessoa Fictícia-0199,Brasileira,CPF-FICTICIO-0341,localNaturalidadeBr5002704,LocalNaturalidade,Campo Grande (MS),5002704,Campo Grande,MS,,cursoLote077,Curso,Licenciatura em Gestão da Informação,CURSO-FAKE-0079,3400,2026-08-29,Licenciatura,Licenciado,Ead,enderecoCursoCaso1,Endereco,iesEmissoraLote07,IesEmissora,Centro Acadêmico de Interoperabilidade,CNPJ-FICTICIO-0033/CNPJ-FICTICIO-0034,iesRegistradoraLote05,IesRegistradora,Centro Registral de Conhecimento Aplicado,CNPJ-FICTICIO-0027/CNPJ-FICTICIO-0028,registroLote077,RegistroDiploma,https://w3id.org/ufes/ontodiplomadigital/instancias-ficticias#requisicaoDocumentacao079,ReqDip00000000000000000000000000000000000000000079,https://w3id.org/ufes/ontodiplomadigital/instancias-ficticias#processoAdministrativo079,PROC-FAKE-2026-0079,2026-10-05,RDP-FAKE-0079,assinaturaLote077,AssinaturaDigital,2026-10-05T13:47:00,CAdES,CODIGO-VALIDACAO-FICTICIO-0157,CodigoValidacao,CODIGO-VALIDACAO-FICTICIO-0158,https://w3id.org/ufes/ontodiplomadigital/instancias-ficticias#diplomaLote077,1.05,Homologacao,homologação,GovBR Acadêmico Fictício,,https://w3id.org/ufes/ontodiplomadigital/instancias-ficticias#diplomadoLote077,Campus Integracao,,Bloco A,,Vila Semantica,ES,29001-111,Brasil,,,governanca de dados,,,,,,,MEC-EM-0007,"Avenida Sintetica 107, Setor Emissor",Fortaleza,CE,29007-000,Brasil,MEC-RG-0005,"Rua Registral 205, Setor de Proveniencia",Rio de Janeiro,RJ,30005-000,Brasil,https://w3id.org/ufes/ontodiplomadigital/instancias-ficticias#registroLote077,ReqDip00000000000000000000000000000000000000000079,2026-09-05,2026-09-20,L-2026-7,77,079,Caso sintetico 079 com status ativo e modalidade ead.,Pessoa Fictícia-0033,CPF-FICTICIO-0342,MAT-REG-0079,Assinante Fictício-0200,CPF-FICTICIO-0343,Reitoria de Registro 5,Pessoa Fictícia-0006,CPF-FICTICIO-0344,Pro-Reitor de Graduacao,AssinaturaPFEmissora,,,2026-10-05T13:47:00,https://w3id.org/ufes/ontodiplomadigital/instancias-ficticias#documentacaoAcademicaLote077,Assinante Fictício-0015,CPF-FICTICIO-0047,Diretor Geral,urn:fake:pdfa:ato-designacao:lote07,https://w3id.org/ufes/ontodiplomadigital/instancias-ficticias#historicoLote077,HISTORICO-0079
CASO0080,diplomaLote078,DiplomaDigital,Diploma 080,Ativo,2026-10-03,diplomadoLote078,Diplomado,Pessoa Fictícia-0201,Brasileira,CPF-FICTICIO-0345,localNaturalidadeBr3106200,LocalNaturalidade,Belo Horizonte (MG),3106200,Belo Horizonte,MG,,cursoLote078,Curso,Tecnologia em Humanidades Digitais,,2400,2026-09-01,Tecnologia,Tecnologo,Semipresencial,enderecoCursoLote06,Endereco,iesEmissoraLote08,IesEmissora,Instituto Superior de Preservacao Informacional,CNPJ-FICTICIO-0037/CNPJ-FICTICIO-0038,iesRegistradoraLote06,IesRegistradora,Universidade Federal de Registro Semântico,CNPJ-FICTICIO-0031/CNPJ-FICTICIO-0032,registroLote078,RegistroDiploma,https://w3id.org/ufes/ontodiplomadigital/instancias-ficticias#requisicaoDocumentacao080,ReqDip00000000000000000000000000000000000000000080,https://w3id.org/ufes/ontodiplomadigital/instancias-ficticias#processoAdministrativo080,PROC-FAKE-2026-0080,2026-10-08,RDP-FAKE-0080,assinaturaLote078,AssinaturaDigital,2026-10-08T14:48:00,PAdES,CODIGO-VALIDACAO-FICTICIO-0159,CodigoValidacao,CODIGO-VALIDACAO-FICTICIO-0160,https://w3id.org/ufes/ontodiplomadigital/instancias-ficticias#diplomaLote078,1.05,Producao,produção,Portal Público Fictício de Consulta de Diplomas,,https://w3id.org/ufes/ontodiplomadigital/instancias-ficticias#diplomadoLote078,Campus de Dados 06,,Bloco A,,Sao Paulo,SP,31006-000,Brasil,,Especialista em Humanidades Digitais,tratamento documental,Processos de registro academico,2026-09-01,EMEC-FAKE-2026-0080,Análise de regularidade do curso 080,2026-04-09,2026-03-25,MEC-EM-0008,"Avenida Sintetica 108, Setor Emissor",Goiania,GO,29008-000,Brasil,MEC-RG-0006,"Rua Registral 206, Setor de Proveniencia",Florianopolis,SC,30006-000,Brasil,https://w3id.org/ufes/ontodiplomadigital/instancias-ficticias#registroLote078,ReqDip00000000000000000000000000000000000000000080,2026-09-08,2026-09-23,L-2026-1,78,080,Caso sintetico 080 com status ativo e modalidade semipresencial.,Pessoa Fictícia-0037,CPF-FICTICIO-0346,MAT-REG-0080,Assinante Fictício-0202,CPF-FICTICIO-0347,Reitoria de Registro 6,Pessoa Fictícia-0011,CPF-FICTICIO-0348,Pro-Reitora de Graduacao,AssinaturaPJArquivamentoDocumentacaoAcademica,Instituto Superior de Preservacao Informacional,,2026-10-08T14:48:00,https://w3id.org/ufes/ontodiplomadigital/instancias-ficticias#documentacaoAcademicaLote078,Assinante Fictício-0020,CPF-FICTICIO-0052,Diretora Geral,urn:fake:pdfa:ato-designacao:lote08,https://w3id.org/ufes/ontodiplomadigital/instancias-ficticias#historicoLote078,HISTORICO-0080
CASO0081,diplomaLote079,DiplomaDigital,Diploma 081,Revogado,2026-10-06,diplomadoLote079,Diplomado,Pessoa Fictícia-0203,Brasileira,CPF-FICTICIO-0349,localNaturalidadeBr1721000,LocalNaturalidade,Palmas (TO),1721000,Palmas,TO,,cursoLote079,Curso,Bacharelado em Documentacao Tecnica,CURSO-FAKE-0081,2600,2026-09-04,Bacharelado,Bacharel,Presencial,enderecoCursoLote04,Endereco,iesEmissoraLote09,IesEmissora,Universidade do Patrimonio Digital,CNPJ-FICTICIO-0041/CNPJ-FICTICIO-0042,iesRegistradoraLote07,IesRegistradora,Instituto de Segurança Documental,CNPJ-FICTICIO-0035/CNPJ-FICTICIO-0036,registroLote079,RegistroDiploma,https://w3id.org/ufes/ontodiplomadigital/instancias-ficticias#requisicaoDocumentacao081,ReqDip00000000000000000000000000000000000000000081,https://w3id.org/ufes/ontodiplomadigital/instancias-ficticias#processoAdministrativo081,PROC-FAKE-2026-0081,2026-10-11,RDP-FAKE-0081,assinaturaLote079,AssinaturaDigital,2026-10-11T15:49:00,XAdES,CODIGO-VALIDACAO-FICTICIO-0161,CodigoValidacao,CODIGO-VALIDACAO-FICTICIO-0162,https://w3id.org/ufes/ontodiplomadigital/instancias-ficticias#diplomaLote079,1.05,Homologacao,homologação,GovBR Acadêmico Fictício,,https://w3id.org/ufes/ontodiplomadigital/instancias-ficticias#diplomadoLote079,Campus de Dados 04,,Bloco D,,Fortaleza,CE,31004-000,Brasil,,,interoperabilidade semantica,,,,,,,MEC-EM-0009,"Avenida Sintetica 109, Setor Emissor",Sao Paulo,SP,29009-000,Brasil,MEC-RG-0007,"Rua Registral 207, Setor de Proveniencia",Belem,PA,30007-000,Brasil,https://w3id.org/ufes/ontodiplomadigital/instancias-ficticias#registroLote079,ReqDip00000000000000000000000000000000000000000081,2026-09-11,2026-09-26,L-2026-2,79,081,Caso sintetico 081 com status revogado e modalidade presencial.,Pessoa Fictícia-0040,CPF-FICTICIO-0350,MAT-REG-0081,Assinante Fictício-0204,CPF-FICTICIO-0351,Reitoria de Registro 7,Pessoa Fictícia-0016,CPF-FICTICIO-0352,Reitor,AssinaturaPJRegistradora,Instituto de Segurança Documental,,2026-10-11T15:49:00,https://w3id.org/ufes/ontodiplomadigital/instancias-ficticias#documentacaoAcademicaLote079,Assinante Fictício-0025,CPF-FICTICIO-0057,Procurador Institucional,urn:fake:pdfa:ato-designacao:lote09,https://w3id.org/ufes/ontodiplomadigital/instancias-ficticias#historicoLote079,HISTORICO-0081
CASO0082,diplomaLote080,DiplomaDigital,Diploma 082,Anulado,2026-10-09,diplomadoLote080,Diplomado,Pessoa Fictícia-0205,Brasileira,CPF-FICTICIO-0353,localNaturalidadeBr4314902,LocalNaturalidade,Porto Alegre (RS),4314902,Porto Alegre,RS,,cursoLote080,CursoNSF,Licenciatura em Governanca Informacional,,2800,2026-09-07,Licenciatura,Licenciado,Ead,enderecoCursoLote08,Endereco,iesEmissoraLote10,IesEmissora,Centro Universitario de Modelagem Conceitual,CNPJ-FICTICIO-0043/CNPJ-FICTICIO-0044,iesRegistradoraLote08,IesRegistradora,Centro Universitario de Rastreabilidade Acadêmica,CNPJ-FICTICIO-0039/CNPJ-FICTICIO-0040,registroLote080,RegistroDiplomaNSF,https://w3id.org/ufes/ontodiplomadigital/instancias-ficticias#requisicaoDocumentacao082,ReqDip00000000000000000000000000000000000000000082,https://w3id.org/ufes/ontodiplomadigital/instancias-ficticias#processoAdministrativo082,PROC-FAKE-2026-0082,2026-10-14,RDP-FAKE-0082,assinaturaLote080,AssinaturaDigital,2026-10-14T16:10:00,CAdES,CODIGO-VALIDACAO-FICTICIO-0163,CodigoValidacao,CODIGO-VALIDACAO-FICTICIO-0164,https://w3id.org/ufes/ontodiplomadigital/instancias-ficticias#diplomaLote080,1.05,Producao,produção,Portal Público Fictício de Consulta de Diplomas,,https://w3id.org/ufes/ontodiplomadigital/instancias-ficticias#diplomadoLote080,Campus de Dados 08,,Bloco C,,Florianopolis,SC,31008-000,Brasil,,,curadoria digital,,,EMEC-FAKE-2026-0082,Análise de regularidade do curso 082,2026-04-15,2026-03-31,MEC-EM-0010,"Avenida Sintetica 110, Setor Emissor",Rio de Janeiro,RJ,29010-000,Brasil,MEC-RG-0008,"Rua Registral 208, Setor de Proveniencia",Vitoria,ES,30008-000,Brasil,https://w3id.org/ufes/ontodiplomadigital/instancias-ficticias#registroLote080,ReqDip00000000000000000000000000000000000000000082,2026-09-14,2026-09-29,L-2026-3,80,082,Caso sintetico 082 com status anulado e modalidade ead.,Pessoa Fictícia-0043,CPF-FICTICIO-0354,MAT-REG-0082,Assinante Fictício-0206 | Assinante Fictício-0207,CPF-FICTICIO-0355 | CPF-FICTICIO-0356,Reitoria de Registro 8 | Secretaria Acadêmica Integrada,Pessoa Fictícia-0021,CPF-FICTICIO-0357,Reitora,AssinaturaPJEmissora,Centro Universitario de Modelagem Conceitual,,2026-10-14T16:10:00,https://w3id.org/ufes/ontodiplomadigital/instancias-ficticias#documentacaoAcademicaLote080,Assinante Fictício-0030,CPF-FICTICIO-0063,Procuradora Institucional,urn:fake:pdfa:ato-designacao:lote10,https://w3id.org/ufes/ontodiplomadigital/instancias-ficticias#historicoLote080,HISTORICO-0082
CASO0083,diplomaLote081,DiplomaDigital,Diploma 083,Ativo,2026-10-12,diplomadoLote081,Diplomado,Pessoa Fictícia-0208,Brasileira,CPF-FICTICIO-0358,localNaturalidadeBr2408102,LocalNaturalidade,Natal (RN),2408102,Natal,RN,,cursoLote081,Curso,Tecnologia em Interoperabilidade Semântica,CURSO-FAKE-0083,3000,2026-09-10,Tecnologia,Tecnologo,Semipresencial,enderecoCursoLote01,Endereco,iesEmissoraLote01,IesEmissora,Universidade Aberta do Conhecimento,CNPJ-FICTICIO-0009/CNPJ-FICTICIO-0010,iesRegistradoraLote01,IesRegistradora,Universidade Registradora do Brasil Digital,CNPJ-FICTICIO-0011/CNPJ-FICTICIO-0012,registroLote081,RegistroDiploma,https://w3id.org/ufes/ontodiplomadigital/instancias-ficticias#requisicaoDocumentacao083,ReqDip00000000000000000000000000000000000000000083,https://w3id.org/ufes/ontodiplomadigital/instancias-ficticias#processoAdministrativo083,PROC-FAKE-2026-0083,2026-10-17,RDP-FAKE-0083,assinaturaLote081,AssinaturaDigital,2026-10-17T08:11:00,PAdES,CODIGO-VALIDACAO-FICTICIO-0165,CodigoValidacao,CODIGO-VALIDACAO-FICTICIO-0166,https://w3id.org/ufes/ontodiplomadigital/instancias-ficticias#diplomaLote081,1.05,Homologacao,homologação,GovBR Acadêmico Fictício,,https://w3id.org/ufes/ontodiplomadigital/instancias-ficticias#diplomadoLote081,Campus de Dados 01,,Bloco A,,Brasilia,DF,31001-000,Brasil,,,organizacao do conhecimento,Análise semantica aplicada,2026-09-10,,,,,MEC-EM-0001,"Avenida Sintetica 101, Setor Emissor",Vitoria,ES,29001-000,Brasil,MEC-RG-0001,"Rua Registral 201, Setor de Proveniencia",Curitiba,PR,30001-000,Brasil,https://w3id.org/ufes/ontodiplomadigital/instancias-ficticias#registroLote081,ReqDip00000000000000000000000000000000000000000083,2026-09-17,2026-10-02,L-2026-4,81,083,Caso sintetico 083 com status ativo e modalidade semipresencial.,Pessoa Fictícia-0046,CPF-FICTICIO-0359,MAT-REG-0083,Assinante Fictício-0209,CPF-FICTICIO-0360,Reitoria de Registro 9,Pessoa Fictícia-0026,CPF-FICTICIO-0361,Diretor Acadêmico,AssinaturaPFResponsavelRegistro,,,2026-10-17T08:11:00,https://w3id.org/ufes/ontodiplomadigital/instancias-ficticias#documentacaoAcademicaLote081,Pessoa Fictícia-0016,CPF-FICTICIO-0016,Diretor Geral,urn:fake:pdfa:ato-designacao:lote01,https://w3id.org/ufes/ontodiplomadigital/instancias-ficticias#historicoLote081,HISTORICO-0083
CASO0084,diplomaLote082,DiplomaDigital,Diploma 084,Ativo,2026-10-15,diplomadoLote082,Diplomado,Pessoa Fictícia-0210,Brasileira,CPF-FICTICIO-0362,localNaturalidadeBr1302603,LocalNaturalidade,Manaus (AM),1302603,Manaus,AM,,cursoLote082,Curso,Bacharelado em Preservacao Digital,CURSO-FAKE-0084,3200,2026-09-13,Bacharelado,Bacharel,Presencial,enderecoCursoLote10,Endereco,iesEmissoraLote02,IesEmissora,Centro Universitario Horizonte Semântico,CNPJ-FICTICIO-0013/CNPJ-FICTICIO-0014,iesRegistradoraLote02,IesRegistradora,Centro de Registro Interoperável,CNPJ-FICTICIO-0015/CNPJ-FICTICIO-0016,registroLote082,RegistroDiploma,https://w3id.org/ufes/ontodiplomadigital/instancias-ficticias#requisicaoDocumentacao084,ReqDip00000000000000000000000000000000000000000084,https://w3id.org/ufes/ontodiplomadigital/instancias-ficticias#processoAdministrativo084,PROC-FAKE-2026-0084,2026-10-20,RDP-FAKE-0084,assinaturaLote082,AssinaturaDigital,2026-10-20T09:12:00,XAdES,CODIGO-VALIDACAO-FICTICIO-0167,CodigoValidacao,CODIGO-VALIDACAO-FICTICIO-0168,https://w3id.org/ufes/ontodiplomadigital/instancias-ficticias#diplomaLote082,1.05,Producao,produção,Portal Público Fictício de Consulta de Diplomas,,https://w3id.org/ufes/ontodiplomadigital/instancias-ficticias#diplomadoLote082,Campus de Dados 10,,Bloco E,,Vitoria,ES,31010-000,Brasil,,,preservacao e acesso,,,,,,,MEC-EM-0002,"Avenida Sintetica 102, Setor Emissor",Belo Horizonte,MG,29002-000,Brasil,MEC-RG-0002,"Rua Registral 202, Setor de Proveniencia",Fortaleza,CE,30002-000,Brasil,https://w3id.org/ufes/ontodiplomadigital/instancias-ficticias#registroLote082,ReqDip00000000000000000000000000000000000000000084,2026-09-20,2026-10-05,L-2026-5,82,084,Caso sintetico 084 com status ativo e modalidade presencial.,Pessoa Fictícia-0049,CPF-FICTICIO-0363,MAT-REG-0084,Assinante Fictício-0211,CPF-FICTICIO-0364,Reitoria de Registro 1,Pessoa Fictícia-0031,CPF-FICTICIO-0365,Diretora Acadêmica,AssinaturaPFEmissora,,Autoridade Certificadora Fictícia Integridade Digital,2026-10-20T09:12:00,https://w3id.org/ufes/ontodiplomadigital/instancias-ficticias#documentacaoAcademicaLote082,Pessoa Fictícia-0021,CPF-FICTICIO-0021,Diretora Geral,urn:fake:pdfa:ato-designacao:lote02,https://w3id.org/ufes/ontodiplomadigital/instancias-ficticias#historicoLote082,HISTORICO-0084
CASO0085,diplomaLote083,DiplomaDigital,Diploma 085,Ativo,2026-10-18,diplomadoLote083,Diplomado,Pessoa Fictícia-0212,Brasileira,CPF-FICTICIO-0366,localNaturalidadeBr3550308,LocalNaturalidade,São Paulo (SP),3550308,São Paulo,SP,,cursoLote083,Curso,Licenciatura em Análise Territorial de Dados,CURSO-FAKE-0085,3400,2026-09-16,Licenciatura,Licenciado,Ead,enderecoCursoLote09,Endereco,iesEmissoraLote03,IesEmissora,Instituto Federal de Curadoria Digital,CNPJ-FICTICIO-0017/CNPJ-FICTICIO-0018,iesRegistradoraLote03,IesRegistradora,Instituto Nacional de Validação Acadêmica,CNPJ-FICTICIO-0019/CNPJ-FICTICIO-0020,registroLote083,RegistroDiploma,https://w3id.org/ufes/ontodiplomadigital/instancias-ficticias#requisicaoDocumentacao085,ReqDip00000000000000000000000000000000000000000085,https://w3id.org/ufes/ontodiplomadigital/instancias-ficticias#processoAdministrativo085,PROC-FAKE-2026-0085,2026-10-23,RDP-FAKE-0085,assinaturaLote083,AssinaturaDigital,2026-10-23T10:13:00,CAdES,CODIGO-VALIDACAO-FICTICIO-0169,CodigoValidacao,CODIGO-VALIDACAO-FICTICIO-0170,https://w3id.org/ufes/ontodiplomadigital/instancias-ficticias#diplomaLote083,1.05,Homologacao,homologação,GovBR Acadêmico Fictício,,https://w3id.org/ufes/ontodiplomadigital/instancias-ficticias#diplomadoLote083,Campus de Dados 09,,Bloco D,,Belem,PA,31009-000,Brasil,,,governanca de dados,,,,,,,MEC-EM-0003,"Avenida Sintetica 103, Setor Emissor",Salvador,BA,29003-000,Brasil,MEC-RG-0003,"Rua Registral 203, Setor de Proveniencia",Goiania,GO,30003-000,Brasil,https://w3id.org/ufes/ontodiplomadigital/instancias-ficticias#registroLote083,ReqDip00000000000000000000000000000000000000000085,2026-09-23,2026-10-08,L-2026-6,83,085,Caso sintetico 085 com status ativo e modalidade ead.,Pessoa Fictícia-0053,CPF-FICTICIO-0367,MAT-REG-0085,Assinante Fictício-0213,CPF-FICTICIO-0368,Reitoria de Registro 2,Assinante Fictício-0005,CPF-FICTICIO-0369,Secretario Geral Acadêmico,AssinaturaPJArquivamentoDocumentacaoAcademica,Instituto Federal de Curadoria Digital,,2026-10-23T10:13:00,https://w3id.org/ufes/ontodiplomadigital/instancias-ficticias#documentacaoAcademicaLote083,Pessoa Fictícia-0026,CPF-FICTICIO-0026,Procurador Institucional,urn:fake:pdfa:ato-designacao:lote03,https://w3id.org/ufes/ontodiplomadigital/instancias-ficticias#historicoLote083,HISTORICO-0085
CASO0086,diplomaLote084,DiplomaDigital,Diploma 086,Revogado,2026-10-21,diplomadoLote084,Diplomado,Pessoa Fictícia-0214,Brasileira,CPF-FICTICIO-0370,localNaturalidadeBr2211001,LocalNaturalidade,Teresina (PI),2211001,Teresina,PI,,cursoLote084,CursoNSF,Tecnologia em Memoria Institucional,,2400,2026-09-19,Tecnologia,Tecnologo,Semipresencial,enderecoCursoLote12,Endereco,iesEmissoraLote04,IesEmissora,Universidade Metropolitana da Informação,CNPJ-FICTICIO-0021/CNPJ-FICTICIO-0022,iesRegistradoraLote04,IesRegistradora,Universidade Curadora de Diplomas,CNPJ-FICTICIO-0023/CNPJ-FICTICIO-0024,registroLote084,RegistroDiplomaNSF,https://w3id.org/ufes/ontodiplomadigital/instancias-ficticias#requisicaoDocumentacao086,ReqDip00000000000000000000000000000000000000000086,https://w3id.org/ufes/ontodiplomadigital/instancias-ficticias#processoAdministrativo086,PROC-FAKE-2026-0086,2026-10-26,RDP-FAKE-0086,assinaturaLote084,AssinaturaDigital,2026-10-26T11:14:00,PAdES,CODIGO-VALIDACAO-FICTICIO-0171,CodigoValidacao,CODIGO-VALIDACAO-FICTICIO-0172,https://w3id.org/ufes/ontodiplomadigital/instancias-ficticias#diplomaLote084,1.05,Producao,produção,Portal Público Fictício de Consulta de Diplomas,,https://w3id.org/ufes/ontodiplomadigital/instancias-ficticias#diplomadoLote084,Campus de Dados 12,,Bloco B,,Salvador,BA,31012-000,Brasil,,Especialista em Memoria Institucional,tratamento documental,Processos de registro academico,2026-09-19,EMEC-FAKE-2026-0086,Análise de regularidade do curso 086,2026-04-27,2026-04-12,MEC-EM-0004,"Avenida Sintetica 104, Setor Emissor",Brasilia,DF,29004-000,Brasil,MEC-RG-0004,"Rua Registral 204, Setor de Proveniencia",Sao Paulo,SP,30004-000,Brasil,https://w3id.org/ufes/ontodiplomadigital/instancias-ficticias#registroLote084,ReqDip00000000000000000000000000000000000000000086,2026-09-26,2026-10-11,L-2026-7,84,086,Caso sintetico 086 com status revogado e modalidade semipresencial.,Pessoa Fictícia-0056,CPF-FICTICIO-0371,MAT-REG-0086,Assinante Fictício-0215,CPF-FICTICIO-0372,Reitoria de Registro 3,Assinante Fictício-0010,CPF-FICTICIO-0373,Secretaria Geral Acadêmica,AssinaturaPJRegistradora,Universidade Curadora de Diplomas,,2026-10-26T11:14:00,https://w3id.org/ufes/ontodiplomadigital/instancias-ficticias#documentacaoAcademicaLote084,Pessoa Fictícia-0031,CPF-FICTICIO-0031,Procuradora Institucional,urn:fake:pdfa:ato-designacao:lote04,https://w3id.org/ufes/ontodiplomadigital/instancias-ficticias#historicoLote084,HISTORICO-0086
CASO0087,diplomaLote085,DiplomaDigital,Diploma 087,Anulado,2026-10-24,diplomadoLote085,Diplomado,Pessoa Fictícia-0216,Brasileira,CPF-FICTICIO-0374,localNaturalidadeBr5300108,LocalNaturalidade,Brasília (DF),5300108,Brasília,DF,,cursoLote085,Curso,Bacharelado em Ciência de Dados Publicos,CURSO-FAKE-0087,2600,2026-09-22,Bacharelado,Bacharel,Presencial,enderecoCursoLote06,Endereco,iesEmissoraLote05,IesEmissora,Faculdade Nacional de Dados Ligados,CNPJ-FICTICIO-0025/CNPJ-FICTICIO-0026,iesRegistradoraLote05,IesRegistradora,Centro Registral de Conhecimento Aplicado,CNPJ-FICTICIO-0027/CNPJ-FICTICIO-0028,registroLote085,RegistroDiploma,https://w3id.org/ufes/ontodiplomadigital/instancias-ficticias#requisicaoDocumentacao087,ReqDip00000000000000000000000000000000000000000087,https://w3id.org/ufes/ontodiplomadigital/instancias-ficticias#processoAdministrativo087,PROC-FAKE-2026-0087,2026-10-29,RDP-FAKE-0087,assinaturaLote085,AssinaturaDigital,2026-10-29T12:15:00,XAdES,CODIGO-VALIDACAO-FICTICIO-0173,CodigoValidacao,CODIGO-VALIDACAO-FICTICIO-0174,https://w3id.org/ufes/ontodiplomadigital/instancias-ficticias#diplomaLote085,1.05,Homologacao,homologação,GovBR Acadêmico Fictício,,https://w3id.org/ufes/ontodiplomadigital/instancias-ficticias#diplomadoLote085,Campus de Dados 06,,Bloco A,,Sao Paulo,SP,31006-000,Brasil,,,interoperabilidade semantica,,,,,,,MEC-EM-0005,"Avenida Sintetica 105, Setor Emissor",Recife,PE,29005-000,Brasil,MEC-RG-0005,"Rua Registral 205, Setor de Proveniencia",Rio de Janeiro,RJ,30005-000,Brasil,https://w3id.org/ufes/ontodiplomadigital/instancias-ficticias#registroLote085,ReqDip00000000000000000000000000000000000000000087,2026-09-29,2026-10-14,L-2026-1,85,087,Caso sintetico 087 com status anulado e modalidade presencial.,Pessoa Fictícia-0013,CPF-FICTICIO-0375,MAT-REG-0087,Assinante Fictício-0217 | Assinante Fictício-0218,CPF-FICTICIO-0376 | CPF-FICTICIO-0377,Reitoria de Registro 4 | Secretaria Acadêmica Integrada,Assinante Fictício-0015,CPF-FICTICIO-0378,Pro-Reitor de Graduacao,AssinaturaPJEmissora,Faculdade Nacional de Dados Ligados,,2026-10-29T12:15:00,https://w3id.org/ufes/ontodiplomadigital/instancias-ficticias#documentacaoAcademicaLote085,Assinante Fictício-0005,CPF-FICTICIO-0037,Reitor,urn:fake:pdfa:ato-designacao:lote05,https://w3id.org/ufes/ontodiplomadigital/instancias-ficticias#historicoLote085,HISTORICO-0087
CASO0088,diplomaLote086,DiplomaDigital,Diploma 088,Ativo,2026-10-27,diplomadoLote086,Diplomado,Pessoa Fictícia-0219,Brasileira,CPF-FICTICIO-0379,localNaturalidadeBr2211001,LocalNaturalidade,Teresina (PI),2211001,Teresina,PI,,cursoLote086,Curso,Licenciatura em Curadoria Digital,CURSO-FAKE-0088,2800,2026-09-25,Licenciatura,Licenciado,Ead,enderecoCursoLote02,Endereco,iesEmissoraLote06,IesEmissora,Universidade de Estudos Documentais,CNPJ-FICTICIO-0029/CNPJ-FICTICIO-0030,iesRegistradoraLote06,IesRegistradora,Universidade Federal de Registro Semântico,CNPJ-FICTICIO-0031/CNPJ-FICTICIO-0032,registroLote086,RegistroDiploma,https://w3id.org/ufes/ontodiplomadigital/instancias-ficticias#requisicaoDocumentacao088,ReqDip00000000000000000000000000000000000000000088,https://w3id.org/ufes/ontodiplomadigital/instancias-ficticias#processoAdministrativo088,PROC-FAKE-2026-0088,2026-11-01,RDP-FAKE-0088,assinaturaLote086,AssinaturaDigital,2026-11-01T13:16:00,CAdES,CODIGO-VALIDACAO-FICTICIO-0175,CodigoValidacao,CODIGO-VALIDACAO-FICTICIO-0176,https://w3id.org/ufes/ontodiplomadigital/instancias-ficticias#diplomaLote086,1.05,Producao,produção,Portal Público Fictício de Consulta de Diplomas,,https://w3id.org/ufes/ontodiplomadigital/instancias-ficticias#diplomadoLote086,Campus de Dados 02,,Bloco B,,Recife,PE,31002-000,Brasil,,,curadoria digital,,,,,,,MEC-EM-0006,"Avenida Sintetica 106, Setor Emissor",Curitiba,PR,29006-000,Brasil,MEC-RG-0006,"Rua Registral 206, Setor de Proveniencia",Florianopolis,SC,30006-000,Brasil,https://w3id.org/ufes/ontodiplomadigital/instancias-ficticias#registroLote086,ReqDip00000000000000000000000000000000000000000088,2026-10-02,2026-10-17,L-2026-2,86,088,Caso sintetico 088 com status ativo e modalidade ead.,Pessoa Fictícia-0018,CPF-FICTICIO-0380,MAT-REG-0088,Assinante Fictício-0220,CPF-FICTICIO-0381,Reitoria de Registro 5,Assinante Fictício-0020,CPF-FICTICIO-0382,Pro-Reitora de Graduacao,AssinaturaPFResponsavelRegistro,,,2026-11-01T13:16:00,https://w3id.org/ufes/ontodiplomadigital/instancias-ficticias#documentacaoAcademicaLote086,Assinante Fictício-0010,CPF-FICTICIO-0042,Reitora,urn:fake:pdfa:ato-designacao:lote06,https://w3id.org/ufes/ontodiplomadigital/instancias-ficticias#historicoLote086,HISTORICO-0088
CASO0089,diplomaLote087,DiplomaDigital,Diploma 089,Ativo,2026-10-30,diplomadoLote087,Diplomado,Pessoa Fictícia-0221,Brasileira,CPF-FICTICIO-0383,localNaturalidadeBr1600303,LocalNaturalidade,Macapá (AP),1600303,Macapá,AP,,cursoLote087,Curso,Tecnologia em Arquivologia Aplicada,CURSO-FAKE-0089,3000,2026-09-28,Tecnologia,Tecnologo,Semipresencial,enderecoCursoLote07,Endereco,iesEmissoraLote07,IesEmissora,Centro Acadêmico de Interoperabilidade,CNPJ-FICTICIO-0033/CNPJ-FICTICIO-0034,iesRegistradoraLote07,IesRegistradora,Instituto de Segurança Documental,CNPJ-FICTICIO-0035/CNPJ-FICTICIO-0036,registroLote087,RegistroDiploma,https://w3id.org/ufes/ontodiplomadigital/instancias-ficticias#requisicaoDocumentacao089,ReqDip00000000000000000000000000000000000000000089,https://w3id.org/ufes/ontodiplomadigital/instancias-ficticias#processoAdministrativo089,PROC-FAKE-2026-0089,2026-11-04,RDP-FAKE-0089,assinaturaLote087,AssinaturaDigital,2026-11-04T14:17:00,PAdES,CODIGO-VALIDACAO-FICTICIO-0177,CodigoValidacao,CODIGO-VALIDACAO-FICTICIO-0178,https://w3id.org/ufes/ontodiplomadigital/instancias-ficticias#diplomaLote087,1.05,Homologacao,homologação,GovBR Acadêmico Fictício,,https://w3id.org/ufes/ontodiplomadigital/instancias-ficticias#diplomadoLote087,Campus de Dados 07,,Bloco B,,Rio de Janeiro,RJ,31007-000,Brasil,,,organizacao do conhecimento,Análise semantica aplicada,2026-09-28,,,,,MEC-EM-0007,"Avenida Sintetica 107, Setor Emissor",Fortaleza,CE,29007-000,Brasil,MEC-RG-0007,"Rua Registral 207, Setor de Proveniencia",Belem,PA,30007-000,Brasil,https://w3id.org/ufes/ontodiplomadigital/instancias-ficticias#registroLote087,ReqDip00000000000000000000000000000000000000000089,2026-10-05,2026-10-20,L-2026-3,87,089,Caso sintetico 089 com status ativo e modalidade semipresencial.,Pessoa Fictícia-0023,CPF-FICTICIO-0384,MAT-REG-0089,Assinante Fictício-0222,CPF-FICTICIO-0385,Reitoria de Registro 6,Assinante Fictício-0025,CPF-FICTICIO-0386,Reitor,AssinaturaPFEmissora,,,2026-11-04T14:17:00,https://w3id.org/ufes/ontodiplomadigital/instancias-ficticias#documentacaoAcademicaLote087,Assinante Fictício-0015,CPF-FICTICIO-0047,Diretor Geral,urn:fake:pdfa:ato-designacao:lote07,https://w3id.org/ufes/ontodiplomadigital/instancias-ficticias#historicoLote087,HISTORICO-0089
CASO0090,diplomaLote088,DiplomaDigital,Diploma 090,Ativo,2026-11-02,diplomadoLote088,Diplomado,Pessoa Fictícia-0223,Moçambicana,CPF-FICTICIO-0387,localNaturalidadeEstrangeiraMaputo,LocalNaturalidade,Maputo (município estrangeiro),,,,Maputo,cursoLote088,CursoNSF,Bacharelado em Biblioteconomia Analitica,,3200,2026-10-01,Bacharelado,Bacharel,Presencial,enderecoCursoLote04,Endereco,iesEmissoraLote08,IesEmissora,Instituto Superior de Preservacao Informacional,CNPJ-FICTICIO-0037/CNPJ-FICTICIO-0038,iesRegistradoraLote08,IesRegistradora,Centro Universitario de Rastreabilidade Acadêmica,CNPJ-FICTICIO-0039/CNPJ-FICTICIO-0040,registroLote088,RegistroDiplomaNSF,https://w3id.org/ufes/ontodiplomadigital/instancias-ficticias#requisicaoDocumentacao090,ReqDip00000000000000000000000000000000000000000090,https://w3id.org/ufes/ontodiplomadigital/instancias-ficticias#processoAdministrativo090,PROC-FAKE-2026-0090,2026-11-07,RDP-FAKE-0090,assinaturaLote088,AssinaturaDigital,2026-11-07T15:18:00,XAdES,CODIGO-VALIDACAO-FICTICIO-0179,CodigoValidacao,CODIGO-VALIDACAO-FICTICIO-0180,https://w3id.org/ufes/ontodiplomadigital/instancias-ficticias#diplomaLote088,1.05,Producao,produção,Portal Público Fictício de Consulta de Diplomas,,https://w3id.org/ufes/ontodiplomadigital/instancias-ficticias#diplomadoLote088,Campus de Dados 04,,Bloco D,,Fortaleza,CE,31004-000,Brasil,,,preservacao e acesso,,,EMEC-FAKE-2026-0090,Análise de regularidade do curso 090,2026-05-09,2026-04-24,MEC-EM-0008,"Avenida Sintetica 108, Setor Emissor",Goiania,GO,29008-000,Brasil,MEC-RG-0008,"Rua Registral 208, Setor de Proveniencia",Vitoria,ES,30008-000,Brasil,https://w3id.org/ufes/ontodiplomadigital/instancias-ficticias#registroLote088,ReqDip00000000000000000000000000000000000000000090,2026-10-08,2026-10-23,L-2026-4,88,090,Caso sintetico 090 com status ativo e modalidade presencial.,Pessoa Fictícia-0028,CPF-FICTICIO-0388,MAT-REG-0090,Assinante Fictício-0224,CPF-FICTICIO-0389,Reitoria de Registro 7,Assinante Fictício-0030,CPF-FICTICIO-0390,Reitora,AssinaturaPJArquivamentoDocumentacaoAcademica,Instituto Superior de Preservacao Informacional,,2026-11-07T15:18:00,https://w3id.org/ufes/ontodiplomadigital/instancias-ficticias#documentacaoAcademicaLote088,Assinante Fictício-0020,CPF-FICTICIO-0052,Diretora Geral,urn:fake:pdfa:ato-designacao:lote08,https://w3id.org/ufes/ontodiplomadigital/instancias-ficticias#historicoLote088,HISTORICO-0090
CASO0091,diplomaLote089,DiplomaDigital,Diploma 091,Revogado,2026-11-05,diplomadoLote089,Diplomado,Pessoa Fictícia-0225,Brasileira,CPF-FICTICIO-0391,localNaturalidadeBr3106200,LocalNaturalidade,Belo Horizonte (MG),3106200,Belo Horizonte,MG,,cursoLote089,Curso,Licenciatura em Gestão da Informação,CURSO-FAKE-0091,3400,2026-10-04,Licenciatura,Licenciado,Ead,enderecoCursoLote11,Endereco,iesEmissoraLote09,IesEmissora,Universidade do Patrimonio Digital,CNPJ-FICTICIO-0041/CNPJ-FICTICIO-0042,iesRegistradoraLote01,IesRegistradora,Universidade Registradora do Brasil Digital,CNPJ-FICTICIO-0011/CNPJ-FICTICIO-0012,registroLote089,RegistroDiploma,https://w3id.org/ufes/ontodiplomadigital/instancias-ficticias#requisicaoDocumentacao091,ReqDip00000000000000000000000000000000000000000091,https://w3id.org/ufes/ontodiplomadigital/instancias-ficticias#processoAdministrativo091,PROC-FAKE-2026-0091,2026-11-10,RDP-FAKE-0091,assinaturaLote089,AssinaturaDigital,2026-11-10T16:19:00,CAdES,CODIGO-VALIDACAO-FICTICIO-0181,CodigoValidacao,CODIGO-VALIDACAO-FICTICIO-0182,https://w3id.org/ufes/ontodiplomadigital/instancias-ficticias#diplomaLote089,1.05,Homologacao,homologação,GovBR Acadêmico Fictício,,https://w3id.org/ufes/ontodiplomadigital/instancias-ficticias#diplomadoLote089,Campus de Dados 11,,Bloco A,,Belo Horizonte,MG,31011-000,Brasil,,,governanca de dados,,,,,,,MEC-EM-0009,"Avenida Sintetica 109, Setor Emissor",Sao Paulo,SP,29009-000,Brasil,MEC-RG-0001,"Rua Registral 201, Setor de Proveniencia",Curitiba,PR,30001-000,Brasil,https://w3id.org/ufes/ontodiplomadigital/instancias-ficticias#registroLote089,ReqDip00000000000000000000000000000000000000000091,2026-10-11,2026-10-26,L-2026-5,89,091,Caso sintetico 091 com status revogado e modalidade ead.,Pessoa Fictícia-0033,CPF-FICTICIO-0392,MAT-REG-0091,Assinante Fictício-0226,CPF-FICTICIO-0393,Reitoria de Registro 8,Pessoa Fictícia-0006,CPF-FICTICIO-0394,Diretor Acadêmico,AssinaturaPJRegistradora,Universidade Registradora do Brasil Digital,,2026-11-10T16:19:00,https://w3id.org/ufes/ontodiplomadigital/instancias-ficticias#documentacaoAcademicaLote089,Assinante Fictício-0025,CPF-FICTICIO-0057,Procurador Institucional,urn:fake:pdfa:ato-designacao:lote09,https://w3id.org/ufes/ontodiplomadigital/instancias-ficticias#historicoLote089,HISTORICO-0091
CASO0092,diplomaLote090,DiplomaDigital,Diploma 092,Anulado,2026-11-08,diplomadoLote090,Diplomado,Pessoa Fictícia-0227,Brasileira,CPF-FICTICIO-0395,localNaturalidadeBr3204807,LocalNaturalidade,São José do Calçado (ES),3204807,São José do Calçado,ES,,cursoLote090,Curso,Tecnologia em Humanidades Digitais,,2400,2026-10-07,Tecnologia,Tecnologo,Semipresencial,enderecoCursoLote06,Endereco,iesEmissoraLote10,IesEmissora,Centro Universitario de Modelagem Conceitual,CNPJ-FICTICIO-0043/CNPJ-FICTICIO-0044,iesRegistradoraLote02,IesRegistradora,Centro de Registro Interoperável,CNPJ-FICTICIO-0015/CNPJ-FICTICIO-0016,registroLote090,RegistroDiploma,https://w3id.org/ufes/ontodiplomadigital/instancias-ficticias#requisicaoDocumentacao092,ReqDip00000000000000000000000000000000000000000092,https://w3id.org/ufes/ontodiplomadigital/instancias-ficticias#processoAdministrativo092,PROC-FAKE-2026-0092,2026-11-13,RDP-FAKE-0092,assinaturaLote090,AssinaturaDigital,2026-11-13T08:20:00,PAdES,CODIGO-VALIDACAO-FICTICIO-0183,CodigoValidacao,CODIGO-VALIDACAO-FICTICIO-0184,https://w3id.org/ufes/ontodiplomadigital/instancias-ficticias#diplomaLote090,1.05,Producao,produção,Portal Público Fictício de Consulta de Diplomas,,https://w3id.org/ufes/ontodiplomadigital/instancias-ficticias#diplomadoLote090,Campus de Dados 06,,Bloco A,,Sao Paulo,SP,31006-000,Brasil,,Especialista em Humanidades Digitais,tratamento documental,Processos de registro academico,2026-10-07,EMEC-FAKE-2026-0092,Análise de regularidade do curso 092,2026-05-15,2026-04-30,MEC-EM-0010,"Avenida Sintetica 110, Setor Emissor",Rio de Janeiro,RJ,29010-000,Brasil,MEC-RG-0002,"Rua Registral 202, Setor de Proveniencia",Fortaleza,CE,30002-000,Brasil,https://w3id.org/ufes/ontodiplomadigital/instancias-ficticias#registroLote090,ReqDip00000000000000000000000000000000000000000092,2026-10-14,2026-10-29,L-2026-6,90,092,Caso sintetico 092 com status anulado e modalidade semipresencial.,Pessoa Fictícia-0037,CPF-FICTICIO-0396,MAT-REG-0092,Assinante Fictício-0228 | Assinante Fictício-0229,CPF-FICTICIO-0397 | CPF-FICTICIO-0398,Reitoria de Registro 9 | Secretaria Acadêmica Integrada,Pessoa Fictícia-0011,CPF-FICTICIO-0399,Diretora Acadêmica,AssinaturaPJEmissora,Centro Universitario de Modelagem Conceitual,,2026-11-13T08:20:00,https://w3id.org/ufes/ontodiplomadigital/instancias-ficticias#documentacaoAcademicaLote090,Assinante Fictício-0030,CPF-FICTICIO-0063,Procuradora Institucional,urn:fake:pdfa:ato-designacao:lote10,https://w3id.org/ufes/ontodiplomadigital/instancias-ficticias#historicoLote090,HISTORICO-0092
CASO0093,diplomaLote091,DiplomaDigital,Diploma 093,Ativo,2026-11-11,diplomadoLote091,Diplomado,Pessoa Fictícia-0230,Brasileira,CPF-FICTICIO-0400,localNaturalidadeBr3106200,LocalNaturalidade,Belo Horizonte (MG),3106200,Belo Horizonte,MG,,cursoLote091,Curso,Bacharelado em Documentacao Tecnica,CURSO-FAKE-0093,2600,2026-10-10,Bacharelado,Bacharel,Presencial,enderecoCursoLote10,Endereco,iesEmissoraLote01,IesEmissora,Universidade Aberta do Conhecimento,CNPJ-FICTICIO-0009/CNPJ-FICTICIO-0010,iesRegistradoraLote03,IesRegistradora,Instituto Nacional de Validação Acadêmica,CNPJ-FICTICIO-0019/CNPJ-FICTICIO-0020,registroLote091,RegistroDiploma,https://w3id.org/ufes/ontodiplomadigital/instancias-ficticias#requisicaoDocumentacao093,ReqDip00000000000000000000000000000000000000000093,https://w3id.org/ufes/ontodiplomadigital/instancias-ficticias#processoAdministrativo093,PROC-FAKE-2026-0093,2026-11-16,RDP-FAKE-0093,assinaturaLote091,AssinaturaDigital,2026-11-16T09:21:00,XAdES,CODIGO-VALIDACAO-FICTICIO-0185,CodigoValidacao,CODIGO-VALIDACAO-FICTICIO-0186,https://w3id.org/ufes/ontodiplomadigital/instancias-ficticias#diplomaLote091,1.05,Homologacao,homologação,GovBR Acadêmico Fictício,,https://w3id.org/ufes/ontodiplomadigital/instancias-ficticias#diplomadoLote091,Campus de Dados 10,,Bloco E,,Vitoria,ES,31010-000,Brasil,,,interoperabilidade semantica,,,,,,,MEC-EM-0001,"Avenida Sintetica 101, Setor Emissor",Vitoria,ES,29001-000,Brasil,MEC-RG-0003,"Rua Registral 203, Setor de Proveniencia",Goiania,GO,30003-000,Brasil,https://w3id.org/ufes/ontodiplomadigital/instancias-ficticias#registroLote091,ReqDip00000000000000000000000000000000000000000093,2026-10-17,2026-11-01,L-2026-7,91,093,Caso sintetico 093 com status ativo e modalidade presencial.,Pessoa Fictícia-0040,CPF-FICTICIO-0401,MAT-REG-0093,Assinante Fictício-0231,CPF-FICTICIO-0402,Reitoria de Registro 1,Pessoa Fictícia-0016,CPF-FICTICIO-0403,Secretario Geral Acadêmico,AssinaturaPFResponsavelRegistro,,,2026-11-16T09:21:00,https://w3id.org/ufes/ontodiplomadigital/instancias-ficticias#documentacaoAcademicaLote091,Pessoa Fictícia-0016,CPF-FICTICIO-0016,Diretor Geral,urn:fake:pdfa:ato-designacao:lote01,https://w3id.org/ufes/ontodiplomadigital/instancias-ficticias#historicoLote091,HISTORICO-0093
CASO0094,diplomaLote092,DiplomaDigital,Diploma 094,Ativo,2026-11-14,diplomadoLote092,Diplomado,Pessoa Fictícia-0232,Brasileira,CPF-FICTICIO-0404,localNaturalidadeBr3550308,LocalNaturalidade,São Paulo (SP),3550308,São Paulo,SP,,cursoLote092,CursoNSF,Licenciatura em Governanca Informacional,,2800,2026-10-13,Licenciatura,Licenciado,Ead,enderecoCursoLote08,Endereco,iesEmissoraLote02,IesEmissora,Centro Universitario Horizonte Semântico,CNPJ-FICTICIO-0013/CNPJ-FICTICIO-0014,iesRegistradoraLote04,IesRegistradora,Universidade Curadora de Diplomas,CNPJ-FICTICIO-0023/CNPJ-FICTICIO-0024,registroLote092,RegistroDiplomaNSF,https://w3id.org/ufes/ontodiplomadigital/instancias-ficticias#requisicaoDocumentacao094,ReqDip00000000000000000000000000000000000000000094,https://w3id.org/ufes/ontodiplomadigital/instancias-ficticias#processoAdministrativo094,PROC-FAKE-2026-0094,2026-11-19,RDP-FAKE-0094,assinaturaLote092,AssinaturaDigital,2026-11-19T10:22:00,CAdES,CODIGO-VALIDACAO-FICTICIO-0187,CodigoValidacao,CODIGO-VALIDACAO-FICTICIO-0188,https://w3id.org/ufes/ontodiplomadigital/instancias-ficticias#diplomaLote092,1.05,Producao,produção,Portal Público Fictício de Consulta de Diplomas,,https://w3id.org/ufes/ontodiplomadigital/instancias-ficticias#diplomadoLote092,Campus de Dados 08,,Bloco C,,Florianopolis,SC,31008-000,Brasil,,,curadoria digital,,,EMEC-FAKE-2026-0094,Análise de regularidade do curso 094,2026-05-21,2026-05-06,MEC-EM-0002,"Avenida Sintetica 102, Setor Emissor",Belo Horizonte,MG,29002-000,Brasil,MEC-RG-0004,"Rua Registral 204, Setor de Proveniencia",Sao Paulo,SP,30004-000,Brasil,https://w3id.org/ufes/ontodiplomadigital/instancias-ficticias#registroLote092,ReqDip00000000000000000000000000000000000000000094,2026-10-20,2026-11-04,L-2026-1,92,094,Caso sintetico 094 com status ativo e modalidade ead.,Pessoa Fictícia-0043,CPF-FICTICIO-0405,MAT-REG-0094,Assinante Fictício-0233,CPF-FICTICIO-0406,Reitoria de Registro 2,Pessoa Fictícia-0021,CPF-FICTICIO-0407,Secretaria Geral Acadêmica,AssinaturaPFEmissora,,,2026-11-19T10:22:00,https://w3id.org/ufes/ontodiplomadigital/instancias-ficticias#documentacaoAcademicaLote092,Pessoa Fictícia-0021,CPF-FICTICIO-0021,Diretora Geral,urn:fake:pdfa:ato-designacao:lote02,https://w3id.org/ufes/ontodiplomadigital/instancias-ficticias#historicoLote092,HISTORICO-0094
CASO0095,diplomaLote093,DiplomaDigital,Diploma 095,Ativo,2026-11-17,diplomadoLote093,Diplomado,Pessoa Fictícia-0234,Brasileira,CPF-FICTICIO-0408,localNaturalidadeBr4314902,LocalNaturalidade,Porto Alegre (RS),4314902,Porto Alegre,RS,,cursoLote093,Curso,Tecnologia em Interoperabilidade Semântica,CURSO-FAKE-0095,3000,2026-10-16,Tecnologia,Tecnologo,Semipresencial,enderecoCursoLote03,Endereco,iesEmissoraLote03,IesEmissora,Instituto Federal de Curadoria Digital,CNPJ-FICTICIO-0017/CNPJ-FICTICIO-0018,iesRegistradoraLote05,IesRegistradora,Centro Registral de Conhecimento Aplicado,CNPJ-FICTICIO-0027/CNPJ-FICTICIO-0028,registroLote093,RegistroDiploma,https://w3id.org/ufes/ontodiplomadigital/instancias-ficticias#requisicaoDocumentacao095,ReqDip00000000000000000000000000000000000000000095,https://w3id.org/ufes/ontodiplomadigital/instancias-ficticias#processoAdministrativo095,PROC-FAKE-2026-0095,2026-11-22,RDP-FAKE-0095,assinaturaLote093,AssinaturaDigital,2026-11-22T11:23:00,PAdES,CODIGO-VALIDACAO-FICTICIO-0189,CodigoValidacao,CODIGO-VALIDACAO-FICTICIO-0190,https://w3id.org/ufes/ontodiplomadigital/instancias-ficticias#diplomaLote093,1.05,Homologacao,homologação,GovBR Acadêmico Fictício,,https://w3id.org/ufes/ontodiplomadigital/instancias-ficticias#diplomadoLote093,Campus de Dados 03,,Bloco C,,Curitiba,PR,31003-000,Brasil,,,organizacao do conhecimento,Análise semantica aplicada,2026-10-16,,,,,MEC-EM-0003,"Avenida Sintetica 103, Setor Emissor",Salvador,BA,29003-000,Brasil,MEC-RG-0005,"Rua Registral 205, Setor de Proveniencia",Rio de Janeiro,RJ,30005-000,Brasil,https://w3id.org/ufes/ontodiplomadigital/instancias-ficticias#registroLote093,ReqDip00000000000000000000000000000000000000000095,2026-10-23,2026-11-07,L-2026-2,93,095,Caso sintetico 095 com status ativo e modalidade semipresencial.,Pessoa Fictícia-0046,CPF-FICTICIO-0409,MAT-REG-0095,Assinante Fictício-0235,CPF-FICTICIO-0410,Reitoria de Registro 3,Pessoa Fictícia-0026,CPF-FICTICIO-0411,Pro-Reitor de Graduacao,AssinaturaPJArquivamentoDocumentacaoAcademica,Instituto Federal de Curadoria Digital,,2026-11-22T11:23:00,https://w3id.org/ufes/ontodiplomadigital/instancias-ficticias#documentacaoAcademicaLote093,Pessoa Fictícia-0026,CPF-FICTICIO-0026,Procurador Institucional,urn:fake:pdfa:ato-designacao:lote03,https://w3id.org/ufes/ontodiplomadigital/instancias-ficticias#historicoLote093,HISTORICO-0095
CASO0096,diplomaLote094,DiplomaDigital,Diploma 096,Revogado,2026-11-20,diplomadoLote094,Diplomado,Pessoa Fictícia-0236,Alemã,CPF-FICTICIO-0412,localNaturalidadeEstrangeiraBerlim,LocalNaturalidade,Berlim (município estrangeiro),,,,Berlim,cursoLote094,Curso,Bacharelado em Preservacao Digital,CURSO-FAKE-0096,3200,2026-10-19,Bacharelado,Bacharel,Presencial,enderecoCursoLote10,Endereco,iesEmissoraLote04,IesEmissora,Universidade Metropolitana da Informação,CNPJ-FICTICIO-0021/CNPJ-FICTICIO-0022,iesRegistradoraLote06,IesRegistradora,Universidade Federal de Registro Semântico,CNPJ-FICTICIO-0031/CNPJ-FICTICIO-0032,registroLote094,RegistroDiploma,https://w3id.org/ufes/ontodiplomadigital/instancias-ficticias#requisicaoDocumentacao096,ReqDip00000000000000000000000000000000000000000096,https://w3id.org/ufes/ontodiplomadigital/instancias-ficticias#processoAdministrativo096,PROC-FAKE-2026-0096,2026-11-25,RDP-FAKE-0096,assinaturaLote094,AssinaturaDigital,2026-11-25T12:24:00,XAdES,CODIGO-VALIDACAO-FICTICIO-0191,CodigoValidacao,CODIGO-VALIDACAO-FICTICIO-0192,https://w3id.org/ufes/ontodiplomadigital/instancias-ficticias#diplomaLote094,1.05,Producao,produção,Portal Público Fictício de Consulta de Diplomas,,https://w3id.org/ufes/ontodiplomadigital/instancias-ficticias#diplomadoLote094,Campus de Dados 10,,Bloco E,,Vitoria,ES,31010-000,Brasil,,,preservacao e acesso,,,,,,,MEC-EM-0004,"Avenida Sintetica 104, Setor Emissor",Brasilia,DF,29004-000,Brasil,MEC-RG-0006,"Rua Registral 206, Setor de Proveniencia",Florianopolis,SC,30006-000,Brasil,https://w3id.org/ufes/ontodiplomadigital/instancias-ficticias#registroLote094,ReqDip00000000000000000000000000000000000000000096,2026-10-26,2026-11-10,L-2026-3,94,096,Caso sintetico 096 com status revogado e modalidade presencial.,Pessoa Fictícia-0049,CPF-FICTICIO-0413,MAT-REG-0096,Assinante Fictício-0237,CPF-FICTICIO-0414,Reitoria de Registro 4,Pessoa Fictícia-0031,CPF-FICTICIO-0415,Pro-Reitora de Graduacao,AssinaturaPJRegistradora,Universidade Federal de Registro Semântico,Autoridade Certificadora Fictícia Integridade Digital,2026-11-25T12:24:00,https://w3id.org/ufes/ontodiplomadigital/instancias-ficticias#documentacaoAcademicaLote094,Pessoa Fictícia-0031,CPF-FICTICIO-0031,Procuradora Institucional,urn:fake:pdfa:ato-designacao:lote04,https://w3id.org/ufes/ontodiplomadigital/instancias-ficticias#historicoLote094,HISTORICO-0096
CASO0097,diplomaLote095,DiplomaDigital,Diploma 097,Anulado,2026-11-23,diplomadoLote095,Diplomado,Pessoa Fictícia-0238,Brasileira,CPF-FICTICIO-0416,localNaturalidadeBr1302603,LocalNaturalidade,Manaus (AM),1302603,Manaus,AM,,cursoLote095,Curso,Licenciatura em Análise Territorial de Dados,CURSO-FAKE-0097,3400,2026-10-22,Licenciatura,Licenciado,Ead,enderecoCursoLote07,Endereco,iesEmissoraLote05,IesEmissora,Faculdade Nacional de Dados Ligados,CNPJ-FICTICIO-0025/CNPJ-FICTICIO-0026,iesRegistradoraLote07,IesRegistradora,Instituto de Segurança Documental,CNPJ-FICTICIO-0035/CNPJ-FICTICIO-0036,registroLote095,RegistroDiploma,https://w3id.org/ufes/ontodiplomadigital/instancias-ficticias#requisicaoDocumentacao097,ReqDip00000000000000000000000000000000000000000097,https://w3id.org/ufes/ontodiplomadigital/instancias-ficticias#processoAdministrativo097,PROC-FAKE-2026-0097,2026-11-28,RDP-FAKE-0097,assinaturaLote095,AssinaturaDigital,2026-11-28T13:25:00,CAdES,CODIGO-VALIDACAO-FICTICIO-0193,CodigoValidacao,CODIGO-VALIDACAO-FICTICIO-0194,https://w3id.org/ufes/ontodiplomadigital/instancias-ficticias#diplomaLote095,1.05,Homologacao,homologação,GovBR Acadêmico Fictício,,https://w3id.org/ufes/ontodiplomadigital/instancias-ficticias#diplomadoLote095,Campus de Dados 07,,Bloco B,,Rio de Janeiro,RJ,31007-000,Brasil,,,governanca de dados,,,,,,,MEC-EM-0005,"Avenida Sintetica 105, Setor Emissor",Recife,PE,29005-000,Brasil,MEC-RG-0007,"Rua Registral 207, Setor de Proveniencia",Belem,PA,30007-000,Brasil,https://w3id.org/ufes/ontodiplomadigital/instancias-ficticias#registroLote095,ReqDip00000000000000000000000000000000000000000097,2026-10-29,2026-11-13,L-2026-4,95,097,Caso sintetico 097 com status anulado e modalidade ead.,Pessoa Fictícia-0053,CPF-FICTICIO-0417,MAT-REG-0097,Assinante Fictício-0239 | Assinante Fictício-0240,CPF-FICTICIO-0418 | CPF-FICTICIO-0419,Reitoria de Registro 5 | Secretaria Acadêmica Integrada,Assinante Fictício-0005,CPF-FICTICIO-0420,Reitor,AssinaturaPJEmissora,Faculdade Nacional de Dados Ligados,,2026-11-28T13:25:00,https://w3id.org/ufes/ontodiplomadigital/instancias-ficticias#documentacaoAcademicaLote095,Assinante Fictício-0005,CPF-FICTICIO-0037,Reitor,urn:fake:pdfa:ato-designacao:lote05,https://w3id.org/ufes/ontodiplomadigital/instancias-ficticias#historicoLote095,HISTORICO-0097
CASO0098,diplomaLote096,DiplomaDigital,Diploma 098,Ativo,2026-11-26,diplomadoLote096,Diplomado,Pessoa Fictícia-0241,Brasileira,CPF-FICTICIO-0421,localNaturalidadeBr5103403,LocalNaturalidade,Cuiabá (MT),5103403,Cuiabá,MT,,cursoLote096,CursoNSF,Tecnologia em Memoria Institucional,,2400,2026-10-25,Tecnologia,Tecnologo,Semipresencial,enderecoCursoLote12,Endereco,iesEmissoraLote06,IesEmissora,Universidade de Estudos Documentais,CNPJ-FICTICIO-0029/CNPJ-FICTICIO-0030,iesRegistradoraLote08,IesRegistradora,Centro Universitario de Rastreabilidade Acadêmica,CNPJ-FICTICIO-0039/CNPJ-FICTICIO-0040,registroLote096,RegistroDiplomaNSF,https://w3id.org/ufes/ontodiplomadigital/instancias-ficticias#requisicaoDocumentacao098,ReqDip00000000000000000000000000000000000000000098,https://w3id.org/ufes/ontodiplomadigital/instancias-ficticias#processoAdministrativo098,PROC-FAKE-2026-0098,2026-12-01,RDP-FAKE-0098,assinaturaLote096,AssinaturaDigital,2026-12-01T14:26:00,PAdES,CODIGO-VALIDACAO-FICTICIO-0195,CodigoValidacao,CODIGO-VALIDACAO-FICTICIO-0196,https://w3id.org/ufes/ontodiplomadigital/instancias-ficticias#diplomaLote096,1.05,Producao,produção,Portal Público Fictício de Consulta de Diplomas,,https://w3id.org/ufes/ontodiplomadigital/instancias-ficticias#diplomadoLote096,Campus de Dados 12,,Bloco B,,Salvador,BA,31012-000,Brasil,,Especialista em Memoria Institucional,tratamento documental,Processos de registro academico,2026-10-25,EMEC-FAKE-2026-0098,Análise de regularidade do curso 098,2026-06-02,2026-05-18,MEC-EM-0006,"Avenida Sintetica 106, Setor Emissor",Curitiba,PR,29006-000,Brasil,MEC-RG-0008,"Rua Registral 208, Setor de Proveniencia",Vitoria,ES,30008-000,Brasil,https://w3id.org/ufes/ontodiplomadigital/instancias-ficticias#registroLote096,ReqDip00000000000000000000000000000000000000000098,2026-11-01,2026-11-16,L-2026-5,96,098,Caso sintetico 098 com status ativo e modalidade semipresencial.,Pessoa Fictícia-0056,CPF-FICTICIO-0422,MAT-REG-0098,Assinante Fictício-0242,CPF-FICTICIO-0423,Reitoria de Registro 6,Assinante Fictício-0010,CPF-FICTICIO-0424,Reitora,AssinaturaPFResponsavelRegistro,,,2026-12-01T14:26:00,https://w3id.org/ufes/ontodiplomadigital/instancias-ficticias#documentacaoAcademicaLote096,Assinante Fictício-0010,CPF-FICTICIO-0042,Reitora,urn:fake:pdfa:ato-designacao:lote06,https://w3id.org/ufes/ontodiplomadigital/instancias-ficticias#historicoLote096,HISTORICO-0098
CASO0099,diplomaLote097,DiplomaDigital,Diploma 099,Ativo,2026-11-29,diplomadoLote097,Diplomado,Pessoa Fictícia-0243,Brasileira,CPF-FICTICIO-0425,localNaturalidadeBr2304400,LocalNaturalidade,Fortaleza (CE),2304400,Fortaleza,CE,,cursoLote097,Curso,Bacharelado em Ciência de Dados Publicos,CURSO-FAKE-0099,2600,2026-10-28,Bacharelado,Bacharel,Presencial,enderecoCursoLote06,Endereco,iesEmissoraLote07,IesEmissora,Centro Acadêmico de Interoperabilidade,CNPJ-FICTICIO-0033/CNPJ-FICTICIO-0034,iesRegistradoraLote01,IesRegistradora,Universidade Registradora do Brasil Digital,CNPJ-FICTICIO-0011/CNPJ-FICTICIO-0012,registroLote097,RegistroDiploma,https://w3id.org/ufes/ontodiplomadigital/instancias-ficticias#requisicaoDocumentacao099,ReqDip00000000000000000000000000000000000000000099,https://w3id.org/ufes/ontodiplomadigital/instancias-ficticias#processoAdministrativo099,PROC-FAKE-2026-0099,2026-12-04,RDP-FAKE-0099,assinaturaLote097,AssinaturaDigital,2026-12-04T15:27:00,XAdES,CODIGO-VALIDACAO-FICTICIO-0197,CodigoValidacao,CODIGO-VALIDACAO-FICTICIO-0198,https://w3id.org/ufes/ontodiplomadigital/instancias-ficticias#diplomaLote097,1.05,Homologacao,homologação,GovBR Acadêmico Fictício,,https://w3id.org/ufes/ontodiplomadigital/instancias-ficticias#diplomadoLote097,Campus de Dados 06,,Bloco A,,Sao Paulo,SP,31006-000,Brasil,,,interoperabilidade semantica,,,,,,,MEC-EM-0007,"Avenida Sintetica 107, Setor Emissor",Fortaleza,CE,29007-000,Brasil,MEC-RG-0001,"Rua Registral 201, Setor de Proveniencia",Curitiba,PR,30001-000,Brasil,https://w3id.org/ufes/ontodiplomadigital/instancias-ficticias#registroLote097,ReqDip00000000000000000000000000000000000000000099,2026-11-04,2026-11-19,L-2026-6,97,099,Caso sintetico 099 com status ativo e modalidade presencial.,Pessoa Fictícia-0013,CPF-FICTICIO-0426,MAT-REG-0099,Assinante Fictício-0244,CPF-FICTICIO-0427,Reitoria de Registro 7,Assinante Fictício-0015,CPF-FICTICIO-0428,Diretor Acadêmico,AssinaturaPFEmissora,,,2026-12-04T15:27:00,https://w3id.org/ufes/ontodiplomadigital/instancias-ficticias#documentacaoAcademicaLote097,Assinante Fictício-0015,CPF-FICTICIO-0047,Diretor Geral,urn:fake:pdfa:ato-designacao:lote07,https://w3id.org/ufes/ontodiplomadigital/instancias-ficticias#historicoLote097,HISTORICO-0099
CASO0100,diplomaLote098,DiplomaDigital,Diploma 100,Ativo,2026-12-02,diplomadoLote098,Diplomado,Pessoa Fictícia-0245,Brasileira,CPF-FICTICIO-0429,localNaturalidadeBr3304557,LocalNaturalidade,Rio de Janeiro (RJ),3304557,Rio de Janeiro,RJ,,cursoLote098,Curso,Licenciatura em Curadoria Digital,CURSO-FAKE-0100,2800,2026-10-31,Licenciatura,Licenciado,Ead,enderecoCursoLote02,Endereco,iesEmissoraLote08,IesEmissora,Instituto Superior de Preservacao Informacional,CNPJ-FICTICIO-0037/CNPJ-FICTICIO-0038,iesRegistradoraLote02,IesRegistradora,Centro de Registro Interoperável,CNPJ-FICTICIO-0015/CNPJ-FICTICIO-0016,registroLote098,RegistroDiploma,https://w3id.org/ufes/ontodiplomadigital/instancias-ficticias#requisicaoDocumentacao100,ReqDip00000000000000000000000000000000000000000100,https://w3id.org/ufes/ontodiplomadigital/instancias-ficticias#processoAdministrativo100,PROC-FAKE-2026-0100,2026-12-07,RDP-FAKE-0100,assinaturaLote098,AssinaturaDigital,2026-12-07T16:28:00,CAdES,CODIGO-VALIDACAO-FICTICIO-0199,CodigoValidacao,CODIGO-VALIDACAO-FICTICIO-0200,https://w3id.org/ufes/ontodiplomadigital/instancias-ficticias#diplomaLote098,1.05,Producao,produção,Portal Público Fictício de Consulta de Diplomas,,https://w3id.org/ufes/ontodiplomadigital/instancias-ficticias#diplomadoLote098,Campus de Dados 02,,Bloco B,,Recife,PE,31002-000,Brasil,,,curadoria digital,,,,,,,MEC-EM-0008,"Avenida Sintetica 108, Setor Emissor",Goiania,GO,29008-000,Brasil,MEC-RG-0002,"Rua Registral 202, Setor de Proveniencia",Fortaleza,CE,30002-000,Brasil,https://w3id.org/ufes/ontodiplomadigital/instancias-ficticias#registroLote098,ReqDip00000000000000000000000000000000000000000100,2026-11-07,2026-11-22,L-2026-7,98,100,Caso sintetico 100 com status ativo e modalidade ead.,Pessoa Fictícia-0018,CPF-FICTICIO-0430,MAT-REG-0100,Assinante Fictício-0246,CPF-FICTICIO-0431,Reitoria de Registro 8,Assinante Fictício-0020,CPF-FICTICIO-0432,Diretora Acadêmica,AssinaturaPJArquivamentoDocumentacaoAcademica,Instituto Superior de Preservacao Informacional,,2026-12-07T16:28:00,https://w3id.org/ufes/ontodiplomadigital/instancias-ficticias#documentacaoAcademicaLote098,Assinante Fictício-0020,CPF-FICTICIO-0052,Diretora Geral,urn:fake:pdfa:ato-designacao:lote08,https://w3id.org/ufes/ontodiplomadigital/instancias-ficticias#historicoLote098,HISTORICO-0100
CASO0101,diplomaLote099,DiplomaDigital,Diploma 101,Revogado,2026-12-05,diplomadoLote099,Diplomado,Pessoa Fictícia-0247,Brasileira,CPF-FICTICIO-0433,localNaturalidadeBr4205407,LocalNaturalidade,Florianópolis (SC),4205407,Florianópolis,SC,,cursoLote099,Curso,Tecnologia em Arquivologia Aplicada,CURSO-FAKE-0101,3000,2026-11-03,Tecnologia,Tecnologo,Semipresencial,enderecoCursoLote11,Endereco,iesEmissoraLote09,IesEmissora,Universidade do Patrimonio Digital,CNPJ-FICTICIO-0041/CNPJ-FICTICIO-0042,iesRegistradoraLote03,IesRegistradora,Instituto Nacional de Validação Acadêmica,CNPJ-FICTICIO-0019/CNPJ-FICTICIO-0020,registroLote099,RegistroDiploma,https://w3id.org/ufes/ontodiplomadigital/instancias-ficticias#requisicaoDocumentacao101,ReqDip00000000000000000000000000000000000000000101,https://w3id.org/ufes/ontodiplomadigital/instancias-ficticias#processoAdministrativo101,PROC-FAKE-2026-0101,2026-12-10,RDP-FAKE-0101,assinaturaLote099,AssinaturaDigital,2026-12-10T08:29:00,PAdES,CODIGO-VALIDACAO-FICTICIO-0201,CodigoValidacao,CODIGO-VALIDACAO-FICTICIO-0202,https://w3id.org/ufes/ontodiplomadigital/instancias-ficticias#diplomaLote099,1.05,Homologacao,homologação,GovBR Acadêmico Fictício,,https://w3id.org/ufes/ontodiplomadigital/instancias-ficticias#diplomadoLote099,Campus de Dados 11,,Bloco A,,Belo Horizonte,MG,31011-000,Brasil,,,organizacao do conhecimento,Análise semantica aplicada,2026-11-03,,,,,MEC-EM-0009,"Avenida Sintetica 109, Setor Emissor",Sao Paulo,SP,29009-000,Brasil,MEC-RG-0003,"Rua Registral 203, Setor de Proveniencia",Goiania,GO,30003-000,Brasil,https://w3id.org/ufes/ontodiplomadigital/instancias-ficticias#registroLote099,ReqDip00000000000000000000000000000000000000000101,2026-11-10,2026-11-25,L-2026-1,99,101,Caso sintetico 101 com status revogado e modalidade semipresencial.,Pessoa Fictícia-0023,CPF-FICTICIO-0434,MAT-REG-0101,Assinante Fictício-0248,CPF-FICTICIO-0435,Reitoria de Registro 9,Assinante Fictício-0025,CPF-FICTICIO-0436,Secretario Geral Acadêmico,AssinaturaPJRegistradora,Instituto Nacional de Validação Acadêmica,,2026-12-10T08:29:00,https://w3id.org/ufes/ontodiplomadigital/instancias-ficticias#documentacaoAcademicaLote099,Assinante Fictício-0025,CPF-FICTICIO-0057,Procurador Institucional,urn:fake:pdfa:ato-designacao:lote09,https://w3id.org/ufes/ontodiplomadigital/instancias-ficticias#historicoLote099,HISTORICO-0101
CASO0102,diplomaLote100,DiplomaDigital,Diploma 102,Anulado,2026-12-08,diplomadoLote100,Diplomado,Pessoa Fictícia-0249,Brasileira,CPF-FICTICIO-0437,localNaturalidadeBr3550308,LocalNaturalidade,São Paulo (SP),3550308,São Paulo,SP,,cursoLote100,CursoNSF,Bacharelado em Biblioteconomia Analitica,,3200,2026-11-06,Bacharelado,Bacharel,Presencial,enderecoCursoLote04,Endereco,iesEmissoraLote10,IesEmissora,Centro Universitario de Modelagem Conceitual,CNPJ-FICTICIO-0043/CNPJ-FICTICIO-0044,iesRegistradoraLote04,IesRegistradora,Universidade Curadora de Diplomas,CNPJ-FICTICIO-0023/CNPJ-FICTICIO-0024,registroLote100,RegistroDiplomaNSF,https://w3id.org/ufes/ontodiplomadigital/instancias-ficticias#requisicaoDocumentacao102,ReqDip00000000000000000000000000000000000000000102,https://w3id.org/ufes/ontodiplomadigital/instancias-ficticias#processoAdministrativo102,PROC-FAKE-2026-0102,2026-12-13,RDP-FAKE-0102,assinaturaLote100,AssinaturaDigital,2026-12-13T09:30:00,XAdES,CODIGO-VALIDACAO-FICTICIO-0203,CodigoValidacao,CODIGO-VALIDACAO-FICTICIO-0204,https://w3id.org/ufes/ontodiplomadigital/instancias-ficticias#diplomaLote100,1.05,Producao,produção,Portal Público Fictício de Consulta de Diplomas,,https://w3id.org/ufes/ontodiplomadigital/instancias-ficticias#diplomadoLote100,Campus de Dados 04,,Bloco D,,Fortaleza,CE,31004-000,Brasil,,,preservacao e acesso,,,EMEC-FAKE-2026-0102,Análise de regularidade do curso 102,2026-06-14,2026-05-30,MEC-EM-0010,"Avenida Sintetica 110, Setor Emissor",Rio de Janeiro,RJ,29010-000,Brasil,MEC-RG-0004,"Rua Registral 204, Setor de Proveniencia",Sao Paulo,SP,30004-000,Brasil,https://w3id.org/ufes/ontodiplomadigital/instancias-ficticias#registroLote100,ReqDip00000000000000000000000000000000000000000102,2026-11-13,2026-11-28,L-2026-2,100,102,Caso sintetico 102 com status anulado e modalidade presencial.,Pessoa Fictícia-0028,CPF-FICTICIO-0438,MAT-REG-0102,Assinante Fictício-0250 | Assinante Fictício-0251,CPF-FICTICIO-0439 | CPF-FICTICIO-0440,Reitoria de Registro 1 | Secretaria Acadêmica Integrada,Assinante Fictício-0030,CPF-FICTICIO-0441,Secretaria Geral Acadêmica,AssinaturaPJEmissora,Centro Universitario de Modelagem Conceitual,,2026-12-13T09:30:00,https://w3id.org/ufes/ontodiplomadigital/instancias-ficticias#documentacaoAcademicaLote100,Assinante Fictício-0030,CPF-FICTICIO-0063,Procuradora Institucional,urn:fake:pdfa:ato-designacao:lote10,https://w3id.org/ufes/ontodiplomadigital/instancias-ficticias#historicoLote100,HISTORICO-0102
CASO0103,diplomaLote101,DiplomaDigital,Diploma 103,Ativo,2026-12-11,diplomadoLote101,Diplomado,Pessoa Fictícia-0252,Brasileira,CPF-FICTICIO-0442,localNaturalidadeBr3204807,LocalNaturalidade,São José do Calçado (ES),3204807,São José do Calçado,ES,,cursoLote101,Curso,Licenciatura em Gestão da Informação,CURSO-FAKE-0103,3400,2026-11-09,Licenciatura,Licenciado,Ead,enderecoCursoCaso1,Endereco,iesEmissoraLote01,IesEmissora,Universidade Aberta do Conhecimento,CNPJ-FICTICIO-0009/CNPJ-FICTICIO-0010,iesRegistradoraLote05,IesRegistradora,Centro Registral de Conhecimento Aplicado,CNPJ-FICTICIO-0027/CNPJ-FICTICIO-0028,registroLote101,RegistroDiploma,https://w3id.org/ufes/ontodiplomadigital/instancias-ficticias#requisicaoDocumentacao103,ReqDip00000000000000000000000000000000000000000103,https://w3id.org/ufes/ontodiplomadigital/instancias-ficticias#processoAdministrativo103,PROC-FAKE-2026-0103,2026-12-16,RDP-FAKE-0103,assinaturaLote101,AssinaturaDigital,2026-12-16T10:31:00,CAdES,CODIGO-VALIDACAO-FICTICIO-0205,CodigoValidacao,CODIGO-VALIDACAO-FICTICIO-0206,https://w3id.org/ufes/ontodiplomadigital/instancias-ficticias#diplomaLote101,1.05,Homologacao,homologação,GovBR Acadêmico Fictício,,https://w3id.org/ufes/ontodiplomadigital/instancias-ficticias#diplomadoLote101,Campus Integracao,,Bloco A,,Vila Semantica,ES,29001-111,Brasil,,,governanca de dados,,,,,,,MEC-EM-0001,"Avenida Sintetica 101, Setor Emissor",Vitoria,ES,29001-000,Brasil,MEC-RG-0005,"Rua Registral 205, Setor de Proveniencia",Rio de Janeiro,RJ,30005-000,Brasil,https://w3id.org/ufes/ontodiplomadigital/instancias-ficticias#registroLote101,ReqDip00000000000000000000000000000000000000000103,2026-11-16,2026-12-01,L-2026-3,101,103,Caso sintetico 103 com status ativo e modalidade ead.,Pessoa Fictícia-0033,CPF-FICTICIO-0443,MAT-REG-0103,Assinante Fictício-0253,CPF-FICTICIO-0444,Reitoria de Registro 2,Pessoa Fictícia-0006,CPF-FICTICIO-0445,Pro-Reitor de Graduacao,AssinaturaPFResponsavelRegistro,,,2026-12-16T10:31:00,https://w3id.org/ufes/ontodiplomadigital/instancias-ficticias#documentacaoAcademicaLote101,Pessoa Fictícia-0016,CPF-FICTICIO-0016,Diretor Geral,urn:fake:pdfa:ato-designacao:lote01,https://w3id.org/ufes/ontodiplomadigital/instancias-ficticias#historicoLote101,HISTORICO-0103
CASO0104,diplomaLote102,DiplomaDigital,Diploma 104,Ativo,2026-12-14,diplomadoLote102,Diplomado,Pessoa Fictícia-0254,Brasileira,CPF-FICTICIO-0446,localNaturalidadeBr3550308,LocalNaturalidade,São Paulo (SP),3550308,São Paulo,SP,,cursoLote102,Curso,Tecnologia em Humanidades Digitais,,2400,2026-11-12,Tecnologia,Tecnologo,Semipresencial,enderecoCursoLote06,Endereco,iesEmissoraLote02,IesEmissora,Centro Universitario Horizonte Semântico,CNPJ-FICTICIO-0013/CNPJ-FICTICIO-0014,iesRegistradoraLote06,IesRegistradora,Universidade Federal de Registro Semântico,CNPJ-FICTICIO-0031/CNPJ-FICTICIO-0032,registroLote102,RegistroDiploma,https://w3id.org/ufes/ontodiplomadigital/instancias-ficticias#requisicaoDocumentacao104,ReqDip00000000000000000000000000000000000000000104,https://w3id.org/ufes/ontodiplomadigital/instancias-ficticias#processoAdministrativo104,PROC-FAKE-2026-0104,2026-12-19,RDP-FAKE-0104,assinaturaLote102,AssinaturaDigital,2026-12-19T11:32:00,PAdES,CODIGO-VALIDACAO-FICTICIO-0207,CodigoValidacao,CODIGO-VALIDACAO-FICTICIO-0208,https://w3id.org/ufes/ontodiplomadigital/instancias-ficticias#diplomaLote102,1.05,Producao,produção,Portal Público Fictício de Consulta de Diplomas,,https://w3id.org/ufes/ontodiplomadigital/instancias-ficticias#diplomadoLote102,Campus de Dados 06,,Bloco A,,Sao Paulo,SP,31006-000,Brasil,,Especialista em Humanidades Digitais,tratamento documental,Processos de registro academico,2026-11-12,EMEC-FAKE-2026-0104,Análise de regularidade do curso 104,2026-06-20,2026-06-05,MEC-EM-0002,"Avenida Sintetica 102, Setor Emissor",Belo Horizonte,MG,29002-000,Brasil,MEC-RG-0006,"Rua Registral 206, Setor de Proveniencia",Florianopolis,SC,30006-000,Brasil,https://w3id.org/ufes/ontodiplomadigital/instancias-ficticias#registroLote102,ReqDip00000000000000000000000000000000000000000104,2026-11-19,2026-12-04,L-2026-4,102,104,Caso sintetico 104 com status ativo e modalidade semipresencial.,Pessoa Fictícia-0037,CPF-FICTICIO-0447,MAT-REG-0104,Assinante Fictício-0255,CPF-FICTICIO-0448,Reitoria de Registro 3,Pessoa Fictícia-0011,CPF-FICTICIO-0449,Pro-Reitora de Graduacao,AssinaturaPFEmissora,,,2026-12-19T11:32:00,https://w3id.org/ufes/ontodiplomadigital/instancias-ficticias#documentacaoAcademicaLote102,Pessoa Fictícia-0021,CPF-FICTICIO-0021,Diretora Geral,urn:fake:pdfa:ato-designacao:lote02,https://w3id.org/ufes/ontodiplomadigital/instancias-ficticias#historicoLote102,HISTORICO-0104
CASO0105,diplomaLote103,DiplomaDigital,Diploma 105,Ativo,2026-12-17,diplomadoLote103,Diplomado,Pessoa Fictícia-0256,Brasileira,CPF-FICTICIO-0450,localNaturalidadeBr2927408,LocalNaturalidade,Salvador (BA),2927408,Salvador,BA,,cursoLote103,Curso,Bacharelado em Documentacao Tecnica,CURSO-FAKE-0105,2600,2026-11-15,Bacharelado,Bacharel,Presencial,enderecoCursoLote11,Endereco,iesEmissoraLote03,IesEmissora,Instituto Federal de Curadoria Digital,CNPJ-FICTICIO-0017/CNPJ-FICTICIO-0018,iesRegistradoraLote07,IesRegistradora,Instituto de Segurança Documental,CNPJ-FICTICIO-0035/CNPJ-FICTICIO-0036,registroLote103,RegistroDiploma,https://w3id.org/ufes/ontodiplomadigital/instancias-ficticias#requisicaoDocumentacao105,ReqDip00000000000000000000000000000000000000000105,https://w3id.org/ufes/ontodiplomadigital/instancias-ficticias#processoAdministrativo105,PROC-FAKE-2026-0105,2026-12-22,RDP-FAKE-0105,assinaturaLote103,AssinaturaDigital,2026-12-22T12:33:00,XAdES,CODIGO-VALIDACAO-FICTICIO-0209,CodigoValidacao,CODIGO-VALIDACAO-FICTICIO-0210,https://w3id.org/ufes/ontodiplomadigital/instancias-ficticias#diplomaLote103,1.05,Homologacao,homologação,GovBR Acadêmico Fictício,,https://w3id.org/ufes/ontodiplomadigital/instancias-ficticias#diplomadoLote103,Campus de Dados 11,,Bloco A,,Belo Horizonte,MG,31011-000,Brasil,,,interoperabilidade semantica,,,,,,,MEC-EM-0003,"Avenida Sintetica 103, Setor Emissor",Salvador,BA,29003-000,Brasil,MEC-RG-0007,"Rua Registral 207, Setor de Proveniencia",Belem,PA,30007-000,Brasil,https://w3id.org/ufes/ontodiplomadigital/instancias-ficticias#registroLote103,ReqDip00000000000000000000000000000000000000000105,2026-11-22,2026-12-07,L-2026-5,103,105,Caso sintetico 105 com status ativo e modalidade presencial.,Pessoa Fictícia-0040,CPF-FICTICIO-0451,MAT-REG-0105,Assinante Fictício-0257,CPF-FICTICIO-0452,Reitoria de Registro 4,Pessoa Fictícia-0016,CPF-FICTICIO-0453,Reitor,AssinaturaPJArquivamentoDocumentacaoAcademica,Instituto Federal de Curadoria Digital,,2026-12-22T12:33:00,https://w3id.org/ufes/ontodiplomadigital/instancias-ficticias#documentacaoAcademicaLote103,Pessoa Fictícia-0026,CPF-FICTICIO-0026,Procurador Institucional,urn:fake:pdfa:ato-designacao:lote03,https://w3id.org/ufes/ontodiplomadigital/instancias-ficticias#historicoLote103,HISTORICO-0105
CASO0106,diplomaLote104,DiplomaDigital,Diploma 106,Revogado,2026-12-20,diplomadoLote104,Diplomado,Pessoa Fictícia-0258,Brasileira,CPF-FICTICIO-0454,localNaturalidadeBr5208707,LocalNaturalidade,Goiânia (GO),5208707,Goiânia,GO,,cursoLote104,CursoNSF,Licenciatura em Governanca Informacional,,2800,2026-11-18,Licenciatura,Licenciado,Ead,enderecoCursoLote08,Endereco,iesEmissoraLote04,IesEmissora,Universidade Metropolitana da Informação,CNPJ-FICTICIO-0021/CNPJ-FICTICIO-0022,iesRegistradoraLote08,IesRegistradora,Centro Universitario de Rastreabilidade Acadêmica,CNPJ-FICTICIO-0039/CNPJ-FICTICIO-0040,registroLote104,RegistroDiplomaNSF,https://w3id.org/ufes/ontodiplomadigital/instancias-ficticias#requisicaoDocumentacao106,ReqDip00000000000000000000000000000000000000000106,https://w3id.org/ufes/ontodiplomadigital/instancias-ficticias#processoAdministrativo106,PROC-FAKE-2026-0106,2026-12-25,RDP-FAKE-0106,assinaturaLote104,AssinaturaDigital,2026-12-25T13:34:00,CAdES,CODIGO-VALIDACAO-FICTICIO-0211,CodigoValidacao,CODIGO-VALIDACAO-FICTICIO-0212,https://w3id.org/ufes/ontodiplomadigital/instancias-ficticias#diplomaLote104,1.05,Producao,produção,Portal Público Fictício de Consulta de Diplomas,,https://w3id.org/ufes/ontodiplomadigital/instancias-ficticias#diplomadoLote104,Campus de Dados 08,,Bloco C,,Florianopolis,SC,31008-000,Brasil,,,curadoria digital,,,EMEC-FAKE-2026-0106,Análise de regularidade do curso 106,2026-06-26,2026-06-11,MEC-EM-0004,"Avenida Sintetica 104, Setor Emissor",Brasilia,DF,29004-000,Brasil,MEC-RG-0008,"Rua Registral 208, Setor de Proveniencia",Vitoria,ES,30008-000,Brasil,https://w3id.org/ufes/ontodiplomadigital/instancias-ficticias#registroLote104,ReqDip00000000000000000000000000000000000000000106,2026-11-25,2026-12-10,L-2026-6,104,106,Caso sintetico 106 com status revogado e modalidade ead.,Pessoa Fictícia-0043,CPF-FICTICIO-0455,MAT-REG-0106,Assinante Fictício-0259,CPF-FICTICIO-0456,Reitoria de Registro 5,Pessoa Fictícia-0021,CPF-FICTICIO-0457,Reitora,AssinaturaPJRegistradora,Centro Universitario de Rastreabilidade Acadêmica,,2026-12-25T13:34:00,https://w3id.org/ufes/ontodiplomadigital/instancias-ficticias#documentacaoAcademicaLote104,Pessoa Fictícia-0031,CPF-FICTICIO-0031,Procuradora Institucional,urn:fake:pdfa:ato-designacao:lote04,https://w3id.org/ufes/ontodiplomadigital/instancias-ficticias#historicoLote104,HISTORICO-0106
CASO0107,diplomaLote105,DiplomaDigital,Diploma 107,Anulado,2026-12-23,diplomadoLote105,Diplomado,Pessoa Fictícia-0260,Brasileira,CPF-FICTICIO-0458,localNaturalidadeBr2927408,LocalNaturalidade,Salvador (BA),2927408,Salvador,BA,,cursoLote105,Curso,Tecnologia em Interoperabilidade Semântica,CURSO-FAKE-0107,3000,2026-11-21,Tecnologia,Tecnologo,Semipresencial,enderecoCursoLote08,Endereco,iesEmissoraLote05,IesEmissora,Faculdade Nacional de Dados Ligados,CNPJ-FICTICIO-0025/CNPJ-FICTICIO-0026,iesRegistradoraLote01,IesRegistradora,Universidade Registradora do Brasil Digital,CNPJ-FICTICIO-0011/CNPJ-FICTICIO-0012,registroLote105,RegistroDiploma,https://w3id.org/ufes/ontodiplomadigital/instancias-ficticias#requisicaoDocumentacao107,ReqDip00000000000000000000000000000000000000000107,https://w3id.org/ufes/ontodiplomadigital/instancias-ficticias#processoAdministrativo107,PROC-FAKE-2026-0107,2026-12-28,RDP-FAKE-0107,assinaturaLote105,AssinaturaDigital,2026-12-28T14:35:00,PAdES,CODIGO-VALIDACAO-FICTICIO-0213,CodigoValidacao,CODIGO-VALIDACAO-FICTICIO-0214,https://w3id.org/ufes/ontodiplomadigital/instancias-ficticias#diplomaLote105,1.05,Homologacao,homologação,GovBR Acadêmico Fictício,,https://w3id.org/ufes/ontodiplomadigital/instancias-ficticias#diplomadoLote105,Campus de Dados 08,,Bloco C,,Florianopolis,SC,31008-000,Brasil,,,organizacao do conhecimento,Análise semantica aplicada,2026-11-21,,,,,MEC-EM-0005,"Avenida Sintetica 105, Setor Emissor",Recife,PE,29005-000,Brasil,MEC-RG-0001,"Rua Registral 201, Setor de Proveniencia",Curitiba,PR,30001-000,Brasil,https://w3id.org/ufes/ontodiplomadigital/instancias-ficticias#registroLote105,ReqDip00000000000000000000000000000000000000000107,2026-11-28,2026-12-13,L-2026-7,105,107,Caso sintetico 107 com status anulado e modalidade semipresencial.,Pessoa Fictícia-0046,CPF-FICTICIO-0459,MAT-REG-0107,Assinante Fictício-0261 | Assinante Fictício-0262,CPF-FICTICIO-0460 | CPF-FICTICIO-0461,Reitoria de Registro 6 | Secretaria Acadêmica Integrada,Pessoa Fictícia-0026,CPF-FICTICIO-0462,Diretor Acadêmico,AssinaturaPJEmissora,Faculdade Nacional de Dados Ligados,,2026-12-28T14:35:00,https://w3id.org/ufes/ontodiplomadigital/instancias-ficticias#documentacaoAcademicaLote105,Assinante Fictício-0005,CPF-FICTICIO-0037,Reitor,urn:fake:pdfa:ato-designacao:lote05,https://w3id.org/ufes/ontodiplomadigital/instancias-ficticias#historicoLote105,HISTORICO-0107
CASO0108,diplomaLote106,DiplomaDigital,Diploma 108,Ativo,2026-12-26,diplomadoLote106,Diplomado,Pessoa Fictícia-0263,Brasileira,CPF-FICTICIO-0463,localNaturalidadeBr2611606,LocalNaturalidade,Recife (PE),2611606,Recife,PE,,cursoLote106,Curso,Bacharelado em Preservacao Digital,CURSO-FAKE-0108,3200,2026-11-24,Bacharelado,Bacharel,Presencial,enderecoCursoLote10,Endereco,iesEmissoraLote06,IesEmissora,Universidade de Estudos Documentais,CNPJ-FICTICIO-0029/CNPJ-FICTICIO-0030,iesRegistradoraLote02,IesRegistradora,Centro de Registro Interoperável,CNPJ-FICTICIO-0015/CNPJ-FICTICIO-0016,registroLote106,RegistroDiploma,https://w3id.org/ufes/ontodiplomadigital/instancias-ficticias#requisicaoDocumentacao108,ReqDip00000000000000000000000000000000000000000108,https://w3id.org/ufes/ontodiplomadigital/instancias-ficticias#processoAdministrativo108,PROC-FAKE-2026-0108,2026-12-31,RDP-FAKE-0108,assinaturaLote106,AssinaturaDigital,2026-12-31T15:36:00,XAdES,CODIGO-VALIDACAO-FICTICIO-0215,CodigoValidacao,CODIGO-VALIDACAO-FICTICIO-0216,https://w3id.org/ufes/ontodiplomadigital/instancias-ficticias#diplomaLote106,1.05,Producao,produção,Portal Público Fictício de Consulta de Diplomas,,https://w3id.org/ufes/ontodiplomadigital/instancias-ficticias#diplomadoLote106,Campus de Dados 10,,Bloco E,,Vitoria,ES,31010-000,Brasil,,,preservacao e acesso,,,,,,,MEC-EM-0006,"Avenida Sintetica 106, Setor Emissor",Curitiba,PR,29006-000,Brasil,MEC-RG-0002,"Rua Registral 202, Setor de Proveniencia",Fortaleza,CE,30002-000,Brasil,https://w3id.org/ufes/ontodiplomadigital/instancias-ficticias#registroLote106,ReqDip00000000000000000000000000000000000000000108,2026-12-01,2026-12-16,L-2026-1,106,108,Caso sintetico 108 com status ativo e modalidade presencial.,Pessoa Fictícia-0049,CPF-FICTICIO-0464,MAT-REG-0108,Assinante Fictício-0264,CPF-FICTICIO-0465,Reitoria de Registro 7,Pessoa Fictícia-0031,CPF-FICTICIO-0466,Diretora Acadêmica,AssinaturaPFResponsavelRegistro,,Autoridade Certificadora Fictícia Integridade Digital,2026-12-31T15:36:00,https://w3id.org/ufes/ontodiplomadigital/instancias-ficticias#documentacaoAcademicaLote106,Assinante Fictício-0010,CPF-FICTICIO-0042,Reitora,urn:fake:pdfa:ato-designacao:lote06,https://w3id.org/ufes/ontodiplomadigital/instancias-ficticias#historicoLote106,HISTORICO-0108
CASO0109,diplomaLote107,DiplomaDigital,Diploma 109,Ativo,2026-12-29,diplomadoLote107,Diplomado,Pessoa Fictícia-0265,Brasileira,CPF-FICTICIO-0467,localNaturalidadeBr4205407,LocalNaturalidade,Florianópolis (SC),4205407,Florianópolis,SC,,cursoLote107,Curso,Licenciatura em Análise Territorial de Dados,CURSO-FAKE-0109,3400,2026-11-27,Licenciatura,Licenciado,Ead,enderecoCursoLote05,Endereco,iesEmissoraLote07,IesEmissora,Centro Acadêmico de Interoperabilidade,CNPJ-FICTICIO-0033/CNPJ-FICTICIO-0034,iesRegistradoraLote03,IesRegistradora,Instituto Nacional de Validação Acadêmica,CNPJ-FICTICIO-0019/CNPJ-FICTICIO-0020,registroLote107,RegistroDiploma,https://w3id.org/ufes/ontodiplomadigital/instancias-ficticias#requisicaoDocumentacao109,ReqDip00000000000000000000000000000000000000000109,https://w3id.org/ufes/ontodiplomadigital/instancias-ficticias#processoAdministrativo109,PROC-FAKE-2027-0109,2027-01-03,RDP-FAKE-0109,assinaturaLote107,AssinaturaDigital,2027-01-03T16:37:00,CAdES,CODIGO-VALIDACAO-FICTICIO-0217,CodigoValidacao,CODIGO-VALIDACAO-FICTICIO-0218,https://w3id.org/ufes/ontodiplomadigital/instancias-ficticias#diplomaLote107,1.05,Homologacao,homologação,GovBR Acadêmico Fictício,,https://w3id.org/ufes/ontodiplomadigital/instancias-ficticias#diplomadoLote107,Campus de Dados 05,,Bloco E,,Goiania,GO,31005-000,Brasil,,,governanca de dados,,,,,,,MEC-EM-0007,"Avenida Sintetica 107, Setor Emissor",Fortaleza,CE,29007-000,Brasil,MEC-RG-0003,"Rua Registral 203, Setor de Proveniencia",Goiania,GO,30003-000,Brasil,https://w3id.org/ufes/ontodiplomadigital/instancias-ficticias#registroLote107,ReqDip00000000000000000000000000000000000000000109,2026-12-04,2026-12-19,L-2027-2,107,109,Caso sintetico 109 com status ativo e modalidade ead.,Pessoa Fictícia-0053,CPF-FICTICIO-0468,MAT-REG-0109,Assinante Fictício-0266,CPF-FICTICIO-0469,Reitoria de Registro 8,Assinante Fictício-0005,CPF-FICTICIO-0470,Secretario Geral Acadêmico,AssinaturaPFEmissora,,,2027-01-03T16:37:00,https://w3id.org/ufes/ontodiplomadigital/instancias-ficticias#documentacaoAcademicaLote107,Assinante Fictício-0015,CPF-FICTICIO-0047,Diretor Geral,urn:fake:pdfa:ato-designacao:lote07,https://w3id.org/ufes/ontodiplomadigital/instancias-ficticias#historicoLote107,HISTORICO-0109
CASO0110,diplomaLote108,DiplomaDigital,Diploma 110,Ativo,2027-01-01,diplomadoLote108,Diplomado,Pessoa Fictícia-0267,Brasileira,CPF-FICTICIO-0471,localNaturalidadeBr2927408,LocalNaturalidade,Salvador (BA),2927408,Salvador,BA,,cursoLote108,CursoNSF,Tecnologia em Memoria Institucional,,2400,2026-11-30,Tecnologia,Tecnologo,Semipresencial,enderecoCursoLote12,Endereco,iesEmissoraLote08,IesEmissora,Instituto Superior de Preservacao Informacional,CNPJ-FICTICIO-0037/CNPJ-FICTICIO-0038,iesRegistradoraLote04,IesRegistradora,Universidade Curadora de Diplomas,CNPJ-FICTICIO-0023/CNPJ-FICTICIO-0024,registroLote108,RegistroDiplomaNSF,https://w3id.org/ufes/ontodiplomadigital/instancias-ficticias#requisicaoDocumentacao110,ReqDip00000000000000000000000000000000000000000110,https://w3id.org/ufes/ontodiplomadigital/instancias-ficticias#processoAdministrativo110,PROC-FAKE-2027-0110,2027-01-06,RDP-FAKE-0110,assinaturaLote108,AssinaturaDigital,2027-01-06T08:38:00,PAdES,CODIGO-VALIDACAO-FICTICIO-0219,CodigoValidacao,CODIGO-VALIDACAO-FICTICIO-0220,https://w3id.org/ufes/ontodiplomadigital/instancias-ficticias#diplomaLote108,1.05,Producao,produção,Portal Público Fictício de Consulta de Diplomas,,https://w3id.org/ufes/ontodiplomadigital/instancias-ficticias#diplomadoLote108,Campus de Dados 12,,Bloco B,,Salvador,BA,31012-000,Brasil,,Especialista em Memoria Institucional,tratamento documental,Processos de registro academico,2026-11-30,EMEC-FAKE-2027-0110,Análise de regularidade do curso 110,2026-07-08,2026-06-23,MEC-EM-0008,"Avenida Sintetica 108, Setor Emissor",Goiania,GO,29008-000,Brasil,MEC-RG-0004,"Rua Registral 204, Setor de Proveniencia",Sao Paulo,SP,30004-000,Brasil,https://w3id.org/ufes/ontodiplomadigital/instancias-ficticias#registroLote108,ReqDip00000000000000000000000000000000000000000110,2026-12-07,2026-12-22,L-2027-3,108,110,Caso sintetico 110 com status ativo e modalidade semipresencial.,Pessoa Fictícia-0056,CPF-FICTICIO-0472,MAT-REG-0110,Assinante Fictício-0268,CPF-FICTICIO-0473,Reitoria de Registro 9,Assinante Fictício-0010,CPF-FICTICIO-0474,Secretaria Geral Acadêmica,AssinaturaPJArquivamentoDocumentacaoAcademica,Instituto Superior de Preservacao Informacional,,2027-01-06T08:38:00,https://w3id.org/ufes/ontodiplomadigital/instancias-ficticias#documentacaoAcademicaLote108,Assinante Fictício-0020,CPF-FICTICIO-0052,Diretora Geral,urn:fake:pdfa:ato-designacao:lote08,https://w3id.org/ufes/ontodiplomadigital/instancias-ficticias#historicoLote108,HISTORICO-0110
CASO0111,diplomaLote109,DiplomaDigital,Diploma 111,Revogado,2027-01-04,diplomadoLote109,Diplomado,Pessoa Fictícia-0269,Brasileira,CPF-FICTICIO-0475,localNaturalidadeBr1100205,LocalNaturalidade,Porto Velho (RO),1100205,Porto Velho,RO,,cursoLote109,Curso,Bacharelado em Ciência de Dados Publicos,CURSO-FAKE-0111,2600,2026-12-03,Bacharelado,Bacharel,Presencial,enderecoCursoLote12,Endereco,iesEmissoraLote09,IesEmissora,Universidade do Patrimonio Digital,CNPJ-FICTICIO-0041/CNPJ-FICTICIO-0042,iesRegistradoraLote05,IesRegistradora,Centro Registral de Conhecimento Aplicado,CNPJ-FICTICIO-0027/CNPJ-FICTICIO-0028,registroLote109,RegistroDiploma,https://w3id.org/ufes/ontodiplomadigital/instancias-ficticias#requisicaoDocumentacao111,ReqDip00000000000000000000000000000000000000000111,https://w3id.org/ufes/ontodiplomadigital/instancias-ficticias#processoAdministrativo111,PROC-FAKE-2027-0111,2027-01-09,RDP-FAKE-0111,assinaturaLote109,AssinaturaDigital,2027-01-09T09:39:00,XAdES,CODIGO-VALIDACAO-FICTICIO-0221,CodigoValidacao,CODIGO-VALIDACAO-FICTICIO-0222,https://w3id.org/ufes/ontodiplomadigital/instancias-ficticias#diplomaLote109,1.05,Homologacao,homologação,GovBR Acadêmico Fictício,,https://w3id.org/ufes/ontodiplomadigital/instancias-ficticias#diplomadoLote109,Campus de Dados 12,,Bloco B,,Salvador,BA,31012-000,Brasil,,,interoperabilidade semantica,,,,,,,MEC-EM-0009,"Avenida Sintetica 109, Setor Emissor",Sao Paulo,SP,29009-000,Brasil,MEC-RG-0005,"Rua Registral 205, Setor de Proveniencia",Rio de Janeiro,RJ,30005-000,Brasil,https://w3id.org/ufes/ontodiplomadigital/instancias-ficticias#registroLote109,ReqDip00000000000000000000000000000000000000000111,2026-12-10,2026-12-25,L-2027-4,109,111,Caso sintetico 111 com status revogado e modalidade presencial.,Pessoa Fictícia-0013,CPF-FICTICIO-0476,MAT-REG-0111,Assinante Fictício-0270,CPF-FICTICIO-0477,Reitoria de Registro 1,Assinante Fictício-0015,CPF-FICTICIO-0478,Pro-Reitor de Graduacao,AssinaturaPJRegistradora,Centro Registral de Conhecimento Aplicado,,2027-01-09T09:39:00,https://w3id.org/ufes/ontodiplomadigital/instancias-ficticias#documentacaoAcademicaLote109,Assinante Fictício-0025,CPF-FICTICIO-0057,Procurador Institucional,urn:fake:pdfa:ato-designacao:lote09,https://w3id.org/ufes/ontodiplomadigital/instancias-ficticias#historicoLote109,HISTORICO-0111
CASO0112,diplomaLote110,DiplomaDigital,Diploma 112,Anulado,2027-01-07,diplomadoLote110,Diplomado,Pessoa Fictícia-0271,Brasileira,CPF-FICTICIO-0479,localNaturalidadeBr1200401,LocalNaturalidade,Rio Branco (AC),1200401,Rio Branco,AC,,cursoLote110,Curso,Licenciatura em Curadoria Digital,CURSO-FAKE-0112,2800,2026-12-06,Licenciatura,Licenciado,Ead,enderecoCursoLote02,Endereco,iesEmissoraLote10,IesEmissora,Centro Universitario de Modelagem Conceitual,CNPJ-FICTICIO-0043/CNPJ-FICTICIO-0044,iesRegistradoraLote06,IesRegistradora,Universidade Federal de Registro Semântico,CNPJ-FICTICIO-0031/CNPJ-FICTICIO-0032,registroLote110,RegistroDiploma,https://w3id.org/ufes/ontodiplomadigital/instancias-ficticias#requisicaoDocumentacao112,ReqDip00000000000000000000000000000000000000000112,https://w3id.org/ufes/ontodiplomadigital/instancias-ficticias#processoAdministrativo112,PROC-FAKE-2027-0112,2027-01-12,RDP-FAKE-0112,assinaturaLote110,AssinaturaDigital,2027-01-12T10:40:00,CAdES,CODIGO-VALIDACAO-FICTICIO-0223,CodigoValidacao,CODIGO-VALIDACAO-FICTICIO-0224,https://w3id.org/ufes/ontodiplomadigital/instancias-ficticias#diplomaLote110,1.05,Producao,produção,Portal Público Fictício de Consulta de Diplomas,,https://w3id.org/ufes/ontodiplomadigital/instancias-ficticias#diplomadoLote110,Campus de Dados 02,,Bloco B,,Recife,PE,31002-000,Brasil,,,curadoria digital,,,,,,,MEC-EM-0010,"Avenida Sintetica 110, Setor Emissor",Rio de Janeiro,RJ,29010-000,Brasil,MEC-RG-0006,"Rua Registral 206, Setor de Proveniencia",Florianopolis,SC,30006-000,Brasil,https://w3id.org/ufes/ontodiplomadigital/instancias-ficticias#registroLote110,ReqDip00000000000000000000000000000000000000000112,2026-12-13,2026-12-28,L-2027-5,110,112,Caso sintetico 112 com status anulado e modalidade ead.,Pessoa Fictícia-0018,CPF-FICTICIO-0480,MAT-REG-0112,Assinante Fictício-0272 | Assinante Fictício-0273,CPF-FICTICIO-0481 | CPF-FICTICIO-0482,Reitoria de Registro 2 | Secretaria Acadêmica Integrada,Assinante Fictício-0020,CPF-FICTICIO-0483,Pro-Reitora de Graduacao,AssinaturaPJEmissora,Centro Universitario de Modelagem Conceitual,,2027-01-12T10:40:00,https://w3id.org/ufes/ontodiplomadigital/instancias-ficticias#documentacaoAcademicaLote110,Assinante Fictício-0030,CPF-FICTICIO-0063,Procuradora Institucional,urn:fake:pdfa:ato-designacao:lote10,https://w3id.org/ufes/ontodiplomadigital/instancias-ficticias#historicoLote110,HISTORICO-0112
CASO0113,diplomaLote111,DiplomaDigital,Diploma 113,Ativo,2027-01-10,diplomadoLote111,Diplomado,Pessoa Fictícia-0274,Brasileira,CPF-FICTICIO-0484,localNaturalidadeBr5300108,LocalNaturalidade,Brasília (DF),5300108,Brasília,DF,,cursoLote111,Curso,Tecnologia em Arquivologia Aplicada,CURSO-FAKE-0113,3000,2026-12-09,Tecnologia,Tecnologo,Semipresencial,enderecoCursoLote01,Endereco,iesEmissoraLote01,IesEmissora,Universidade Aberta do Conhecimento,CNPJ-FICTICIO-0009/CNPJ-FICTICIO-0010,iesRegistradoraLote07,IesRegistradora,Instituto de Segurança Documental,CNPJ-FICTICIO-0035/CNPJ-FICTICIO-0036,registroLote111,RegistroDiploma,https://w3id.org/ufes/ontodiplomadigital/instancias-ficticias#requisicaoDocumentacao113,ReqDip00000000000000000000000000000000000000000113,https://w3id.org/ufes/ontodiplomadigital/instancias-ficticias#processoAdministrativo113,PROC-FAKE-2027-0113,2027-01-15,RDP-FAKE-0113,assinaturaLote111,AssinaturaDigital,2027-01-15T11:41:00,PAdES,CODIGO-VALIDACAO-FICTICIO-0225,CodigoValidacao,CODIGO-VALIDACAO-FICTICIO-0226,https://w3id.org/ufes/ontodiplomadigital/instancias-ficticias#diplomaLote111,1.05,Homologacao,homologação,GovBR Acadêmico Fictício,,https://w3id.org/ufes/ontodiplomadigital/instancias-ficticias#diplomadoLote111,Campus de Dados 01,,Bloco A,,Brasilia,DF,31001-000,Brasil,,,organizacao do conhecimento,Análise semantica aplicada,2026-12-09,,,,,MEC-EM-0001,"Avenida Sintetica 101, Setor Emissor",Vitoria,ES,29001-000,Brasil,MEC-RG-0007,"Rua Registral 207, Setor de Proveniencia",Belem,PA,30007-000,Brasil,https://w3id.org/ufes/ontodiplomadigital/instancias-ficticias#registroLote111,ReqDip00000000000000000000000000000000000000000113,2026-12-16,2026-12-31,L-2027-6,111,113,Caso sintetico 113 com status ativo e modalidade semipresencial.,Pessoa Fictícia-0023,CPF-FICTICIO-0485,MAT-REG-0113,Assinante Fictício-0275,CPF-FICTICIO-0486,Reitoria de Registro 3,Assinante Fictício-0025,CPF-FICTICIO-0487,Reitor,AssinaturaPFResponsavelRegistro,,,2027-01-15T11:41:00,https://w3id.org/ufes/ontodiplomadigital/instancias-ficticias#documentacaoAcademicaLote111,Pessoa Fictícia-0016,CPF-FICTICIO-0016,Diretor Geral,urn:fake:pdfa:ato-designacao:lote01,https://w3id.org/ufes/ontodiplomadigital/instancias-ficticias#historicoLote111,HISTORICO-0113
CASO0114,diplomaLote112,DiplomaDigital,Diploma 114,Ativo,2027-01-13,diplomadoLote112,Diplomado,Pessoa Fictícia-0276,Brasileira,CPF-FICTICIO-0488,localNaturalidadeBr3550308,LocalNaturalidade,São Paulo (SP),3550308,São Paulo,SP,,cursoLote112,CursoNSF,Bacharelado em Biblioteconomia Analitica,,3200,2026-12-12,Bacharelado,Bacharel,Presencial,enderecoCursoLote04,Endereco,iesEmissoraLote02,IesEmissora,Centro Universitario Horizonte Semântico,CNPJ-FICTICIO-0013/CNPJ-FICTICIO-0014,iesRegistradoraLote08,IesRegistradora,Centro Universitario de Rastreabilidade Acadêmica,CNPJ-FICTICIO-0039/CNPJ-FICTICIO-0040,registroLote112,RegistroDiplomaNSF,https://w3id.org/ufes/ontodiplomadigital/instancias-ficticias#requisicaoDocumentacao114,ReqDip00000000000000000000000000000000000000000114,https://w3id.org/ufes/ontodiplomadigital/instancias-ficticias#processoAdministrativo114,PROC-FAKE-2027-0114,2027-01-18,RDP-FAKE-0114,assinaturaLote112,AssinaturaDigital,2027-01-18T12:42:00,XAdES,CODIGO-VALIDACAO-FICTICIO-0227,CodigoValidacao,CODIGO-VALIDACAO-FICTICIO-0228,https://w3id.org/ufes/ontodiplomadigital/instancias-ficticias#diplomaLote112,1.05,Producao,produção,Portal Público Fictício de Consulta de Diplomas,,https://w3id.org/ufes/ontodiplomadigital/instancias-ficticias#diplomadoLote112,Campus de Dados 04,,Bloco D,,Fortaleza,CE,31004-000,Brasil,,,preservacao e acesso,,,EMEC-FAKE-2027-0114,Análise de regularidade do curso 114,2026-07-20,2026-07-05,MEC-EM-0002,"Avenida Sintetica 102, Setor Emissor",Belo Horizonte,MG,29002-000,Brasil,MEC-RG-0008,"Rua Registral 208, Setor de Proveniencia",Vitoria,ES,30008-000,Brasil,https://w3id.org/ufes/ontodiplomadigital/instancias-ficticias#registroLote112,ReqDip00000000000000000000000000000000000000000114,2026-12-19,2027-01-03,L-2027-7,112,114,Caso sintetico 114 com status ativo e modalidade presencial.,Pessoa Fictícia-0028,CPF-FICTICIO-0489,MAT-REG-0114,Assinante Fictício-0277,CPF-FICTICIO-0490,Reitoria de Registro 4,Assinante Fictício-0030,CPF-FICTICIO-0491,Reitora,AssinaturaPFEmissora,,,2027-01-18T12:42:00,https://w3id.org/ufes/ontodiplomadigital/instancias-ficticias#documentacaoAcademicaLote112,Pessoa Fictícia-0021,CPF-FICTICIO-0021,Diretora Geral,urn:fake:pdfa:ato-designacao:lote02,https://w3id.org/ufes/ontodiplomadigital/instancias-ficticias#historicoLote112,HISTORICO-0114
CASO0115,diplomaLote113,DiplomaDigital,Diploma 115,Ativo,2027-01-16,diplomadoLote113,Diplomado,Pessoa Fictícia-0278,Portuguesa,CPF-FICTICIO-0492,localNaturalidadeEstrangeiraLisboa,LocalNaturalidade,Lisboa (município estrangeiro),,,,Lisboa,cursoLote113,Curso,Licenciatura em Gestão da Informação,CURSO-FAKE-0115,3400,2026-12-15,Licenciatura,Licenciado,Ead,enderecoCursoLote02,Endereco,iesEmissoraLote03,IesEmissora,Instituto Federal de Curadoria Digital,CNPJ-FICTICIO-0017/CNPJ-FICTICIO-0018,iesRegistradoraLote01,IesRegistradora,Universidade Registradora do Brasil Digital,CNPJ-FICTICIO-0011/CNPJ-FICTICIO-0012,registroLote113,RegistroDiploma,https://w3id.org/ufes/ontodiplomadigital/instancias-ficticias#requisicaoDocumentacao115,ReqDip00000000000000000000000000000000000000000115,https://w3id.org/ufes/ontodiplomadigital/instancias-ficticias#processoAdministrativo115,PROC-FAKE-2027-0115,2027-01-21,RDP-FAKE-0115,assinaturaLote113,AssinaturaDigital,2027-01-21T13:43:00,CAdES,CODIGO-VALIDACAO-FICTICIO-0229,CodigoValidacao,CODIGO-VALIDACAO-FICTICIO-0230,https://w3id.org/ufes/ontodiplomadigital/instancias-ficticias#diplomaLote113,1.05,Homologacao,homologação,GovBR Acadêmico Fictício,,https://w3id.org/ufes/ontodiplomadigital/instancias-ficticias#diplomadoLote113,Campus de Dados 02,,Bloco B,,Recife,PE,31002-000,Brasil,,,governanca de dados,,,,,,,MEC-EM-0003,"Avenida Sintetica 103, Setor Emissor",Salvador,BA,29003-000,Brasil,MEC-RG-0001,"Rua Registral 201, Setor de Proveniencia",Curitiba,PR,30001-000,Brasil,https://w3id.org/ufes/ontodiplomadigital/instancias-ficticias#registroLote113,ReqDip00000000000000000000000000000000000000000115,2026-12-22,2027-01-06,L-2027-1,113,115,Caso sintetico 115 com status ativo e modalidade ead.,Pessoa Fictícia-0033,CPF-FICTICIO-0493,MAT-REG-0115,Assinante Fictício-0279,CPF-FICTICIO-0494,Reitoria de Registro 5,Pessoa Fictícia-0006,CPF-FICTICIO-0495,Diretor Acadêmico,AssinaturaPJArquivamentoDocumentacaoAcademica,Instituto Federal de Curadoria Digital,,2027-01-21T13:43:00,https://w3id.org/ufes/ontodiplomadigital/instancias-ficticias#documentacaoAcademicaLote113,Pessoa Fictícia-0026,CPF-FICTICIO-0026,Procurador Institucional,urn:fake:pdfa:ato-designacao:lote03,https://w3id.org/ufes/ontodiplomadigital/instancias-ficticias#historicoLote113,HISTORICO-0115
CASO0116,diplomaLote114,DiplomaDigital,Diploma 116,Revogado,2027-01-19,diplomadoLote114,Diplomado,Pessoa Fictícia-0280,Brasileira,CPF-FICTICIO-0496,localNaturalidadeBr2111300,LocalNaturalidade,São Luís (MA),2111300,São Luís,MA,,cursoLote114,Curso,Tecnologia em Humanidades Digitais,,2400,2026-12-18,Tecnologia,Tecnologo,Semipresencial,enderecoCursoLote06,Endereco,iesEmissoraLote04,IesEmissora,Universidade Metropolitana da Informação,CNPJ-FICTICIO-0021/CNPJ-FICTICIO-0022,iesRegistradoraLote02,IesRegistradora,Centro de Registro Interoperável,CNPJ-FICTICIO-0015/CNPJ-FICTICIO-0016,registroLote114,RegistroDiploma,https://w3id.org/ufes/ontodiplomadigital/instancias-ficticias#requisicaoDocumentacao116,ReqDip00000000000000000000000000000000000000000116,https://w3id.org/ufes/ontodiplomadigital/instancias-ficticias#processoAdministrativo116,PROC-FAKE-2027-0116,2027-01-24,RDP-FAKE-0116,assinaturaLote114,AssinaturaDigital,2027-01-24T14:44:00,PAdES,CODIGO-VALIDACAO-FICTICIO-0231,CodigoValidacao,CODIGO-VALIDACAO-FICTICIO-0232,https://w3id.org/ufes/ontodiplomadigital/instancias-ficticias#diplomaLote114,1.05,Producao,produção,Portal Público Fictício de Consulta de Diplomas,,https://w3id.org/ufes/ontodiplomadigital/instancias-ficticias#diplomadoLote114,Campus de Dados 06,,Bloco A,,Sao Paulo,SP,31006-000,Brasil,,Especialista em Humanidades Digitais,tratamento documental,Processos de registro academico,2026-12-18,EMEC-FAKE-2027-0116,Análise de regularidade do curso 116,2026-07-26,2026-07-11,MEC-EM-0004,"Avenida Sintetica 104, Setor Emissor",Brasilia,DF,29004-000,Brasil,MEC-RG-0002,"Rua Registral 202, Setor de Proveniencia",Fortaleza,CE,30002-000,Brasil,https://w3id.org/ufes/ontodiplomadigital/instancias-ficticias#registroLote114,ReqDip00000000000000000000000000000000000000000116,2026-12-25,2027-01-09,L-2027-2,114,116,Caso sintetico 116 com status revogado e modalidade semipresencial.,Pessoa Fictícia-0037,CPF-FICTICIO-0497,MAT-REG-0116,Assinante Fictício-0281,CPF-FICTICIO-0498,Reitoria de Registro 6,Pessoa Fictícia-0011,CPF-FICTICIO-0499,Diretora Acadêmica,AssinaturaPJRegistradora,Centro de Registro Interoperável,,2027-01-24T14:44:00,https://w3id.org/ufes/ontodiplomadigital/instancias-ficticias#documentacaoAcademicaLote114,Pessoa Fictícia-0031,CPF-FICTICIO-0031,Procuradora Institucional,urn:fake:pdfa:ato-designacao:lote04,https://w3id.org/ufes/ontodiplomadigital/instancias-ficticias#historicoLote114,HISTORICO-0116
CASO0117,diplomaLote115,DiplomaDigital,Diploma 117,Anulado,2027-01-22,diplomadoLote115,Diplomado,Pessoa Fictícia-0282,Brasileira,CPF-FICTICIO-0500,localNaturalidadeBr4106902,LocalNaturalidade,Curitiba (PR),4106902,Curitiba,PR,,cursoLote115,Curso,Bacharelado em Documentacao Tecnica,CURSO-FAKE-0117,2600,2026-12-21,Bacharelado,Bacharel,Presencial,enderecoCursoCaso1,Endereco,iesEmissoraLote05,IesEmissora,Faculdade Nacional de Dados Ligados,CNPJ-FICTICIO-0025/CNPJ-FICTICIO-0026,iesRegistradoraLote03,IesRegistradora,Instituto Nacional de Validação Acadêmica,CNPJ-FICTICIO-0019/CNPJ-FICTICIO-0020,registroLote115,RegistroDiploma,https://w3id.org/ufes/ontodiplomadigital/instancias-ficticias#requisicaoDocumentacao117,ReqDip00000000000000000000000000000000000000000117,https://w3id.org/ufes/ontodiplomadigital/instancias-ficticias#processoAdministrativo117,PROC-FAKE-2027-0117,2027-01-27,RDP-FAKE-0117,assinaturaLote115,AssinaturaDigital,2027-01-27T15:45:00,XAdES,CODIGO-VALIDACAO-FICTICIO-0233,CodigoValidacao,CODIGO-VALIDACAO-FICTICIO-0234,https://w3id.org/ufes/ontodiplomadigital/instancias-ficticias#diplomaLote115,1.05,Homologacao,homologação,GovBR Acadêmico Fictício,,https://w3id.org/ufes/ontodiplomadigital/instancias-ficticias#diplomadoLote115,Campus Integracao,,Bloco A,,Vila Semantica,ES,29001-111,Brasil,,,interoperabilidade semantica,,,,,,,MEC-EM-0005,"Avenida Sintetica 105, Setor Emissor",Recife,PE,29005-000,Brasil,MEC-RG-0003,"Rua Registral 203, Setor de Proveniencia",Goiania,GO,30003-000,Brasil,https://w3id.org/ufes/ontodiplomadigital/instancias-ficticias#registroLote115,ReqDip00000000000000000000000000000000000000000117,2026-12-28,2027-01-12,L-2027-3,115,117,Caso sintetico 117 com status anulado e modalidade presencial.,Pessoa Fictícia-0040,CPF-FICTICIO-0501,MAT-REG-0117,Assinante Fictício-0283 | Assinante Fictício-0284,CPF-FICTICIO-0502 | CPF-FICTICIO-0503,Reitoria de Registro 7 | Secretaria Acadêmica Integrada,Pessoa Fictícia-0016,CPF-FICTICIO-0504,Secretario Geral Acadêmico,AssinaturaPJEmissora,Faculdade Nacional de Dados Ligados,,2027-01-27T15:45:00,https://w3id.org/ufes/ontodiplomadigital/instancias-ficticias#documentacaoAcademicaLote115,Assinante Fictício-0005,CPF-FICTICIO-0037,Reitor,urn:fake:pdfa:ato-designacao:lote05,https://w3id.org/ufes/ontodiplomadigital/instancias-ficticias#historicoLote115,HISTORICO-0117
CASO0118,diplomaLote116,DiplomaDigital,Diploma 118,Ativo,2027-01-25,diplomadoLote116,Diplomado,Pessoa Fictícia-0285,Brasileira,CPF-FICTICIO-0505,localNaturalidadeBr5208707,LocalNaturalidade,Goiânia (GO),5208707,Goiânia,GO,,cursoLote116,CursoNSF,Licenciatura em Governanca Informacional,,2800,2026-12-24,Licenciatura,Licenciado,Ead,enderecoCursoLote08,Endereco,iesEmissoraLote06,IesEmissora,Universidade de Estudos Documentais,CNPJ-FICTICIO-0029/CNPJ-FICTICIO-0030,iesRegistradoraLote04,IesRegistradora,Universidade Curadora de Diplomas,CNPJ-FICTICIO-0023/CNPJ-FICTICIO-0024,registroLote116,RegistroDiplomaNSF,https://w3id.org/ufes/ontodiplomadigital/instancias-ficticias#requisicaoDocumentacao118,ReqDip00000000000000000000000000000000000000000118,https://w3id.org/ufes/ontodiplomadigital/instancias-ficticias#processoAdministrativo118,PROC-FAKE-2027-0118,2027-01-30,RDP-FAKE-0118,assinaturaLote116,AssinaturaDigital,2027-01-30T16:46:00,CAdES,CODIGO-VALIDACAO-FICTICIO-0235,CodigoValidacao,CODIGO-VALIDACAO-FICTICIO-0236,https://w3id.org/ufes/ontodiplomadigital/instancias-ficticias#diplomaLote116,1.05,Producao,produção,Portal Público Fictício de Consulta de Diplomas,,https://w3id.org/ufes/ontodiplomadigital/instancias-ficticias#diplomadoLote116,Campus de Dados 08,,Bloco C,,Florianopolis,SC,31008-000,Brasil,,,curadoria digital,,,EMEC-FAKE-2027-0118,Análise de regularidade do curso 118,2026-08-01,2026-07-17,MEC-EM-0006,"Avenida Sintetica 106, Setor Emissor",Curitiba,PR,29006-000,Brasil,MEC-RG-0004,"Rua Registral 204, Setor de Proveniencia",Sao Paulo,SP,30004-000,Brasil,https://w3id.org/ufes/ontodiplomadigital/instancias-ficticias#registroLote116,ReqDip00000000000000000000000000000000000000000118,2026-12-31,2027-01-15,L-2027-4,116,118,Caso sintetico 118 com status ativo e modalidade ead.,Pessoa Fictícia-0043,CPF-FICTICIO-0506,MAT-REG-0118,Assinante Fictício-0286,CPF-FICTICIO-0507,Reitoria de Registro 8,Pessoa Fictícia-0021,CPF-FICTICIO-0508,Secretaria Geral Acadêmica,AssinaturaPFResponsavelRegistro,,,2027-01-30T16:46:00,https://w3id.org/ufes/ontodiplomadigital/instancias-ficticias#documentacaoAcademicaLote116,Assinante Fictício-0010,CPF-FICTICIO-0042,Reitora,urn:fake:pdfa:ato-designacao:lote06,https://w3id.org/ufes/ontodiplomadigital/instancias-ficticias#historicoLote116,HISTORICO-0118
CASO0119,diplomaLote117,DiplomaDigital,Diploma 119,Ativo,2027-01-28,diplomadoLote117,Diplomado,Pessoa Fictícia-0287,Brasileira,CPF-FICTICIO-0509,localNaturalidadeBr3550308,LocalNaturalidade,São Paulo (SP),3550308,São Paulo,SP,,cursoLote117,Curso,Tecnologia em Interoperabilidade Semântica,CURSO-FAKE-0119,3000,2026-12-27,Tecnologia,Tecnologo,Semipresencial,enderecoCursoCaso1,Endereco,iesEmissoraLote07,IesEmissora,Centro Acadêmico de Interoperabilidade,CNPJ-FICTICIO-0033/CNPJ-FICTICIO-0034,iesRegistradoraLote05,IesRegistradora,Centro Registral de Conhecimento Aplicado,CNPJ-FICTICIO-0027/CNPJ-FICTICIO-0028,registroLote117,RegistroDiploma,https://w3id.org/ufes/ontodiplomadigital/instancias-ficticias#requisicaoDocumentacao119,ReqDip00000000000000000000000000000000000000000119,https://w3id.org/ufes/ontodiplomadigital/instancias-ficticias#processoAdministrativo119,PROC-FAKE-2027-0119,2027-02-02,RDP-FAKE-0119,assinaturaLote117,AssinaturaDigital,2027-02-02T08:47:00,PAdES,CODIGO-VALIDACAO-FICTICIO-0237,CodigoValidacao,CODIGO-VALIDACAO-FICTICIO-0238,https://w3id.org/ufes/ontodiplomadigital/instancias-ficticias#diplomaLote117,1.05,Homologacao,homologação,GovBR Acadêmico Fictício,,https://w3id.org/ufes/ontodiplomadigital/instancias-ficticias#diplomadoLote117,Campus Integracao,,Bloco A,,Vila Semantica,ES,29001-111,Brasil,,,organizacao do conhecimento,Análise semantica aplicada,2026-12-27,,,,,MEC-EM-0007,"Avenida Sintetica 107, Setor Emissor",Fortaleza,CE,29007-000,Brasil,MEC-RG-0005,"Rua Registral 205, Setor de Proveniencia",Rio de Janeiro,RJ,30005-000,Brasil,https://w3id.org/ufes/ontodiplomadigital/instancias-ficticias#registroLote117,ReqDip00000000000000000000000000000000000000000119,2027-01-03,2027-01-18,L-2027-5,117,119,Caso sintetico 119 com status ativo e modalidade semipresencial.,Pessoa Fictícia-0046,CPF-FICTICIO-0510,MAT-REG-0119,Assinante Fictício-0288,CPF-FICTICIO-0511,Reitoria de Registro 9,Pessoa Fictícia-0026,CPF-FICTICIO-0512,Pro-Reitor de Graduacao,AssinaturaPFEmissora,,,2027-02-02T08:47:00,https://w3id.org/ufes/ontodiplomadigital/instancias-ficticias#documentacaoAcademicaLote117,Assinante Fictício-0015,CPF-FICTICIO-0047,Diretor Geral,urn:fake:pdfa:ato-designacao:lote07,https://w3id.org/ufes/ontodiplomadigital/instancias-ficticias#historicoLote117,HISTORICO-0119
CASO0120,diplomaLote118,DiplomaDigital,Diploma 120,Ativo,2027-01-31,diplomadoLote118,Diplomado,Pessoa Fictícia-0289,Brasileira,CPF-FICTICIO-0513,localNaturalidadeBr5208707,LocalNaturalidade,Goiânia (GO),5208707,Goiânia,GO,,cursoLote118,Curso,Bacharelado em Preservacao Digital,CURSO-FAKE-0120,3200,2026-12-30,Bacharelado,Bacharel,Presencial,enderecoCursoLote10,Endereco,iesEmissoraLote08,IesEmissora,Instituto Superior de Preservacao Informacional,CNPJ-FICTICIO-0037/CNPJ-FICTICIO-0038,iesRegistradoraLote06,IesRegistradora,Universidade Federal de Registro Semântico,CNPJ-FICTICIO-0031/CNPJ-FICTICIO-0032,registroLote118,RegistroDiploma,https://w3id.org/ufes/ontodiplomadigital/instancias-ficticias#requisicaoDocumentacao120,ReqDip00000000000000000000000000000000000000000120,https://w3id.org/ufes/ontodiplomadigital/instancias-ficticias#processoAdministrativo120,PROC-FAKE-2027-0120,2027-02-05,RDP-FAKE-0120,assinaturaLote118,AssinaturaDigital,2027-02-05T09:48:00,XAdES,CODIGO-VALIDACAO-FICTICIO-0239,CodigoValidacao,CODIGO-VALIDACAO-FICTICIO-0240,https://w3id.org/ufes/ontodiplomadigital/instancias-ficticias#diplomaLote118,1.05,Producao,produção,Portal Público Fictício de Consulta de Diplomas,,https://w3id.org/ufes/ontodiplomadigital/instancias-ficticias#diplomadoLote118,Campus de Dados 10,,Bloco E,,Vitoria,ES,31010-000,Brasil,,,preservacao e acesso,,,,,,,MEC-EM-0008,"Avenida Sintetica 108, Setor Emissor",Goiania,GO,29008-000,Brasil,MEC-RG-0006,"Rua Registral 206, Setor de Proveniencia",Florianopolis,SC,30006-000,Brasil,https://w3id.org/ufes/ontodiplomadigital/instancias-ficticias#registroLote118,ReqDip00000000000000000000000000000000000000000120,2027-01-06,2027-01-21,L-2027-6,118,120,Caso sintetico 120 com status ativo e modalidade presencial.,Pessoa Fictícia-0049,CPF-FICTICIO-0514,MAT-REG-0120,Assinante Fictício-0290,CPF-FICTICIO-0515,Reitoria de Registro 1,Pessoa Fictícia-0031,CPF-FICTICIO-0516,Pro-Reitora de Graduacao,AssinaturaPJArquivamentoDocumentacaoAcademica,Instituto Superior de Preservacao Informacional,Autoridade Certificadora Fictícia Integridade Digital,2027-02-05T09:48:00,https://w3id.org/ufes/ontodiplomadigital/instancias-ficticias#documentacaoAcademicaLote118,Assinante Fictício-0020,CPF-FICTICIO-0052,Diretora Geral,urn:fake:pdfa:ato-designacao:lote08,https://w3id.org/ufes/ontodiplomadigital/instancias-ficticias#historicoLote118,HISTORICO-0120
CASO0121,diplomaLote119,DiplomaDigital,Diploma 121,Revogado,2027-02-03,diplomadoLote119,Diplomado,Pessoa Fictícia-0291,Brasileira,CPF-FICTICIO-0517,localNaturalidadeBr3106200,LocalNaturalidade,Belo Horizonte (MG),3106200,Belo Horizonte,MG,,cursoLote119,Curso,Licenciatura em Análise Territorial de Dados,CURSO-FAKE-0121,3400,2027-01-02,Licenciatura,Licenciado,Ead,enderecoCursoLote04,Endereco,iesEmissoraLote09,IesEmissora,Universidade do Patrimonio Digital,CNPJ-FICTICIO-0041/CNPJ-FICTICIO-0042,iesRegistradoraLote07,IesRegistradora,Instituto de Segurança Documental,CNPJ-FICTICIO-0035/CNPJ-FICTICIO-0036,registroLote119,RegistroDiploma,https://w3id.org/ufes/ontodiplomadigital/instancias-ficticias#requisicaoDocumentacao121,ReqDip00000000000000000000000000000000000000000121,https://w3id.org/ufes/ontodiplomadigital/instancias-ficticias#processoAdministrativo121,PROC-FAKE-2027-0121,2027-02-08,RDP-FAKE-0121,assinaturaLote119,AssinaturaDigital,2027-02-08T10:49:00,CAdES,CODIGO-VALIDACAO-FICTICIO-0241,CodigoValidacao,CODIGO-VALIDACAO-FICTICIO-0242,https://w3id.org/ufes/ontodiplomadigital/instancias-ficticias#diplomaLote119,1.05,Homologacao,homologação,GovBR Acadêmico Fictício,,https://w3id.org/ufes/ontodiplomadigital/instancias-ficticias#diplomadoLote119,Campus de Dados 04,,Bloco D,,Fortaleza,CE,31004-000,Brasil,,,governanca de dados,,,,,,,MEC-EM-0009,"Avenida Sintetica 109, Setor Emissor",Sao Paulo,SP,29009-000,Brasil,MEC-RG-0007,"Rua Registral 207, Setor de Proveniencia",Belem,PA,30007-000,Brasil,https://w3id.org/ufes/ontodiplomadigital/instancias-ficticias#registroLote119,ReqDip00000000000000000000000000000000000000000121,2027-01-09,2027-01-24,L-2027-7,119,121,Caso sintetico 121 com status revogado e modalidade ead.,Pessoa Fictícia-0053,CPF-FICTICIO-0518,MAT-REG-0121,Assinante Fictício-0292,CPF-FICTICIO-0519,Reitoria de Registro 2,Assinante Fictício-0005,CPF-FICTICIO-0520,Reitor,AssinaturaPJRegistradora,Instituto de Segurança Documental,,2027-02-08T10:49:00,https://w3id.org/ufes/ontodiplomadigital/instancias-ficticias#documentacaoAcademicaLote119,Assinante Fictício-0025,CPF-FICTICIO-0057,Procurador Institucional,urn:fake:pdfa:ato-designacao:lote09,https://w3id.org/ufes/ontodiplomadigital/instancias-ficticias#historicoLote119,HISTORICO-0121
CASO0122,diplomaLote120,DiplomaDigital,Diploma 122,Anulado,2027-02-06,diplomadoLote120,Diplomado,Pessoa Fictícia-0293,Brasileira,CPF-FICTICIO-0521,localNaturalidadeBr2704302,LocalNaturalidade,Maceió (AL),2704302,Maceió,AL,,cursoLote120,CursoNSF,Tecnologia em Memoria Institucional,,2400,2027-01-05,Tecnologia,Tecnologo,Semipresencial,enderecoCursoLote12,Endereco,iesEmissoraLote10,IesEmissora,Centro Universitario de Modelagem Conceitual,CNPJ-FICTICIO-0043/CNPJ-FICTICIO-0044,iesRegistradoraLote08,IesRegistradora,Centro Universitario de Rastreabilidade Acadêmica,CNPJ-FICTICIO-0039/CNPJ-FICTICIO-0040,registroLote120,RegistroDiplomaNSF,https://w3id.org/ufes/ontodiplomadigital/instancias-ficticias#requisicaoDocumentacao122,ReqDip00000000000000000000000000000000000000000122,https://w3id.org/ufes/ontodiplomadigital/instancias-ficticias#processoAdministrativo122,PROC-FAKE-2027-0122,2027-02-11,RDP-FAKE-0122,assinaturaLote120,AssinaturaDigital,2027-02-11T11:10:00,PAdES,CODIGO-VALIDACAO-FICTICIO-0243,CodigoValidacao,CODIGO-VALIDACAO-FICTICIO-0244,https://w3id.org/ufes/ontodiplomadigital/instancias-ficticias#diplomaLote120,1.05,Producao,produção,Portal Público Fictício de Consulta de Diplomas,,https://w3id.org/ufes/ontodiplomadigital/instancias-ficticias#diplomadoLote120,Campus de Dados 12,,Bloco B,,Salvador,BA,31012-000,Brasil,,Especialista em Memoria Institucional,tratamento documental,Processos de registro academico,2027-01-05,EMEC-FAKE-2027-0122,Análise de regularidade do curso 122,2026-08-13,2026-07-29,MEC-EM-0010,"Avenida Sintetica 110, Setor Emissor",Rio de Janeiro,RJ,29010-000,Brasil,MEC-RG-0008,"Rua Registral 208, Setor de Proveniencia",Vitoria,ES,30008-000,Brasil,https://w3id.org/ufes/ontodiplomadigital/instancias-ficticias#registroLote120,ReqDip00000000000000000000000000000000000000000122,2027-01-12,2027-01-27,L-2027-1,120,122,Caso sintetico 122 com status anulado e modalidade semipresencial.,Pessoa Fictícia-0056,CPF-FICTICIO-0522,MAT-REG-0122,Assinante Fictício-0294 | Assinante Fictício-0295,CPF-FICTICIO-0523 | CPF-FICTICIO-0524,Reitoria de Registro 3 | Secretaria Acadêmica Integrada,Assinante Fictício-0010,CPF-FICTICIO-0525,Reitora,AssinaturaPJEmissora,Centro Universitario de Modelagem Conceitual,,2027-02-11T11:10:00,https://w3id.org/ufes/ontodiplomadigital/instancias-ficticias#documentacaoAcademicaLote120,Assinante Fictício-0030,CPF-FICTICIO-0063,Procuradora Institucional,urn:fake:pdfa:ato-designacao:lote10,https://w3id.org/ufes/ontodiplomadigital/instancias-ficticias#historicoLote120,HISTORICO-0122
CASO0123,diplomaLote121,DiplomaDigital,Diploma 123,Ativo,2027-02-09,diplomadoLote121,Diplomado,Pessoa Fictícia-0296,Brasileira,CPF-FICTICIO-0526,localNaturalidadeBr2927408,LocalNaturalidade,Salvador (BA),2927408,Salvador,BA,,cursoLote121,Curso,Bacharelado em Ciência de Dados Publicos,CURSO-FAKE-0123,2600,2027-01-08,Bacharelado,Bacharel,Presencial,enderecoCursoLote11,Endereco,iesEmissoraLote01,IesEmissora,Universidade Aberta do Conhecimento,CNPJ-FICTICIO-0009/CNPJ-FICTICIO-0010,iesRegistradoraLote01,IesRegistradora,Universidade Registradora do Brasil Digital,CNPJ-FICTICIO-0011/CNPJ-FICTICIO-0012,registroLote121,RegistroDiploma,https://w3id.org/ufes/ontodiplomadigital/instancias-ficticias#requisicaoDocumentacao123,ReqDip00000000000000000000000000000000000000000123,https://w3id.org/ufes/ontodiplomadigital/instancias-ficticias#processoAdministrativo123,PROC-FAKE-2027-0123,2027-02-14,RDP-FAKE-0123,assinaturaLote121,AssinaturaDigital,2027-02-14T12:11:00,XAdES,CODIGO-VALIDACAO-FICTICIO-0245,CodigoValidacao,CODIGO-VALIDACAO-FICTICIO-0246,https://w3id.org/ufes/ontodiplomadigital/instancias-ficticias#diplomaLote121,1.05,Homologacao,homologação,GovBR Acadêmico Fictício,,https://w3id.org/ufes/ontodiplomadigital/instancias-ficticias#diplomadoLote121,Campus de Dados 11,,Bloco A,,Belo Horizonte,MG,31011-000,Brasil,,,interoperabilidade semantica,,,,,,,MEC-EM-0001,"Avenida Sintetica 101, Setor Emissor",Vitoria,ES,29001-000,Brasil,MEC-RG-0001,"Rua Registral 201, Setor de Proveniencia",Curitiba,PR,30001-000,Brasil,https://w3id.org/ufes/ontodiplomadigital/instancias-ficticias#registroLote121,ReqDip00000000000000000000000000000000000000000123,2027-01-15,2027-01-30,L-2027-2,121,123,Caso sintetico 123 com status ativo e modalidade presencial.,Pessoa Fictícia-0013,CPF-FICTICIO-0527,MAT-REG-0123,Assinante Fictício-0297,CPF-FICTICIO-0528,Reitoria de Registro 4,Assinante Fictício-0015,CPF-FICTICIO-0529,Diretor Acadêmico,AssinaturaPFResponsavelRegistro,,,2027-02-14T12:11:00,https://w3id.org/ufes/ontodiplomadigital/instancias-ficticias#documentacaoAcademicaLote121,Pessoa Fictícia-0016,CPF-FICTICIO-0016,Diretor Geral,urn:fake:pdfa:ato-designacao:lote01,https://w3id.org/ufes/ontodiplomadigital/instancias-ficticias#historicoLote121,HISTORICO-0123
CASO0124,diplomaLote122,DiplomaDigital,Diploma 124,Ativo,2027-02-12,diplomadoLote122,Diplomado,Pessoa Fictícia-0298,Brasileira,CPF-FICTICIO-0530,localNaturalidadeBr2800308,LocalNaturalidade,Aracaju (SE),2800308,Aracaju,SE,,cursoLote122,Curso,Licenciatura em Curadoria Digital,CURSO-FAKE-0124,2800,2027-01-11,Licenciatura,Licenciado,Ead,enderecoCursoLote02,Endereco,iesEmissoraLote02,IesEmissora,Centro Universitario Horizonte Semântico,CNPJ-FICTICIO-0013/CNPJ-FICTICIO-0014,iesRegistradoraLote02,IesRegistradora,Centro de Registro Interoperável,CNPJ-FICTICIO-0015/CNPJ-FICTICIO-0016,registroLote122,RegistroDiploma,https://w3id.org/ufes/ontodiplomadigital/instancias-ficticias#requisicaoDocumentacao124,ReqDip00000000000000000000000000000000000000000124,https://w3id.org/ufes/ontodiplomadigital/instancias-ficticias#processoAdministrativo124,PROC-FAKE-2027-0124,2027-02-17,RDP-FAKE-0124,assinaturaLote122,AssinaturaDigital,2027-02-17T13:12:00,CAdES,CODIGO-VALIDACAO-FICTICIO-0247,CodigoValidacao,CODIGO-VALIDACAO-FICTICIO-0248,https://w3id.org/ufes/ontodiplomadigital/instancias-ficticias#diplomaLote122,1.05,Producao,produção,Portal Público Fictício de Consulta de Diplomas,,https://w3id.org/ufes/ontodiplomadigital/instancias-ficticias#diplomadoLote122,Campus de Dados 02,,Bloco B,,Recife,PE,31002-000,Brasil,,,curadoria digital,,,,,,,MEC-EM-0002,"Avenida Sintetica 102, Setor Emissor",Belo Horizonte,MG,29002-000,Brasil,MEC-RG-0002,"Rua Registral 202, Setor de Proveniencia",Fortaleza,CE,30002-000,Brasil,https://w3id.org/ufes/ontodiplomadigital/instancias-ficticias#registroLote122,ReqDip00000000000000000000000000000000000000000124,2027-01-18,2027-02-02,L-2027-3,122,124,Caso sintetico 124 com status ativo e modalidade ead.,Pessoa Fictícia-0018,CPF-FICTICIO-0531,MAT-REG-0124,Assinante Fictício-0299,CPF-FICTICIO-0532,Reitoria de Registro 5,Assinante Fictício-0020,CPF-FICTICIO-0533,Diretora Acadêmica,AssinaturaPFEmissora,,,2027-02-17T13:12:00,https://w3id.org/ufes/ontodiplomadigital/instancias-ficticias#documentacaoAcademicaLote122,Pessoa Fictícia-0021,CPF-FICTICIO-0021,Diretora Geral,urn:fake:pdfa:ato-designacao:lote02,https://w3id.org/ufes/ontodiplomadigital/instancias-ficticias#historicoLote122,HISTORICO-0124
CASO0125,diplomaLote123,DiplomaDigital,Diploma 125,Ativo,2027-02-15,diplomadoLote123,Diplomado,Pessoa Fictícia-0300,Brasileira,CPF-FICTICIO-0534,localNaturalidadeBr1501402,LocalNaturalidade,Belém (PA),1501402,Belém,PA,,cursoLote123,Curso,Tecnologia em Arquivologia Aplicada,CURSO-FAKE-0125,3000,2027-01-14,Tecnologia,Tecnologo,Semipresencial,enderecoCursoLote08,Endereco,iesEmissoraLote03,IesEmissora,Instituto Federal de Curadoria Digital,CNPJ-FICTICIO-0017/CNPJ-FICTICIO-0018,iesRegistradoraLote03,IesRegistradora,Instituto Nacional de Validação Acadêmica,CNPJ-FICTICIO-0019/CNPJ-FICTICIO-0020,registroLote123,RegistroDiploma,https://w3id.org/ufes/ontodiplomadigital/instancias-ficticias#requisicaoDocumentacao125,ReqDip00000000000000000000000000000000000000000125,https://w3id.org/ufes/ontodiplomadigital/instancias-ficticias#processoAdministrativo125,PROC-FAKE-2027-0125,2027-02-20,RDP-FAKE-0125,assinaturaLote123,AssinaturaDigital,2027-02-20T14:13:00,PAdES,CODIGO-VALIDACAO-FICTICIO-0249,CodigoValidacao,CODIGO-VALIDACAO-FICTICIO-0250,https://w3id.org/ufes/ontodiplomadigital/instancias-ficticias#diplomaLote123,1.05,Homologacao,homologação,GovBR Acadêmico Fictício,,https://w3id.org/ufes/ontodiplomadigital/instancias-ficticias#diplomadoLote123,Campus de Dados 08,,Bloco C,,Florianopolis,SC,31008-000,Brasil,,,organizacao do conhecimento,Análise semantica aplicada,2027-01-14,,,,,MEC-EM-0003,"Avenida Sintetica 103, Setor Emissor",Salvador,BA,29003-000,Brasil,MEC-RG-0003,"Rua Registral 203, Setor de Proveniencia",Goiania,GO,30003-000,Brasil,https://w3id.org/ufes/ontodiplomadigital/instancias-ficticias#registroLote123,ReqDip00000000000000000000000000000000000000000125,2027-01-21,2027-02-05,L-2027-4,123,125,Caso sintetico 125 com status ativo e modalidade semipresencial.,Pessoa Fictícia-0023,CPF-FICTICIO-0535,MAT-REG-0125,Assinante Fictício-0301,CPF-FICTICIO-0536,Reitoria de Registro 6,Assinante Fictício-0025,CPF-FICTICIO-0537,Secretario Geral Acadêmico,AssinaturaPJArquivamentoDocumentacaoAcademica,Instituto Federal de Curadoria Digital,,2027-02-20T14:13:00,https://w3id.org/ufes/ontodiplomadigital/instancias-ficticias#documentacaoAcademicaLote123,Pessoa Fictícia-0026,CPF-FICTICIO-0026,Procurador Institucional,urn:fake:pdfa:ato-designacao:lote03,https://w3id.org/ufes/ontodiplomadigital/instancias-ficticias#historicoLote123,HISTORICO-0125
CASO0126,diplomaLote124,DiplomaDigital,Diploma 126,Revogado,2027-02-18,diplomadoLote124,Diplomado,Pessoa Fictícia-0302,Brasileira,CPF-FICTICIO-0538,localNaturalidadeBr2927408,LocalNaturalidade,Salvador (BA),2927408,Salvador,BA,,cursoLote124,CursoNSF,Bacharelado em Biblioteconomia Analitica,,3200,2027-01-17,Bacharelado,Bacharel,Presencial,enderecoCursoLote04,Endereco,iesEmissoraLote04,IesEmissora,Universidade Metropolitana da Informação,CNPJ-FICTICIO-0021/CNPJ-FICTICIO-0022,iesRegistradoraLote04,IesRegistradora,Universidade Curadora de Diplomas,CNPJ-FICTICIO-0023/CNPJ-FICTICIO-0024,registroLote124,RegistroDiplomaNSF,https://w3id.org/ufes/ontodiplomadigital/instancias-ficticias#requisicaoDocumentacao126,ReqDip00000000000000000000000000000000000000000126,https://w3id.org/ufes/ontodiplomadigital/instancias-ficticias#processoAdministrativo126,PROC-FAKE-2027-0126,2027-02-23,RDP-FAKE-0126,assinaturaLote124,AssinaturaDigital,2027-02-23T15:14:00,XAdES,CODIGO-VALIDACAO-FICTICIO-0251,CodigoValidacao,CODIGO-VALIDACAO-FICTICIO-0252,https://w3id.org/ufes/ontodiplomadigital/instancias-ficticias#diplomaLote124,1.05,Producao,produção,Portal Público Fictício de Consulta de Diplomas,,https://w3id.org/ufes/ontodiplomadigital/instancias-ficticias#diplomadoLote124,Campus de Dados 04,,Bloco D,,Fortaleza,CE,31004-000,Brasil,,,preservacao e acesso,,,EMEC-FAKE-2027-0126,Análise de regularidade do curso 126,2026-08-25,2026-08-10,MEC-EM-0004,"Avenida Sintetica 104, Setor Emissor",Brasilia,DF,29004-000,Brasil,MEC-RG-0004,"Rua Registral 204, Setor de Proveniencia",Sao Paulo,SP,30004-000,Brasil,https://w3id.org/ufes/ontodiplomadigital/instancias-ficticias#registroLote124,ReqDip00000000000000000000000000000000000000000126,2027-01-24,2027-02-08,L-2027-5,124,126,Caso sintetico 126 com status revogado e modalidade presencial.,Pessoa Fictícia-0028,CPF-FICTICIO-0539,MAT-REG-0126,Assinante Fictício-0303,CPF-FICTICIO-0540,Reitoria de Registro 7,Assinante Fictício-0030,CPF-FICTICIO-0541,Secretaria Geral Acadêmica,AssinaturaPJRegistradora,Universidade Curadora de Diplomas,,2027-02-23T15:14:00,https://w3id.org/ufes/ontodiplomadigital/instancias-ficticias#documentacaoAcademicaLote124,Pessoa Fictícia-0031,CPF-FICTICIO-0031,Procuradora Institucional,urn:fake:pdfa:ato-designacao:lote04,https://w3id.org/ufes/ontodiplomadigital/instancias-ficticias#historicoLote124,HISTORICO-0126
CASO0127,diplomaLote125,DiplomaDigital,Diploma 127,Anulado,2027-02-21,diplomadoLote125,Diplomado,Pessoa Fictícia-0304,Brasileira,CPF-FICTICIO-0542,localNaturalidadeBr2304400,LocalNaturalidade,Fortaleza (CE),2304400,Fortaleza,CE,,cursoLote125,Curso,Licenciatura em Gestão da Informação,CURSO-FAKE-0127,3400,2027-01-20,Licenciatura,Licenciado,Ead,enderecoCursoLote02,Endereco,iesEmissoraLote05,IesEmissora,Faculdade Nacional de Dados Ligados,CNPJ-FICTICIO-0025/CNPJ-FICTICIO-0026,iesRegistradoraLote05,IesRegistradora,Centro Registral de Conhecimento Aplicado,CNPJ-FICTICIO-0027/CNPJ-FICTICIO-0028,registroLote125,RegistroDiploma,https://w3id.org/ufes/ontodiplomadigital/instancias-ficticias#requisicaoDocumentacao127,ReqDip00000000000000000000000000000000000000000127,https://w3id.org/ufes/ontodiplomadigital/instancias-ficticias#processoAdministrativo127,PROC-FAKE-2027-0127,2027-02-26,RDP-FAKE-0127,assinaturaLote125,AssinaturaDigital,2027-02-26T16:15:00,CAdES,CODIGO-VALIDACAO-FICTICIO-0253,CodigoValidacao,CODIGO-VALIDACAO-FICTICIO-0254,https://w3id.org/ufes/ontodiplomadigital/instancias-ficticias#diplomaLote125,1.05,Homologacao,homologação,GovBR Acadêmico Fictício,,https://w3id.org/ufes/ontodiplomadigital/instancias-ficticias#diplomadoLote125,Campus de Dados 02,,Bloco B,,Recife,PE,31002-000,Brasil,,,governanca de dados,,,,,,,MEC-EM-0005,"Avenida Sintetica 105, Setor Emissor",Recife,PE,29005-000,Brasil,MEC-RG-0005,"Rua Registral 205, Setor de Proveniencia",Rio de Janeiro,RJ,30005-000,Brasil,https://w3id.org/ufes/ontodiplomadigital/instancias-ficticias#registroLote125,ReqDip00000000000000000000000000000000000000000127,2027-01-27,2027-02-11,L-2027-6,125,127,Caso sintetico 127 com status anulado e modalidade ead.,Pessoa Fictícia-0033,CPF-FICTICIO-0543,MAT-REG-0127,Assinante Fictício-0305 | Assinante Fictício-0306,CPF-FICTICIO-0544 | CPF-FICTICIO-0545,Reitoria de Registro 8 | Secretaria Acadêmica Integrada,Pessoa Fictícia-0006,CPF-FICTICIO-0546,Pro-Reitor de Graduacao,AssinaturaPJEmissora,Faculdade Nacional de Dados Ligados,,2027-02-26T16:15:00,https://w3id.org/ufes/ontodiplomadigital/instancias-ficticias#documentacaoAcademicaLote125,Assinante Fictício-0005,CPF-FICTICIO-0037,Reitor,urn:fake:pdfa:ato-designacao:lote05,https://w3id.org/ufes/ontodiplomadigital/instancias-ficticias#historicoLote125,HISTORICO-0127
CASO0128,diplomaLote126,DiplomaDigital,Diploma 128,Ativo,2027-02-24,diplomadoLote126,Diplomado,Pessoa Fictícia-0307,Brasileira,CPF-FICTICIO-0547,localNaturalidadeBr5300108,LocalNaturalidade,Brasília (DF),5300108,Brasília,DF,,cursoLote126,Curso,Tecnologia em Humanidades Digitais,,2400,2027-01-23,Tecnologia,Tecnologo,Semipresencial,enderecoCursoLote06,Endereco,iesEmissoraLote06,IesEmissora,Universidade de Estudos Documentais,CNPJ-FICTICIO-0029/CNPJ-FICTICIO-0030,iesRegistradoraLote06,IesRegistradora,Universidade Federal de Registro Semântico,CNPJ-FICTICIO-0031/CNPJ-FICTICIO-0032,registroLote126,RegistroDiploma,https://w3id.org/ufes/ontodiplomadigital/instancias-ficticias#requisicaoDocumentacao128,ReqDip00000000000000000000000000000000000000000128,https://w3id.org/ufes/ontodiplomadigital/instancias-ficticias#processoAdministrativo128,PROC-FAKE-2027-0128,2027-03-01,RDP-FAKE-0128,assinaturaLote126,AssinaturaDigital,2027-03-01T08:16:00,PAdES,CODIGO-VALIDACAO-FICTICIO-0255,CodigoValidacao,CODIGO-VALIDACAO-FICTICIO-0256,https://w3id.org/ufes/ontodiplomadigital/instancias-ficticias#diplomaLote126,1.05,Producao,produção,Portal Público Fictício de Consulta de Diplomas,,https://w3id.org/ufes/ontodiplomadigital/instancias-ficticias#diplomadoLote126,Campus de Dados 06,,Bloco A,,Sao Paulo,SP,31006-000,Brasil,,Especialista em Humanidades Digitais,tratamento documental,Processos de registro academico,2027-01-23,EMEC-FAKE-2027-0128,Análise de regularidade do curso 128,2026-08-31,2026-08-16,MEC-EM-0006,"Avenida Sintetica 106, Setor Emissor",Curitiba,PR,29006-000,Brasil,MEC-RG-0006,"Rua Registral 206, Setor de Proveniencia",Florianopolis,SC,30006-000,Brasil,https://w3id.org/ufes/ontodiplomadigital/instancias-ficticias#registroLote126,ReqDip00000000000000000000000000000000000000000128,2027-01-30,2027-02-14,L-2027-7,126,128,Caso sintetico 128 com status ativo e modalidade semipresencial.,Pessoa Fictícia-0037,CPF-FICTICIO-0548,MAT-REG-0128,Assinante Fictício-0308,CPF-FICTICIO-0549,Reitoria de Registro 9,Pessoa Fictícia-0011,CPF-FICTICIO-0550,Pro-Reitora de Graduacao,AssinaturaPFResponsavelRegistro,,,2027-03-01T08:16:00,https://w3id.org/ufes/ontodiplomadigital/instancias-ficticias#documentacaoAcademicaLote126,Assinante Fictício-0010,CPF-FICTICIO-0042,Reitora,urn:fake:pdfa:ato-designacao:lote06,https://w3id.org/ufes/ontodiplomadigital/instancias-ficticias#historicoLote126,HISTORICO-0128
CASO0129,diplomaLote127,DiplomaDigital,Diploma 129,Ativo,2027-02-27,diplomadoLote127,Diplomado,Pessoa Fictícia-0309,Brasileira,CPF-FICTICIO-0551,localNaturalidadeBr4314902,LocalNaturalidade,Porto Alegre (RS),4314902,Porto Alegre,RS,,cursoLote127,Curso,Bacharelado em Documentacao Tecnica,CURSO-FAKE-0129,2600,2027-01-26,Bacharelado,Bacharel,Presencial,enderecoCursoLote03,Endereco,iesEmissoraLote07,IesEmissora,Centro Acadêmico de Interoperabilidade,CNPJ-FICTICIO-0033/CNPJ-FICTICIO-0034,iesRegistradoraLote07,IesRegistradora,Instituto de Segurança Documental,CNPJ-FICTICIO-0035/CNPJ-FICTICIO-0036,registroLote127,RegistroDiploma,https://w3id.org/ufes/ontodiplomadigital/instancias-ficticias#requisicaoDocumentacao129,ReqDip00000000000000000000000000000000000000000129,https://w3id.org/ufes/ontodiplomadigital/instancias-ficticias#processoAdministrativo129,PROC-FAKE-2027-0129,2027-03-04,RDP-FAKE-0129,assinaturaLote127,AssinaturaDigital,2027-03-04T09:17:00,XAdES,CODIGO-VALIDACAO-FICTICIO-0257,CodigoValidacao,CODIGO-VALIDACAO-FICTICIO-0258,https://w3id.org/ufes/ontodiplomadigital/instancias-ficticias#diplomaLote127,1.05,Homologacao,homologação,GovBR Acadêmico Fictício,,https://w3id.org/ufes/ontodiplomadigital/instancias-ficticias#diplomadoLote127,Campus de Dados 03,,Bloco C,,Curitiba,PR,31003-000,Brasil,,,interoperabilidade semantica,,,,,,,MEC-EM-0007,"Avenida Sintetica 107, Setor Emissor",Fortaleza,CE,29007-000,Brasil,MEC-RG-0007,"Rua Registral 207, Setor de Proveniencia",Belem,PA,30007-000,Brasil,https://w3id.org/ufes/ontodiplomadigital/instancias-ficticias#registroLote127,ReqDip00000000000000000000000000000000000000000129,2027-02-02,2027-02-17,L-2027-1,127,129,Caso sintetico 129 com status ativo e modalidade presencial.,Pessoa Fictícia-0040,CPF-FICTICIO-0552,MAT-REG-0129,Assinante Fictício-0310,CPF-FICTICIO-0553,Reitoria de Registro 1,Pessoa Fictícia-0016,CPF-FICTICIO-0554,Reitor,AssinaturaPFEmissora,,,2027-03-04T09:17:00,https://w3id.org/ufes/ontodiplomadigital/instancias-ficticias#documentacaoAcademicaLote127,Assinante Fictício-0015,CPF-FICTICIO-0047,Diretor Geral,urn:fake:pdfa:ato-designacao:lote07,https://w3id.org/ufes/ontodiplomadigital/instancias-ficticias#historicoLote127,HISTORICO-0129
CASO0130,diplomaLote128,DiplomaDigital,Diploma 130,Ativo,2027-03-02,diplomadoLote128,Diplomado,Pessoa Fictícia-0311,Brasileira,CPF-FICTICIO-0555,localNaturalidadeBr2611606,LocalNaturalidade,Recife (PE),2611606,Recife,PE,,cursoLote128,CursoNSF,Licenciatura em Governanca Informacional,,2800,2027-01-29,Licenciatura,Licenciado,Ead,enderecoCursoLote08,Endereco,iesEmissoraLote08,IesEmissora,Instituto Superior de Preservacao Informacional,CNPJ-FICTICIO-0037/CNPJ-FICTICIO-0038,iesRegistradoraLote08,IesRegistradora,Centro Universitario de Rastreabilidade Acadêmica,CNPJ-FICTICIO-0039/CNPJ-FICTICIO-0040,registroLote128,RegistroDiplomaNSF,https://w3id.org/ufes/ontodiplomadigital/instancias-ficticias#requisicaoDocumentacao130,ReqDip00000000000000000000000000000000000000000130,https://w3id.org/ufes/ontodiplomadigital/instancias-ficticias#processoAdministrativo130,PROC-FAKE-2027-0130,2027-03-07,RDP-FAKE-0130,assinaturaLote128,AssinaturaDigital,2027-03-07T10:18:00,CAdES,CODIGO-VALIDACAO-FICTICIO-0259,CodigoValidacao,CODIGO-VALIDACAO-FICTICIO-0260,https://w3id.org/ufes/ontodiplomadigital/instancias-ficticias#diplomaLote128,1.05,Producao,produção,Portal Público Fictício de Consulta de Diplomas,,https://w3id.org/ufes/ontodiplomadigital/instancias-ficticias#diplomadoLote128,Campus de Dados 08,,Bloco C,,Florianopolis,SC,31008-000,Brasil,,,curadoria digital,,,EMEC-FAKE-2027-0130,Análise de regularidade do curso 130,2026-09-06,2026-08-22,MEC-EM-0008,"Avenida Sintetica 108, Setor Emissor",Goiania,GO,29008-000,Brasil,MEC-RG-0008,"Rua Registral 208, Setor de Proveniencia",Vitoria,ES,30008-000,Brasil,https://w3id.org/ufes/ontodiplomadigital/instancias-ficticias#registroLote128,ReqDip00000000000000000000000000000000000000000130,2027-02-05,2027-02-20,L-2027-2,128,130,Caso sintetico 130 com status ativo e modalidade ead.,Pessoa Fictícia-0043,CPF-FICTICIO-0556,MAT-REG-0130,Assinante Fictício-0312,CPF-FICTICIO-0557,Reitoria de Registro 2,Pessoa Fictícia-0021,CPF-FICTICIO-0558,Reitora,AssinaturaPJArquivamentoDocumentacaoAcademica,Instituto Superior de Preservacao Informacional,,2027-03-07T10:18:00,https://w3id.org/ufes/ontodiplomadigital/instancias-ficticias#documentacaoAcademicaLote128,Assinante Fictício-0020,CPF-FICTICIO-0052,Diretora Geral,urn:fake:pdfa:ato-designacao:lote08,https://w3id.org/ufes/ontodiplomadigital/instancias-ficticias#historicoLote128,HISTORICO-0130
CASO0131,diplomaLote129,DiplomaDigital,Diploma 131,Revogado,2027-03-05,diplomadoLote129,Diplomado,Pessoa Fictícia-0313,Brasileira,CPF-FICTICIO-0559,localNaturalidadeBr5103403,LocalNaturalidade,Cuiabá (MT),5103403,Cuiabá,MT,,cursoLote129,Curso,Tecnologia em Interoperabilidade Semântica,CURSO-FAKE-0131,3000,2027-02-01,Tecnologia,Tecnologo,Semipresencial,enderecoCursoLote03,Endereco,iesEmissoraLote09,IesEmissora,Universidade do Patrimonio Digital,CNPJ-FICTICIO-0041/CNPJ-FICTICIO-0042,iesRegistradoraLote01,IesRegistradora,Universidade Registradora do Brasil Digital,CNPJ-FICTICIO-0011/CNPJ-FICTICIO-0012,registroLote129,RegistroDiploma,https://w3id.org/ufes/ontodiplomadigital/instancias-ficticias#requisicaoDocumentacao131,ReqDip00000000000000000000000000000000000000000131,https://w3id.org/ufes/ontodiplomadigital/instancias-ficticias#processoAdministrativo131,PROC-FAKE-2027-0131,2027-03-10,RDP-FAKE-0131,assinaturaLote129,AssinaturaDigital,2027-03-10T11:19:00,PAdES,CODIGO-VALIDACAO-FICTICIO-0261,CodigoValidacao,CODIGO-VALIDACAO-FICTICIO-0262,https://w3id.org/ufes/ontodiplomadigital/instancias-ficticias#diplomaLote129,1.05,Homologacao,homologação,GovBR Acadêmico Fictício,,https://w3id.org/ufes/ontodiplomadigital/instancias-ficticias#diplomadoLote129,Campus de Dados 03,,Bloco C,,Curitiba,PR,31003-000,Brasil,,,organizacao do conhecimento,Análise semantica aplicada,2027-02-01,,,,,MEC-EM-0009,"Avenida Sintetica 109, Setor Emissor",Sao Paulo,SP,29009-000,Brasil,MEC-RG-0001,"Rua Registral 201, Setor de Proveniencia",Curitiba,PR,30001-000,Brasil,https://w3id.org/ufes/ontodiplomadigital/instancias-ficticias#registroLote129,ReqDip00000000000000000000000000000000000000000131,2027-02-08,2027-02-23,L-2027-3,129,131,Caso sintetico 131 com status revogado e modalidade semipresencial.,Pessoa Fictícia-0046,CPF-FICTICIO-0560,MAT-REG-0131,Assinante Fictício-0314,CPF-FICTICIO-0561,Reitoria de Registro 3,Pessoa Fictícia-0026,CPF-FICTICIO-0562,Diretor Acadêmico,AssinaturaPJRegistradora,Universidade Registradora do Brasil Digital,,2027-03-10T11:19:00,https://w3id.org/ufes/ontodiplomadigital/instancias-ficticias#documentacaoAcademicaLote129,Assinante Fictício-0025,CPF-FICTICIO-0057,Procurador Institucional,urn:fake:pdfa:ato-designacao:lote09,https://w3id.org/ufes/ontodiplomadigital/instancias-ficticias#historicoLote129,HISTORICO-0131
CASO0132,diplomaLote130,DiplomaDigital,Diploma 132,Anulado,2027-03-08,diplomadoLote130,Diplomado,Pessoa Fictícia-0315,Brasileira,CPF-FICTICIO-0563,localNaturalidadeBr5208707,LocalNaturalidade,Goiânia (GO),5208707,Goiânia,GO,,cursoLote130,Curso,Bacharelado em Preservacao Digital,CURSO-FAKE-0132,3200,2027-02-04,Bacharelado,Bacharel,Presencial,enderecoCursoLote10,Endereco,iesEmissoraLote10,IesEmissora,Centro Universitario de Modelagem Conceitual,CNPJ-FICTICIO-0043/CNPJ-FICTICIO-0044,iesRegistradoraLote02,IesRegistradora,Centro de Registro Interoperável,CNPJ-FICTICIO-0015/CNPJ-FICTICIO-0016,registroLote130,RegistroDiploma,https://w3id.org/ufes/ontodiplomadigital/instancias-ficticias#requisicaoDocumentacao132,ReqDip00000000000000000000000000000000000000000132,https://w3id.org/ufes/ontodiplomadigital/instancias-ficticias#processoAdministrativo132,PROC-FAKE-2027-0132,2027-03-13,RDP-FAKE-0132,assinaturaLote130,AssinaturaDigital,2027-03-13T12:20:00,XAdES,CODIGO-VALIDACAO-FICTICIO-0263,CodigoValidacao,CODIGO-VALIDACAO-FICTICIO-0264,https://w3id.org/ufes/ontodiplomadigital/instancias-ficticias#diplomaLote130,1.05,Producao,produção,Portal Público Fictício de Consulta de Diplomas,,https://w3id.org/ufes/ontodiplomadigital/instancias-ficticias#diplomadoLote130,Campus de Dados 10,,Bloco E,,Vitoria,ES,31010-000,Brasil,,,preservacao e acesso,,,,,,,MEC-EM-0010,"Avenida Sintetica 110, Setor Emissor",Rio de Janeiro,RJ,29010-000,Brasil,MEC-RG-0002,"Rua Registral 202, Setor de Proveniencia",Fortaleza,CE,30002-000,Brasil,https://w3id.org/ufes/ontodiplomadigital/instancias-ficticias#registroLote130,ReqDip00000000000000000000000000000000000000000132,2027-02-11,2027-02-26,L-2027-4,130,132,Caso sintetico 132 com status anulado e modalidade presencial.,Pessoa Fictícia-0049,CPF-FICTICIO-0564,MAT-REG-0132,Assinante Fictício-0316 | Assinante Fictício-0317,CPF-FICTICIO-0565 | CPF-FICTICIO-0566,Reitoria de Registro 4 | Secretaria Acadêmica Integrada,Pessoa Fictícia-0031,CPF-FICTICIO-0567,Diretora Acadêmica,AssinaturaPJEmissora,Centro Universitario de Modelagem Conceitual,Autoridade Certificadora Fictícia Integridade Digital,2027-03-13T12:20:00,https://w3id.org/ufes/ontodiplomadigital/instancias-ficticias#documentacaoAcademicaLote130,Assinante Fictício-0030,CPF-FICTICIO-0063,Procuradora Institucional,urn:fake:pdfa:ato-designacao:lote10,https://w3id.org/ufes/ontodiplomadigital/instancias-ficticias#historicoLote130,HISTORICO-0132
CASO0133,diplomaLote131,DiplomaDigital,Diploma 133,Ativo,2027-03-11,diplomadoLote131,Diplomado,Pessoa Fictícia-0318,Brasileira,CPF-FICTICIO-0568,localNaturalidadeBr3304557,LocalNaturalidade,Rio de Janeiro (RJ),3304557,Rio de Janeiro,RJ,,cursoLote131,Curso,Licenciatura em Análise Territorial de Dados,CURSO-FAKE-0133,3400,2027-02-07,Licenciatura,Licenciado,Ead,enderecoCursoLote11,Endereco,iesEmissoraLote01,IesEmissora,Universidade Aberta do Conhecimento,CNPJ-FICTICIO-0009/CNPJ-FICTICIO-0010,iesRegistradoraLote03,IesRegistradora,Instituto Nacional de Validação Acadêmica,CNPJ-FICTICIO-0019/CNPJ-FICTICIO-0020,registroLote131,RegistroDiploma,https://w3id.org/ufes/ontodiplomadigital/instancias-ficticias#requisicaoDocumentacao133,ReqDip00000000000000000000000000000000000000000133,https://w3id.org/ufes/ontodiplomadigital/instancias-ficticias#processoAdministrativo133,PROC-FAKE-2027-0133,2027-03-16,RDP-FAKE-0133,assinaturaLote131,AssinaturaDigital,2027-03-16T13:21:00,CAdES,CODIGO-VALIDACAO-FICTICIO-0265,CodigoValidacao,CODIGO-VALIDACAO-FICTICIO-0266,https://w3id.org/ufes/ontodiplomadigital/instancias-ficticias#diplomaLote131,1.05,Homologacao,homologação,GovBR Acadêmico Fictício,,https://w3id.org/ufes/ontodiplomadigital/instancias-ficticias#diplomadoLote131,Campus de Dados 11,,Bloco A,,Belo Horizonte,MG,31011-000,Brasil,,,governanca de dados,,,,,,,MEC-EM-0001,"Avenida Sintetica 101, Setor Emissor",Vitoria,ES,29001-000,Brasil,MEC-RG-0003,"Rua Registral 203, Setor de Proveniencia",Goiania,GO,30003-000,Brasil,https://w3id.org/ufes/ontodiplomadigital/instancias-ficticias#registroLote131,ReqDip00000000000000000000000000000000000000000133,2027-02-14,2027-03-01,L-2027-5,131,133,Caso sintetico 133 com status ativo e modalidade ead.,Pessoa Fictícia-0053,CPF-FICTICIO-0569,MAT-REG-0133,Assinante Fictício-0319,CPF-FICTICIO-0570,Reitoria de Registro 5,Assinante Fictício-0005,CPF-FICTICIO-0571,Secretario Geral Acadêmico,AssinaturaPFResponsavelRegistro,,,2027-03-16T13:21:00,https://w3id.org/ufes/ontodiplomadigital/instancias-ficticias#documentacaoAcademicaLote131,Pessoa Fictícia-0016,CPF-FICTICIO-0016,Diretor Geral,urn:fake:pdfa:ato-designacao:lote01,https://w3id.org/ufes/ontodiplomadigital/instancias-ficticias#historicoLote131,HISTORICO-0133
CASO0134,diplomaLote132,DiplomaDigital,Diploma 134,Ativo,2027-03-14,diplomadoLote132,Diplomado,Pessoa Fictícia-0320,Brasileira,CPF-FICTICIO-0572,localNaturalidadeBr4205407,LocalNaturalidade,Florianópolis (SC),4205407,Florianópolis,SC,,cursoLote132,CursoNSF,Tecnologia em Memoria Institucional,,2400,2027-02-10,Tecnologia,Tecnologo,Semipresencial,enderecoCursoLote12,Endereco,iesEmissoraLote02,IesEmissora,Centro Universitario Horizonte Semântico,CNPJ-FICTICIO-0013/CNPJ-FICTICIO-0014,iesRegistradoraLote04,IesRegistradora,Universidade Curadora de Diplomas,CNPJ-FICTICIO-0023/CNPJ-FICTICIO-0024,registroLote132,RegistroDiplomaNSF,https://w3id.org/ufes/ontodiplomadigital/instancias-ficticias#requisicaoDocumentacao134,ReqDip00000000000000000000000000000000000000000134,https://w3id.org/ufes/ontodiplomadigital/instancias-ficticias#processoAdministrativo134,PROC-FAKE-2027-0134,2027-03-19,RDP-FAKE-0134,assinaturaLote132,AssinaturaDigital,2027-03-19T14:22:00,PAdES,CODIGO-VALIDACAO-FICTICIO-0267,CodigoValidacao,CODIGO-VALIDACAO-FICTICIO-0268,https://w3id.org/ufes/ontodiplomadigital/instancias-ficticias#diplomaLote132,1.05,Producao,produção,Portal Público Fictício de Consulta de Diplomas,,https://w3id.org/ufes/ontodiplomadigital/instancias-ficticias#diplomadoLote132,Campus de Dados 12,,Bloco B,,Salvador,BA,31012-000,Brasil,,Especialista em Memoria Institucional,tratamento documental,Processos de registro academico,2027-02-10,EMEC-FAKE-2027-0134,Análise de regularidade do curso 134,2026-09-18,2026-09-03,MEC-EM-0002,"Avenida Sintetica 102, Setor Emissor",Belo Horizonte,MG,29002-000,Brasil,MEC-RG-0004,"Rua Registral 204, Setor de Proveniencia",Sao Paulo,SP,30004-000,Brasil,https://w3id.org/ufes/ontodiplomadigital/instancias-ficticias#registroLote132,ReqDip00000000000000000000000000000000000000000134,2027-02-17,2027-03-04,L-2027-6,132,134,Caso sintetico 134 com status ativo e modalidade semipresencial.,Pessoa Fictícia-0056,CPF-FICTICIO-0573,MAT-REG-0134,Assinante Fictício-0321,CPF-FICTICIO-0574,Reitoria de Registro 6,Assinante Fictício-0010,CPF-FICTICIO-0575,Secretaria Geral Acadêmica,AssinaturaPFEmissora,,,2027-03-19T14:22:00,https://w3id.org/ufes/ontodiplomadigital/instancias-ficticias#documentacaoAcademicaLote132,Pessoa Fictícia-0021,CPF-FICTICIO-0021,Diretora Geral,urn:fake:pdfa:ato-designacao:lote02,https://w3id.org/ufes/ontodiplomadigital/instancias-ficticias#historicoLote132,HISTORICO-0134
CASO0135,diplomaLote133,DiplomaDigital,Diploma 135,Ativo,2027-03-17,diplomadoLote133,Diplomado,Pessoa Fictícia-0322,Brasileira,CPF-FICTICIO-0576,localNaturalidadeBr5300108,LocalNaturalidade,Brasília (DF),5300108,Brasília,DF,,cursoLote133,Curso,Bacharelado em Ciência de Dados Publicos,CURSO-FAKE-0135,2600,2027-02-13,Bacharelado,Bacharel,Presencial,enderecoCursoLote02,Endereco,iesEmissoraLote03,IesEmissora,Instituto Federal de Curadoria Digital,CNPJ-FICTICIO-0017/CNPJ-FICTICIO-0018,iesRegistradoraLote05,IesRegistradora,Centro Registral de Conhecimento Aplicado,CNPJ-FICTICIO-0027/CNPJ-FICTICIO-0028,registroLote133,RegistroDiploma,https://w3id.org/ufes/ontodiplomadigital/instancias-ficticias#requisicaoDocumentacao135,ReqDip00000000000000000000000000000000000000000135,https://w3id.org/ufes/ontodiplomadigital/instancias-ficticias#processoAdministrativo135,PROC-FAKE-2027-0135,2027-03-22,RDP-FAKE-0135,assinaturaLote133,AssinaturaDigital,2027-03-22T15:23:00,XAdES,CODIGO-VALIDACAO-FICTICIO-0269,CodigoValidacao,CODIGO-VALIDACAO-FICTICIO-0270,https://w3id.org/ufes/ontodiplomadigital/instancias-ficticias#diplomaLote133,1.05,Homologacao,homologação,GovBR Acadêmico Fictício,,https://w3id.org/ufes/ontodiplomadigital/instancias-ficticias#diplomadoLote133,Campus de Dados 02,,Bloco B,,Recife,PE,31002-000,Brasil,,,interoperabilidade semantica,,,,,,,MEC-EM-0003,"Avenida Sintetica 103, Setor Emissor",Salvador,BA,29003-000,Brasil,MEC-RG-0005,"Rua Registral 205, Setor de Proveniencia",Rio de Janeiro,RJ,30005-000,Brasil,https://w3id.org/ufes/ontodiplomadigital/instancias-ficticias#registroLote133,ReqDip00000000000000000000000000000000000000000135,2027-02-20,2027-03-07,L-2027-7,133,135,Caso sintetico 135 com status ativo e modalidade presencial.,Pessoa Fictícia-0013,CPF-FICTICIO-0577,MAT-REG-0135,Assinante Fictício-0323,CPF-FICTICIO-0578,Reitoria de Registro 7,Assinante Fictício-0015,CPF-FICTICIO-0579,Pro-Reitor de Graduacao,AssinaturaPJArquivamentoDocumentacaoAcademica,Instituto Federal de Curadoria Digital,,2027-03-22T15:23:00,https://w3id.org/ufes/ontodiplomadigital/instancias-ficticias#documentacaoAcademicaLote133,Pessoa Fictícia-0026,CPF-FICTICIO-0026,Procurador Institucional,urn:fake:pdfa:ato-designacao:lote03,https://w3id.org/ufes/ontodiplomadigital/instancias-ficticias#historicoLote133,HISTORICO-0135
CASO0136,diplomaLote134,DiplomaDigital,Diploma 136,Revogado,2027-03-20,diplomadoLote134,Diplomado,Pessoa Fictícia-0324,Brasileira,CPF-FICTICIO-0580,localNaturalidadeBr3550308,LocalNaturalidade,São Paulo (SP),3550308,São Paulo,SP,,cursoLote134,Curso,Licenciatura em Curadoria Digital,CURSO-FAKE-0136,2800,2027-02-16,Licenciatura,Licenciado,Ead,enderecoCursoLote02,Endereco,iesEmissoraLote04,IesEmissora,Universidade Metropolitana da Informação,CNPJ-FICTICIO-0021/CNPJ-FICTICIO-0022,iesRegistradoraLote06,IesRegistradora,Universidade Federal de Registro Semântico,CNPJ-FICTICIO-0031/CNPJ-FICTICIO-0032,registroLote134,RegistroDiploma,https://w3id.org/ufes/ontodiplomadigital/instancias-ficticias#requisicaoDocumentacao136,ReqDip00000000000000000000000000000000000000000136,https://w3id.org/ufes/ontodiplomadigital/instancias-ficticias#processoAdministrativo136,PROC-FAKE-2027-0136,2027-03-25,RDP-FAKE-0136,assinaturaLote134,AssinaturaDigital,2027-03-25T16:24:00,CAdES,CODIGO-VALIDACAO-FICTICIO-0271,CodigoValidacao,CODIGO-VALIDACAO-FICTICIO-0272,https://w3id.org/ufes/ontodiplomadigital/instancias-ficticias#diplomaLote134,1.05,Producao,produção,Portal Público Fictício de Consulta de Diplomas,,https://w3id.org/ufes/ontodiplomadigital/instancias-ficticias#diplomadoLote134,Campus de Dados 02,,Bloco B,,Recife,PE,31002-000,Brasil,,,curadoria digital,,,,,,,MEC-EM-0004,"Avenida Sintetica 104, Setor Emissor",Brasilia,DF,29004-000,Brasil,MEC-RG-0006,"Rua Registral 206, Setor de Proveniencia",Florianopolis,SC,30006-000,Brasil,https://w3id.org/ufes/ontodiplomadigital/instancias-ficticias#registroLote134,ReqDip00000000000000000000000000000000000000000136,2027-02-23,2027-03-10,L-2027-1,134,136,Caso sintetico 136 com status revogado e modalidade ead.,Pessoa Fictícia-0018,CPF-FICTICIO-0581,MAT-REG-0136,Assinante Fictício-0325,CPF-FICTICIO-0582,Reitoria de Registro 8,Assinante Fictício-0020,CPF-FICTICIO-0583,Pro-Reitora de Graduacao,AssinaturaPJRegistradora,Universidade Federal de Registro Semântico,,2027-03-25T16:24:00,https://w3id.org/ufes/ontodiplomadigital/instancias-ficticias#documentacaoAcademicaLote134,Pessoa Fictícia-0031,CPF-FICTICIO-0031,Procuradora Institucional,urn:fake:pdfa:ato-designacao:lote04,https://w3id.org/ufes/ontodiplomadigital/instancias-ficticias#historicoLote134,HISTORICO-0136
CASO0137,diplomaLote135,DiplomaDigital,Diploma 137,Anulado,2027-03-23,diplomadoLote135,Diplomado,Pessoa Fictícia-0326,Brasileira,CPF-FICTICIO-0584,localNaturalidadeBr3106200,LocalNaturalidade,Belo Horizonte (MG),3106200,Belo Horizonte,MG,,cursoLote135,Curso,Tecnologia em Arquivologia Aplicada,CURSO-FAKE-0137,3000,2027-02-19,Tecnologia,Tecnologo,Semipresencial,enderecoCursoLote02,Endereco,iesEmissoraLote05,IesEmissora,Faculdade Nacional de Dados Ligados,CNPJ-FICTICIO-0025/CNPJ-FICTICIO-0026,iesRegistradoraLote07,IesRegistradora,Instituto de Segurança Documental,CNPJ-FICTICIO-0035/CNPJ-FICTICIO-0036,registroLote135,RegistroDiploma,https://w3id.org/ufes/ontodiplomadigital/instancias-ficticias#requisicaoDocumentacao137,ReqDip00000000000000000000000000000000000000000137,https://w3id.org/ufes/ontodiplomadigital/instancias-ficticias#processoAdministrativo137,PROC-FAKE-2027-0137,2027-03-28,RDP-FAKE-0137,assinaturaLote135,AssinaturaDigital,2027-03-28T08:25:00,PAdES,CODIGO-VALIDACAO-FICTICIO-0273,CodigoValidacao,CODIGO-VALIDACAO-FICTICIO-0274,https://w3id.org/ufes/ontodiplomadigital/instancias-ficticias#diplomaLote135,1.05,Homologacao,homologação,GovBR Acadêmico Fictício,,https://w3id.org/ufes/ontodiplomadigital/instancias-ficticias#diplomadoLote135,Campus de Dados 02,,Bloco B,,Recife,PE,31002-000,Brasil,,,organizacao do conhecimento,Análise semantica aplicada,2027-02-19,,,,,MEC-EM-0005,"Avenida Sintetica 105, Setor Emissor",Recife,PE,29005-000,Brasil,MEC-RG-0007,"Rua Registral 207, Setor de Proveniencia",Belem,PA,30007-000,Brasil,https://w3id.org/ufes/ontodiplomadigital/instancias-ficticias#registroLote135,ReqDip00000000000000000000000000000000000000000137,2027-02-26,2027-03-13,L-2027-2,135,137,Caso sintetico 137 com status anulado e modalidade semipresencial.,Pessoa Fictícia-0023,CPF-FICTICIO-0585,MAT-REG-0137,Assinante Fictício-0327 | Assinante Fictício-0328,CPF-FICTICIO-0586 | CPF-FICTICIO-0587,Reitoria de Registro 9 | Secretaria Acadêmica Integrada,Assinante Fictício-0025,CPF-FICTICIO-0588,Reitor,AssinaturaPJEmissora,Faculdade Nacional de Dados Ligados,,2027-03-28T08:25:00,https://w3id.org/ufes/ontodiplomadigital/instancias-ficticias#documentacaoAcademicaLote135,Assinante Fictício-0005,CPF-FICTICIO-0037,Reitor,urn:fake:pdfa:ato-designacao:lote05,https://w3id.org/ufes/ontodiplomadigital/instancias-ficticias#historicoLote135,HISTORICO-0137
CASO0138,diplomaLote136,DiplomaDigital,Diploma 138,Ativo,2027-03-26,diplomadoLote136,Diplomado,Pessoa Fictícia-0329,Brasileira,CPF-FICTICIO-0589,localNaturalidadeBr3550308,LocalNaturalidade,São Paulo (SP),3550308,São Paulo,SP,,cursoLote136,CursoNSF,Bacharelado em Biblioteconomia Analitica,,3200,2027-02-22,Bacharelado,Bacharel,Presencial,enderecoCursoLote04,Endereco,iesEmissoraLote06,IesEmissora,Universidade de Estudos Documentais,CNPJ-FICTICIO-0029/CNPJ-FICTICIO-0030,iesRegistradoraLote08,IesRegistradora,Centro Universitario de Rastreabilidade Acadêmica,CNPJ-FICTICIO-0039/CNPJ-FICTICIO-0040,registroLote136,RegistroDiplomaNSF,https://w3id.org/ufes/ontodiplomadigital/instancias-ficticias#requisicaoDocumentacao138,ReqDip00000000000000000000000000000000000000000138,https://w3id.org/ufes/ontodiplomadigital/instancias-ficticias#processoAdministrativo138,PROC-FAKE-2027-0138,2027-03-31,RDP-FAKE-0138,assinaturaLote136,AssinaturaDigital,2027-03-31T09:26:00,XAdES,CODIGO-VALIDACAO-FICTICIO-0275,CodigoValidacao,CODIGO-VALIDACAO-FICTICIO-0276,https://w3id.org/ufes/ontodiplomadigital/instancias-ficticias#diplomaLote136,1.05,Producao,produção,Portal Público Fictício de Consulta de Diplomas,,https://w3id.org/ufes/ontodiplomadigital/instancias-ficticias#diplomadoLote136,Campus de Dados 04,,Bloco D,,Fortaleza,CE,31004-000,Brasil,,,preservacao e acesso,,,EMEC-FAKE-2027-0138,Análise de regularidade do curso 138,2026-09-30,2026-09-15,MEC-EM-0006,"Avenida Sintetica 106, Setor Emissor",Curitiba,PR,29006-000,Brasil,MEC-RG-0008,"Rua Registral 208, Setor de Proveniencia",Vitoria,ES,30008-000,Brasil,https://w3id.org/ufes/ontodiplomadigital/instancias-ficticias#registroLote136,ReqDip00000000000000000000000000000000000000000138,2027-03-01,2027-03-16,L-2027-3,136,138,Caso sintetico 138 com status ativo e modalidade presencial.,Pessoa Fictícia-0028,CPF-FICTICIO-0590,MAT-REG-0138,Assinante Fictício-0330,CPF-FICTICIO-0591,Reitoria de Registro 1,Assinante Fictício-0030,CPF-FICTICIO-0592,Reitora,AssinaturaPFResponsavelRegistro,,,2027-03-31T09:26:00,https://w3id.org/ufes/ontodiplomadigital/instancias-ficticias#documentacaoAcademicaLote136,Assinante Fictício-0010,CPF-FICTICIO-0042,Reitora,urn:fake:pdfa:ato-designacao:lote06,https://w3id.org/ufes/ontodiplomadigital/instancias-ficticias#historicoLote136,HISTORICO-0138
CASO0139,diplomaLote137,DiplomaDigital,Diploma 139,Ativo,2027-03-29,diplomadoLote137,Diplomado,Pessoa Fictícia-0331,Brasileira,CPF-FICTICIO-0593,localNaturalidadeBr5300108,LocalNaturalidade,Brasília (DF),5300108,Brasília,DF,,cursoLote137,Curso,Licenciatura em Gestão da Informação,CURSO-FAKE-0139,3400,2027-02-25,Licenciatura,Licenciado,Ead,enderecoCursoLote05,Endereco,iesEmissoraLote07,IesEmissora,Centro Acadêmico de Interoperabilidade,CNPJ-FICTICIO-0033/CNPJ-FICTICIO-0034,iesRegistradoraLote01,IesRegistradora,Universidade Registradora do Brasil Digital,CNPJ-FICTICIO-0011/CNPJ-FICTICIO-0012,registroLote137,RegistroDiploma,https://w3id.org/ufes/ontodiplomadigital/instancias-ficticias#requisicaoDocumentacao139,ReqDip00000000000000000000000000000000000000000139,https://w3id.org/ufes/ontodiplomadigital/instancias-ficticias#processoAdministrativo139,PROC-FAKE-2027-0139,2027-04-03,RDP-FAKE-0139,assinaturaLote137,AssinaturaDigital,2027-04-03T10:27:00,CAdES,CODIGO-VALIDACAO-FICTICIO-0277,CodigoValidacao,CODIGO-VALIDACAO-FICTICIO-0278,https://w3id.org/ufes/ontodiplomadigital/instancias-ficticias#diplomaLote137,1.05,Homologacao,homologação,GovBR Acadêmico Fictício,,https://w3id.org/ufes/ontodiplomadigital/instancias-ficticias#diplomadoLote137,Campus de Dados 05,,Bloco E,,Goiania,GO,31005-000,Brasil,,,governanca de dados,,,,,,,MEC-EM-0007,"Avenida Sintetica 107, Setor Emissor",Fortaleza,CE,29007-000,Brasil,MEC-RG-0001,"Rua Registral 201, Setor de Proveniencia",Curitiba,PR,30001-000,Brasil,https://w3id.org/ufes/ontodiplomadigital/instancias-ficticias#registroLote137,ReqDip00000000000000000000000000000000000000000139,2027-03-04,2027-03-19,L-2027-4,137,139,Caso sintetico 139 com status ativo e modalidade ead.,Pessoa Fictícia-0033,CPF-FICTICIO-0594,MAT-REG-0139,Assinante Fictício-0332,CPF-FICTICIO-0595,Reitoria de Registro 2,Pessoa Fictícia-0006,CPF-FICTICIO-0596,Diretor Acadêmico,AssinaturaPFEmissora,,,2027-04-03T10:27:00,https://w3id.org/ufes/ontodiplomadigital/instancias-ficticias#documentacaoAcademicaLote137,Assinante Fictício-0015,CPF-FICTICIO-0047,Diretor Geral,urn:fake:pdfa:ato-designacao:lote07,https://w3id.org/ufes/ontodiplomadigital/instancias-ficticias#historicoLote137,HISTORICO-0139
CASO0140,diplomaLote138,DiplomaDigital,Diploma 140,Ativo,2027-04-01,diplomadoLote138,Diplomado,Pessoa Fictícia-0333,Brasileira,CPF-FICTICIO-0597,localNaturalidadeBr2611606,LocalNaturalidade,Recife (PE),2611606,Recife,PE,,cursoLote138,Curso,Tecnologia em Humanidades Digitais,,2400,2027-02-28,Tecnologia,Tecnologo,Semipresencial,enderecoCursoLote06,Endereco,iesEmissoraLote08,IesEmissora,Instituto Superior de Preservacao Informacional,CNPJ-FICTICIO-0037/CNPJ-FICTICIO-0038,iesRegistradoraLote02,IesRegistradora,Centro de Registro Interoperável,CNPJ-FICTICIO-0015/CNPJ-FICTICIO-0016,registroLote138,RegistroDiploma,https://w3id.org/ufes/ontodiplomadigital/instancias-ficticias#requisicaoDocumentacao140,ReqDip00000000000000000000000000000000000000000140,https://w3id.org/ufes/ontodiplomadigital/instancias-ficticias#processoAdministrativo140,PROC-FAKE-2027-0140,2027-04-06,RDP-FAKE-0140,assinaturaLote138,AssinaturaDigital,2027-04-06T11:28:00,PAdES,CODIGO-VALIDACAO-FICTICIO-0279,CodigoValidacao,CODIGO-VALIDACAO-FICTICIO-0280,https://w3id.org/ufes/ontodiplomadigital/instancias-ficticias#diplomaLote138,1.05,Producao,produção,Portal Público Fictício de Consulta de Diplomas,,https://w3id.org/ufes/ontodiplomadigital/instancias-ficticias#diplomadoLote138,Campus de Dados 06,,Bloco A,,Sao Paulo,SP,31006-000,Brasil,,Especialista em Humanidades Digitais,tratamento documental,Processos de registro academico,2027-02-28,EMEC-FAKE-2027-0140,Análise de regularidade do curso 140,2026-10-06,2026-09-21,MEC-EM-0008,"Avenida Sintetica 108, Setor Emissor",Goiania,GO,29008-000,Brasil,MEC-RG-0002,"Rua Registral 202, Setor de Proveniencia",Fortaleza,CE,30002-000,Brasil,https://w3id.org/ufes/ontodiplomadigital/instancias-ficticias#registroLote138,ReqDip00000000000000000000000000000000000000000140,2027-03-07,2027-03-22,L-2027-5,138,140,Caso sintetico 140 com status ativo e modalidade semipresencial.,Pessoa Fictícia-0037,CPF-FICTICIO-0598,MAT-REG-0140,Assinante Fictício-0334,CPF-FICTICIO-0599,Reitoria de Registro 3,Pessoa Fictícia-0011,CPF-FICTICIO-0600,Diretora Acadêmica,AssinaturaPJArquivamentoDocumentacaoAcademica,Instituto Superior de Preservacao Informacional,,2027-04-06T11:28:00,https://w3id.org/ufes/ontodiplomadigital/instancias-ficticias#documentacaoAcademicaLote138,Assinante Fictício-0020,CPF-FICTICIO-0052,Diretora Geral,urn:fake:pdfa:ato-designacao:lote08,https://w3id.org/ufes/ontodiplomadigital/instancias-ficticias#historicoLote138,HISTORICO-0140
CASO0141,diplomaLote139,DiplomaDigital,Diploma 141,Revogado,2027-04-04,diplomadoLote139,Diplomado,Pessoa Fictícia-0335,Brasileira,CPF-FICTICIO-0601,localNaturalidadeBr2111300,LocalNaturalidade,São Luís (MA),2111300,São Luís,MA,,cursoLote139,Curso,Bacharelado em Documentacao Tecnica,CURSO-FAKE-0141,2600,2027-03-03,Bacharelado,Bacharel,Presencial,enderecoCursoLote10,Endereco,iesEmissoraLote09,IesEmissora,Universidade do Patrimonio Digital,CNPJ-FICTICIO-0041/CNPJ-FICTICIO-0042,iesRegistradoraLote03,IesRegistradora,Instituto Nacional de Validação Acadêmica,CNPJ-FICTICIO-0019/CNPJ-FICTICIO-0020,registroLote139,RegistroDiploma,https://w3id.org/ufes/ontodiplomadigital/instancias-ficticias#requisicaoDocumentacao141,ReqDip00000000000000000000000000000000000000000141,https://w3id.org/ufes/ontodiplomadigital/instancias-ficticias#processoAdministrativo141,PROC-FAKE-2027-0141,2027-04-09,RDP-FAKE-0141,assinaturaLote139,AssinaturaDigital,2027-04-09T12:29:00,XAdES,CODIGO-VALIDACAO-FICTICIO-0281,CodigoValidacao,CODIGO-VALIDACAO-FICTICIO-0282,https://w3id.org/ufes/ontodiplomadigital/instancias-ficticias#diplomaLote139,1.05,Homologacao,homologação,GovBR Acadêmico Fictício,,https://w3id.org/ufes/ontodiplomadigital/instancias-ficticias#diplomadoLote139,Campus de Dados 10,,Bloco E,,Vitoria,ES,31010-000,Brasil,,,interoperabilidade semantica,,,,,,,MEC-EM-0009,"Avenida Sintetica 109, Setor Emissor",Sao Paulo,SP,29009-000,Brasil,MEC-RG-0003,"Rua Registral 203, Setor de Proveniencia",Goiania,GO,30003-000,Brasil,https://w3id.org/ufes/ontodiplomadigital/instancias-ficticias#registroLote139,ReqDip00000000000000000000000000000000000000000141,2027-03-10,2027-03-25,L-2027-6,139,141,Caso sintetico 141 com status revogado e modalidade presencial.,Pessoa Fictícia-0040,CPF-FICTICIO-0602,MAT-REG-0141,Assinante Fictício-0336,CPF-FICTICIO-0603,Reitoria de Registro 4,Pessoa Fictícia-0016,CPF-FICTICIO-0604,Secretario Geral Acadêmico,AssinaturaPJRegistradora,Instituto Nacional de Validação Acadêmica,,2027-04-09T12:29:00,https://w3id.org/ufes/ontodiplomadigital/instancias-ficticias#documentacaoAcademicaLote139,Assinante Fictício-0025,CPF-FICTICIO-0057,Procurador Institucional,urn:fake:pdfa:ato-designacao:lote09,https://w3id.org/ufes/ontodiplomadigital/instancias-ficticias#historicoLote139,HISTORICO-0141
CASO0142,diplomaLote140,DiplomaDigital,Diploma 142,Anulado,2027-04-07,diplomadoLote140,Diplomado,Pessoa Fictícia-0337,Brasileira,CPF-FICTICIO-0605,localNaturalidadeBr2211001,LocalNaturalidade,Teresina (PI),2211001,Teresina,PI,,cursoLote140,CursoNSF,Licenciatura em Governanca Informacional,,2800,2027-03-06,Licenciatura,Licenciado,Ead,enderecoCursoLote08,Endereco,iesEmissoraLote10,IesEmissora,Centro Universitario de Modelagem Conceitual,CNPJ-FICTICIO-0043/CNPJ-FICTICIO-0044,iesRegistradoraLote04,IesRegistradora,Universidade Curadora de Diplomas,CNPJ-FICTICIO-0023/CNPJ-FICTICIO-0024,registroLote140,RegistroDiplomaNSF,https://w3id.org/ufes/ontodiplomadigital/instancias-ficticias#requisicaoDocumentacao142,ReqDip00000000000000000000000000000000000000000142,https://w3id.org/ufes/ontodiplomadigital/instancias-ficticias#processoAdministrativo142,PROC-FAKE-2027-0142,2027-04-12,RDP-FAKE-0142,assinaturaLote140,AssinaturaDigital,2027-04-12T13:30:00,CAdES,CODIGO-VALIDACAO-FICTICIO-0283,CodigoValidacao,CODIGO-VALIDACAO-FICTICIO-0284,https://w3id.org/ufes/ontodiplomadigital/instancias-ficticias#diplomaLote140,1.05,Producao,produção,Portal Público Fictício de Consulta de Diplomas,,https://w3id.org/ufes/ontodiplomadigital/instancias-ficticias#diplomadoLote140,Campus de Dados 08,,Bloco C,,Florianopolis,SC,31008-000,Brasil,,,curadoria digital,,,EMEC-FAKE-2027-0142,Análise de regularidade do curso 142,2026-10-12,2026-09-27,MEC-EM-0010,"Avenida Sintetica 110, Setor Emissor",Rio de Janeiro,RJ,29010-000,Brasil,MEC-RG-0004,"Rua Registral 204, Setor de Proveniencia",Sao Paulo,SP,30004-000,Brasil,https://w3id.org/ufes/ontodiplomadigital/instancias-ficticias#registroLote140,ReqDip00000000000000000000000000000000000000000142,2027-03-13,2027-03-28,L-2027-7,140,142,Caso sintetico 142 com status anulado e modalidade ead.,Pessoa Fictícia-0043,CPF-FICTICIO-0606,MAT-REG-0142,Assinante Fictício-0338 | Assinante Fictício-0339,CPF-FICTICIO-0607 | CPF-FICTICIO-0608,Reitoria de Registro 5 | Secretaria Acadêmica Integrada,Pessoa Fictícia-0021,CPF-FICTICIO-0609,Secretaria Geral Acadêmica,AssinaturaPJEmissora,Centro Universitario de Modelagem Conceitual,,2027-04-12T13:30:00,https://w3id.org/ufes/ontodiplomadigital/instancias-ficticias#documentacaoAcademicaLote140,Assinante Fictício-0030,CPF-FICTICIO-0063,Procuradora Institucional,urn:fake:pdfa:ato-designacao:lote10,https://w3id.org/ufes/ontodiplomadigital/instancias-ficticias#historicoLote140,HISTORICO-0142
CASO0143,diplomaLote141,DiplomaDigital,Diploma 143,Ativo,2027-04-10,diplomadoLote141,Diplomado,Pessoa Fictícia-0340,Brasileira,CPF-FICTICIO-0610,localNaturalidadeBr3304557,LocalNaturalidade,Rio de Janeiro (RJ),3304557,Rio de Janeiro,RJ,,cursoLote141,Curso,Tecnologia em Interoperabilidade Semântica,CURSO-FAKE-0143,3000,2027-03-09,Tecnologia,Tecnologo,Semipresencial,enderecoCursoLote09,Endereco,iesEmissoraLote01,IesEmissora,Universidade Aberta do Conhecimento,CNPJ-FICTICIO-0009/CNPJ-FICTICIO-0010,iesRegistradoraLote05,IesRegistradora,Centro Registral de Conhecimento Aplicado,CNPJ-FICTICIO-0027/CNPJ-FICTICIO-0028,registroLote141,RegistroDiploma,https://w3id.org/ufes/ontodiplomadigital/instancias-ficticias#requisicaoDocumentacao143,ReqDip00000000000000000000000000000000000000000143,https://w3id.org/ufes/ontodiplomadigital/instancias-ficticias#processoAdministrativo143,PROC-FAKE-2027-0143,2027-04-15,RDP-FAKE-0143,assinaturaLote141,AssinaturaDigital,2027-04-15T14:31:00,PAdES,CODIGO-VALIDACAO-FICTICIO-0285,CodigoValidacao,CODIGO-VALIDACAO-FICTICIO-0286,https://w3id.org/ufes/ontodiplomadigital/instancias-ficticias#diplomaLote141,1.05,Homologacao,homologação,GovBR Acadêmico Fictício,,https://w3id.org/ufes/ontodiplomadigital/instancias-ficticias#diplomadoLote141,Campus de Dados 09,,Bloco D,,Belem,PA,31009-000,Brasil,,,organizacao do conhecimento,Análise semantica aplicada,2027-03-09,,,,,MEC-EM-0001,"Avenida Sintetica 101, Setor Emissor",Vitoria,ES,29001-000,Brasil,MEC-RG-0005,"Rua Registral 205, Setor de Proveniencia",Rio de Janeiro,RJ,30005-000,Brasil,https://w3id.org/ufes/ontodiplomadigital/instancias-ficticias#registroLote141,ReqDip00000000000000000000000000000000000000000143,2027-03-16,2027-03-31,L-2027-1,141,143,Caso sintetico 143 com status ativo e modalidade semipresencial.,Pessoa Fictícia-0046,CPF-FICTICIO-0611,MAT-REG-0143,Assinante Fictício-0341,CPF-FICTICIO-0612,Reitoria de Registro 6,Pessoa Fictícia-0026,CPF-FICTICIO-0613,Pro-Reitor de Graduacao,AssinaturaPFResponsavelRegistro,,,2027-04-15T14:31:00,https://w3id.org/ufes/ontodiplomadigital/instancias-ficticias#documentacaoAcademicaLote141,Pessoa Fictícia-0016,CPF-FICTICIO-0016,Diretor Geral,urn:fake:pdfa:ato-designacao:lote01,https://w3id.org/ufes/ontodiplomadigital/instancias-ficticias#historicoLote141,HISTORICO-0143
CASO0144,diplomaLote142,DiplomaDigital,Diploma 144,Ativo,2027-04-13,diplomadoLote142,Diplomado,Pessoa Fictícia-0342,Brasileira,CPF-FICTICIO-0614,localNaturalidadeBr2927408,LocalNaturalidade,Salvador (BA),2927408,Salvador,BA,,cursoLote142,Curso,Bacharelado em Preservacao Digital,CURSO-FAKE-0144,3200,2027-03-12,Bacharelado,Bacharel,Presencial,enderecoCursoLote10,Endereco,iesEmissoraLote02,IesEmissora,Centro Universitario Horizonte Semântico,CNPJ-FICTICIO-0013/CNPJ-FICTICIO-0014,iesRegistradoraLote06,IesRegistradora,Universidade Federal de Registro Semântico,CNPJ-FICTICIO-0031/CNPJ-FICTICIO-0032,registroLote142,RegistroDiploma,https://w3id.org/ufes/ontodiplomadigital/instancias-ficticias#requisicaoDocumentacao144,ReqDip00000000000000000000000000000000000000000144,https://w3id.org/ufes/ontodiplomadigital/instancias-ficticias#processoAdministrativo144,PROC-FAKE-2027-0144,2027-04-18,RDP-FAKE-0144,assinaturaLote142,AssinaturaDigital,2027-04-18T15:32:00,XAdES,CODIGO-VALIDACAO-FICTICIO-0287,CodigoValidacao,CODIGO-VALIDACAO-FICTICIO-0288,https://w3id.org/ufes/ontodiplomadigital/instancias-ficticias#diplomaLote142,1.05,Producao,produção,Portal Público Fictício de Consulta de Diplomas,,https://w3id.org/ufes/ontodiplomadigital/instancias-ficticias#diplomadoLote142,Campus de Dados 10,,Bloco E,,Vitoria,ES,31010-000,Brasil,,,preservacao e acesso,,,,,,,MEC-EM-0002,"Avenida Sintetica 102, Setor Emissor",Belo Horizonte,MG,29002-000,Brasil,MEC-RG-0006,"Rua Registral 206, Setor de Proveniencia",Florianopolis,SC,30006-000,Brasil,https://w3id.org/ufes/ontodiplomadigital/instancias-ficticias#registroLote142,ReqDip00000000000000000000000000000000000000000144,2027-03-19,2027-04-03,L-2027-2,142,144,Caso sintetico 144 com status ativo e modalidade presencial.,Pessoa Fictícia-0049,CPF-FICTICIO-0615,MAT-REG-0144,Assinante Fictício-0343,CPF-FICTICIO-0616,Reitoria de Registro 7,Pessoa Fictícia-0031,CPF-FICTICIO-0617,Pro-Reitora de Graduacao,AssinaturaPFEmissora,,Autoridade Certificadora Fictícia Integridade Digital,2027-04-18T15:32:00,https://w3id.org/ufes/ontodiplomadigital/instancias-ficticias#documentacaoAcademicaLote142,Pessoa Fictícia-0021,CPF-FICTICIO-0021,Diretora Geral,urn:fake:pdfa:ato-designacao:lote02,https://w3id.org/ufes/ontodiplomadigital/instancias-ficticias#historicoLote142,HISTORICO-0144
CASO0145,diplomaLote143,DiplomaDigital,Diploma 145,Ativo,2027-04-16,diplomadoLote143,Diplomado,Pessoa Fictícia-0344,Brasileira,CPF-FICTICIO-0618,localNaturalidadeBr2927408,LocalNaturalidade,Salvador (BA),2927408,Salvador,BA,,cursoLote143,Curso,Licenciatura em Análise Territorial de Dados,CURSO-FAKE-0145,3400,2027-03-15,Licenciatura,Licenciado,Ead,enderecoCursoLote02,Endereco,iesEmissoraLote03,IesEmissora,Instituto Federal de Curadoria Digital,CNPJ-FICTICIO-0017/CNPJ-FICTICIO-0018,iesRegistradoraLote07,IesRegistradora,Instituto de Segurança Documental,CNPJ-FICTICIO-0035/CNPJ-FICTICIO-0036,registroLote143,RegistroDiploma,https://w3id.org/ufes/ontodiplomadigital/instancias-ficticias#requisicaoDocumentacao145,ReqDip00000000000000000000000000000000000000000145,https://w3id.org/ufes/ontodiplomadigital/instancias-ficticias#processoAdministrativo145,PROC-FAKE-2027-0145,2027-04-21,RDP-FAKE-0145,assinaturaLote143,AssinaturaDigital,2027-04-21T16:33:00,CAdES,CODIGO-VALIDACAO-FICTICIO-0289,CodigoValidacao,CODIGO-VALIDACAO-FICTICIO-0290,https://w3id.org/ufes/ontodiplomadigital/instancias-ficticias#diplomaLote143,1.05,Homologacao,homologação,GovBR Acadêmico Fictício,,https://w3id.org/ufes/ontodiplomadigital/instancias-ficticias#diplomadoLote143,Campus de Dados 02,,Bloco B,,Recife,PE,31002-000,Brasil,,,governanca de dados,,,,,,,MEC-EM-0003,"Avenida Sintetica 103, Setor Emissor",Salvador,BA,29003-000,Brasil,MEC-RG-0007,"Rua Registral 207, Setor de Proveniencia",Belem,PA,30007-000,Brasil,https://w3id.org/ufes/ontodiplomadigital/instancias-ficticias#registroLote143,ReqDip00000000000000000000000000000000000000000145,2027-03-22,2027-04-06,L-2027-3,143,145,Caso sintetico 145 com status ativo e modalidade ead.,Pessoa Fictícia-0053,CPF-FICTICIO-0619,MAT-REG-0145,Assinante Fictício-0345,CPF-FICTICIO-0620,Reitoria de Registro 8,Assinante Fictício-0005,CPF-FICTICIO-0621,Reitor,AssinaturaPJArquivamentoDocumentacaoAcademica,Instituto Federal de Curadoria Digital,,2027-04-21T16:33:00,https://w3id.org/ufes/ontodiplomadigital/instancias-ficticias#documentacaoAcademicaLote143,Pessoa Fictícia-0026,CPF-FICTICIO-0026,Procurador Institucional,urn:fake:pdfa:ato-designacao:lote03,https://w3id.org/ufes/ontodiplomadigital/instancias-ficticias#historicoLote143,HISTORICO-0145
CASO0146,diplomaLote144,DiplomaDigital,Diploma 146,Revogado,2027-04-19,diplomadoLote144,Diplomado,Pessoa Fictícia-0346,Brasileira,CPF-FICTICIO-0622,localNaturalidadeBr3550308,LocalNaturalidade,São Paulo (SP),3550308,São Paulo,SP,,cursoLote144,CursoNSF,Tecnologia em Memoria Institucional,,2400,2027-03-18,Tecnologia,Tecnologo,Semipresencial,enderecoCursoLote12,Endereco,iesEmissoraLote04,IesEmissora,Universidade Metropolitana da Informação,CNPJ-FICTICIO-0021/CNPJ-FICTICIO-0022,iesRegistradoraLote08,IesRegistradora,Centro Universitario de Rastreabilidade Acadêmica,CNPJ-FICTICIO-0039/CNPJ-FICTICIO-0040,registroLote144,RegistroDiplomaNSF,https://w3id.org/ufes/ontodiplomadigital/instancias-ficticias#requisicaoDocumentacao146,ReqDip00000000000000000000000000000000000000000146,https://w3id.org/ufes/ontodiplomadigital/instancias-ficticias#processoAdministrativo146,PROC-FAKE-2027-0146,2027-04-24,RDP-FAKE-0146,assinaturaLote144,AssinaturaDigital,2027-04-24T08:34:00,PAdES,CODIGO-VALIDACAO-FICTICIO-0291,CodigoValidacao,CODIGO-VALIDACAO-FICTICIO-0292,https://w3id.org/ufes/ontodiplomadigital/instancias-ficticias#diplomaLote144,1.05,Producao,produção,Portal Público Fictício de Consulta de Diplomas,,https://w3id.org/ufes/ontodiplomadigital/instancias-ficticias#diplomadoLote144,Campus de Dados 12,,Bloco B,,Salvador,BA,31012-000,Brasil,,Especialista em Memoria Institucional,tratamento documental,Processos de registro academico,2027-03-18,EMEC-FAKE-2027-0146,Análise de regularidade do curso 146,2026-10-24,2026-10-09,MEC-EM-0004,"Avenida Sintetica 104, Setor Emissor",Brasilia,DF,29004-000,Brasil,MEC-RG-0008,"Rua Registral 208, Setor de Proveniencia",Vitoria,ES,30008-000,Brasil,https://w3id.org/ufes/ontodiplomadigital/instancias-ficticias#registroLote144,ReqDip00000000000000000000000000000000000000000146,2027-03-25,2027-04-09,L-2027-4,144,146,Caso sintetico 146 com status revogado e modalidade semipresencial.,Pessoa Fictícia-0056,CPF-FICTICIO-0623,MAT-REG-0146,Assinante Fictício-0347,CPF-FICTICIO-0624,Reitoria de Registro 9,Assinante Fictício-0010,CPF-FICTICIO-0625,Reitora,AssinaturaPJRegistradora,Centro Universitario de Rastreabilidade Acadêmica,,2027-04-24T08:34:00,https://w3id.org/ufes/ontodiplomadigital/instancias-ficticias#documentacaoAcademicaLote144,Pessoa Fictícia-0031,CPF-FICTICIO-0031,Procuradora Institucional,urn:fake:pdfa:ato-designacao:lote04,https://w3id.org/ufes/ontodiplomadigital/instancias-ficticias#historicoLote144,HISTORICO-0146
CASO0147,diplomaLote145,DiplomaDigital,Diploma 147,Anulado,2027-04-22,diplomadoLote145,Diplomado,Pessoa Fictícia-0348,Brasileira,CPF-FICTICIO-0626,localNaturalidadeBr3304557,LocalNaturalidade,Rio de Janeiro (RJ),3304557,Rio de Janeiro,RJ,,cursoLote145,Curso,Bacharelado em Ciência de Dados Publicos,CURSO-FAKE-0147,2600,2027-03-21,Bacharelado,Bacharel,Presencial,enderecoCursoLote11,Endereco,iesEmissoraLote05,IesEmissora,Faculdade Nacional de Dados Ligados,CNPJ-FICTICIO-0025/CNPJ-FICTICIO-0026,iesRegistradoraLote01,IesRegistradora,Universidade Registradora do Brasil Digital,CNPJ-FICTICIO-0011/CNPJ-FICTICIO-0012,registroLote145,RegistroDiploma,https://w3id.org/ufes/ontodiplomadigital/instancias-ficticias#requisicaoDocumentacao147,ReqDip00000000000000000000000000000000000000000147,https://w3id.org/ufes/ontodiplomadigital/instancias-ficticias#processoAdministrativo147,PROC-FAKE-2027-0147,2027-04-27,RDP-FAKE-0147,assinaturaLote145,AssinaturaDigital,2027-04-27T09:35:00,XAdES,CODIGO-VALIDACAO-FICTICIO-0293,CodigoValidacao,CODIGO-VALIDACAO-FICTICIO-0294,https://w3id.org/ufes/ontodiplomadigital/instancias-ficticias#diplomaLote145,1.05,Homologacao,homologação,GovBR Acadêmico Fictício,,https://w3id.org/ufes/ontodiplomadigital/instancias-ficticias#diplomadoLote145,Campus de Dados 11,,Bloco A,,Belo Horizonte,MG,31011-000,Brasil,,,interoperabilidade semantica,,,,,,,MEC-EM-0005,"Avenida Sintetica 105, Setor Emissor",Recife,PE,29005-000,Brasil,MEC-RG-0001,"Rua Registral 201, Setor de Proveniencia",Curitiba,PR,30001-000,Brasil,https://w3id.org/ufes/ontodiplomadigital/instancias-ficticias#registroLote145,ReqDip00000000000000000000000000000000000000000147,2027-03-28,2027-04-12,L-2027-5,145,147,Caso sintetico 147 com status anulado e modalidade presencial.,Pessoa Fictícia-0013,CPF-FICTICIO-0627,MAT-REG-0147,Assinante Fictício-0349 | Assinante Fictício-0350,CPF-FICTICIO-0628 | CPF-FICTICIO-0629,Reitoria de Registro 1 | Secretaria Acadêmica Integrada,Assinante Fictício-0015,CPF-FICTICIO-0630,Diretor Acadêmico,AssinaturaPJEmissora,Faculdade Nacional de Dados Ligados,,2027-04-27T09:35:00,https://w3id.org/ufes/ontodiplomadigital/instancias-ficticias#documentacaoAcademicaLote145,Assinante Fictício-0005,CPF-FICTICIO-0037,Reitor,urn:fake:pdfa:ato-designacao:lote05,https://w3id.org/ufes/ontodiplomadigital/instancias-ficticias#historicoLote145,HISTORICO-0147
CASO0148,diplomaLote146,DiplomaDigital,Diploma 148,Ativo,2027-04-25,diplomadoLote146,Diplomado,Pessoa Fictícia-0351,Brasileira,CPF-FICTICIO-0631,localNaturalidadeBr2927408,LocalNaturalidade,Salvador (BA),2927408,Salvador,BA,,cursoLote146,Curso,Licenciatura em Curadoria Digital,CURSO-FAKE-0148,2800,2027-03-24,Licenciatura,Licenciado,Ead,enderecoCursoLote02,Endereco,iesEmissoraLote06,IesEmissora,Universidade de Estudos Documentais,CNPJ-FICTICIO-0029/CNPJ-FICTICIO-0030,iesRegistradoraLote02,IesRegistradora,Centro de Registro Interoperável,CNPJ-FICTICIO-0015/CNPJ-FICTICIO-0016,registroLote146,RegistroDiploma,https://w3id.org/ufes/ontodiplomadigital/instancias-ficticias#requisicaoDocumentacao148,ReqDip00000000000000000000000000000000000000000148,https://w3id.org/ufes/ontodiplomadigital/instancias-ficticias#processoAdministrativo148,PROC-FAKE-2027-0148,2027-04-30,RDP-FAKE-0148,assinaturaLote146,AssinaturaDigital,2027-04-30T10:36:00,CAdES,CODIGO-VALIDACAO-FICTICIO-0295,CodigoValidacao,CODIGO-VALIDACAO-FICTICIO-0296,https://w3id.org/ufes/ontodiplomadigital/instancias-ficticias#diplomaLote146,1.05,Producao,produção,Portal Público Fictício de Consulta de Diplomas,,https://w3id.org/ufes/ontodiplomadigital/instancias-ficticias#diplomadoLote146,Campus de Dados 02,,Bloco B,,Recife,PE,31002-000,Brasil,,,curadoria digital,,,,,,,MEC-EM-0006,"Avenida Sintetica 106, Setor Emissor",Curitiba,PR,29006-000,Brasil,MEC-RG-0002,"Rua Registral 202, Setor de Proveniencia",Fortaleza,CE,30002-000,Brasil,https://w3id.org/ufes/ontodiplomadigital/instancias-ficticias#registroLote146,ReqDip00000000000000000000000000000000000000000148,2027-03-31,2027-04-15,L-2027-6,146,148,Caso sintetico 148 com status ativo e modalidade ead.,Pessoa Fictícia-0018,CPF-FICTICIO-0632,MAT-REG-0148,Assinante Fictício-0352,CPF-FICTICIO-0633,Reitoria de Registro 2,Assinante Fictício-0020,CPF-FICTICIO-0634,Diretora Acadêmica,AssinaturaPFResponsavelRegistro,,,2027-04-30T10:36:00,https://w3id.org/ufes/ontodiplomadigital/instancias-ficticias#documentacaoAcademicaLote146,Assinante Fictício-0010,CPF-FICTICIO-0042,Reitora,urn:fake:pdfa:ato-designacao:lote06,https://w3id.org/ufes/ontodiplomadigital/instancias-ficticias#historicoLote146,HISTORICO-0148
CASO0149,diplomaLote147,DiplomaDigital,Diploma 149,Ativo,2027-04-28,diplomadoLote147,Diplomado,Pessoa Fictícia-0353,Portuguesa,CPF-FICTICIO-0635,localNaturalidadeEstrangeiraLisboa,LocalNaturalidade,Lisboa (município estrangeiro),,,,Lisboa,cursoLote147,Curso,Tecnologia em Arquivologia Aplicada,CURSO-FAKE-0149,3000,2027-03-27,Tecnologia,Tecnologo,Semipresencial,enderecoCursoLote06,Endereco,iesEmissoraLote07,IesEmissora,Centro Acadêmico de Interoperabilidade,CNPJ-FICTICIO-0033/CNPJ-FICTICIO-0034,iesRegistradoraLote03,IesRegistradora,Instituto Nacional de Validação Acadêmica,CNPJ-FICTICIO-0019/CNPJ-FICTICIO-0020,registroLote147,RegistroDiploma,https://w3id.org/ufes/ontodiplomadigital/instancias-ficticias#requisicaoDocumentacao149,ReqDip00000000000000000000000000000000000000000149,https://w3id.org/ufes/ontodiplomadigital/instancias-ficticias#processoAdministrativo149,PROC-FAKE-2027-0149,2027-05-03,RDP-FAKE-0149,assinaturaLote147,AssinaturaDigital,2027-05-03T11:37:00,PAdES,CODIGO-VALIDACAO-FICTICIO-0297,CodigoValidacao,CODIGO-VALIDACAO-FICTICIO-0298,https://w3id.org/ufes/ontodiplomadigital/instancias-ficticias#diplomaLote147,1.05,Homologacao,homologação,GovBR Acadêmico Fictício,,https://w3id.org/ufes/ontodiplomadigital/instancias-ficticias#diplomadoLote147,Campus de Dados 06,,Bloco A,,Sao Paulo,SP,31006-000,Brasil,,,organizacao do conhecimento,Análise semantica aplicada,2027-03-27,,,,,MEC-EM-0007,"Avenida Sintetica 107, Setor Emissor",Fortaleza,CE,29007-000,Brasil,MEC-RG-0003,"Rua Registral 203, Setor de Proveniencia",Goiania,GO,30003-000,Brasil,https://w3id.org/ufes/ontodiplomadigital/instancias-ficticias#registroLote147,ReqDip00000000000000000000000000000000000000000149,2027-04-03,2027-04-18,L-2027-7,147,149,Caso sintetico 149 com status ativo e modalidade semipresencial.,Pessoa Fictícia-0023,CPF-FICTICIO-0636,MAT-REG-0149,Assinante Fictício-0354,CPF-FICTICIO-0637,Reitoria de Registro 3,Assinante Fictício-0025,CPF-FICTICIO-0638,Secretario Geral Acadêmico,AssinaturaPFEmissora,,,2027-05-03T11:37:00,https://w3id.org/ufes/ontodiplomadigital/instancias-ficticias#documentacaoAcademicaLote147,Assinante Fictício-0015,CPF-FICTICIO-0047,Diretor Geral,urn:fake:pdfa:ato-designacao:lote07,https://w3id.org/ufes/ontodiplomadigital/instancias-ficticias#historicoLote147,HISTORICO-0149
CASO0150,diplomaLote148,DiplomaDigital,Diploma 150,Ativo,2027-05-01,diplomadoLote148,Diplomado,Pessoa Fictícia-0355,Brasileira,CPF-FICTICIO-0639,localNaturalidadeBr4106902,LocalNaturalidade,Curitiba (PR),4106902,Curitiba,PR,,cursoLote148,CursoNSF,Bacharelado em Biblioteconomia Analitica,,3200,2027-03-30,Bacharelado,Bacharel,Presencial,enderecoCursoLote04,Endereco,iesEmissoraLote08,IesEmissora,Instituto Superior de Preservacao Informacional,CNPJ-FICTICIO-0037/CNPJ-FICTICIO-0038,iesRegistradoraLote04,IesRegistradora,Universidade Curadora de Diplomas,CNPJ-FICTICIO-0023/CNPJ-FICTICIO-0024,registroLote148,RegistroDiplomaNSF,https://w3id.org/ufes/ontodiplomadigital/instancias-ficticias#requisicaoDocumentacao150,ReqDip00000000000000000000000000000000000000000150,https://w3id.org/ufes/ontodiplomadigital/instancias-ficticias#processoAdministrativo150,PROC-FAKE-2027-0150,2027-05-06,RDP-FAKE-0150,assinaturaLote148,AssinaturaDigital,2027-05-06T12:38:00,XAdES,CODIGO-VALIDACAO-FICTICIO-0299,CodigoValidacao,CODIGO-VALIDACAO-FICTICIO-0300,https://w3id.org/ufes/ontodiplomadigital/instancias-ficticias#diplomaLote148,1.05,Producao,produção,Portal Público Fictício de Consulta de Diplomas,,https://w3id.org/ufes/ontodiplomadigital/instancias-ficticias#diplomadoLote148,Campus de Dados 04,,Bloco D,,Fortaleza,CE,31004-000,Brasil,,,preservacao e acesso,,,EMEC-FAKE-2027-0150,Análise de regularidade do curso 150,2026-11-05,2026-10-21,MEC-EM-0008,"Avenida Sintetica 108, Setor Emissor",Goiania,GO,29008-000,Brasil,MEC-RG-0004,"Rua Registral 204, Setor de Proveniencia",Sao Paulo,SP,30004-000,Brasil,https://w3id.org/ufes/ontodiplomadigital/instancias-ficticias#registroLote148,ReqDip00000000000000000000000000000000000000000150,2027-04-06,2027-04-21,L-2027-1,148,150,Caso sintetico 150 com status ativo e modalidade presencial.,Pessoa Fictícia-0028,CPF-FICTICIO-0640,MAT-REG-0150,Assinante Fictício-0356,CPF-FICTICIO-0641,Reitoria de Registro 4,Assinante Fictício-0030,CPF-FICTICIO-0642,Secretaria Geral Acadêmica,AssinaturaPJArquivamentoDocumentacaoAcademica,Instituto Superior de Preservacao Informacional,,2027-05-06T12:38:00,https://w3id.org/ufes/ontodiplomadigital/instancias-ficticias#documentacaoAcademicaLote148,Assinante Fictício-0020,CPF-FICTICIO-0052,Diretora Geral,urn:fake:pdfa:ato-designacao:lote08,https://w3id.org/ufes/ontodiplomadigital/instancias-ficticias#historicoLote148,HISTORICO-0150
CASO0151,diplomaLote149,DiplomaDigital,Diploma 151,Revogado,2027-05-04,diplomadoLote149,Diplomado,Pessoa Fictícia-0357,Brasileira,CPF-FICTICIO-0643,localNaturalidadeBr2800308,LocalNaturalidade,Aracaju (SE),2800308,Aracaju,SE,,cursoLote149,Curso,Licenciatura em Gestão da Informação,CURSO-FAKE-0151,3400,2027-04-02,Licenciatura,Licenciado,Ead,enderecoCursoLote02,Endereco,iesEmissoraLote09,IesEmissora,Universidade do Patrimonio Digital,CNPJ-FICTICIO-0041/CNPJ-FICTICIO-0042,iesRegistradoraLote05,IesRegistradora,Centro Registral de Conhecimento Aplicado,CNPJ-FICTICIO-0027/CNPJ-FICTICIO-0028,registroLote149,RegistroDiploma,https://w3id.org/ufes/ontodiplomadigital/instancias-ficticias#requisicaoDocumentacao151,ReqDip00000000000000000000000000000000000000000151,https://w3id.org/ufes/ontodiplomadigital/instancias-ficticias#processoAdministrativo151,PROC-FAKE-2027-0151,2027-05-09,RDP-FAKE-0151,assinaturaLote149,AssinaturaDigital,2027-05-09T13:39:00,CAdES,CODIGO-VALIDACAO-FICTICIO-0301,CodigoValidacao,CODIGO-VALIDACAO-FICTICIO-0302,https://w3id.org/ufes/ontodiplomadigital/instancias-ficticias#diplomaLote149,1.05,Homologacao,homologação,GovBR Acadêmico Fictício,,https://w3id.org/ufes/ontodiplomadigital/instancias-ficticias#diplomadoLote149,Campus de Dados 02,,Bloco B,,Recife,PE,31002-000,Brasil,,,governanca de dados,,,,,,,MEC-EM-0009,"Avenida Sintetica 109, Setor Emissor",Sao Paulo,SP,29009-000,Brasil,MEC-RG-0005,"Rua Registral 205, Setor de Proveniencia",Rio de Janeiro,RJ,30005-000,Brasil,https://w3id.org/ufes/ontodiplomadigital/instancias-ficticias#registroLote149,ReqDip00000000000000000000000000000000000000000151,2027-04-09,2027-04-24,L-2027-2,149,151,Caso sintetico 151 com status revogado e modalidade ead.,Pessoa Fictícia-0033,CPF-FICTICIO-0644,MAT-REG-0151,Assinante Fictício-0358,CPF-FICTICIO-0645,Reitoria de Registro 5,Pessoa Fictícia-0006,CPF-FICTICIO-0646,Pro-Reitor de Graduacao,AssinaturaPJRegistradora,Centro Registral de Conhecimento Aplicado,,2027-05-09T13:39:00,https://w3id.org/ufes/ontodiplomadigital/instancias-ficticias#documentacaoAcademicaLote149,Assinante Fictício-0025,CPF-FICTICIO-0057,Procurador Institucional,urn:fake:pdfa:ato-designacao:lote09,https://w3id.org/ufes/ontodiplomadigital/instancias-ficticias#historicoLote149,HISTORICO-0151
CASO0152,diplomaLote150,DiplomaDigital,Diploma 152,Anulado,2027-05-07,diplomadoLote150,Diplomado,Pessoa Fictícia-0359,Brasileira,CPF-FICTICIO-0647,localNaturalidadeBr4106902,LocalNaturalidade,Curitiba (PR),4106902,Curitiba,PR,,cursoLote150,Curso,Tecnologia em Humanidades Digitais,,2400,2027-04-05,Tecnologia,Tecnologo,Semipresencial,enderecoCursoLote06,Endereco,iesEmissoraLote10,IesEmissora,Centro Universitario de Modelagem Conceitual,CNPJ-FICTICIO-0043/CNPJ-FICTICIO-0044,iesRegistradoraLote06,IesRegistradora,Universidade Federal de Registro Semântico,CNPJ-FICTICIO-0031/CNPJ-FICTICIO-0032,registroLote150,RegistroDiploma,https://w3id.org/ufes/ontodiplomadigital/instancias-ficticias#requisicaoDocumentacao152,ReqDip00000000000000000000000000000000000000000152,https://w3id.org/ufes/ontodiplomadigital/instancias-ficticias#processoAdministrativo152,PROC-FAKE-2027-0152,2027-05-12,RDP-FAKE-0152,assinaturaLote150,AssinaturaDigital,2027-05-12T14:40:00,PAdES,CODIGO-VALIDACAO-FICTICIO-0303,CodigoValidacao,CODIGO-VALIDACAO-FICTICIO-0304,https://w3id.org/ufes/ontodiplomadigital/instancias-ficticias#diplomaLote150,1.05,Producao,produção,Portal Público Fictício de Consulta de Diplomas,,https://w3id.org/ufes/ontodiplomadigital/instancias-ficticias#diplomadoLote150,Campus de Dados 06,,Bloco A,,Sao Paulo,SP,31006-000,Brasil,,Especialista em Humanidades Digitais,tratamento documental,Processos de registro academico,2027-04-05,EMEC-FAKE-2027-0152,Análise de regularidade do curso 152,2026-11-11,2026-10-27,MEC-EM-0010,"Avenida Sintetica 110, Setor Emissor",Rio de Janeiro,RJ,29010-000,Brasil,MEC-RG-0006,"Rua Registral 206, Setor de Proveniencia",Florianopolis,SC,30006-000,Brasil,https://w3id.org/ufes/ontodiplomadigital/instancias-ficticias#registroLote150,ReqDip00000000000000000000000000000000000000000152,2027-04-12,2027-04-27,L-2027-3,150,152,Caso sintetico 152 com status anulado e modalidade semipresencial.,Pessoa Fictícia-0037,CPF-FICTICIO-0648,MAT-REG-0152,Assinante Fictício-0360 | Assinante Fictício-0361,CPF-FICTICIO-0649 | CPF-FICTICIO-0650,Reitoria de Registro 6 | Secretaria Acadêmica Integrada,Pessoa Fictícia-0011,CPF-FICTICIO-0651,Pro-Reitora de Graduacao,AssinaturaPJEmissora,Centro Universitario de Modelagem Conceitual,,2027-05-12T14:40:00,https://w3id.org/ufes/ontodiplomadigital/instancias-ficticias#documentacaoAcademicaLote150,Assinante Fictício-0030,CPF-FICTICIO-0063,Procuradora Institucional,urn:fake:pdfa:ato-designacao:lote10,https://w3id.org/ufes/ontodiplomadigital/instancias-ficticias#historicoLote150,HISTORICO-0152
CASO0153,diplomaLote151,DiplomaDigital,Diploma 153,Ativo,2027-05-10,diplomadoLote151,Diplomado,Pessoa Fictícia-0362,Brasileira,CPF-FICTICIO-0652,localNaturalidadeBr3304557,LocalNaturalidade,Rio de Janeiro (RJ),3304557,Rio de Janeiro,RJ,,cursoLote151,Curso,Bacharelado em Documentacao Tecnica,CURSO-FAKE-0153,2600,2027-04-08,Bacharelado,Bacharel,Presencial,enderecoCursoLote09,Endereco,iesEmissoraLote01,IesEmissora,Universidade Aberta do Conhecimento,CNPJ-FICTICIO-0009/CNPJ-FICTICIO-0010,iesRegistradoraLote07,IesRegistradora,Instituto de Segurança Documental,CNPJ-FICTICIO-0035/CNPJ-FICTICIO-0036,registroLote151,RegistroDiploma,https://w3id.org/ufes/ontodiplomadigital/instancias-ficticias#requisicaoDocumentacao153,ReqDip00000000000000000000000000000000000000000153,https://w3id.org/ufes/ontodiplomadigital/instancias-ficticias#processoAdministrativo153,PROC-FAKE-2027-0153,2027-05-15,RDP-FAKE-0153,assinaturaLote151,AssinaturaDigital,2027-05-15T15:41:00,XAdES,CODIGO-VALIDACAO-FICTICIO-0305,CodigoValidacao,CODIGO-VALIDACAO-FICTICIO-0306,https://w3id.org/ufes/ontodiplomadigital/instancias-ficticias#diplomaLote151,1.05,Homologacao,homologação,GovBR Acadêmico Fictício,,https://w3id.org/ufes/ontodiplomadigital/instancias-ficticias#diplomadoLote151,Campus de Dados 09,,Bloco D,,Belem,PA,31009-000,Brasil,,,interoperabilidade semantica,,,,,,,MEC-EM-0001,"Avenida Sintetica 101, Setor Emissor",Vitoria,ES,29001-000,Brasil,MEC-RG-0007,"Rua Registral 207, Setor de Proveniencia",Belem,PA,30007-000,Brasil,https://w3id.org/ufes/ontodiplomadigital/instancias-ficticias#registroLote151,ReqDip00000000000000000000000000000000000000000153,2027-04-15,2027-04-30,L-2027-4,151,153,Caso sintetico 153 com status ativo e modalidade presencial.,Pessoa Fictícia-0040,CPF-FICTICIO-0653,MAT-REG-0153,Assinante Fictício-0363,CPF-FICTICIO-0654,Reitoria de Registro 7,Pessoa Fictícia-0016,CPF-FICTICIO-0655,Reitor,AssinaturaPFResponsavelRegistro,,,2027-05-15T15:41:00,https://w3id.org/ufes/ontodiplomadigital/instancias-ficticias#documentacaoAcademicaLote151,Pessoa Fictícia-0016,CPF-FICTICIO-0016,Diretor Geral,urn:fake:pdfa:ato-designacao:lote01,https://w3id.org/ufes/ontodiplomadigital/instancias-ficticias#historicoLote151,HISTORICO-0153
CASO0154,diplomaLote152,DiplomaDigital,Diploma 154,Ativo,2027-05-13,diplomadoLote152,Diplomado,Pessoa Fictícia-0364,Brasileira,CPF-FICTICIO-0656,localNaturalidadeBr2304400,LocalNaturalidade,Fortaleza (CE),2304400,Fortaleza,CE,,cursoLote152,CursoNSF,Licenciatura em Governanca Informacional,,2800,2027-04-11,Licenciatura,Licenciado,Ead,enderecoCursoLote08,Endereco,iesEmissoraLote02,IesEmissora,Centro Universitario Horizonte Semântico,CNPJ-FICTICIO-0013/CNPJ-FICTICIO-0014,iesRegistradoraLote08,IesRegistradora,Centro Universitario de Rastreabilidade Acadêmica,CNPJ-FICTICIO-0039/CNPJ-FICTICIO-0040,registroLote152,RegistroDiplomaNSF,https://w3id.org/ufes/ontodiplomadigital/instancias-ficticias#requisicaoDocumentacao154,ReqDip00000000000000000000000000000000000000000154,https://w3id.org/ufes/ontodiplomadigital/instancias-ficticias#processoAdministrativo154,PROC-FAKE-2027-0154,2027-05-18,RDP-FAKE-0154,assinaturaLote152,AssinaturaDigital,2027-05-18T16:42:00,CAdES,CODIGO-VALIDACAO-FICTICIO-0307,CodigoValidacao,CODIGO-VALIDACAO-FICTICIO-0308,https://w3id.org/ufes/ontodiplomadigital/instancias-ficticias#diplomaLote152,1.05,Producao,produção,Portal Público Fictício de Consulta de Diplomas,,https://w3id.org/ufes/ontodiplomadigital/instancias-ficticias#diplomadoLote152,Campus de Dados 08,,Bloco C,,Florianopolis,SC,31008-000,Brasil,,,curadoria digital,,,EMEC-FAKE-2027-0154,Análise de regularidade do curso 154,2026-11-17,2026-11-02,MEC-EM-0002,"Avenida Sintetica 102, Setor Emissor",Belo Horizonte,MG,29002-000,Brasil,MEC-RG-0008,"Rua Registral 208, Setor de Proveniencia",Vitoria,ES,30008-000,Brasil,https://w3id.org/ufes/ontodiplomadigital/instancias-ficticias#registroLote152,ReqDip00000000000000000000000000000000000000000154,2027-04-18,2027-05-03,L-2027-5,152,154,Caso sintetico 154 com status ativo e modalidade ead.,Pessoa Fictícia-0043,CPF-FICTICIO-0657,MAT-REG-0154,Assinante Fictício-0365,CPF-FICTICIO-0658,Reitoria de Registro 8,Pessoa Fictícia-0021,CPF-FICTICIO-0659,Reitora,AssinaturaPFEmissora,,,2027-05-18T16:42:00,https://w3id.org/ufes/ontodiplomadigital/instancias-ficticias#documentacaoAcademicaLote152,Pessoa Fictícia-0021,CPF-FICTICIO-0021,Diretora Geral,urn:fake:pdfa:ato-designacao:lote02,https://w3id.org/ufes/ontodiplomadigital/instancias-ficticias#historicoLote152,HISTORICO-0154
CASO0155,diplomaLote153,DiplomaDigital,Diploma 155,Ativo,2027-05-16,diplomadoLote153,Diplomado,Pessoa Fictícia-0366,Brasileira,CPF-FICTICIO-0660,localNaturalidadeBr5002704,LocalNaturalidade,Campo Grande (MS),5002704,Campo Grande,MS,,cursoLote153,Curso,Tecnologia em Interoperabilidade Semântica,CURSO-FAKE-0155,3000,2027-04-14,Tecnologia,Tecnologo,Semipresencial,enderecoCursoLote06,Endereco,iesEmissoraLote03,IesEmissora,Instituto Federal de Curadoria Digital,CNPJ-FICTICIO-0017/CNPJ-FICTICIO-0018,iesRegistradoraLote01,IesRegistradora,Universidade Registradora do Brasil Digital,CNPJ-FICTICIO-0011/CNPJ-FICTICIO-0012,registroLote153,RegistroDiploma,https://w3id.org/ufes/ontodiplomadigital/instancias-ficticias#requisicaoDocumentacao155,ReqDip00000000000000000000000000000000000000000155,https://w3id.org/ufes/ontodiplomadigital/instancias-ficticias#processoAdministrativo155,PROC-FAKE-2027-0155,2027-05-21,RDP-FAKE-0155,assinaturaLote153,AssinaturaDigital,2027-05-21T08:43:00,PAdES,CODIGO-VALIDACAO-FICTICIO-0309,CodigoValidacao,CODIGO-VALIDACAO-FICTICIO-0310,https://w3id.org/ufes/ontodiplomadigital/instancias-ficticias#diplomaLote153,1.05,Homologacao,homologação,GovBR Acadêmico Fictício,,https://w3id.org/ufes/ontodiplomadigital/instancias-ficticias#diplomadoLote153,Campus de Dados 06,,Bloco A,,Sao Paulo,SP,31006-000,Brasil,,,organizacao do conhecimento,Análise semantica aplicada,2027-04-14,,,,,MEC-EM-0003,"Avenida Sintetica 103, Setor Emissor",Salvador,BA,29003-000,Brasil,MEC-RG-0001,"Rua Registral 201, Setor de Proveniencia",Curitiba,PR,30001-000,Brasil,https://w3id.org/ufes/ontodiplomadigital/instancias-ficticias#registroLote153,ReqDip00000000000000000000000000000000000000000155,2027-04-21,2027-05-06,L-2027-6,153,155,Caso sintetico 155 com status ativo e modalidade semipresencial.,Pessoa Fictícia-0046,CPF-FICTICIO-0661,MAT-REG-0155,Assinante Fictício-0367,CPF-FICTICIO-0662,Reitoria de Registro 9,Pessoa Fictícia-0026,CPF-FICTICIO-0663,Diretor Acadêmico,AssinaturaPJArquivamentoDocumentacaoAcademica,Instituto Federal de Curadoria Digital,,2027-05-21T08:43:00,https://w3id.org/ufes/ontodiplomadigital/instancias-ficticias#documentacaoAcademicaLote153,Pessoa Fictícia-0026,CPF-FICTICIO-0026,Procurador Institucional,urn:fake:pdfa:ato-designacao:lote03,https://w3id.org/ufes/ontodiplomadigital/instancias-ficticias#historicoLote153,HISTORICO-0155
CASO0156,diplomaLote154,DiplomaDigital,Diploma 156,Revogado,2027-05-19,diplomadoLote154,Diplomado,Pessoa Fictícia-0368,Brasileira,CPF-FICTICIO-0664,localNaturalidadeBr1302603,LocalNaturalidade,Manaus (AM),1302603,Manaus,AM,,cursoLote154,Curso,Bacharelado em Preservacao Digital,CURSO-FAKE-0156,3200,2027-04-17,Bacharelado,Bacharel,Presencial,enderecoCursoLote10,Endereco,iesEmissoraLote04,IesEmissora,Universidade Metropolitana da Informação,CNPJ-FICTICIO-0021/CNPJ-FICTICIO-0022,iesRegistradoraLote02,IesRegistradora,Centro de Registro Interoperável,CNPJ-FICTICIO-0015/CNPJ-FICTICIO-0016,registroLote154,RegistroDiploma,https://w3id.org/ufes/ontodiplomadigital/instancias-ficticias#requisicaoDocumentacao156,ReqDip00000000000000000000000000000000000000000156,https://w3id.org/ufes/ontodiplomadigital/instancias-ficticias#processoAdministrativo156,PROC-FAKE-2027-0156,2027-05-24,RDP-FAKE-0156,assinaturaLote154,AssinaturaDigital,2027-05-24T09:44:00,XAdES,CODIGO-VALIDACAO-FICTICIO-0311,CodigoValidacao,CODIGO-VALIDACAO-FICTICIO-0312,https://w3id.org/ufes/ontodiplomadigital/instancias-ficticias#diplomaLote154,1.05,Producao,produção,Portal Público Fictício de Consulta de Diplomas,,https://w3id.org/ufes/ontodiplomadigital/instancias-ficticias#diplomadoLote154,Campus de Dados 10,,Bloco E,,Vitoria,ES,31010-000,Brasil,,,preservacao e acesso,,,,,,,MEC-EM-0004,"Avenida Sintetica 104, Setor Emissor",Brasilia,DF,29004-000,Brasil,MEC-RG-0002,"Rua Registral 202, Setor de Proveniencia",Fortaleza,CE,30002-000,Brasil,https://w3id.org/ufes/ontodiplomadigital/instancias-ficticias#registroLote154,ReqDip00000000000000000000000000000000000000000156,2027-04-24,2027-05-09,L-2027-7,154,156,Caso sintetico 156 com status revogado e modalidade presencial.,Pessoa Fictícia-0049,CPF-FICTICIO-0665,MAT-REG-0156,Assinante Fictício-0369,CPF-FICTICIO-0666,Reitoria de Registro 1,Pessoa Fictícia-0031,CPF-FICTICIO-0667,Diretora Acadêmica,AssinaturaPJRegistradora,Centro de Registro Interoperável,Autoridade Certificadora Fictícia Integridade Digital,2027-05-24T09:44:00,https://w3id.org/ufes/ontodiplomadigital/instancias-ficticias#documentacaoAcademicaLote154,Pessoa Fictícia-0031,CPF-FICTICIO-0031,Procuradora Institucional,urn:fake:pdfa:ato-designacao:lote04,https://w3id.org/ufes/ontodiplomadigital/instancias-ficticias#historicoLote154,HISTORICO-0156
CASO0157,diplomaLote155,DiplomaDigital,Diploma 157,Anulado,2027-05-22,diplomadoLote155,Diplomado,Pessoa Fictícia-0370,Brasileira,CPF-FICTICIO-0668,localNaturalidadeBr4314902,LocalNaturalidade,Porto Alegre (RS),4314902,Porto Alegre,RS,,cursoLote155,Curso,Licenciatura em Análise Territorial de Dados,CURSO-FAKE-0157,3400,2027-04-20,Licenciatura,Licenciado,Ead,enderecoCursoLote09,Endereco,iesEmissoraLote05,IesEmissora,Faculdade Nacional de Dados Ligados,CNPJ-FICTICIO-0025/CNPJ-FICTICIO-0026,iesRegistradoraLote03,IesRegistradora,Instituto Nacional de Validação Acadêmica,CNPJ-FICTICIO-0019/CNPJ-FICTICIO-0020,registroLote155,RegistroDiploma,https://w3id.org/ufes/ontodiplomadigital/instancias-ficticias#requisicaoDocumentacao157,ReqDip00000000000000000000000000000000000000000157,https://w3id.org/ufes/ontodiplomadigital/instancias-ficticias#processoAdministrativo157,PROC-FAKE-2027-0157,2027-05-27,RDP-FAKE-0157,assinaturaLote155,AssinaturaDigital,2027-05-27T10:45:00,CAdES,CODIGO-VALIDACAO-FICTICIO-0313,CodigoValidacao,CODIGO-VALIDACAO-FICTICIO-0314,https://w3id.org/ufes/ontodiplomadigital/instancias-ficticias#diplomaLote155,1.05,Homologacao,homologação,GovBR Acadêmico Fictício,,https://w3id.org/ufes/ontodiplomadigital/instancias-ficticias#diplomadoLote155,Campus de Dados 09,,Bloco D,,Belem,PA,31009-000,Brasil,,,governanca de dados,,,,,,,MEC-EM-0005,"Avenida Sintetica 105, Setor Emissor",Recife,PE,29005-000,Brasil,MEC-RG-0003,"Rua Registral 203, Setor de Proveniencia",Goiania,GO,30003-000,Brasil,https://w3id.org/ufes/ontodiplomadigital/instancias-ficticias#registroLote155,ReqDip00000000000000000000000000000000000000000157,2027-04-27,2027-05-12,L-2027-1,155,157,Caso sintetico 157 com status anulado e modalidade ead.,Pessoa Fictícia-0053,CPF-FICTICIO-0669,MAT-REG-0157,Assinante Fictício-0371 | Assinante Fictício-0372,CPF-FICTICIO-0670 | CPF-FICTICIO-0671,Reitoria de Registro 2 | Secretaria Acadêmica Integrada,Assinante Fictício-0005,CPF-FICTICIO-0672,Secretario Geral Acadêmico,AssinaturaPJEmissora,Faculdade Nacional de Dados Ligados,,2027-05-27T10:45:00,https://w3id.org/ufes/ontodiplomadigital/instancias-ficticias#documentacaoAcademicaLote155,Assinante Fictício-0005,CPF-FICTICIO-0037,Reitor,urn:fake:pdfa:ato-designacao:lote05,https://w3id.org/ufes/ontodiplomadigital/instancias-ficticias#historicoLote155,HISTORICO-0157
CASO0158,diplomaLote156,DiplomaDigital,Diploma 158,Ativo,2027-05-25,diplomadoLote156,Diplomado,Pessoa Fictícia-0373,Brasileira,CPF-FICTICIO-0673,localNaturalidadeBr1200401,LocalNaturalidade,Rio Branco (AC),1200401,Rio Branco,AC,,cursoLote156,CursoNSF,Tecnologia em Memoria Institucional,,2400,2027-04-23,Tecnologia,Tecnologo,Semipresencial,enderecoCursoLote12,Endereco,iesEmissoraLote06,IesEmissora,Universidade de Estudos Documentais,CNPJ-FICTICIO-0029/CNPJ-FICTICIO-0030,iesRegistradoraLote04,IesRegistradora,Universidade Curadora de Diplomas,CNPJ-FICTICIO-0023/CNPJ-FICTICIO-0024,registroLote156,RegistroDiplomaNSF,https://w3id.org/ufes/ontodiplomadigital/instancias-ficticias#requisicaoDocumentacao158,ReqDip00000000000000000000000000000000000000000158,https://w3id.org/ufes/ontodiplomadigital/instancias-ficticias#processoAdministrativo158,PROC-FAKE-2027-0158,2027-05-30,RDP-FAKE-0158,assinaturaLote156,AssinaturaDigital,2027-05-30T11:46:00,PAdES,CODIGO-VALIDACAO-FICTICIO-0315,CodigoValidacao,CODIGO-VALIDACAO-FICTICIO-0316,https://w3id.org/ufes/ontodiplomadigital/instancias-ficticias#diplomaLote156,1.05,Producao,produção,Portal Público Fictício de Consulta de Diplomas,,https://w3id.org/ufes/ontodiplomadigital/instancias-ficticias#diplomadoLote156,Campus de Dados 12,,Bloco B,,Salvador,BA,31012-000,Brasil,,Especialista em Memoria Institucional,tratamento documental,Processos de registro academico,2027-04-23,EMEC-FAKE-2027-0158,Análise de regularidade do curso 158,2026-11-29,2026-11-14,MEC-EM-0006,"Avenida Sintetica 106, Setor Emissor",Curitiba,PR,29006-000,Brasil,MEC-RG-0004,"Rua Registral 204, Setor de Proveniencia",Sao Paulo,SP,30004-000,Brasil,https://w3id.org/ufes/ontodiplomadigital/instancias-ficticias#registroLote156,ReqDip00000000000000000000000000000000000000000158,2027-04-30,2027-05-15,L-2027-2,156,158,Caso sintetico 158 com status ativo e modalidade semipresencial.,Pessoa Fictícia-0056,CPF-FICTICIO-0674,MAT-REG-0158,Assinante Fictício-0374,CPF-FICTICIO-0675,Reitoria de Registro 3,Assinante Fictício-0010,CPF-FICTICIO-0676,Secretaria Geral Acadêmica,AssinaturaPFResponsavelRegistro,,,2027-05-30T11:46:00,https://w3id.org/ufes/ontodiplomadigital/instancias-ficticias#documentacaoAcademicaLote156,Assinante Fictício-0010,CPF-FICTICIO-0042,Reitora,urn:fake:pdfa:ato-designacao:lote06,https://w3id.org/ufes/ontodiplomadigital/instancias-ficticias#historicoLote156,HISTORICO-0158
CASO0159,diplomaLote157,DiplomaDigital,Diploma 159,Ativo,2027-05-28,diplomadoLote157,Diplomado,Pessoa Fictícia-0375,Brasileira,CPF-FICTICIO-0677,localNaturalidadeBr2408102,LocalNaturalidade,Natal (RN),2408102,Natal,RN,,cursoLote157,Curso,Bacharelado em Ciência de Dados Publicos,CURSO-FAKE-0159,2600,2027-04-26,Bacharelado,Bacharel,Presencial,enderecoCursoLote07,Endereco,iesEmissoraLote07,IesEmissora,Centro Acadêmico de Interoperabilidade,CNPJ-FICTICIO-0033/CNPJ-FICTICIO-0034,iesRegistradoraLote05,IesRegistradora,Centro Registral de Conhecimento Aplicado,CNPJ-FICTICIO-0027/CNPJ-FICTICIO-0028,registroLote157,RegistroDiploma,https://w3id.org/ufes/ontodiplomadigital/instancias-ficticias#requisicaoDocumentacao159,ReqDip00000000000000000000000000000000000000000159,https://w3id.org/ufes/ontodiplomadigital/instancias-ficticias#processoAdministrativo159,PROC-FAKE-2027-0159,2027-06-02,RDP-FAKE-0159,assinaturaLote157,AssinaturaDigital,2027-06-02T12:47:00,XAdES,CODIGO-VALIDACAO-FICTICIO-0317,CodigoValidacao,CODIGO-VALIDACAO-FICTICIO-0318,https://w3id.org/ufes/ontodiplomadigital/instancias-ficticias#diplomaLote157,1.05,Homologacao,homologação,GovBR Acadêmico Fictício,,https://w3id.org/ufes/ontodiplomadigital/instancias-ficticias#diplomadoLote157,Campus de Dados 07,,Bloco B,,Rio de Janeiro,RJ,31007-000,Brasil,,,interoperabilidade semantica,,,,,,,MEC-EM-0007,"Avenida Sintetica 107, Setor Emissor",Fortaleza,CE,29007-000,Brasil,MEC-RG-0005,"Rua Registral 205, Setor de Proveniencia",Rio de Janeiro,RJ,30005-000,Brasil,https://w3id.org/ufes/ontodiplomadigital/instancias-ficticias#registroLote157,ReqDip00000000000000000000000000000000000000000159,2027-05-03,2027-05-18,L-2027-3,157,159,Caso sintetico 159 com status ativo e modalidade presencial.,Pessoa Fictícia-0013,CPF-FICTICIO-0678,MAT-REG-0159,Assinante Fictício-0014,CPF-FICTICIO-0679,Reitoria de Registro 4,Assinante Fictício-0015,CPF-FICTICIO-0680,Pro-Reitor de Graduacao,AssinaturaPFEmissora,,,2027-06-02T12:47:00,https://w3id.org/ufes/ontodiplomadigital/instancias-ficticias#documentacaoAcademicaLote157,Assinante Fictício-0015,CPF-FICTICIO-0047,Diretor Geral,urn:fake:pdfa:ato-designacao:lote07,https://w3id.org/ufes/ontodiplomadigital/instancias-ficticias#historicoLote157,HISTORICO-0159
CASO0160,diplomaLote158,DiplomaDigital,Diploma 160,Ativo,2027-05-31,diplomadoLote158,Diplomado,Pessoa Fictícia-0376,Brasileira,CPF-FICTICIO-0681,localNaturalidadeBr4106902,LocalNaturalidade,Curitiba (PR),4106902,Curitiba,PR,,cursoLote158,Curso,Licenciatura em Curadoria Digital,CURSO-FAKE-0160,2800,2027-04-29,Licenciatura,Licenciado,Ead,enderecoCursoLote02,Endereco,iesEmissoraLote08,IesEmissora,Instituto Superior de Preservacao Informacional,CNPJ-FICTICIO-0037/CNPJ-FICTICIO-0038,iesRegistradoraLote06,IesRegistradora,Universidade Federal de Registro Semântico,CNPJ-FICTICIO-0031/CNPJ-FICTICIO-0032,registroLote158,RegistroDiploma,https://w3id.org/ufes/ontodiplomadigital/instancias-ficticias#requisicaoDocumentacao160,ReqDip00000000000000000000000000000000000000000160,https://w3id.org/ufes/ontodiplomadigital/instancias-ficticias#processoAdministrativo160,PROC-FAKE-2027-0160,2027-06-05,RDP-FAKE-0160,assinaturaLote158,AssinaturaDigital,2027-06-05T13:48:00,CAdES,CODIGO-VALIDACAO-FICTICIO-0319,CodigoValidacao,CODIGO-VALIDACAO-FICTICIO-0320,https://w3id.org/ufes/ontodiplomadigital/instancias-ficticias#diplomaLote158,1.05,Producao,produção,Portal Público Fictício de Consulta de Diplomas,,https://w3id.org/ufes/ontodiplomadigital/instancias-ficticias#diplomadoLote158,Campus de Dados 02,,Bloco B,,Recife,PE,31002-000,Brasil,,,curadoria digital,,,,,,,MEC-EM-0008,"Avenida Sintetica 108, Setor Emissor",Goiania,GO,29008-000,Brasil,MEC-RG-0006,"Rua Registral 206, Setor de Proveniencia",Florianopolis,SC,30006-000,Brasil,https://w3id.org/ufes/ontodiplomadigital/instancias-ficticias#registroLote158,ReqDip00000000000000000000000000000000000000000160,2027-05-06,2027-05-21,L-2027-4,158,160,Caso sintetico 160 com status ativo e modalidade ead.,Pessoa Fictícia-0018,CPF-FICTICIO-0682,MAT-REG-0160,Assinante Fictício-0019,CPF-FICTICIO-0683,Reitoria de Registro 5,Assinante Fictício-0020,CPF-FICTICIO-0684,Pro-Reitora de Graduacao,AssinaturaPJArquivamentoDocumentacaoAcademica,Instituto Superior de Preservacao Informacional,,2027-06-05T13:48:00,https://w3id.org/ufes/ontodiplomadigital/instancias-ficticias#documentacaoAcademicaLote158,Assinante Fictício-0020,CPF-FICTICIO-0052,Diretora Geral,urn:fake:pdfa:ato-designacao:lote08,https://w3id.org/ufes/ontodiplomadigital/instancias-ficticias#historicoLote158,HISTORICO-0160
CASO0161,diplomaLote159,DiplomaDigital,Diploma 161,Revogado,2027-06-03,diplomadoLote159,Diplomado,Pessoa Fictícia-0377,Brasileira,CPF-FICTICIO-0685,localNaturalidadeBr4106902,LocalNaturalidade,Curitiba (PR),4106902,Curitiba,PR,,cursoLote159,Curso,Tecnologia em Arquivologia Aplicada,CURSO-FAKE-0161,3000,2027-05-02,Tecnologia,Tecnologo,Semipresencial,enderecoCursoLote07,Endereco,iesEmissoraLote09,IesEmissora,Universidade do Patrimonio Digital,CNPJ-FICTICIO-0041/CNPJ-FICTICIO-0042,iesRegistradoraLote07,IesRegistradora,Instituto de Segurança Documental,CNPJ-FICTICIO-0035/CNPJ-FICTICIO-0036,registroLote159,RegistroDiploma,https://w3id.org/ufes/ontodiplomadigital/instancias-ficticias#requisicaoDocumentacao161,ReqDip00000000000000000000000000000000000000000161,https://w3id.org/ufes/ontodiplomadigital/instancias-ficticias#processoAdministrativo161,PROC-FAKE-2027-0161,2027-06-08,RDP-FAKE-0161,assinaturaLote159,AssinaturaDigital,2027-06-08T14:49:00,PAdES,CODIGO-VALIDACAO-FICTICIO-0321,CodigoValidacao,CODIGO-VALIDACAO-FICTICIO-0322,https://w3id.org/ufes/ontodiplomadigital/instancias-ficticias#diplomaLote159,1.05,Homologacao,homologação,GovBR Acadêmico Fictício,,https://w3id.org/ufes/ontodiplomadigital/instancias-ficticias#diplomadoLote159,Campus de Dados 07,,Bloco B,,Rio de Janeiro,RJ,31007-000,Brasil,,,organizacao do conhecimento,Análise semantica aplicada,2027-05-02,,,,,MEC-EM-0009,"Avenida Sintetica 109, Setor Emissor",Sao Paulo,SP,29009-000,Brasil,MEC-RG-0007,"Rua Registral 207, Setor de Proveniencia",Belem,PA,30007-000,Brasil,https://w3id.org/ufes/ontodiplomadigital/instancias-ficticias#registroLote159,ReqDip00000000000000000000000000000000000000000161,2027-05-09,2027-05-24,L-2027-5,159,161,Caso sintetico 161 com status revogado e modalidade semipresencial.,Pessoa Fictícia-0023,CPF-FICTICIO-0686,MAT-REG-0161,Assinante Fictício-0024,CPF-FICTICIO-0687,Reitoria de Registro 6,Assinante Fictício-0025,CPF-FICTICIO-0688,Reitor,AssinaturaPJRegistradora,Instituto de Segurança Documental,,2027-06-08T14:49:00,https://w3id.org/ufes/ontodiplomadigital/instancias-ficticias#documentacaoAcademicaLote159,Assinante Fictício-0025,CPF-FICTICIO-0057,Procurador Institucional,urn:fake:pdfa:ato-designacao:lote09,https://w3id.org/ufes/ontodiplomadigital/instancias-ficticias#historicoLote159,HISTORICO-0161
CASO0162,diplomaLote160,DiplomaDigital,Diploma 162,Anulado,2027-06-06,diplomadoLote160,Diplomado,Pessoa Fictícia-0378,Brasileira,CPF-FICTICIO-0689,localNaturalidadeBr3204807,LocalNaturalidade,São José do Calçado (ES),3204807,São José do Calçado,ES,,cursoLote160,CursoNSF,Bacharelado em Biblioteconomia Analitica,,3200,2027-05-05,Bacharelado,Bacharel,Presencial,enderecoCursoLote04,Endereco,iesEmissoraLote10,IesEmissora,Centro Universitario de Modelagem Conceitual,CNPJ-FICTICIO-0043/CNPJ-FICTICIO-0044,iesRegistradoraLote08,IesRegistradora,Centro Universitario de Rastreabilidade Acadêmica,CNPJ-FICTICIO-0039/CNPJ-FICTICIO-0040,registroLote160,RegistroDiplomaNSF,https://w3id.org/ufes/ontodiplomadigital/instancias-ficticias#requisicaoDocumentacao162,ReqDip00000000000000000000000000000000000000000162,https://w3id.org/ufes/ontodiplomadigital/instancias-ficticias#processoAdministrativo162,PROC-FAKE-2027-0162,2027-06-11,RDP-FAKE-0162,assinaturaLote160,AssinaturaDigital,2027-06-11T15:10:00,XAdES,CODIGO-VALIDACAO-FICTICIO-0323,CodigoValidacao,CODIGO-VALIDACAO-FICTICIO-0324,https://w3id.org/ufes/ontodiplomadigital/instancias-ficticias#diplomaLote160,1.05,Producao,produção,Portal Público Fictício de Consulta de Diplomas,,https://w3id.org/ufes/ontodiplomadigital/instancias-ficticias#diplomadoLote160,Campus de Dados 04,,Bloco D,,Fortaleza,CE,31004-000,Brasil,,,preservacao e acesso,,,EMEC-FAKE-2027-0162,Análise de regularidade do curso 162,2026-12-11,2026-11-26,MEC-EM-0010,"Avenida Sintetica 110, Setor Emissor",Rio de Janeiro,RJ,29010-000,Brasil,MEC-RG-0008,"Rua Registral 208, Setor de Proveniencia",Vitoria,ES,30008-000,Brasil,https://w3id.org/ufes/ontodiplomadigital/instancias-ficticias#registroLote160,ReqDip00000000000000000000000000000000000000000162,2027-05-12,2027-05-27,L-2027-6,160,162,Caso sintetico 162 com status anulado e modalidade presencial.,Pessoa Fictícia-0028,CPF-FICTICIO-0690,MAT-REG-0162,Assinante Fictício-0029 | Assinante Fictício-0379,CPF-FICTICIO-0691 | CPF-FICTICIO-0692,Reitoria de Registro 7 | Secretaria Acadêmica Integrada,Assinante Fictício-0030,CPF-FICTICIO-0693,Reitora,AssinaturaPJEmissora,Centro Universitario de Modelagem Conceitual,,2027-06-11T15:10:00,https://w3id.org/ufes/ontodiplomadigital/instancias-ficticias#documentacaoAcademicaLote160,Assinante Fictício-0030,CPF-FICTICIO-0063,Procuradora Institucional,urn:fake:pdfa:ato-designacao:lote10,https://w3id.org/ufes/ontodiplomadigital/instancias-ficticias#historicoLote160,HISTORICO-0162
CASO0163,diplomaLote161,DiplomaDigital,Diploma 163,Ativo,2027-06-09,diplomadoLote161,Diplomado,Pessoa Fictícia-0380,Brasileira,CPF-FICTICIO-0694,localNaturalidadeBr1400100,LocalNaturalidade,Boa Vista (RR),1400100,Boa Vista,RR,,cursoLote161,Curso,Licenciatura em Gestão da Informação,CURSO-FAKE-0163,3400,2027-05-08,Licenciatura,Licenciado,Ead,enderecoCursoLote07,Endereco,iesEmissoraLote01,IesEmissora,Universidade Aberta do Conhecimento,CNPJ-FICTICIO-0009/CNPJ-FICTICIO-0010,iesRegistradoraLote01,IesRegistradora,Universidade Registradora do Brasil Digital,CNPJ-FICTICIO-0011/CNPJ-FICTICIO-0012,registroLote161,RegistroDiploma,https://w3id.org/ufes/ontodiplomadigital/instancias-ficticias#requisicaoDocumentacao163,ReqDip00000000000000000000000000000000000000000163,https://w3id.org/ufes/ontodiplomadigital/instancias-ficticias#processoAdministrativo163,PROC-FAKE-2027-0163,2027-06-14,RDP-FAKE-0163,assinaturaLote161,AssinaturaDigital,2027-06-14T16:11:00,CAdES,CODIGO-VALIDACAO-FICTICIO-0325,CodigoValidacao,CODIGO-VALIDACAO-FICTICIO-0326,https://w3id.org/ufes/ontodiplomadigital/instancias-ficticias#diplomaLote161,1.05,Homologacao,homologação,GovBR Acadêmico Fictício,,https://w3id.org/ufes/ontodiplomadigital/instancias-ficticias#diplomadoLote161,Campus de Dados 07,,Bloco B,,Rio de Janeiro,RJ,31007-000,Brasil,,,governanca de dados,,,,,,,MEC-EM-0001,"Avenida Sintetica 101, Setor Emissor",Vitoria,ES,29001-000,Brasil,MEC-RG-0001,"Rua Registral 201, Setor de Proveniencia",Curitiba,PR,30001-000,Brasil,https://w3id.org/ufes/ontodiplomadigital/instancias-ficticias#registroLote161,ReqDip00000000000000000000000000000000000000000163,2027-05-15,2027-05-30,L-2027-7,161,163,Caso sintetico 163 com status ativo e modalidade ead.,Pessoa Fictícia-0033,CPF-FICTICIO-0695,MAT-REG-0163,Assinante Fictício-0034,CPF-FICTICIO-0696,Reitoria de Registro 8,Pessoa Fictícia-0006,CPF-FICTICIO-0697,Diretor Acadêmico,AssinaturaPFResponsavelRegistro,,,2027-06-14T16:11:00,https://w3id.org/ufes/ontodiplomadigital/instancias-ficticias#documentacaoAcademicaLote161,Pessoa Fictícia-0016,CPF-FICTICIO-0016,Diretor Geral,urn:fake:pdfa:ato-designacao:lote01,https://w3id.org/ufes/ontodiplomadigital/instancias-ficticias#historicoLote161,HISTORICO-0163
CASO0164,diplomaLote162,DiplomaDigital,Diploma 164,Ativo,2027-06-12,diplomadoLote162,Diplomado,Pessoa Fictícia-0381,Brasileira,CPF-FICTICIO-0698,localNaturalidadeBr5300108,LocalNaturalidade,Brasília (DF),5300108,Brasília,DF,,cursoLote162,Curso,Tecnologia em Humanidades Digitais,,2400,2027-05-11,Tecnologia,Tecnologo,Semipresencial,enderecoCursoLote06,Endereco,iesEmissoraLote02,IesEmissora,Centro Universitario Horizonte Semântico,CNPJ-FICTICIO-0013/CNPJ-FICTICIO-0014,iesRegistradoraLote02,IesRegistradora,Centro de Registro Interoperável,CNPJ-FICTICIO-0015/CNPJ-FICTICIO-0016,registroLote162,RegistroDiploma,https://w3id.org/ufes/ontodiplomadigital/instancias-ficticias#requisicaoDocumentacao164,ReqDip00000000000000000000000000000000000000000164,https://w3id.org/ufes/ontodiplomadigital/instancias-ficticias#processoAdministrativo164,PROC-FAKE-2027-0164,2027-06-17,RDP-FAKE-0164,assinaturaLote162,AssinaturaDigital,2027-06-17T08:12:00,PAdES,CODIGO-VALIDACAO-FICTICIO-0327,CodigoValidacao,CODIGO-VALIDACAO-FICTICIO-0328,https://w3id.org/ufes/ontodiplomadigital/instancias-ficticias#diplomaLote162,1.05,Producao,produção,Portal Público Fictício de Consulta de Diplomas,,https://w3id.org/ufes/ontodiplomadigital/instancias-ficticias#diplomadoLote162,Campus de Dados 06,,Bloco A,,Sao Paulo,SP,31006-000,Brasil,,Especialista em Humanidades Digitais,tratamento documental,Processos de registro academico,2027-05-11,EMEC-FAKE-2027-0164,Análise de regularidade do curso 164,2026-12-17,2026-12-02,MEC-EM-0002,"Avenida Sintetica 102, Setor Emissor",Belo Horizonte,MG,29002-000,Brasil,MEC-RG-0002,"Rua Registral 202, Setor de Proveniencia",Fortaleza,CE,30002-000,Brasil,https://w3id.org/ufes/ontodiplomadigital/instancias-ficticias#registroLote162,ReqDip00000000000000000000000000000000000000000164,2027-05-18,2027-06-02,L-2027-1,162,164,Caso sintetico 164 com status ativo e modalidade semipresencial.,Pessoa Fictícia-0037,CPF-FICTICIO-0699,MAT-REG-0164,Assinante Fictício-0038,CPF-FICTICIO-0700,Reitoria de Registro 9,Pessoa Fictícia-0011,CPF-FICTICIO-0701,Diretora Acadêmica,AssinaturaPFEmissora,,,2027-06-17T08:12:00,https://w3id.org/ufes/ontodiplomadigital/instancias-ficticias#documentacaoAcademicaLote162,Pessoa Fictícia-0021,CPF-FICTICIO-0021,Diretora Geral,urn:fake:pdfa:ato-designacao:lote02,https://w3id.org/ufes/ontodiplomadigital/instancias-ficticias#historicoLote162,HISTORICO-0164
CASO0165,diplomaLote163,DiplomaDigital,Diploma 165,Ativo,2027-06-15,diplomadoLote163,Diplomado,Pessoa Fictícia-0382,Brasileira,CPF-FICTICIO-0702,localNaturalidadeBr5300108,LocalNaturalidade,Brasília (DF),5300108,Brasília,DF,,cursoLote163,Curso,Bacharelado em Documentacao Tecnica,CURSO-FAKE-0165,2600,2027-05-14,Bacharelado,Bacharel,Presencial,enderecoCursoLote09,Endereco,iesEmissoraLote03,IesEmissora,Instituto Federal de Curadoria Digital,CNPJ-FICTICIO-0017/CNPJ-FICTICIO-0018,iesRegistradoraLote03,IesRegistradora,Instituto Nacional de Validação Acadêmica,CNPJ-FICTICIO-0019/CNPJ-FICTICIO-0020,registroLote163,RegistroDiploma,https://w3id.org/ufes/ontodiplomadigital/instancias-ficticias#requisicaoDocumentacao165,ReqDip00000000000000000000000000000000000000000165,https://w3id.org/ufes/ontodiplomadigital/instancias-ficticias#processoAdministrativo165,PROC-FAKE-2027-0165,2027-06-20,RDP-FAKE-0165,assinaturaLote163,AssinaturaDigital,2027-06-20T09:13:00,XAdES,CODIGO-VALIDACAO-FICTICIO-0329,CodigoValidacao,CODIGO-VALIDACAO-FICTICIO-0330,https://w3id.org/ufes/ontodiplomadigital/instancias-ficticias#diplomaLote163,1.05,Homologacao,homologação,GovBR Acadêmico Fictício,,https://w3id.org/ufes/ontodiplomadigital/instancias-ficticias#diplomadoLote163,Campus de Dados 09,,Bloco D,,Belem,PA,31009-000,Brasil,,,interoperabilidade semantica,,,,,,,MEC-EM-0003,"Avenida Sintetica 103, Setor Emissor",Salvador,BA,29003-000,Brasil,MEC-RG-0003,"Rua Registral 203, Setor de Proveniencia",Goiania,GO,30003-000,Brasil,https://w3id.org/ufes/ontodiplomadigital/instancias-ficticias#registroLote163,ReqDip00000000000000000000000000000000000000000165,2027-05-21,2027-06-05,L-2027-2,163,165,Caso sintetico 165 com status ativo e modalidade presencial.,Pessoa Fictícia-0040,CPF-FICTICIO-0703,MAT-REG-0165,Assinante Fictício-0041,CPF-FICTICIO-0704,Reitoria de Registro 1,Pessoa Fictícia-0016,CPF-FICTICIO-0705,Secretario Geral Acadêmico,AssinaturaPJArquivamentoDocumentacaoAcademica,Instituto Federal de Curadoria Digital,,2027-06-20T09:13:00,https://w3id.org/ufes/ontodiplomadigital/instancias-ficticias#documentacaoAcademicaLote163,Pessoa Fictícia-0026,CPF-FICTICIO-0026,Procurador Institucional,urn:fake:pdfa:ato-designacao:lote03,https://w3id.org/ufes/ontodiplomadigital/instancias-ficticias#historicoLote163,HISTORICO-0165
CASO0166,diplomaLote164,DiplomaDigital,Diploma 166,Revogado,2027-06-18,diplomadoLote164,Diplomado,Pessoa Fictícia-0383,Brasileira,CPF-FICTICIO-0706,localNaturalidadeBr3304557,LocalNaturalidade,Rio de Janeiro (RJ),3304557,Rio de Janeiro,RJ,,cursoLote164,CursoNSF,Licenciatura em Governanca Informacional,,2800,2027-05-17,Licenciatura,Licenciado,Ead,enderecoCursoLote08,Endereco,iesEmissoraLote04,IesEmissora,Universidade Metropolitana da Informação,CNPJ-FICTICIO-0021/CNPJ-FICTICIO-0022,iesRegistradoraLote04,IesRegistradora,Universidade Curadora de Diplomas,CNPJ-FICTICIO-0023/CNPJ-FICTICIO-0024,registroLote164,RegistroDiplomaNSF,https://w3id.org/ufes/ontodiplomadigital/instancias-ficticias#requisicaoDocumentacao166,ReqDip00000000000000000000000000000000000000000166,https://w3id.org/ufes/ontodiplomadigital/instancias-ficticias#processoAdministrativo166,PROC-FAKE-2027-0166,2027-06-23,RDP-FAKE-0166,assinaturaLote164,AssinaturaDigital,2027-06-23T10:14:00,CAdES,CODIGO-VALIDACAO-FICTICIO-0331,CodigoValidacao,CODIGO-VALIDACAO-FICTICIO-0332,https://w3id.org/ufes/ontodiplomadigital/instancias-ficticias#diplomaLote164,1.05,Producao,produção,Portal Público Fictício de Consulta de Diplomas,,https://w3id.org/ufes/ontodiplomadigital/instancias-ficticias#diplomadoLote164,Campus de Dados 08,,Bloco C,,Florianopolis,SC,31008-000,Brasil,,,curadoria digital,,,EMEC-FAKE-2027-0166,Análise de regularidade do curso 166,2026-12-23,2026-12-08,MEC-EM-0004,"Avenida Sintetica 104, Setor Emissor",Brasilia,DF,29004-000,Brasil,MEC-RG-0004,"Rua Registral 204, Setor de Proveniencia",Sao Paulo,SP,30004-000,Brasil,https://w3id.org/ufes/ontodiplomadigital/instancias-ficticias#registroLote164,ReqDip00000000000000000000000000000000000000000166,2027-05-24,2027-06-08,L-2027-3,164,166,Caso sintetico 166 com status revogado e modalidade ead.,Pessoa Fictícia-0043,CPF-FICTICIO-0707,MAT-REG-0166,Assinante Fictício-0044,CPF-FICTICIO-0708,Reitoria de Registro 2,Pessoa Fictícia-0021,CPF-FICTICIO-0709,Secretaria Geral Acadêmica,AssinaturaPJRegistradora,Universidade Curadora de Diplomas,,2027-06-23T10:14:00,https://w3id.org/ufes/ontodiplomadigital/instancias-ficticias#documentacaoAcademicaLote164,Pessoa Fictícia-0031,CPF-FICTICIO-0031,Procuradora Institucional,urn:fake:pdfa:ato-designacao:lote04,https://w3id.org/ufes/ontodiplomadigital/instancias-ficticias#historicoLote164,HISTORICO-0166
CASO0167,diplomaLote165,DiplomaDigital,Diploma 167,Anulado,2027-06-21,diplomadoLote165,Diplomado,Pessoa Fictícia-0384,Italiana,CPF-FICTICIO-0710,localNaturalidadeEstrangeiraRoma,LocalNaturalidade,Roma (município estrangeiro),,,,Roma,cursoLote165,Curso,Tecnologia em Interoperabilidade Semântica,CURSO-FAKE-0167,3000,2027-05-20,Tecnologia,Tecnologo,Semipresencial,enderecoCursoCaso1,Endereco,iesEmissoraLote05,IesEmissora,Faculdade Nacional de Dados Ligados,CNPJ-FICTICIO-0025/CNPJ-FICTICIO-0026,iesRegistradoraLote05,IesRegistradora,Centro Registral de Conhecimento Aplicado,CNPJ-FICTICIO-0027/CNPJ-FICTICIO-0028,registroLote165,RegistroDiploma,https://w3id.org/ufes/ontodiplomadigital/instancias-ficticias#requisicaoDocumentacao167,ReqDip00000000000000000000000000000000000000000167,https://w3id.org/ufes/ontodiplomadigital/instancias-ficticias#processoAdministrativo167,PROC-FAKE-2027-0167,2027-06-26,RDP-FAKE-0167,assinaturaLote165,AssinaturaDigital,2027-06-26T11:15:00,PAdES,CODIGO-VALIDACAO-FICTICIO-0333,CodigoValidacao,CODIGO-VALIDACAO-FICTICIO-0334,https://w3id.org/ufes/ontodiplomadigital/instancias-ficticias#diplomaLote165,1.05,Homologacao,homologação,GovBR Acadêmico Fictício,,https://w3id.org/ufes/ontodiplomadigital/instancias-ficticias#diplomadoLote165,Campus Integracao,,Bloco A,,Vila Semantica,ES,29001-111,Brasil,,,organizacao do conhecimento,Análise semantica aplicada,2027-05-20,,,,,MEC-EM-0005,"Avenida Sintetica 105, Setor Emissor",Recife,PE,29005-000,Brasil,MEC-RG-0005,"Rua Registral 205, Setor de Proveniencia",Rio de Janeiro,RJ,30005-000,Brasil,https://w3id.org/ufes/ontodiplomadigital/instancias-ficticias#registroLote165,ReqDip00000000000000000000000000000000000000000167,2027-05-27,2027-06-11,L-2027-4,165,167,Caso sintetico 167 com status anulado e modalidade semipresencial.,Pessoa Fictícia-0046,CPF-FICTICIO-0711,MAT-REG-0167,Assinante Fictício-0047 | Assinante Fictício-0385,CPF-FICTICIO-0712 | CPF-FICTICIO-0713,Reitoria de Registro 3 | Secretaria Acadêmica Integrada,Pessoa Fictícia-0026,CPF-FICTICIO-0714,Pro-Reitor de Graduacao,AssinaturaPJEmissora,Faculdade Nacional de Dados Ligados,,2027-06-26T11:15:00,https://w3id.org/ufes/ontodiplomadigital/instancias-ficticias#documentacaoAcademicaLote165,Assinante Fictício-0005,CPF-FICTICIO-0037,Reitor,urn:fake:pdfa:ato-designacao:lote05,https://w3id.org/ufes/ontodiplomadigital/instancias-ficticias#historicoLote165,HISTORICO-0167
CASO0168,diplomaLote166,DiplomaDigital,Diploma 168,Ativo,2027-06-24,diplomadoLote166,Diplomado,Pessoa Fictícia-0386,Brasileira,CPF-FICTICIO-0715,localNaturalidadeBr4205407,LocalNaturalidade,Florianópolis (SC),4205407,Florianópolis,SC,,cursoLote166,Curso,Bacharelado em Preservacao Digital,CURSO-FAKE-0168,3200,2027-05-23,Bacharelado,Bacharel,Presencial,enderecoCursoLote10,Endereco,iesEmissoraLote06,IesEmissora,Universidade de Estudos Documentais,CNPJ-FICTICIO-0029/CNPJ-FICTICIO-0030,iesRegistradoraLote06,IesRegistradora,Universidade Federal de Registro Semântico,CNPJ-FICTICIO-0031/CNPJ-FICTICIO-0032,registroLote166,RegistroDiploma,https://w3id.org/ufes/ontodiplomadigital/instancias-ficticias#requisicaoDocumentacao168,ReqDip00000000000000000000000000000000000000000168,https://w3id.org/ufes/ontodiplomadigital/instancias-ficticias#processoAdministrativo168,PROC-FAKE-2027-0168,2027-06-29,RDP-FAKE-0168,assinaturaLote166,AssinaturaDigital,2027-06-29T12:16:00,XAdES,CODIGO-VALIDACAO-FICTICIO-0335,CodigoValidacao,CODIGO-VALIDACAO-FICTICIO-0336,https://w3id.org/ufes/ontodiplomadigital/instancias-ficticias#diplomaLote166,1.05,Producao,produção,Portal Público Fictício de Consulta de Diplomas,,https://w3id.org/ufes/ontodiplomadigital/instancias-ficticias#diplomadoLote166,Campus de Dados 10,,Bloco E,,Vitoria,ES,31010-000,Brasil,,,preservacao e acesso,,,,,,,MEC-EM-0006,"Avenida Sintetica 106, Setor Emissor",Curitiba,PR,29006-000,Brasil,MEC-RG-0006,"Rua Registral 206, Setor de Proveniencia",Florianopolis,SC,30006-000,Brasil,https://w3id.org/ufes/ontodiplomadigital/instancias-ficticias#registroLote166,ReqDip00000000000000000000000000000000000000000168,2027-05-30,2027-06-14,L-2027-5,166,168,Caso sintetico 168 com status ativo e modalidade presencial.,Pessoa Fictícia-0049,CPF-FICTICIO-0716,MAT-REG-0168,Assinante Fictício-0050,CPF-FICTICIO-0717,Reitoria de Registro 4,Pessoa Fictícia-0031,CPF-FICTICIO-0718,Pro-Reitora de Graduacao,AssinaturaPFResponsavelRegistro,,Autoridade Certificadora Fictícia Integridade Digital,2027-06-29T12:16:00,https://w3id.org/ufes/ontodiplomadigital/instancias-ficticias#documentacaoAcademicaLote166,Assinante Fictício-0010,CPF-FICTICIO-0042,Reitora,urn:fake:pdfa:ato-designacao:lote06,https://w3id.org/ufes/ontodiplomadigital/instancias-ficticias#historicoLote166,HISTORICO-0168
CASO0169,diplomaLote167,DiplomaDigital,Diploma 169,Ativo,2027-06-27,diplomadoLote167,Diplomado,Pessoa Fictícia-0387,Brasileira,CPF-FICTICIO-0719,localNaturalidadeBr2408102,LocalNaturalidade,Natal (RN),2408102,Natal,RN,,cursoLote167,Curso,Licenciatura em Análise Territorial de Dados,CURSO-FAKE-0169,3400,2027-05-26,Licenciatura,Licenciado,Ead,enderecoCursoLote04,Endereco,iesEmissoraLote07,IesEmissora,Centro Acadêmico de Interoperabilidade,CNPJ-FICTICIO-0033/CNPJ-FICTICIO-0034,iesRegistradoraLote07,IesRegistradora,Instituto de Segurança Documental,CNPJ-FICTICIO-0035/CNPJ-FICTICIO-0036,registroLote167,RegistroDiploma,https://w3id.org/ufes/ontodiplomadigital/instancias-ficticias#requisicaoDocumentacao169,ReqDip00000000000000000000000000000000000000000169,https://w3id.org/ufes/ontodiplomadigital/instancias-ficticias#processoAdministrativo169,PROC-FAKE-2027-0169,2027-07-02,RDP-FAKE-0169,assinaturaLote167,AssinaturaDigital,2027-07-02T13:17:00,CAdES,CODIGO-VALIDACAO-FICTICIO-0337,CodigoValidacao,CODIGO-VALIDACAO-FICTICIO-0338,https://w3id.org/ufes/ontodiplomadigital/instancias-ficticias#diplomaLote167,1.05,Homologacao,homologação,GovBR Acadêmico Fictício,,https://w3id.org/ufes/ontodiplomadigital/instancias-ficticias#diplomadoLote167,Campus de Dados 04,,Bloco D,,Fortaleza,CE,31004-000,Brasil,,,governanca de dados,,,,,,,MEC-EM-0007,"Avenida Sintetica 107, Setor Emissor",Fortaleza,CE,29007-000,Brasil,MEC-RG-0007,"Rua Registral 207, Setor de Proveniencia",Belem,PA,30007-000,Brasil,https://w3id.org/ufes/ontodiplomadigital/instancias-ficticias#registroLote167,ReqDip00000000000000000000000000000000000000000169,2027-06-02,2027-06-17,L-2027-6,167,169,Caso sintetico 169 com status ativo e modalidade ead.,Pessoa Fictícia-0053,CPF-FICTICIO-0720,MAT-REG-0169,Assinante Fictício-0054,CPF-FICTICIO-0721,Reitoria de Registro 5,Assinante Fictício-0005,CPF-FICTICIO-0722,Reitor,AssinaturaPFEmissora,,,2027-07-02T13:17:00,https://w3id.org/ufes/ontodiplomadigital/instancias-ficticias#documentacaoAcademicaLote167,Assinante Fictício-0015,CPF-FICTICIO-0047,Diretor Geral,urn:fake:pdfa:ato-designacao:lote07,https://w3id.org/ufes/ontodiplomadigital/instancias-ficticias#historicoLote167,HISTORICO-0169
CASO0170,diplomaLote168,DiplomaDigital,Diploma 170,Ativo,2027-06-30,diplomadoLote168,Diplomado,Pessoa Fictícia-0388,Brasileira,CPF-FICTICIO-0723,localNaturalidadeBr3550308,LocalNaturalidade,São Paulo (SP),3550308,São Paulo,SP,,cursoLote168,CursoNSF,Tecnologia em Memoria Institucional,,2400,2027-05-29,Tecnologia,Tecnologo,Semipresencial,enderecoCursoLote12,Endereco,iesEmissoraLote08,IesEmissora,Instituto Superior de Preservacao Informacional,CNPJ-FICTICIO-0037/CNPJ-FICTICIO-0038,iesRegistradoraLote08,IesRegistradora,Centro Universitario de Rastreabilidade Acadêmica,CNPJ-FICTICIO-0039/CNPJ-FICTICIO-0040,registroLote168,RegistroDiplomaNSF,https://w3id.org/ufes/ontodiplomadigital/instancias-ficticias#requisicaoDocumentacao170,ReqDip00000000000000000000000000000000000000000170,https://w3id.org/ufes/ontodiplomadigital/instancias-ficticias#processoAdministrativo170,PROC-FAKE-2027-0170,2027-07-05,RDP-FAKE-0170,assinaturaLote168,AssinaturaDigital,2027-07-05T14:18:00,PAdES,CODIGO-VALIDACAO-FICTICIO-0339,CodigoValidacao,CODIGO-VALIDACAO-FICTICIO-0340,https://w3id.org/ufes/ontodiplomadigital/instancias-ficticias#diplomaLote168,1.05,Producao,produção,Portal Público Fictício de Consulta de Diplomas,,https://w3id.org/ufes/ontodiplomadigital/instancias-ficticias#diplomadoLote168,Campus de Dados 12,,Bloco B,,Salvador,BA,31012-000,Brasil,,Especialista em Memoria Institucional,tratamento documental,Processos de registro academico,2027-05-29,EMEC-FAKE-2027-0170,Análise de regularidade do curso 170,2027-01-04,2026-12-20,MEC-EM-0008,"Avenida Sintetica 108, Setor Emissor",Goiania,GO,29008-000,Brasil,MEC-RG-0008,"Rua Registral 208, Setor de Proveniencia",Vitoria,ES,30008-000,Brasil,https://w3id.org/ufes/ontodiplomadigital/instancias-ficticias#registroLote168,ReqDip00000000000000000000000000000000000000000170,2027-06-05,2027-06-20,L-2027-7,168,170,Caso sintetico 170 com status ativo e modalidade semipresencial.,Pessoa Fictícia-0056,CPF-FICTICIO-0724,MAT-REG-0170,Assinante Fictício-0057,CPF-FICTICIO-0725,Reitoria de Registro 6,Assinante Fictício-0010,CPF-FICTICIO-0726,Reitora,AssinaturaPJArquivamentoDocumentacaoAcademica,Instituto Superior de Preservacao Informacional,,2027-07-05T14:18:00,https://w3id.org/ufes/ontodiplomadigital/instancias-ficticias#documentacaoAcademicaLote168,Assinante Fictício-0020,CPF-FICTICIO-0052,Diretora Geral,urn:fake:pdfa:ato-designacao:lote08,https://w3id.org/ufes/ontodiplomadigital/instancias-ficticias#historicoLote168,HISTORICO-0170
CASO0171,diplomaLote169,DiplomaDigital,Diploma 171,Revogado,2027-07-03,diplomadoLote169,Diplomado,Pessoa Fictícia-0389,Brasileira,CPF-FICTICIO-0727,localNaturalidadeBr1721000,LocalNaturalidade,Palmas (TO),1721000,Palmas,TO,,cursoLote169,Curso,Bacharelado em Ciência de Dados Publicos,CURSO-FAKE-0171,2600,2027-06-01,Bacharelado,Bacharel,Presencial,enderecoCursoLote05,Endereco,iesEmissoraLote09,IesEmissora,Universidade do Patrimonio Digital,CNPJ-FICTICIO-0041/CNPJ-FICTICIO-0042,iesRegistradoraLote01,IesRegistradora,Universidade Registradora do Brasil Digital,CNPJ-FICTICIO-0011/CNPJ-FICTICIO-0012,registroLote169,RegistroDiploma,https://w3id.org/ufes/ontodiplomadigital/instancias-ficticias#requisicaoDocumentacao171,ReqDip00000000000000000000000000000000000000000171,https://w3id.org/ufes/ontodiplomadigital/instancias-ficticias#processoAdministrativo171,PROC-FAKE-2027-0171,2027-07-08,RDP-FAKE-0171,assinaturaLote169,AssinaturaDigital,2027-07-08T15:19:00,XAdES,CODIGO-VALIDACAO-FICTICIO-0341,CodigoValidacao,CODIGO-VALIDACAO-FICTICIO-0342,https://w3id.org/ufes/ontodiplomadigital/instancias-ficticias#diplomaLote169,1.05,Homologacao,homologação,GovBR Acadêmico Fictício,,https://w3id.org/ufes/ontodiplomadigital/instancias-ficticias#diplomadoLote169,Campus de Dados 05,,Bloco E,,Goiania,GO,31005-000,Brasil,,,interoperabilidade semantica,,,,,,,MEC-EM-0009,"Avenida Sintetica 109, Setor Emissor",Sao Paulo,SP,29009-000,Brasil,MEC-RG-0001,"Rua Registral 201, Setor de Proveniencia",Curitiba,PR,30001-000,Brasil,https://w3id.org/ufes/ontodiplomadigital/instancias-ficticias#registroLote169,ReqDip00000000000000000000000000000000000000000171,2027-06-08,2027-06-23,L-2027-1,169,171,Caso sintetico 171 com status revogado e modalidade presencial.,Pessoa Fictícia-0013,CPF-FICTICIO-0728,MAT-REG-0171,Assinante Fictício-0059,CPF-FICTICIO-0729,Reitoria de Registro 7,Assinante Fictício-0015,CPF-FICTICIO-0730,Diretor Acadêmico,AssinaturaPJRegistradora,Universidade Registradora do Brasil Digital,,2027-07-08T15:19:00,https://w3id.org/ufes/ontodiplomadigital/instancias-ficticias#documentacaoAcademicaLote169,Assinante Fictício-0025,CPF-FICTICIO-0057,Procurador Institucional,urn:fake:pdfa:ato-designacao:lote09,https://w3id.org/ufes/ontodiplomadigital/instancias-ficticias#historicoLote169,HISTORICO-0171
CASO0172,diplomaLote170,DiplomaDigital,Diploma 172,Anulado,2027-07-06,diplomadoLote170,Diplomado,Pessoa Fictícia-0390,Cabo-verdiana,CPF-FICTICIO-0731,localNaturalidadeEstrangeiraPraia,LocalNaturalidade,Praia (município estrangeiro),,,,Praia,cursoLote170,Curso,Licenciatura em Curadoria Digital,CURSO-FAKE-0172,2800,2027-06-04,Licenciatura,Licenciado,Ead,enderecoCursoLote02,Endereco,iesEmissoraLote10,IesEmissora,Centro Universitario de Modelagem Conceitual,CNPJ-FICTICIO-0043/CNPJ-FICTICIO-0044,iesRegistradoraLote02,IesRegistradora,Centro de Registro Interoperável,CNPJ-FICTICIO-0015/CNPJ-FICTICIO-0016,registroLote170,RegistroDiploma,https://w3id.org/ufes/ontodiplomadigital/instancias-ficticias#requisicaoDocumentacao172,ReqDip00000000000000000000000000000000000000000172,https://w3id.org/ufes/ontodiplomadigital/instancias-ficticias#processoAdministrativo172,PROC-FAKE-2027-0172,2027-07-11,RDP-FAKE-0172,assinaturaLote170,AssinaturaDigital,2027-07-11T16:20:00,CAdES,CODIGO-VALIDACAO-FICTICIO-0343,CodigoValidacao,CODIGO-VALIDACAO-FICTICIO-0344,https://w3id.org/ufes/ontodiplomadigital/instancias-ficticias#diplomaLote170,1.05,Producao,produção,Portal Público Fictício de Consulta de Diplomas,,https://w3id.org/ufes/ontodiplomadigital/instancias-ficticias#diplomadoLote170,Campus de Dados 02,,Bloco B,,Recife,PE,31002-000,Brasil,,,curadoria digital,,,,,,,MEC-EM-0010,"Avenida Sintetica 110, Setor Emissor",Rio de Janeiro,RJ,29010-000,Brasil,MEC-RG-0002,"Rua Registral 202, Setor de Proveniencia",Fortaleza,CE,30002-000,Brasil,https://w3id.org/ufes/ontodiplomadigital/instancias-ficticias#registroLote170,ReqDip00000000000000000000000000000000000000000172,2027-06-11,2027-06-26,L-2027-2,170,172,Caso sintetico 172 com status anulado e modalidade ead.,Pessoa Fictícia-0018,CPF-FICTICIO-0732,MAT-REG-0172,Assinante Fictício-0061 | Assinante Fictício-0391,CPF-FICTICIO-0733 | CPF-FICTICIO-0734,Reitoria de Registro 8 | Secretaria Acadêmica Integrada,Assinante Fictício-0020,CPF-FICTICIO-0735,Diretora Acadêmica,AssinaturaPJEmissora,Centro Universitario de Modelagem Conceitual,,2027-07-11T16:20:00,https://w3id.org/ufes/ontodiplomadigital/instancias-ficticias#documentacaoAcademicaLote170,Assinante Fictício-0030,CPF-FICTICIO-0063,Procuradora Institucional,urn:fake:pdfa:ato-designacao:lote10,https://w3id.org/ufes/ontodiplomadigital/instancias-ficticias#historicoLote170,HISTORICO-0172
CASO0173,diplomaLote171,DiplomaDigital,Diploma 173,Ativo,2027-07-09,diplomadoLote171,Diplomado,Pessoa Fictícia-0392,Brasileira,CPF-FICTICIO-0736,localNaturalidadeBr3550308,LocalNaturalidade,São Paulo (SP),3550308,São Paulo,SP,,cursoLote171,Curso,Tecnologia em Arquivologia Aplicada,CURSO-FAKE-0173,3000,2027-06-07,Tecnologia,Tecnologo,Semipresencial,enderecoCursoLote01,Endereco,iesEmissoraLote01,IesEmissora,Universidade Aberta do Conhecimento,CNPJ-FICTICIO-0009/CNPJ-FICTICIO-0010,iesRegistradoraLote03,IesRegistradora,Instituto Nacional de Validação Acadêmica,CNPJ-FICTICIO-0019/CNPJ-FICTICIO-0020,registroLote171,RegistroDiploma,https://w3id.org/ufes/ontodiplomadigital/instancias-ficticias#requisicaoDocumentacao173,ReqDip00000000000000000000000000000000000000000173,https://w3id.org/ufes/ontodiplomadigital/instancias-ficticias#processoAdministrativo173,PROC-FAKE-2027-0173,2027-07-14,RDP-FAKE-0173,assinaturaLote171,AssinaturaDigital,2027-07-14T08:21:00,PAdES,CODIGO-VALIDACAO-FICTICIO-0345,CodigoValidacao,CODIGO-VALIDACAO-FICTICIO-0346,https://w3id.org/ufes/ontodiplomadigital/instancias-ficticias#diplomaLote171,1.05,Homologacao,homologação,GovBR Acadêmico Fictício,,https://w3id.org/ufes/ontodiplomadigital/instancias-ficticias#diplomadoLote171,Campus de Dados 01,,Bloco A,,Brasilia,DF,31001-000,Brasil,,,organizacao do conhecimento,Análise semantica aplicada,2027-06-07,,,,,MEC-EM-0001,"Avenida Sintetica 101, Setor Emissor",Vitoria,ES,29001-000,Brasil,MEC-RG-0003,"Rua Registral 203, Setor de Proveniencia",Goiania,GO,30003-000,Brasil,https://w3id.org/ufes/ontodiplomadigital/instancias-ficticias#registroLote171,ReqDip00000000000000000000000000000000000000000173,2027-06-14,2027-06-29,L-2027-3,171,173,Caso sintetico 173 com status ativo e modalidade semipresencial.,Pessoa Fictícia-0023,CPF-FICTICIO-0737,MAT-REG-0173,Assinante Fictício-0063,CPF-FICTICIO-0738,Reitoria de Registro 9,Assinante Fictício-0025,CPF-FICTICIO-0739,Secretario Geral Acadêmico,AssinaturaPFResponsavelRegistro,,,2027-07-14T08:21:00,https://w3id.org/ufes/ontodiplomadigital/instancias-ficticias#documentacaoAcademicaLote171,Pessoa Fictícia-0016,CPF-FICTICIO-0016,Diretor Geral,urn:fake:pdfa:ato-designacao:lote01,https://w3id.org/ufes/ontodiplomadigital/instancias-ficticias#historicoLote171,HISTORICO-0173
CASO0174,diplomaLote172,DiplomaDigital,Diploma 174,Ativo,2027-07-12,diplomadoLote172,Diplomado,Pessoa Fictícia-0393,Angolana,CPF-FICTICIO-0740,localNaturalidadeEstrangeiraLuanda,LocalNaturalidade,Luanda (município estrangeiro),,,,Luanda,cursoLote172,CursoNSF,Bacharelado em Biblioteconomia Analitica,,3200,2027-06-10,Bacharelado,Bacharel,Presencial,enderecoCursoLote04,Endereco,iesEmissoraLote02,IesEmissora,Centro Universitario Horizonte Semântico,CNPJ-FICTICIO-0013/CNPJ-FICTICIO-0014,iesRegistradoraLote04,IesRegistradora,Universidade Curadora de Diplomas,CNPJ-FICTICIO-0023/CNPJ-FICTICIO-0024,registroLote172,RegistroDiplomaNSF,https://w3id.org/ufes/ontodiplomadigital/instancias-ficticias#requisicaoDocumentacao174,ReqDip00000000000000000000000000000000000000000174,https://w3id.org/ufes/ontodiplomadigital/instancias-ficticias#processoAdministrativo174,PROC-FAKE-2027-0174,2027-07-17,RDP-FAKE-0174,assinaturaLote172,AssinaturaDigital,2027-07-17T09:22:00,XAdES,CODIGO-VALIDACAO-FICTICIO-0347,CodigoValidacao,CODIGO-VALIDACAO-FICTICIO-0348,https://w3id.org/ufes/ontodiplomadigital/instancias-ficticias#diplomaLote172,1.05,Producao,produção,Portal Público Fictício de Consulta de Diplomas,,https://w3id.org/ufes/ontodiplomadigital/instancias-ficticias#diplomadoLote172,Campus de Dados 04,,Bloco D,,Fortaleza,CE,31004-000,Brasil,,,preservacao e acesso,,,EMEC-FAKE-2027-0174,Análise de regularidade do curso 174,2027-01-16,2027-01-01,MEC-EM-0002,"Avenida Sintetica 102, Setor Emissor",Belo Horizonte,MG,29002-000,Brasil,MEC-RG-0004,"Rua Registral 204, Setor de Proveniencia",Sao Paulo,SP,30004-000,Brasil,https://w3id.org/ufes/ontodiplomadigital/instancias-ficticias#registroLote172,ReqDip00000000000000000000000000000000000000000174,2027-06-17,2027-07-02,L-2027-4,172,174,Caso sintetico 174 com status ativo e modalidade presencial.,Pessoa Fictícia-0028,CPF-FICTICIO-0741,MAT-REG-0174,Assinante Fictício-0066,CPF-FICTICIO-0742,Reitoria de Registro 1,Assinante Fictício-0030,CPF-FICTICIO-0743,Secretaria Geral Acadêmica,AssinaturaPFEmissora,,,2027-07-17T09:22:00,https://w3id.org/ufes/ontodiplomadigital/instancias-ficticias#documentacaoAcademicaLote172,Pessoa Fictícia-0021,CPF-FICTICIO-0021,Diretora Geral,urn:fake:pdfa:ato-designacao:lote02,https://w3id.org/ufes/ontodiplomadigital/instancias-ficticias#historicoLote172,HISTORICO-0174
CASO0175,diplomaLote173,DiplomaDigital,Diploma 175,Ativo,2027-07-15,diplomadoLote173,Diplomado,Pessoa Fictícia-0394,Brasileira,CPF-FICTICIO-0744,localNaturalidadeBr3106200,LocalNaturalidade,Belo Horizonte (MG),3106200,Belo Horizonte,MG,,cursoLote173,Curso,Licenciatura em Gestão da Informação,CURSO-FAKE-0175,3400,2027-06-13,Licenciatura,Licenciado,Ead,enderecoCursoLote08,Endereco,iesEmissoraLote03,IesEmissora,Instituto Federal de Curadoria Digital,CNPJ-FICTICIO-0017/CNPJ-FICTICIO-0018,iesRegistradoraLote05,IesRegistradora,Centro Registral de Conhecimento Aplicado,CNPJ-FICTICIO-0027/CNPJ-FICTICIO-0028,registroLote173,RegistroDiploma,https://w3id.org/ufes/ontodiplomadigital/instancias-ficticias#requisicaoDocumentacao175,ReqDip00000000000000000000000000000000000000000175,https://w3id.org/ufes/ontodiplomadigital/instancias-ficticias#processoAdministrativo175,PROC-FAKE-2027-0175,2027-07-20,RDP-FAKE-0175,assinaturaLote173,AssinaturaDigital,2027-07-20T10:23:00,CAdES,CODIGO-VALIDACAO-FICTICIO-0349,CodigoValidacao,CODIGO-VALIDACAO-FICTICIO-0350,https://w3id.org/ufes/ontodiplomadigital/instancias-ficticias#diplomaLote173,1.05,Homologacao,homologação,GovBR Acadêmico Fictício,,https://w3id.org/ufes/ontodiplomadigital/instancias-ficticias#diplomadoLote173,Campus de Dados 08,,Bloco C,,Florianopolis,SC,31008-000,Brasil,,,governanca de dados,,,,,,,MEC-EM-0003,"Avenida Sintetica 103, Setor Emissor",Salvador,BA,29003-000,Brasil,MEC-RG-0005,"Rua Registral 205, Setor de Proveniencia",Rio de Janeiro,RJ,30005-000,Brasil,https://w3id.org/ufes/ontodiplomadigital/instancias-ficticias#registroLote173,ReqDip00000000000000000000000000000000000000000175,2027-06-20,2027-07-05,L-2027-5,173,175,Caso sintetico 175 com status ativo e modalidade ead.,Pessoa Fictícia-0033,CPF-FICTICIO-0745,MAT-REG-0175,Assinante Fictício-0068,CPF-FICTICIO-0746,Reitoria de Registro 2,Pessoa Fictícia-0006,CPF-FICTICIO-0747,Pro-Reitor de Graduacao,AssinaturaPJArquivamentoDocumentacaoAcademica,Instituto Federal de Curadoria Digital,,2027-07-20T10:23:00,https://w3id.org/ufes/ontodiplomadigital/instancias-ficticias#documentacaoAcademicaLote173,Pessoa Fictícia-0026,CPF-FICTICIO-0026,Procurador Institucional,urn:fake:pdfa:ato-designacao:lote03,https://w3id.org/ufes/ontodiplomadigital/instancias-ficticias#historicoLote173,HISTORICO-0175
CASO0176,diplomaLote174,DiplomaDigital,Diploma 176,Revogado,2027-07-18,diplomadoLote174,Diplomado,Pessoa Fictícia-0395,Brasileira,CPF-FICTICIO-0748,localNaturalidadeBr5103403,LocalNaturalidade,Cuiabá (MT),5103403,Cuiabá,MT,,cursoLote174,Curso,Tecnologia em Humanidades Digitais,,2400,2027-06-16,Tecnologia,Tecnologo,Semipresencial,enderecoCursoLote06,Endereco,iesEmissoraLote04,IesEmissora,Universidade Metropolitana da Informação,CNPJ-FICTICIO-0021/CNPJ-FICTICIO-0022,iesRegistradoraLote06,IesRegistradora,Universidade Federal de Registro Semântico,CNPJ-FICTICIO-0031/CNPJ-FICTICIO-0032,registroLote174,RegistroDiploma,https://w3id.org/ufes/ontodiplomadigital/instancias-ficticias#requisicaoDocumentacao176,ReqDip00000000000000000000000000000000000000000176,https://w3id.org/ufes/ontodiplomadigital/instancias-ficticias#processoAdministrativo176,PROC-FAKE-2027-0176,2027-07-23,RDP-FAKE-0176,assinaturaLote174,AssinaturaDigital,2027-07-23T11:24:00,PAdES,CODIGO-VALIDACAO-FICTICIO-0351,CodigoValidacao,CODIGO-VALIDACAO-FICTICIO-0352,https://w3id.org/ufes/ontodiplomadigital/instancias-ficticias#diplomaLote174,1.05,Producao,produção,Portal Público Fictício de Consulta de Diplomas,,https://w3id.org/ufes/ontodiplomadigital/instancias-ficticias#diplomadoLote174,Campus de Dados 06,,Bloco A,,Sao Paulo,SP,31006-000,Brasil,,Especialista em Humanidades Digitais,tratamento documental,Processos de registro academico,2027-06-16,EMEC-FAKE-2027-0176,Análise de regularidade do curso 176,2027-01-22,2027-01-07,MEC-EM-0004,"Avenida Sintetica 104, Setor Emissor",Brasilia,DF,29004-000,Brasil,MEC-RG-0006,"Rua Registral 206, Setor de Proveniencia",Florianopolis,SC,30006-000,Brasil,https://w3id.org/ufes/ontodiplomadigital/instancias-ficticias#registroLote174,ReqDip00000000000000000000000000000000000000000176,2027-06-23,2027-07-08,L-2027-6,174,176,Caso sintetico 176 com status revogado e modalidade semipresencial.,Pessoa Fictícia-0037,CPF-FICTICIO-0749,MAT-REG-0176,Assinante Fictício-0070,CPF-FICTICIO-0750,Reitoria de Registro 3,Pessoa Fictícia-0011,CPF-FICTICIO-0751,Pro-Reitora de Graduacao,AssinaturaPJRegistradora,Universidade Federal de Registro Semântico,,2027-07-23T11:24:00,https://w3id.org/ufes/ontodiplomadigital/instancias-ficticias#documentacaoAcademicaLote174,Pessoa Fictícia-0031,CPF-FICTICIO-0031,Procuradora Institucional,urn:fake:pdfa:ato-designacao:lote04,https://w3id.org/ufes/ontodiplomadigital/instancias-ficticias#historicoLote174,HISTORICO-0176
CASO0177,diplomaLote175,DiplomaDigital,Diploma 177,Anulado,2027-07-21,diplomadoLote175,Diplomado,Pessoa Fictícia-0396,Brasileira,CPF-FICTICIO-0752,localNaturalidadeBr2611606,LocalNaturalidade,Recife (PE),2611606,Recife,PE,,cursoLote175,Curso,Bacharelado em Documentacao Tecnica,CURSO-FAKE-0177,2600,2027-06-19,Bacharelado,Bacharel,Presencial,enderecoCursoLote01,Endereco,iesEmissoraLote05,IesEmissora,Faculdade Nacional de Dados Ligados,CNPJ-FICTICIO-0025/CNPJ-FICTICIO-0026,iesRegistradoraLote07,IesRegistradora,Instituto de Segurança Documental,CNPJ-FICTICIO-0035/CNPJ-FICTICIO-0036,registroLote175,RegistroDiploma,https://w3id.org/ufes/ontodiplomadigital/instancias-ficticias#requisicaoDocumentacao177,ReqDip00000000000000000000000000000000000000000177,https://w3id.org/ufes/ontodiplomadigital/instancias-ficticias#processoAdministrativo177,PROC-FAKE-2027-0177,2027-07-26,RDP-FAKE-0177,assinaturaLote175,AssinaturaDigital,2027-07-26T12:25:00,XAdES,CODIGO-VALIDACAO-FICTICIO-0353,CodigoValidacao,CODIGO-VALIDACAO-FICTICIO-0354,https://w3id.org/ufes/ontodiplomadigital/instancias-ficticias#diplomaLote175,1.05,Homologacao,homologação,GovBR Acadêmico Fictício,,https://w3id.org/ufes/ontodiplomadigital/instancias-ficticias#diplomadoLote175,Campus de Dados 01,,Bloco A,,Brasilia,DF,31001-000,Brasil,,,interoperabilidade semantica,,,,,,,MEC-EM-0005,"Avenida Sintetica 105, Setor Emissor",Recife,PE,29005-000,Brasil,MEC-RG-0007,"Rua Registral 207, Setor de Proveniencia",Belem,PA,30007-000,Brasil,https://w3id.org/ufes/ontodiplomadigital/instancias-ficticias#registroLote175,ReqDip00000000000000000000000000000000000000000177,2027-06-26,2027-07-11,L-2027-7,175,177,Caso sintetico 177 com status anulado e modalidade presencial.,Pessoa Fictícia-0040,CPF-FICTICIO-0753,MAT-REG-0177,Assinante Fictício-0072 | Assinante Fictício-0397,CPF-FICTICIO-0754 | CPF-FICTICIO-0755,Reitoria de Registro 4 | Secretaria Acadêmica Integrada,Pessoa Fictícia-0016,CPF-FICTICIO-0756,Reitor,AssinaturaPJEmissora,Faculdade Nacional de Dados Ligados,,2027-07-26T12:25:00,https://w3id.org/ufes/ontodiplomadigital/instancias-ficticias#documentacaoAcademicaLote175,Assinante Fictício-0005,CPF-FICTICIO-0037,Reitor,urn:fake:pdfa:ato-designacao:lote05,https://w3id.org/ufes/ontodiplomadigital/instancias-ficticias#historicoLote175,HISTORICO-0177
CASO0178,diplomaLote176,DiplomaDigital,Diploma 178,Ativo,2027-07-24,diplomadoLote176,Diplomado,Pessoa Fictícia-0398,Brasileira,CPF-FICTICIO-0757,localNaturalidadeBr2304400,LocalNaturalidade,Fortaleza (CE),2304400,Fortaleza,CE,,cursoLote176,CursoNSF,Licenciatura em Governanca Informacional,,2800,2027-06-22,Licenciatura,Licenciado,Ead,enderecoCursoLote08,Endereco,iesEmissoraLote06,IesEmissora,Universidade de Estudos Documentais,CNPJ-FICTICIO-0029/CNPJ-FICTICIO-0030,iesRegistradoraLote08,IesRegistradora,Centro Universitario de Rastreabilidade Acadêmica,CNPJ-FICTICIO-0039/CNPJ-FICTICIO-0040,registroLote176,RegistroDiplomaNSF,https://w3id.org/ufes/ontodiplomadigital/instancias-ficticias#requisicaoDocumentacao178,ReqDip00000000000000000000000000000000000000000178,https://w3id.org/ufes/ontodiplomadigital/instancias-ficticias#processoAdministrativo178,PROC-FAKE-2027-0178,2027-07-29,RDP-FAKE-0178,assinaturaLote176,AssinaturaDigital,2027-07-29T13:26:00,CAdES,CODIGO-VALIDACAO-FICTICIO-0355,CodigoValidacao,CODIGO-VALIDACAO-FICTICIO-0356,https://w3id.org/ufes/ontodiplomadigital/instancias-ficticias#diplomaLote176,1.05,Producao,produção,Portal Público Fictício de Consulta de Diplomas,,https://w3id.org/ufes/ontodiplomadigital/instancias-ficticias#diplomadoLote176,Campus de Dados 08,,Bloco C,,Florianopolis,SC,31008-000,Brasil,,,curadoria digital,,,EMEC-FAKE-2027-0178,Análise de regularidade do curso 178,2027-01-28,2027-01-13,MEC-EM-0006,"Avenida Sintetica 106, Setor Emissor",Curitiba,PR,29006-000,Brasil,MEC-RG-0008,"Rua Registral 208, Setor de Proveniencia",Vitoria,ES,30008-000,Brasil,https://w3id.org/ufes/ontodiplomadigital/instancias-ficticias#registroLote176,ReqDip00000000000000000000000000000000000000000178,2027-06-29,2027-07-14,L-2027-1,176,178,Caso sintetico 178 com status ativo e modalidade ead.,Pessoa Fictícia-0043,CPF-FICTICIO-0758,MAT-REG-0178,Assinante Fictício-0074,CPF-FICTICIO-0759,Reitoria de Registro 5,Pessoa Fictícia-0021,CPF-FICTICIO-0760,Reitora,AssinaturaPFResponsavelRegistro,,,2027-07-29T13:26:00,https://w3id.org/ufes/ontodiplomadigital/instancias-ficticias#documentacaoAcademicaLote176,Assinante Fictício-0010,CPF-FICTICIO-0042,Reitora,urn:fake:pdfa:ato-designacao:lote06,https://w3id.org/ufes/ontodiplomadigital/instancias-ficticias#historicoLote176,HISTORICO-0178
CASO0179,diplomaLote177,DiplomaDigital,Diploma 179,Ativo,2027-07-27,diplomadoLote177,Diplomado,Pessoa Fictícia-0399,Brasileira,CPF-FICTICIO-0761,localNaturalidadeBr3550308,LocalNaturalidade,São Paulo (SP),3550308,São Paulo,SP,,cursoLote177,Curso,Tecnologia em Interoperabilidade Semântica,CURSO-FAKE-0179,3000,2027-06-25,Tecnologia,Tecnologo,Semipresencial,enderecoCursoLote03,Endereco,iesEmissoraLote07,IesEmissora,Centro Acadêmico de Interoperabilidade,CNPJ-FICTICIO-0033/CNPJ-FICTICIO-0034,iesRegistradoraLote01,IesRegistradora,Universidade Registradora do Brasil Digital,CNPJ-FICTICIO-0011/CNPJ-FICTICIO-0012,registroLote177,RegistroDiploma,https://w3id.org/ufes/ontodiplomadigital/instancias-ficticias#requisicaoDocumentacao179,ReqDip00000000000000000000000000000000000000000179,https://w3id.org/ufes/ontodiplomadigital/instancias-ficticias#processoAdministrativo179,PROC-FAKE-2027-0179,2027-08-01,RDP-FAKE-0179,assinaturaLote177,AssinaturaDigital,2027-08-01T14:27:00,PAdES,CODIGO-VALIDACAO-FICTICIO-0357,CodigoValidacao,CODIGO-VALIDACAO-FICTICIO-0358,https://w3id.org/ufes/ontodiplomadigital/instancias-ficticias#diplomaLote177,1.05,Homologacao,homologação,GovBR Acadêmico Fictício,,https://w3id.org/ufes/ontodiplomadigital/instancias-ficticias#diplomadoLote177,Campus de Dados 03,,Bloco C,,Curitiba,PR,31003-000,Brasil,,,organizacao do conhecimento,Análise semantica aplicada,2027-06-25,,,,,MEC-EM-0007,"Avenida Sintetica 107, Setor Emissor",Fortaleza,CE,29007-000,Brasil,MEC-RG-0001,"Rua Registral 201, Setor de Proveniencia",Curitiba,PR,30001-000,Brasil,https://w3id.org/ufes/ontodiplomadigital/instancias-ficticias#registroLote177,ReqDip00000000000000000000000000000000000000000179,2027-07-02,2027-07-17,L-2027-2,177,179,Caso sintetico 179 com status ativo e modalidade semipresencial.,Pessoa Fictícia-0046,CPF-FICTICIO-0762,MAT-REG-0179,Assinante Fictício-0077,CPF-FICTICIO-0763,Reitoria de Registro 6,Pessoa Fictícia-0026,CPF-FICTICIO-0764,Diretor Acadêmico,AssinaturaPFEmissora,,,2027-08-01T14:27:00,https://w3id.org/ufes/ontodiplomadigital/instancias-ficticias#documentacaoAcademicaLote177,Assinante Fictício-0015,CPF-FICTICIO-0047,Diretor Geral,urn:fake:pdfa:ato-designacao:lote07,https://w3id.org/ufes/ontodiplomadigital/instancias-ficticias#historicoLote177,HISTORICO-0179
CASO0180,diplomaLote178,DiplomaDigital,Diploma 180,Ativo,2027-07-30,diplomadoLote178,Diplomado,Pessoa Fictícia-0400,Brasileira,CPF-FICTICIO-0765,localNaturalidadeBr3106200,LocalNaturalidade,Belo Horizonte (MG),3106200,Belo Horizonte,MG,,cursoLote178,Curso,Bacharelado em Preservacao Digital,CURSO-FAKE-0180,3200,2027-06-28,Bacharelado,Bacharel,Presencial,enderecoCursoLote10,Endereco,iesEmissoraLote08,IesEmissora,Instituto Superior de Preservacao Informacional,CNPJ-FICTICIO-0037/CNPJ-FICTICIO-0038,iesRegistradoraLote02,IesRegistradora,Centro de Registro Interoperável,CNPJ-FICTICIO-0015/CNPJ-FICTICIO-0016,registroLote178,RegistroDiploma,https://w3id.org/ufes/ontodiplomadigital/instancias-ficticias#requisicaoDocumentacao180,ReqDip00000000000000000000000000000000000000000180,https://w3id.org/ufes/ontodiplomadigital/instancias-ficticias#processoAdministrativo180,PROC-FAKE-2027-0180,2027-08-04,RDP-FAKE-0180,assinaturaLote178,AssinaturaDigital,2027-08-04T15:28:00,XAdES,CODIGO-VALIDACAO-FICTICIO-0359,CodigoValidacao,CODIGO-VALIDACAO-FICTICIO-0360,https://w3id.org/ufes/ontodiplomadigital/instancias-ficticias#diplomaLote178,1.05,Producao,produção,Portal Público Fictício de Consulta de Diplomas,,https://w3id.org/ufes/ontodiplomadigital/instancias-ficticias#diplomadoLote178,Campus de Dados 10,,Bloco E,,Vitoria,ES,31010-000,Brasil,,,preservacao e acesso,,,,,,,MEC-EM-0008,"Avenida Sintetica 108, Setor Emissor",Goiania,GO,29008-000,Brasil,MEC-RG-0002,"Rua Registral 202, Setor de Proveniencia",Fortaleza,CE,30002-000,Brasil,https://w3id.org/ufes/ontodiplomadigital/instancias-ficticias#registroLote178,ReqDip00000000000000000000000000000000000000000180,2027-07-05,2027-07-20,L-2027-3,178,180,Caso sintetico 180 com status ativo e modalidade presencial.,Pessoa Fictícia-0049,CPF-FICTICIO-0766,MAT-REG-0180,Assinante Fictício-0079,CPF-FICTICIO-0767,Reitoria de Registro 7,Pessoa Fictícia-0031,CPF-FICTICIO-0768,Diretora Acadêmica,AssinaturaPJArquivamentoDocumentacaoAcademica,Instituto Superior de Preservacao Informacional,Autoridade Certificadora Fictícia Integridade Digital,2027-08-04T15:28:00,https://w3id.org/ufes/ontodiplomadigital/instancias-ficticias#documentacaoAcademicaLote178,Assinante Fictício-0020,CPF-FICTICIO-0052,Diretora Geral,urn:fake:pdfa:ato-designacao:lote08,https://w3id.org/ufes/ontodiplomadigital/instancias-ficticias#historicoLote178,HISTORICO-0180
CASO0181,diplomaLote179,DiplomaDigital,Diploma 181,Revogado,2027-08-02,diplomadoLote179,Diplomado,Pessoa Fictícia-0401,Brasileira,CPF-FICTICIO-0769,localNaturalidadeBr1200401,LocalNaturalidade,Rio Branco (AC),1200401,Rio Branco,AC,,cursoLote179,Curso,Licenciatura em Análise Territorial de Dados,CURSO-FAKE-0181,3400,2027-07-01,Licenciatura,Licenciado,Ead,enderecoCursoLote01,Endereco,iesEmissoraLote09,IesEmissora,Universidade do Patrimonio Digital,CNPJ-FICTICIO-0041/CNPJ-FICTICIO-0042,iesRegistradoraLote03,IesRegistradora,Instituto Nacional de Validação Acadêmica,CNPJ-FICTICIO-0019/CNPJ-FICTICIO-0020,registroLote179,RegistroDiploma,https://w3id.org/ufes/ontodiplomadigital/instancias-ficticias#requisicaoDocumentacao181,ReqDip00000000000000000000000000000000000000000181,https://w3id.org/ufes/ontodiplomadigital/instancias-ficticias#processoAdministrativo181,PROC-FAKE-2027-0181,2027-08-07,RDP-FAKE-0181,assinaturaLote179,AssinaturaDigital,2027-08-07T16:29:00,CAdES,CODIGO-VALIDACAO-FICTICIO-0361,CodigoValidacao,CODIGO-VALIDACAO-FICTICIO-0362,https://w3id.org/ufes/ontodiplomadigital/instancias-ficticias#diplomaLote179,1.05,Homologacao,homologação,GovBR Acadêmico Fictício,,https://w3id.org/ufes/ontodiplomadigital/instancias-ficticias#diplomadoLote179,Campus de Dados 01,,Bloco A,,Brasilia,DF,31001-000,Brasil,,,governanca de dados,,,,,,,MEC-EM-0009,"Avenida Sintetica 109, Setor Emissor",Sao Paulo,SP,29009-000,Brasil,MEC-RG-0003,"Rua Registral 203, Setor de Proveniencia",Goiania,GO,30003-000,Brasil,https://w3id.org/ufes/ontodiplomadigital/instancias-ficticias#registroLote179,ReqDip00000000000000000000000000000000000000000181,2027-07-08,2027-07-23,L-2027-4,179,181,Caso sintetico 181 com status revogado e modalidade ead.,Pessoa Fictícia-0053,CPF-FICTICIO-0770,MAT-REG-0181,Assinante Fictício-0081,CPF-FICTICIO-0771,Reitoria de Registro 8,Assinante Fictício-0005,CPF-FICTICIO-0772,Secretario Geral Acadêmico,AssinaturaPJRegistradora,Instituto Nacional de Validação Acadêmica,,2027-08-07T16:29:00,https://w3id.org/ufes/ontodiplomadigital/instancias-ficticias#documentacaoAcademicaLote179,Assinante Fictício-0025,CPF-FICTICIO-0057,Procurador Institucional,urn:fake:pdfa:ato-designacao:lote09,https://w3id.org/ufes/ontodiplomadigital/instancias-ficticias#historicoLote179,HISTORICO-0181
CASO0182,diplomaLote180,DiplomaDigital,Diploma 182,Anulado,2027-08-05,diplomadoLote180,Diplomado,Pessoa Fictícia-0402,Brasileira,CPF-FICTICIO-0773,localNaturalidadeBr2704302,LocalNaturalidade,Maceió (AL),2704302,Maceió,AL,,cursoLote180,CursoNSF,Tecnologia em Memoria Institucional,,2400,2027-07-04,Tecnologia,Tecnologo,Semipresencial,enderecoCursoLote12,Endereco,iesEmissoraLote10,IesEmissora,Centro Universitario de Modelagem Conceitual,CNPJ-FICTICIO-0043/CNPJ-FICTICIO-0044,iesRegistradoraLote04,IesRegistradora,Universidade Curadora de Diplomas,CNPJ-FICTICIO-0023/CNPJ-FICTICIO-0024,registroLote180,RegistroDiplomaNSF,https://w3id.org/ufes/ontodiplomadigital/instancias-ficticias#requisicaoDocumentacao182,ReqDip00000000000000000000000000000000000000000182,https://w3id.org/ufes/ontodiplomadigital/instancias-ficticias#processoAdministrativo182,PROC-FAKE-2027-0182,2027-08-10,RDP-FAKE-0182,assinaturaLote180,AssinaturaDigital,2027-08-10T08:30:00,PAdES,CODIGO-VALIDACAO-FICTICIO-0363,CodigoValidacao,CODIGO-VALIDACAO-FICTICIO-0364,https://w3id.org/ufes/ontodiplomadigital/instancias-ficticias#diplomaLote180,1.05,Producao,produção,Portal Público Fictício de Consulta de Diplomas,,https://w3id.org/ufes/ontodiplomadigital/instancias-ficticias#diplomadoLote180,Campus de Dados 12,,Bloco B,,Salvador,BA,31012-000,Brasil,,Especialista em Memoria Institucional,tratamento documental,Processos de registro academico,2027-07-04,EMEC-FAKE-2027-0182,Análise de regularidade do curso 182,2027-02-09,2027-01-25,MEC-EM-0010,"Avenida Sintetica 110, Setor Emissor",Rio de Janeiro,RJ,29010-000,Brasil,MEC-RG-0004,"Rua Registral 204, Setor de Proveniencia",Sao Paulo,SP,30004-000,Brasil,https://w3id.org/ufes/ontodiplomadigital/instancias-ficticias#registroLote180,ReqDip00000000000000000000000000000000000000000182,2027-07-11,2027-07-26,L-2027-5,180,182,Caso sintetico 182 com status anulado e modalidade semipresencial.,Pessoa Fictícia-0056,CPF-FICTICIO-0774,MAT-REG-0182,Assinante Fictício-0083 | Assinante Fictício-0403,CPF-FICTICIO-0775 | CPF-FICTICIO-0776,Reitoria de Registro 9 | Secretaria Acadêmica Integrada,Assinante Fictício-0010,CPF-FICTICIO-0777,Secretaria Geral Acadêmica,AssinaturaPJEmissora,Centro Universitario de Modelagem Conceitual,,2027-08-10T08:30:00,https://w3id.org/ufes/ontodiplomadigital/instancias-ficticias#documentacaoAcademicaLote180,Assinante Fictício-0030,CPF-FICTICIO-0063,Procuradora Institucional,urn:fake:pdfa:ato-designacao:lote10,https://w3id.org/ufes/ontodiplomadigital/instancias-ficticias#historicoLote180,HISTORICO-0182
CASO0183,diplomaLote181,DiplomaDigital,Diploma 183,Ativo,2027-08-08,diplomadoLote181,Diplomado,Pessoa Fictícia-0404,Brasileira,CPF-FICTICIO-0778,localNaturalidadeBr3304557,LocalNaturalidade,Rio de Janeiro (RJ),3304557,Rio de Janeiro,RJ,,cursoLote181,Curso,Bacharelado em Ciência de Dados Publicos,CURSO-FAKE-0183,2600,2027-07-07,Bacharelado,Bacharel,Presencial,enderecoCursoLote12,Endereco,iesEmissoraLote01,IesEmissora,Universidade Aberta do Conhecimento,CNPJ-FICTICIO-0009/CNPJ-FICTICIO-0010,iesRegistradoraLote05,IesRegistradora,Centro Registral de Conhecimento Aplicado,CNPJ-FICTICIO-0027/CNPJ-FICTICIO-0028,registroLote181,RegistroDiploma,https://w3id.org/ufes/ontodiplomadigital/instancias-ficticias#requisicaoDocumentacao183,ReqDip00000000000000000000000000000000000000000183,https://w3id.org/ufes/ontodiplomadigital/instancias-ficticias#processoAdministrativo183,PROC-FAKE-2027-0183,2027-08-13,RDP-FAKE-0183,assinaturaLote181,AssinaturaDigital,2027-08-13T09:31:00,XAdES,CODIGO-VALIDACAO-FICTICIO-0365,CodigoValidacao,CODIGO-VALIDACAO-FICTICIO-0366,https://w3id.org/ufes/ontodiplomadigital/instancias-ficticias#diplomaLote181,1.05,Homologacao,homologação,GovBR Acadêmico Fictício,,https://w3id.org/ufes/ontodiplomadigital/instancias-ficticias#diplomadoLote181,Campus de Dados 12,,Bloco B,,Salvador,BA,31012-000,Brasil,,,interoperabilidade semantica,,,,,,,MEC-EM-0001,"Avenida Sintetica 101, Setor Emissor",Vitoria,ES,29001-000,Brasil,MEC-RG-0005,"Rua Registral 205, Setor de Proveniencia",Rio de Janeiro,RJ,30005-000,Brasil,https://w3id.org/ufes/ontodiplomadigital/instancias-ficticias#registroLote181,ReqDip00000000000000000000000000000000000000000183,2027-07-14,2027-07-29,L-2027-6,181,183,Caso sintetico 183 com status ativo e modalidade presencial.,Pessoa Fictícia-0013,CPF-FICTICIO-0779,MAT-REG-0183,Assinante Fictício-0085,CPF-FICTICIO-0780,Reitoria de Registro 1,Assinante Fictício-0015,CPF-FICTICIO-0781,Pro-Reitor de Graduacao,AssinaturaPFResponsavelRegistro,,,2027-08-13T09:31:00,https://w3id.org/ufes/ontodiplomadigital/instancias-ficticias#documentacaoAcademicaLote181,Pessoa Fictícia-0016,CPF-FICTICIO-0016,Diretor Geral,urn:fake:pdfa:ato-designacao:lote01,https://w3id.org/ufes/ontodiplomadigital/instancias-ficticias#historicoLote181,HISTORICO-0183
CASO0184,diplomaLote182,DiplomaDigital,Diploma 184,Ativo,2027-08-11,diplomadoLote182,Diplomado,Pessoa Fictícia-0405,Brasileira,CPF-FICTICIO-0782,localNaturalidadeBr4106902,LocalNaturalidade,Curitiba (PR),4106902,Curitiba,PR,,cursoLote182,Curso,Licenciatura em Curadoria Digital,CURSO-FAKE-0184,2800,2027-07-10,Licenciatura,Licenciado,Ead,enderecoCursoLote02,Endereco,iesEmissoraLote02,IesEmissora,Centro Universitario Horizonte Semântico,CNPJ-FICTICIO-0013/CNPJ-FICTICIO-0014,iesRegistradoraLote06,IesRegistradora,Universidade Federal de Registro Semântico,CNPJ-FICTICIO-0031/CNPJ-FICTICIO-0032,registroLote182,RegistroDiploma,https://w3id.org/ufes/ontodiplomadigital/instancias-ficticias#requisicaoDocumentacao184,ReqDip00000000000000000000000000000000000000000184,https://w3id.org/ufes/ontodiplomadigital/instancias-ficticias#processoAdministrativo184,PROC-FAKE-2027-0184,2027-08-16,RDP-FAKE-0184,assinaturaLote182,AssinaturaDigital,2027-08-16T10:32:00,CAdES,CODIGO-VALIDACAO-FICTICIO-0367,CodigoValidacao,CODIGO-VALIDACAO-FICTICIO-0368,https://w3id.org/ufes/ontodiplomadigital/instancias-ficticias#diplomaLote182,1.05,Producao,produção,Portal Público Fictício de Consulta de Diplomas,,https://w3id.org/ufes/ontodiplomadigital/instancias-ficticias#diplomadoLote182,Campus de Dados 02,,Bloco B,,Recife,PE,31002-000,Brasil,,,curadoria digital,,,,,,,MEC-EM-0002,"Avenida Sintetica 102, Setor Emissor",Belo Horizonte,MG,29002-000,Brasil,MEC-RG-0006,"Rua Registral 206, Setor de Proveniencia",Florianopolis,SC,30006-000,Brasil,https://w3id.org/ufes/ontodiplomadigital/instancias-ficticias#registroLote182,ReqDip00000000000000000000000000000000000000000184,2027-07-17,2027-08-01,L-2027-7,182,184,Caso sintetico 184 com status ativo e modalidade ead.,Pessoa Fictícia-0018,CPF-FICTICIO-0783,MAT-REG-0184,Assinante Fictício-0088,CPF-FICTICIO-0784,Reitoria de Registro 2,Assinante Fictício-0020,CPF-FICTICIO-0785,Pro-Reitora de Graduacao,AssinaturaPFEmissora,,,2027-08-16T10:32:00,https://w3id.org/ufes/ontodiplomadigital/instancias-ficticias#documentacaoAcademicaLote182,Pessoa Fictícia-0021,CPF-FICTICIO-0021,Diretora Geral,urn:fake:pdfa:ato-designacao:lote02,https://w3id.org/ufes/ontodiplomadigital/instancias-ficticias#historicoLote182,HISTORICO-0184
CASO0185,diplomaLote183,DiplomaDigital,Diploma 185,Ativo,2027-08-14,diplomadoLote183,Diplomado,Pessoa Fictícia-0406,Brasileira,CPF-FICTICIO-0786,localNaturalidadeBr3304557,LocalNaturalidade,Rio de Janeiro (RJ),3304557,Rio de Janeiro,RJ,,cursoLote183,Curso,Tecnologia em Arquivologia Aplicada,CURSO-FAKE-0185,3000,2027-07-13,Tecnologia,Tecnologo,Semipresencial,enderecoCursoLote03,Endereco,iesEmissoraLote03,IesEmissora,Instituto Federal de Curadoria Digital,CNPJ-FICTICIO-0017/CNPJ-FICTICIO-0018,iesRegistradoraLote07,IesRegistradora,Instituto de Segurança Documental,CNPJ-FICTICIO-0035/CNPJ-FICTICIO-0036,registroLote183,RegistroDiploma,https://w3id.org/ufes/ontodiplomadigital/instancias-ficticias#requisicaoDocumentacao185,ReqDip00000000000000000000000000000000000000000185,https://w3id.org/ufes/ontodiplomadigital/instancias-ficticias#processoAdministrativo185,PROC-FAKE-2027-0185,2027-08-19,RDP-FAKE-0185,assinaturaLote183,AssinaturaDigital,2027-08-19T11:33:00,PAdES,CODIGO-VALIDACAO-FICTICIO-0369,CodigoValidacao,CODIGO-VALIDACAO-FICTICIO-0370,https://w3id.org/ufes/ontodiplomadigital/instancias-ficticias#diplomaLote183,1.05,Homologacao,homologação,GovBR Acadêmico Fictício,,https://w3id.org/ufes/ontodiplomadigital/instancias-ficticias#diplomadoLote183,Campus de Dados 03,,Bloco C,,Curitiba,PR,31003-000,Brasil,,,organizacao do conhecimento,Análise semantica aplicada,2027-07-13,,,,,MEC-EM-0003,"Avenida Sintetica 103, Setor Emissor",Salvador,BA,29003-000,Brasil,MEC-RG-0007,"Rua Registral 207, Setor de Proveniencia",Belem,PA,30007-000,Brasil,https://w3id.org/ufes/ontodiplomadigital/instancias-ficticias#registroLote183,ReqDip00000000000000000000000000000000000000000185,2027-07-20,2027-08-04,L-2027-1,183,185,Caso sintetico 185 com status ativo e modalidade semipresencial.,Pessoa Fictícia-0023,CPF-FICTICIO-0787,MAT-REG-0185,Assinante Fictício-0090,CPF-FICTICIO-0788,Reitoria de Registro 3,Assinante Fictício-0025,CPF-FICTICIO-0789,Reitor,AssinaturaPJArquivamentoDocumentacaoAcademica,Instituto Federal de Curadoria Digital,,2027-08-19T11:33:00,https://w3id.org/ufes/ontodiplomadigital/instancias-ficticias#documentacaoAcademicaLote183,Pessoa Fictícia-0026,CPF-FICTICIO-0026,Procurador Institucional,urn:fake:pdfa:ato-designacao:lote03,https://w3id.org/ufes/ontodiplomadigital/instancias-ficticias#historicoLote183,HISTORICO-0185
CASO0186,diplomaLote184,DiplomaDigital,Diploma 186,Revogado,2027-08-17,diplomadoLote184,Diplomado,Pessoa Fictícia-0407,Estadunidense,CPF-FICTICIO-0790,localNaturalidadeEstrangeiraNovaIorque,LocalNaturalidade,Nova Iorque (município estrangeiro),,,,Nova Iorque,cursoLote184,CursoNSF,Bacharelado em Biblioteconomia Analitica,,3200,2027-07-16,Bacharelado,Bacharel,Presencial,enderecoCursoLote04,Endereco,iesEmissoraLote04,IesEmissora,Universidade Metropolitana da Informação,CNPJ-FICTICIO-0021/CNPJ-FICTICIO-0022,iesRegistradoraLote08,IesRegistradora,Centro Universitario de Rastreabilidade Acadêmica,CNPJ-FICTICIO-0039/CNPJ-FICTICIO-0040,registroLote184,RegistroDiplomaNSF,https://w3id.org/ufes/ontodiplomadigital/instancias-ficticias#requisicaoDocumentacao186,ReqDip00000000000000000000000000000000000000000186,https://w3id.org/ufes/ontodiplomadigital/instancias-ficticias#processoAdministrativo186,PROC-FAKE-2027-0186,2027-08-22,RDP-FAKE-0186,assinaturaLote184,AssinaturaDigital,2027-08-22T12:34:00,XAdES,CODIGO-VALIDACAO-FICTICIO-0371,CodigoValidacao,CODIGO-VALIDACAO-FICTICIO-0372,https://w3id.org/ufes/ontodiplomadigital/instancias-ficticias#diplomaLote184,1.05,Producao,produção,Portal Público Fictício de Consulta de Diplomas,,https://w3id.org/ufes/ontodiplomadigital/instancias-ficticias#diplomadoLote184,Campus de Dados 04,,Bloco D,,Fortaleza,CE,31004-000,Brasil,,,preservacao e acesso,,,EMEC-FAKE-2027-0186,Análise de regularidade do curso 186,2027-02-21,2027-02-06,MEC-EM-0004,"Avenida Sintetica 104, Setor Emissor",Brasilia,DF,29004-000,Brasil,MEC-RG-0008,"Rua Registral 208, Setor de Proveniencia",Vitoria,ES,30008-000,Brasil,https://w3id.org/ufes/ontodiplomadigital/instancias-ficticias#registroLote184,ReqDip00000000000000000000000000000000000000000186,2027-07-23,2027-08-07,L-2027-2,184,186,Caso sintetico 186 com status revogado e modalidade presencial.,Pessoa Fictícia-0028,CPF-FICTICIO-0791,MAT-REG-0186,Assinante Fictício-0092,CPF-FICTICIO-0792,Reitoria de Registro 4,Assinante Fictício-0030,CPF-FICTICIO-0793,Reitora,AssinaturaPJRegistradora,Centro Universitario de Rastreabilidade Acadêmica,,2027-08-22T12:34:00,https://w3id.org/ufes/ontodiplomadigital/instancias-ficticias#documentacaoAcademicaLote184,Pessoa Fictícia-0031,CPF-FICTICIO-0031,Procuradora Institucional,urn:fake:pdfa:ato-designacao:lote04,https://w3id.org/ufes/ontodiplomadigital/instancias-ficticias#historicoLote184,HISTORICO-0186
CASO0187,diplomaLote185,DiplomaDigital,Diploma 187,Anulado,2027-08-20,diplomadoLote185,Diplomado,Pessoa Fictícia-0408,Brasileira,CPF-FICTICIO-0794,localNaturalidadeBr1100205,LocalNaturalidade,Porto Velho (RO),1100205,Porto Velho,RO,,cursoLote185,Curso,Licenciatura em Gestão da Informação,CURSO-FAKE-0187,3400,2027-07-19,Licenciatura,Licenciado,Ead,enderecoCursoLote04,Endereco,iesEmissoraLote05,IesEmissora,Faculdade Nacional de Dados Ligados,CNPJ-FICTICIO-0025/CNPJ-FICTICIO-0026,iesRegistradoraLote01,IesRegistradora,Universidade Registradora do Brasil Digital,CNPJ-FICTICIO-0011/CNPJ-FICTICIO-0012,registroLote185,RegistroDiploma,https://w3id.org/ufes/ontodiplomadigital/instancias-ficticias#requisicaoDocumentacao187,ReqDip00000000000000000000000000000000000000000187,https://w3id.org/ufes/ontodiplomadigital/instancias-ficticias#processoAdministrativo187,PROC-FAKE-2027-0187,2027-08-25,RDP-FAKE-0187,assinaturaLote185,AssinaturaDigital,2027-08-25T13:35:00,CAdES,CODIGO-VALIDACAO-FICTICIO-0373,CodigoValidacao,CODIGO-VALIDACAO-FICTICIO-0374,https://w3id.org/ufes/ontodiplomadigital/instancias-ficticias#diplomaLote185,1.05,Homologacao,homologação,GovBR Acadêmico Fictício,,https://w3id.org/ufes/ontodiplomadigital/instancias-ficticias#diplomadoLote185,Campus de Dados 04,,Bloco D,,Fortaleza,CE,31004-000,Brasil,,,governanca de dados,,,,,,,MEC-EM-0005,"Avenida Sintetica 105, Setor Emissor",Recife,PE,29005-000,Brasil,MEC-RG-0001,"Rua Registral 201, Setor de Proveniencia",Curitiba,PR,30001-000,Brasil,https://w3id.org/ufes/ontodiplomadigital/instancias-ficticias#registroLote185,ReqDip00000000000000000000000000000000000000000187,2027-07-26,2027-08-10,L-2027-3,185,187,Caso sintetico 187 com status anulado e modalidade ead.,Pessoa Fictícia-0033,CPF-FICTICIO-0795,MAT-REG-0187,Assinante Fictício-0094 | Assinante Fictício-0409,CPF-FICTICIO-0796 | CPF-FICTICIO-0797,Reitoria de Registro 5 | Secretaria Acadêmica Integrada,Pessoa Fictícia-0006,CPF-FICTICIO-0798,Diretor Acadêmico,AssinaturaPJEmissora,Faculdade Nacional de Dados Ligados,,2027-08-25T13:35:00,https://w3id.org/ufes/ontodiplomadigital/instancias-ficticias#documentacaoAcademicaLote185,Assinante Fictício-0005,CPF-FICTICIO-0037,Reitor,urn:fake:pdfa:ato-designacao:lote05,https://w3id.org/ufes/ontodiplomadigital/instancias-ficticias#historicoLote185,HISTORICO-0187
CASO0188,diplomaLote186,DiplomaDigital,Diploma 188,Ativo,2027-08-23,diplomadoLote186,Diplomado,Pessoa Fictícia-0410,Brasileira,CPF-FICTICIO-0799,localNaturalidadeBr1302603,LocalNaturalidade,Manaus (AM),1302603,Manaus,AM,,cursoLote186,Curso,Tecnologia em Humanidades Digitais,,2400,2027-07-22,Tecnologia,Tecnologo,Semipresencial,enderecoCursoLote06,Endereco,iesEmissoraLote06,IesEmissora,Universidade de Estudos Documentais,CNPJ-FICTICIO-0029/CNPJ-FICTICIO-0030,iesRegistradoraLote02,IesRegistradora,Centro de Registro Interoperável,CNPJ-FICTICIO-0015/CNPJ-FICTICIO-0016,registroLote186,RegistroDiploma,https://w3id.org/ufes/ontodiplomadigital/instancias-ficticias#requisicaoDocumentacao188,ReqDip00000000000000000000000000000000000000000188,https://w3id.org/ufes/ontodiplomadigital/instancias-ficticias#processoAdministrativo188,PROC-FAKE-2027-0188,2027-08-28,RDP-FAKE-0188,assinaturaLote186,AssinaturaDigital,2027-08-28T14:36:00,PAdES,CODIGO-VALIDACAO-FICTICIO-0375,CodigoValidacao,CODIGO-VALIDACAO-FICTICIO-0376,https://w3id.org/ufes/ontodiplomadigital/instancias-ficticias#diplomaLote186,1.05,Producao,produção,Portal Público Fictício de Consulta de Diplomas,,https://w3id.org/ufes/ontodiplomadigital/instancias-ficticias#diplomadoLote186,Campus de Dados 06,,Bloco A,,Sao Paulo,SP,31006-000,Brasil,,Especialista em Humanidades Digitais,tratamento documental,Processos de registro academico,2027-07-22,EMEC-FAKE-2027-0188,Análise de regularidade do curso 188,2027-02-27,2027-02-12,MEC-EM-0006,"Avenida Sintetica 106, Setor Emissor",Curitiba,PR,29006-000,Brasil,MEC-RG-0002,"Rua Registral 202, Setor de Proveniencia",Fortaleza,CE,30002-000,Brasil,https://w3id.org/ufes/ontodiplomadigital/instancias-ficticias#registroLote186,ReqDip00000000000000000000000000000000000000000188,2027-07-29,2027-08-13,L-2027-4,186,188,Caso sintetico 188 com status ativo e modalidade semipresencial.,Pessoa Fictícia-0037,CPF-FICTICIO-0800,MAT-REG-0188,Assinante Fictício-0096,CPF-FICTICIO-0801,Reitoria de Registro 6,Pessoa Fictícia-0011,CPF-FICTICIO-0802,Diretora Acadêmica,AssinaturaPFResponsavelRegistro,,,2027-08-28T14:36:00,https://w3id.org/ufes/ontodiplomadigital/instancias-ficticias#documentacaoAcademicaLote186,Assinante Fictício-0010,CPF-FICTICIO-0042,Reitora,urn:fake:pdfa:ato-designacao:lote06,https://w3id.org/ufes/ontodiplomadigital/instancias-ficticias#historicoLote186,HISTORICO-0188
CASO0189,diplomaLote187,DiplomaDigital,Diploma 189,Ativo,2027-08-26,diplomadoLote187,Diplomado,Pessoa Fictícia-0411,Brasileira,CPF-FICTICIO-0803,localNaturalidadeBr2507507,LocalNaturalidade,João Pessoa (PB),2507507,João Pessoa,PB,,cursoLote187,Curso,Bacharelado em Documentacao Tecnica,CURSO-FAKE-0189,2600,2027-07-25,Bacharelado,Bacharel,Presencial,enderecoCursoLote12,Endereco,iesEmissoraLote07,IesEmissora,Centro Acadêmico de Interoperabilidade,CNPJ-FICTICIO-0033/CNPJ-FICTICIO-0034,iesRegistradoraLote03,IesRegistradora,Instituto Nacional de Validação Acadêmica,CNPJ-FICTICIO-0019/CNPJ-FICTICIO-0020,registroLote187,RegistroDiploma,https://w3id.org/ufes/ontodiplomadigital/instancias-ficticias#requisicaoDocumentacao189,ReqDip00000000000000000000000000000000000000000189,https://w3id.org/ufes/ontodiplomadigital/instancias-ficticias#processoAdministrativo189,PROC-FAKE-2027-0189,2027-08-31,RDP-FAKE-0189,assinaturaLote187,AssinaturaDigital,2027-08-31T15:37:00,XAdES,CODIGO-VALIDACAO-FICTICIO-0377,CodigoValidacao,CODIGO-VALIDACAO-FICTICIO-0378,https://w3id.org/ufes/ontodiplomadigital/instancias-ficticias#diplomaLote187,1.05,Homologacao,homologação,GovBR Acadêmico Fictício,,https://w3id.org/ufes/ontodiplomadigital/instancias-ficticias#diplomadoLote187,Campus de Dados 12,,Bloco B,,Salvador,BA,31012-000,Brasil,,,interoperabilidade semantica,,,,,,,MEC-EM-0007,"Avenida Sintetica 107, Setor Emissor",Fortaleza,CE,29007-000,Brasil,MEC-RG-0003,"Rua Registral 203, Setor de Proveniencia",Goiania,GO,30003-000,Brasil,https://w3id.org/ufes/ontodiplomadigital/instancias-ficticias#registroLote187,ReqDip00000000000000000000000000000000000000000189,2027-08-01,2027-08-16,L-2027-5,187,189,Caso sintetico 189 com status ativo e modalidade presencial.,Pessoa Fictícia-0040,CPF-FICTICIO-0804,MAT-REG-0189,Assinante Fictício-0099,CPF-FICTICIO-0805,Reitoria de Registro 7,Pessoa Fictícia-0016,CPF-FICTICIO-0806,Secretario Geral Acadêmico,AssinaturaPFEmissora,,,2027-08-31T15:37:00,https://w3id.org/ufes/ontodiplomadigital/instancias-ficticias#documentacaoAcademicaLote187,Assinante Fictício-0015,CPF-FICTICIO-0047,Diretor Geral,urn:fake:pdfa:ato-designacao:lote07,https://w3id.org/ufes/ontodiplomadigital/instancias-ficticias#historicoLote187,HISTORICO-0189
CASO0190,diplomaLote188,DiplomaDigital,Diploma 190,Ativo,2027-08-29,diplomadoLote188,Diplomado,Pessoa Fictícia-0412,Brasileira,CPF-FICTICIO-0807,localNaturalidadeBr3550308,LocalNaturalidade,São Paulo (SP),3550308,São Paulo,SP,,cursoLote188,CursoNSF,Licenciatura em Governanca Informacional,,2800,2027-07-28,Licenciatura,Licenciado,Ead,enderecoCursoLote08,Endereco,iesEmissoraLote08,IesEmissora,Instituto Superior de Preservacao Informacional,CNPJ-FICTICIO-0037/CNPJ-FICTICIO-0038,iesRegistradoraLote04,IesRegistradora,Universidade Curadora de Diplomas,CNPJ-FICTICIO-0023/CNPJ-FICTICIO-0024,registroLote188,RegistroDiplomaNSF,https://w3id.org/ufes/ontodiplomadigital/instancias-ficticias#requisicaoDocumentacao190,ReqDip00000000000000000000000000000000000000000190,https://w3id.org/ufes/ontodiplomadigital/instancias-ficticias#processoAdministrativo190,PROC-FAKE-2027-0190,2027-09-03,RDP-FAKE-0190,assinaturaLote188,AssinaturaDigital,2027-09-03T16:38:00,CAdES,CODIGO-VALIDACAO-FICTICIO-0379,CodigoValidacao,CODIGO-VALIDACAO-FICTICIO-0380,https://w3id.org/ufes/ontodiplomadigital/instancias-ficticias#diplomaLote188,1.05,Producao,produção,Portal Público Fictício de Consulta de Diplomas,,https://w3id.org/ufes/ontodiplomadigital/instancias-ficticias#diplomadoLote188,Campus de Dados 08,,Bloco C,,Florianopolis,SC,31008-000,Brasil,,,curadoria digital,,,EMEC-FAKE-2027-0190,Análise de regularidade do curso 190,2027-03-05,2027-02-18,MEC-EM-0008,"Avenida Sintetica 108, Setor Emissor",Goiania,GO,29008-000,Brasil,MEC-RG-0004,"Rua Registral 204, Setor de Proveniencia",Sao Paulo,SP,30004-000,Brasil,https://w3id.org/ufes/ontodiplomadigital/instancias-ficticias#registroLote188,ReqDip00000000000000000000000000000000000000000190,2027-08-04,2027-08-19,L-2027-6,188,190,Caso sintetico 190 com status ativo e modalidade ead.,Pessoa Fictícia-0043,CPF-FICTICIO-0808,MAT-REG-0190,Assinante Fictício-0101,CPF-FICTICIO-0809,Reitoria de Registro 8,Pessoa Fictícia-0021,CPF-FICTICIO-0810,Secretaria Geral Acadêmica,AssinaturaPJArquivamentoDocumentacaoAcademica,Instituto Superior de Preservacao Informacional,,2027-09-03T16:38:00,https://w3id.org/ufes/ontodiplomadigital/instancias-ficticias#documentacaoAcademicaLote188,Assinante Fictício-0020,CPF-FICTICIO-0052,Diretora Geral,urn:fake:pdfa:ato-designacao:lote08,https://w3id.org/ufes/ontodiplomadigital/instancias-ficticias#historicoLote188,HISTORICO-0190
CASO0191,diplomaLote189,DiplomaDigital,Diploma 191,Revogado,2027-09-01,diplomadoLote189,Diplomado,Pessoa Fictícia-0413,Brasileira,CPF-FICTICIO-0811,localNaturalidadeBr1501402,LocalNaturalidade,Belém (PA),1501402,Belém,PA,,cursoLote189,Curso,Tecnologia em Interoperabilidade Semântica,CURSO-FAKE-0191,3000,2027-07-31,Tecnologia,Tecnologo,Semipresencial,enderecoCursoLote12,Endereco,iesEmissoraLote09,IesEmissora,Universidade do Patrimonio Digital,CNPJ-FICTICIO-0041/CNPJ-FICTICIO-0042,iesRegistradoraLote05,IesRegistradora,Centro Registral de Conhecimento Aplicado,CNPJ-FICTICIO-0027/CNPJ-FICTICIO-0028,registroLote189,RegistroDiploma,https://w3id.org/ufes/ontodiplomadigital/instancias-ficticias#requisicaoDocumentacao191,ReqDip00000000000000000000000000000000000000000191,https://w3id.org/ufes/ontodiplomadigital/instancias-ficticias#processoAdministrativo191,PROC-FAKE-2027-0191,2027-09-06,RDP-FAKE-0191,assinaturaLote189,AssinaturaDigital,2027-09-06T08:39:00,PAdES,CODIGO-VALIDACAO-FICTICIO-0381,CodigoValidacao,CODIGO-VALIDACAO-FICTICIO-0382,https://w3id.org/ufes/ontodiplomadigital/instancias-ficticias#diplomaLote189,1.05,Homologacao,homologação,GovBR Acadêmico Fictício,,https://w3id.org/ufes/ontodiplomadigital/instancias-ficticias#diplomadoLote189,Campus de Dados 12,,Bloco B,,Salvador,BA,31012-000,Brasil,,,organizacao do conhecimento,Análise semantica aplicada,2027-07-31,,,,,MEC-EM-0009,"Avenida Sintetica 109, Setor Emissor",Sao Paulo,SP,29009-000,Brasil,MEC-RG-0005,"Rua Registral 205, Setor de Proveniencia",Rio de Janeiro,RJ,30005-000,Brasil,https://w3id.org/ufes/ontodiplomadigital/instancias-ficticias#registroLote189,ReqDip00000000000000000000000000000000000000000191,2027-08-07,2027-08-22,L-2027-7,189,191,Caso sintetico 191 com status revogado e modalidade semipresencial.,Pessoa Fictícia-0046,CPF-FICTICIO-0812,MAT-REG-0191,Assinante Fictício-0103,CPF-FICTICIO-0813,Reitoria de Registro 9,Pessoa Fictícia-0026,CPF-FICTICIO-0814,Pro-Reitor de Graduacao,AssinaturaPJRegistradora,Centro Registral de Conhecimento Aplicado,,2027-09-06T08:39:00,https://w3id.org/ufes/ontodiplomadigital/instancias-ficticias#documentacaoAcademicaLote189,Assinante Fictício-0025,CPF-FICTICIO-0057,Procurador Institucional,urn:fake:pdfa:ato-designacao:lote09,https://w3id.org/ufes/ontodiplomadigital/instancias-ficticias#historicoLote189,HISTORICO-0191
CASO0192,diplomaLote190,DiplomaDigital,Diploma 192,Anulado,2027-09-04,diplomadoLote190,Diplomado,Pessoa Fictícia-0414,Brasileira,CPF-FICTICIO-0815,localNaturalidadeBr2111300,LocalNaturalidade,São Luís (MA),2111300,São Luís,MA,,cursoLote190,Curso,Bacharelado em Preservacao Digital,CURSO-FAKE-0192,3200,2027-08-03,Bacharelado,Bacharel,Presencial,enderecoCursoLote10,Endereco,iesEmissoraLote10,IesEmissora,Centro Universitario de Modelagem Conceitual,CNPJ-FICTICIO-0043/CNPJ-FICTICIO-0044,iesRegistradoraLote06,IesRegistradora,Universidade Federal de Registro Semântico,CNPJ-FICTICIO-0031/CNPJ-FICTICIO-0032,registroLote190,RegistroDiploma,https://w3id.org/ufes/ontodiplomadigital/instancias-ficticias#requisicaoDocumentacao192,ReqDip00000000000000000000000000000000000000000192,https://w3id.org/ufes/ontodiplomadigital/instancias-ficticias#processoAdministrativo192,PROC-FAKE-2027-0192,2027-09-09,RDP-FAKE-0192,assinaturaLote190,AssinaturaDigital,2027-09-09T09:40:00,XAdES,CODIGO-VALIDACAO-FICTICIO-0383,CodigoValidacao,CODIGO-VALIDACAO-FICTICIO-0384,https://w3id.org/ufes/ontodiplomadigital/instancias-ficticias#diplomaLote190,1.05,Producao,produção,Portal Público Fictício de Consulta de Diplomas,,https://w3id.org/ufes/ontodiplomadigital/instancias-ficticias#diplomadoLote190,Campus de Dados 10,,Bloco E,,Vitoria,ES,31010-000,Brasil,,,preservacao e acesso,,,,,,,MEC-EM-0010,"Avenida Sintetica 110, Setor Emissor",Rio de Janeiro,RJ,29010-000,Brasil,MEC-RG-0006,"Rua Registral 206, Setor de Proveniencia",Florianopolis,SC,30006-000,Brasil,https://w3id.org/ufes/ontodiplomadigital/instancias-ficticias#registroLote190,ReqDip00000000000000000000000000000000000000000192,2027-08-10,2027-08-25,L-2027-1,190,192,Caso sintetico 192 com status anulado e modalidade presencial.,Pessoa Fictícia-0049,CPF-FICTICIO-0816,MAT-REG-0192,Assinante Fictício-0105 | Assinante Fictício-0415,CPF-FICTICIO-0817 | CPF-FICTICIO-0818,Reitoria de Registro 1 | Secretaria Acadêmica Integrada,Pessoa Fictícia-0031,CPF-FICTICIO-0819,Pro-Reitora de Graduacao,AssinaturaPJEmissora,Centro Universitario de Modelagem Conceitual,Autoridade Certificadora Fictícia Integridade Digital,2027-09-09T09:40:00,https://w3id.org/ufes/ontodiplomadigital/instancias-ficticias#documentacaoAcademicaLote190,Assinante Fictício-0030,CPF-FICTICIO-0063,Procuradora Institucional,urn:fake:pdfa:ato-designacao:lote10,https://w3id.org/ufes/ontodiplomadigital/instancias-ficticias#historicoLote190,HISTORICO-0192
CASO0193,diplomaLote191,DiplomaDigital,Diploma 193,Ativo,2027-09-07,diplomadoLote191,Diplomado,Pessoa Fictícia-0416,Brasileira,CPF-FICTICIO-0820,localNaturalidadeBr3106200,LocalNaturalidade,Belo Horizonte (MG),3106200,Belo Horizonte,MG,,cursoLote191,Curso,Licenciatura em Análise Territorial de Dados,CURSO-FAKE-0193,3400,2027-08-06,Licenciatura,Licenciado,Ead,enderecoCursoCaso1,Endereco,iesEmissoraLote01,IesEmissora,Universidade Aberta do Conhecimento,CNPJ-FICTICIO-0009/CNPJ-FICTICIO-0010,iesRegistradoraLote07,IesRegistradora,Instituto de Segurança Documental,CNPJ-FICTICIO-0035/CNPJ-FICTICIO-0036,registroLote191,RegistroDiploma,https://w3id.org/ufes/ontodiplomadigital/instancias-ficticias#requisicaoDocumentacao193,ReqDip00000000000000000000000000000000000000000193,https://w3id.org/ufes/ontodiplomadigital/instancias-ficticias#processoAdministrativo193,PROC-FAKE-2027-0193,2027-09-12,RDP-FAKE-0193,assinaturaLote191,AssinaturaDigital,2027-09-12T10:41:00,CAdES,CODIGO-VALIDACAO-FICTICIO-0385,CodigoValidacao,CODIGO-VALIDACAO-FICTICIO-0386,https://w3id.org/ufes/ontodiplomadigital/instancias-ficticias#diplomaLote191,1.05,Homologacao,homologação,GovBR Acadêmico Fictício,,https://w3id.org/ufes/ontodiplomadigital/instancias-ficticias#diplomadoLote191,Campus Integracao,,Bloco A,,Vila Semantica,ES,29001-111,Brasil,,,governanca de dados,,,,,,,MEC-EM-0001,"Avenida Sintetica 101, Setor Emissor",Vitoria,ES,29001-000,Brasil,MEC-RG-0007,"Rua Registral 207, Setor de Proveniencia",Belem,PA,30007-000,Brasil,https://w3id.org/ufes/ontodiplomadigital/instancias-ficticias#registroLote191,ReqDip00000000000000000000000000000000000000000193,2027-08-13,2027-08-28,L-2027-2,191,193,Caso sintetico 193 com status ativo e modalidade ead.,Pessoa Fictícia-0053,CPF-FICTICIO-0821,MAT-REG-0193,Assinante Fictício-0107,CPF-FICTICIO-0822,Reitoria de Registro 2,Assinante Fictício-0005,CPF-FICTICIO-0823,Reitor,AssinaturaPFResponsavelRegistro,,,2027-09-12T10:41:00,https://w3id.org/ufes/ontodiplomadigital/instancias-ficticias#documentacaoAcademicaLote191,Pessoa Fictícia-0016,CPF-FICTICIO-0016,Diretor Geral,urn:fake:pdfa:ato-designacao:lote01,https://w3id.org/ufes/ontodiplomadigital/instancias-ficticias#historicoLote191,HISTORICO-0193
CASO0194,diplomaLote192,DiplomaDigital,Diploma 194,Ativo,2027-09-10,diplomadoLote192,Diplomado,Pessoa Fictícia-0417,Brasileira,CPF-FICTICIO-0824,localNaturalidadeBr2611606,LocalNaturalidade,Recife (PE),2611606,Recife,PE,,cursoLote192,CursoNSF,Tecnologia em Memoria Institucional,,2400,2027-08-09,Tecnologia,Tecnologo,Semipresencial,enderecoCursoLote12,Endereco,iesEmissoraLote02,IesEmissora,Centro Universitario Horizonte Semântico,CNPJ-FICTICIO-0013/CNPJ-FICTICIO-0014,iesRegistradoraLote08,IesRegistradora,Centro Universitario de Rastreabilidade Acadêmica,CNPJ-FICTICIO-0039/CNPJ-FICTICIO-0040,registroLote192,RegistroDiplomaNSF,https://w3id.org/ufes/ontodiplomadigital/instancias-ficticias#requisicaoDocumentacao194,ReqDip00000000000000000000000000000000000000000194,https://w3id.org/ufes/ontodiplomadigital/instancias-ficticias#processoAdministrativo194,PROC-FAKE-2027-0194,2027-09-15,RDP-FAKE-0194,assinaturaLote192,AssinaturaDigital,2027-09-15T11:42:00,PAdES,CODIGO-VALIDACAO-FICTICIO-0387,CodigoValidacao,CODIGO-VALIDACAO-FICTICIO-0388,https://w3id.org/ufes/ontodiplomadigital/instancias-ficticias#diplomaLote192,1.05,Producao,produção,Portal Público Fictício de Consulta de Diplomas,,https://w3id.org/ufes/ontodiplomadigital/instancias-ficticias#diplomadoLote192,Campus de Dados 12,,Bloco B,,Salvador,BA,31012-000,Brasil,,Especialista em Memoria Institucional,tratamento documental,Processos de registro academico,2027-08-09,EMEC-FAKE-2027-0194,Análise de regularidade do curso 194,2027-03-17,2027-03-02,MEC-EM-0002,"Avenida Sintetica 102, Setor Emissor",Belo Horizonte,MG,29002-000,Brasil,MEC-RG-0008,"Rua Registral 208, Setor de Proveniencia",Vitoria,ES,30008-000,Brasil,https://w3id.org/ufes/ontodiplomadigital/instancias-ficticias#registroLote192,ReqDip00000000000000000000000000000000000000000194,2027-08-16,2027-08-31,L-2027-3,192,194,Caso sintetico 194 com status ativo e modalidade semipresencial.,Pessoa Fictícia-0056,CPF-FICTICIO-0825,MAT-REG-0194,Assinante Fictício-0110,CPF-FICTICIO-0826,Reitoria de Registro 3,Assinante Fictício-0010,CPF-FICTICIO-0827,Reitora,AssinaturaPFEmissora,,,2027-09-15T11:42:00,https://w3id.org/ufes/ontodiplomadigital/instancias-ficticias#documentacaoAcademicaLote192,Pessoa Fictícia-0021,CPF-FICTICIO-0021,Diretora Geral,urn:fake:pdfa:ato-designacao:lote02,https://w3id.org/ufes/ontodiplomadigital/instancias-ficticias#historicoLote192,HISTORICO-0194
CASO0195,diplomaLote193,DiplomaDigital,Diploma 195,Ativo,2027-09-13,diplomadoLote193,Diplomado,Pessoa Fictícia-0418,Brasileira,CPF-FICTICIO-0828,localNaturalidadeBr3304557,LocalNaturalidade,Rio de Janeiro (RJ),3304557,Rio de Janeiro,RJ,,cursoLote193,Curso,Bacharelado em Ciência de Dados Publicos,CURSO-FAKE-0195,2600,2027-08-12,Bacharelado,Bacharel,Presencial,enderecoCursoLote06,Endereco,iesEmissoraLote03,IesEmissora,Instituto Federal de Curadoria Digital,CNPJ-FICTICIO-0017/CNPJ-FICTICIO-0018,iesRegistradoraLote01,IesRegistradora,Universidade Registradora do Brasil Digital,CNPJ-FICTICIO-0011/CNPJ-FICTICIO-0012,registroLote193,RegistroDiploma,https://w3id.org/ufes/ontodiplomadigital/instancias-ficticias#requisicaoDocumentacao195,ReqDip00000000000000000000000000000000000000000195,https://w3id.org/ufes/ontodiplomadigital/instancias-ficticias#processoAdministrativo195,PROC-FAKE-2027-0195,2027-09-18,RDP-FAKE-0195,assinaturaLote193,AssinaturaDigital,2027-09-18T12:43:00,XAdES,CODIGO-VALIDACAO-FICTICIO-0389,CodigoValidacao,CODIGO-VALIDACAO-FICTICIO-0390,https://w3id.org/ufes/ontodiplomadigital/instancias-ficticias#diplomaLote193,1.05,Homologacao,homologação,GovBR Acadêmico Fictício,,https://w3id.org/ufes/ontodiplomadigital/instancias-ficticias#diplomadoLote193,Campus de Dados 06,,Bloco A,,Sao Paulo,SP,31006-000,Brasil,,,interoperabilidade semantica,,,,,,,MEC-EM-0003,"Avenida Sintetica 103, Setor Emissor",Salvador,BA,29003-000,Brasil,MEC-RG-0001,"Rua Registral 201, Setor de Proveniencia",Curitiba,PR,30001-000,Brasil,https://w3id.org/ufes/ontodiplomadigital/instancias-ficticias#registroLote193,ReqDip00000000000000000000000000000000000000000195,2027-08-19,2027-09-03,L-2027-4,193,195,Caso sintetico 195 com status ativo e modalidade presencial.,Pessoa Fictícia-0013,CPF-FICTICIO-0829,MAT-REG-0195,Assinante Fictício-0112,CPF-FICTICIO-0830,Reitoria de Registro 4,Assinante Fictício-0015,CPF-FICTICIO-0831,Diretor Acadêmico,AssinaturaPJArquivamentoDocumentacaoAcademica,Instituto Federal de Curadoria Digital,,2027-09-18T12:43:00,https://w3id.org/ufes/ontodiplomadigital/instancias-ficticias#documentacaoAcademicaLote193,Pessoa Fictícia-0026,CPF-FICTICIO-0026,Procurador Institucional,urn:fake:pdfa:ato-designacao:lote03,https://w3id.org/ufes/ontodiplomadigital/instancias-ficticias#historicoLote193,HISTORICO-0195
CASO0196,diplomaLote194,DiplomaDigital,Diploma 196,Revogado,2027-09-16,diplomadoLote194,Diplomado,Pessoa Fictícia-0419,Brasileira,CPF-FICTICIO-0832,localNaturalidadeBr5208707,LocalNaturalidade,Goiânia (GO),5208707,Goiânia,GO,,cursoLote194,Curso,Licenciatura em Curadoria Digital,CURSO-FAKE-0196,2800,2027-08-15,Licenciatura,Licenciado,Ead,enderecoCursoLote02,Endereco,iesEmissoraLote04,IesEmissora,Universidade Metropolitana da Informação,CNPJ-FICTICIO-0021/CNPJ-FICTICIO-0022,iesRegistradoraLote02,IesRegistradora,Centro de Registro Interoperável,CNPJ-FICTICIO-0015/CNPJ-FICTICIO-0016,registroLote194,RegistroDiploma,https://w3id.org/ufes/ontodiplomadigital/instancias-ficticias#requisicaoDocumentacao196,ReqDip00000000000000000000000000000000000000000196,https://w3id.org/ufes/ontodiplomadigital/instancias-ficticias#processoAdministrativo196,PROC-FAKE-2027-0196,2027-09-21,RDP-FAKE-0196,assinaturaLote194,AssinaturaDigital,2027-09-21T13:44:00,CAdES,CODIGO-VALIDACAO-FICTICIO-0391,CodigoValidacao,CODIGO-VALIDACAO-FICTICIO-0392,https://w3id.org/ufes/ontodiplomadigital/instancias-ficticias#diplomaLote194,1.05,Producao,produção,Portal Público Fictício de Consulta de Diplomas,,https://w3id.org/ufes/ontodiplomadigital/instancias-ficticias#diplomadoLote194,Campus de Dados 02,,Bloco B,,Recife,PE,31002-000,Brasil,,,curadoria digital,,,,,,,MEC-EM-0004,"Avenida Sintetica 104, Setor Emissor",Brasilia,DF,29004-000,Brasil,MEC-RG-0002,"Rua Registral 202, Setor de Proveniencia",Fortaleza,CE,30002-000,Brasil,https://w3id.org/ufes/ontodiplomadigital/instancias-ficticias#registroLote194,ReqDip00000000000000000000000000000000000000000196,2027-08-22,2027-09-06,L-2027-5,194,196,Caso sintetico 196 com status revogado e modalidade ead.,Pessoa Fictícia-0018,CPF-FICTICIO-0833,MAT-REG-0196,Assinante Fictício-0114,CPF-FICTICIO-0834,Reitoria de Registro 5,Assinante Fictício-0020,CPF-FICTICIO-0835,Diretora Acadêmica,AssinaturaPJRegistradora,Centro de Registro Interoperável,,2027-09-21T13:44:00,https://w3id.org/ufes/ontodiplomadigital/instancias-ficticias#documentacaoAcademicaLote194,Pessoa Fictícia-0031,CPF-FICTICIO-0031,Procuradora Institucional,urn:fake:pdfa:ato-designacao:lote04,https://w3id.org/ufes/ontodiplomadigital/instancias-ficticias#historicoLote194,HISTORICO-0196
CASO0197,diplomaLote195,DiplomaDigital,Diploma 197,Anulado,2027-09-19,diplomadoLote195,Diplomado,Pessoa Fictícia-0420,Brasileira,CPF-FICTICIO-0836,localNaturalidadeBr3204807,LocalNaturalidade,São José do Calçado (ES),3204807,São José do Calçado,ES,,cursoLote195,Curso,Tecnologia em Arquivologia Aplicada,CURSO-FAKE-0197,3000,2027-08-18,Tecnologia,Tecnologo,Semipresencial,enderecoCursoLote05,Endereco,iesEmissoraLote05,IesEmissora,Faculdade Nacional de Dados Ligados,CNPJ-FICTICIO-0025/CNPJ-FICTICIO-0026,iesRegistradoraLote03,IesRegistradora,Instituto Nacional de Validação Acadêmica,CNPJ-FICTICIO-0019/CNPJ-FICTICIO-0020,registroLote195,RegistroDiploma,https://w3id.org/ufes/ontodiplomadigital/instancias-ficticias#requisicaoDocumentacao197,ReqDip00000000000000000000000000000000000000000197,https://w3id.org/ufes/ontodiplomadigital/instancias-ficticias#processoAdministrativo197,PROC-FAKE-2027-0197,2027-09-24,RDP-FAKE-0197,assinaturaLote195,AssinaturaDigital,2027-09-24T14:45:00,PAdES,CODIGO-VALIDACAO-FICTICIO-0393,CodigoValidacao,CODIGO-VALIDACAO-FICTICIO-0394,https://w3id.org/ufes/ontodiplomadigital/instancias-ficticias#diplomaLote195,1.05,Homologacao,homologação,GovBR Acadêmico Fictício,,https://w3id.org/ufes/ontodiplomadigital/instancias-ficticias#diplomadoLote195,Campus de Dados 05,,Bloco E,,Goiania,GO,31005-000,Brasil,,,organizacao do conhecimento,Análise semantica aplicada,2027-08-18,,,,,MEC-EM-0005,"Avenida Sintetica 105, Setor Emissor",Recife,PE,29005-000,Brasil,MEC-RG-0003,"Rua Registral 203, Setor de Proveniencia",Goiania,GO,30003-000,Brasil,https://w3id.org/ufes/ontodiplomadigital/instancias-ficticias#registroLote195,ReqDip00000000000000000000000000000000000000000197,2027-08-25,2027-09-09,L-2027-6,195,197,Caso sintetico 197 com status anulado e modalidade semipresencial.,Pessoa Fictícia-0023,CPF-FICTICIO-0837,MAT-REG-0197,Assinante Fictício-0116 | Assinante Fictício-0421,CPF-FICTICIO-0838 | CPF-FICTICIO-0839,Reitoria de Registro 6 | Secretaria Acadêmica Integrada,Assinante Fictício-0025,CPF-FICTICIO-0840,Secretario Geral Acadêmico,AssinaturaPJEmissora,Faculdade Nacional de Dados Ligados,,2027-09-24T14:45:00,https://w3id.org/ufes/ontodiplomadigital/instancias-ficticias#documentacaoAcademicaLote195,Assinante Fictício-0005,CPF-FICTICIO-0037,Reitor,urn:fake:pdfa:ato-designacao:lote05,https://w3id.org/ufes/ontodiplomadigital/instancias-ficticias#historicoLote195,HISTORICO-0197
CASO0198,diplomaLote196,DiplomaDigital,Diploma 198,Ativo,2027-09-22,diplomadoLote196,Diplomado,Pessoa Fictícia-0422,Brasileira,CPF-FICTICIO-0841,localNaturalidadeBr2927408,LocalNaturalidade,Salvador (BA),2927408,Salvador,BA,,cursoLote196,CursoNSF,Bacharelado em Biblioteconomia Analitica,,3200,2027-08-21,Bacharelado,Bacharel,Presencial,enderecoCursoLote04,Endereco,iesEmissoraLote06,IesEmissora,Universidade de Estudos Documentais,CNPJ-FICTICIO-0029/CNPJ-FICTICIO-0030,iesRegistradoraLote04,IesRegistradora,Universidade Curadora de Diplomas,CNPJ-FICTICIO-0023/CNPJ-FICTICIO-0024,registroLote196,RegistroDiplomaNSF,https://w3id.org/ufes/ontodiplomadigital/instancias-ficticias#requisicaoDocumentacao198,ReqDip00000000000000000000000000000000000000000198,https://w3id.org/ufes/ontodiplomadigital/instancias-ficticias#processoAdministrativo198,PROC-FAKE-2027-0198,2027-09-27,RDP-FAKE-0198,assinaturaLote196,AssinaturaDigital,2027-09-27T15:46:00,XAdES,CODIGO-VALIDACAO-FICTICIO-0395,CodigoValidacao,CODIGO-VALIDACAO-FICTICIO-0396,https://w3id.org/ufes/ontodiplomadigital/instancias-ficticias#diplomaLote196,1.05,Producao,produção,Portal Público Fictício de Consulta de Diplomas,,https://w3id.org/ufes/ontodiplomadigital/instancias-ficticias#diplomadoLote196,Campus de Dados 04,,Bloco D,,Fortaleza,CE,31004-000,Brasil,,,preservacao e acesso,,,EMEC-FAKE-2027-0198,Análise de regularidade do curso 198,2027-03-29,2027-03-14,MEC-EM-0006,"Avenida Sintetica 106, Setor Emissor",Curitiba,PR,29006-000,Brasil,MEC-RG-0004,"Rua Registral 204, Setor de Proveniencia",Sao Paulo,SP,30004-000,Brasil,https://w3id.org/ufes/ontodiplomadigital/instancias-ficticias#registroLote196,ReqDip00000000000000000000000000000000000000000198,2027-08-28,2027-09-12,L-2027-7,196,198,Caso sintetico 198 com status ativo e modalidade presencial.,Pessoa Fictícia-0028,CPF-FICTICIO-0842,MAT-REG-0198,Assinante Fictício-0118,CPF-FICTICIO-0843,Reitoria de Registro 7,Assinante Fictício-0030,CPF-FICTICIO-0844,Secretaria Geral Acadêmica,AssinaturaPFResponsavelRegistro,,,2027-09-27T15:46:00,https://w3id.org/ufes/ontodiplomadigital/instancias-ficticias#documentacaoAcademicaLote196,Assinante Fictício-0010,CPF-FICTICIO-0042,Reitora,urn:fake:pdfa:ato-designacao:lote06,https://w3id.org/ufes/ontodiplomadigital/instancias-ficticias#historicoLote196,HISTORICO-0198
CASO0199,diplomaLote197,DiplomaDigital,Diploma 199,Ativo,2027-09-25,diplomadoLote197,Diplomado,Pessoa Fictícia-0423,Brasileira,CPF-FICTICIO-0845,localNaturalidadeBr2704302,LocalNaturalidade,Maceió (AL),2704302,Maceió,AL,,cursoLote197,Curso,Licenciatura em Gestão da Informação,CURSO-FAKE-0199,3400,2027-08-24,Licenciatura,Licenciado,Ead,enderecoCursoCaso1,Endereco,iesEmissoraLote07,IesEmissora,Centro Acadêmico de Interoperabilidade,CNPJ-FICTICIO-0033/CNPJ-FICTICIO-0034,iesRegistradoraLote05,IesRegistradora,Centro Registral de Conhecimento Aplicado,CNPJ-FICTICIO-0027/CNPJ-FICTICIO-0028,registroLote197,RegistroDiploma,https://w3id.org/ufes/ontodiplomadigital/instancias-ficticias#requisicaoDocumentacao199,ReqDip00000000000000000000000000000000000000000199,https://w3id.org/ufes/ontodiplomadigital/instancias-ficticias#processoAdministrativo199,PROC-FAKE-2027-0199,2027-09-30,RDP-FAKE-0199,assinaturaLote197,AssinaturaDigital,2027-09-30T16:47:00,CAdES,CODIGO-VALIDACAO-FICTICIO-0397,CodigoValidacao,CODIGO-VALIDACAO-FICTICIO-0398,https://w3id.org/ufes/ontodiplomadigital/instancias-ficticias#diplomaLote197,1.05,Homologacao,homologação,GovBR Acadêmico Fictício,,https://w3id.org/ufes/ontodiplomadigital/instancias-ficticias#diplomadoLote197,Campus Integracao,,Bloco A,,Vila Semantica,ES,29001-111,Brasil,,,governanca de dados,,,,,,,MEC-EM-0007,"Avenida Sintetica 107, Setor Emissor",Fortaleza,CE,29007-000,Brasil,MEC-RG-0005,"Rua Registral 205, Setor de Proveniencia",Rio de Janeiro,RJ,30005-000,Brasil,https://w3id.org/ufes/ontodiplomadigital/instancias-ficticias#registroLote197,ReqDip00000000000000000000000000000000000000000199,2027-08-31,2027-09-15,L-2027-1,197,199,Caso sintetico 199 com status ativo e modalidade ead.,Pessoa Fictícia-0033,CPF-FICTICIO-0846,MAT-REG-0199,Assinante Fictício-0121,CPF-FICTICIO-0847,Reitoria de Registro 8,Pessoa Fictícia-0006,CPF-FICTICIO-0848,Pro-Reitor de Graduacao,AssinaturaPFEmissora,,,2027-09-30T16:47:00,https://w3id.org/ufes/ontodiplomadigital/instancias-ficticias#documentacaoAcademicaLote197,Assinante Fictício-0015,CPF-FICTICIO-0047,Diretor Geral,urn:fake:pdfa:ato-designacao:lote07,https://w3id.org/ufes/ontodiplomadigital/instancias-ficticias#historicoLote197,HISTORICO-0199
CASO0200,diplomaLote198,DiplomaDigital,Diploma 200,Ativo,2027-09-28,diplomadoLote198,Diplomado,Pessoa Fictícia-0424,Brasileira,CPF-FICTICIO-0849,localNaturalidadeBr5103403,LocalNaturalidade,Cuiabá (MT),5103403,Cuiabá,MT,,cursoLote198,Curso,Tecnologia em Humanidades Digitais,,2400,2027-08-27,Tecnologia,Tecnologo,Semipresencial,enderecoCursoLote06,Endereco,iesEmissoraLote08,IesEmissora,Instituto Superior de Preservacao Informacional,CNPJ-FICTICIO-0037/CNPJ-FICTICIO-0038,iesRegistradoraLote06,IesRegistradora,Universidade Federal de Registro Semântico,CNPJ-FICTICIO-0031/CNPJ-FICTICIO-0032,registroLote198,RegistroDiploma,https://w3id.org/ufes/ontodiplomadigital/instancias-ficticias#requisicaoDocumentacao200,ReqDip00000000000000000000000000000000000000000200,https://w3id.org/ufes/ontodiplomadigital/instancias-ficticias#processoAdministrativo200,PROC-FAKE-2027-0200,2027-10-03,RDP-FAKE-0200,assinaturaLote198,AssinaturaDigital,2027-10-03T08:48:00,PAdES,CODIGO-VALIDACAO-FICTICIO-0399,CodigoValidacao,CODIGO-VALIDACAO-FICTICIO-0400,https://w3id.org/ufes/ontodiplomadigital/instancias-ficticias#diplomaLote198,1.05,Producao,produção,Portal Público Fictício de Consulta de Diplomas,,https://w3id.org/ufes/ontodiplomadigital/instancias-ficticias#diplomadoLote198,Campus de Dados 06,,Bloco A,,Sao Paulo,SP,31006-000,Brasil,,Especialista em Humanidades Digitais,tratamento documental,Processos de registro academico,2027-08-27,EMEC-FAKE-2027-0200,Análise de regularidade do curso 200,2027-04-04,2027-03-20,MEC-EM-0008,"Avenida Sintetica 108, Setor Emissor",Goiania,GO,29008-000,Brasil,MEC-RG-0006,"Rua Registral 206, Setor de Proveniencia",Florianopolis,SC,30006-000,Brasil,https://w3id.org/ufes/ontodiplomadigital/instancias-ficticias#registroLote198,ReqDip00000000000000000000000000000000000000000200,2027-09-03,2027-09-18,L-2027-2,198,200,Caso sintetico 200 com status ativo e modalidade semipresencial.,Pessoa Fictícia-0037,CPF-FICTICIO-0850,MAT-REG-0200,Assinante Fictício-0123,CPF-FICTICIO-0851,Reitoria de Registro 9,Pessoa Fictícia-0011,CPF-FICTICIO-0852,Pro-Reitora de Graduacao,AssinaturaPJArquivamentoDocumentacaoAcademica,Instituto Superior de Preservacao Informacional,,2027-10-03T08:48:00,https://w3id.org/ufes/ontodiplomadigital/instancias-ficticias#documentacaoAcademicaLote198,Assinante Fictício-0020,CPF-FICTICIO-0052,Diretora Geral,urn:fake:pdfa:ato-designacao:lote08,https://w3id.org/ufes/ontodiplomadigital/instancias-ficticias#historicoLote198,HISTORICO-0200
CASO0201,diplomaLote199,DiplomaDigital,Diploma 201,Revogado,2027-10-01,diplomadoLote199,Diplomado,Pessoa Fictícia-0425,Brasileira,CPF-FICTICIO-0853,localNaturalidadeBr2507507,LocalNaturalidade,João Pessoa (PB),2507507,João Pessoa,PB,,cursoLote199,Curso,Bacharelado em Documentacao Tecnica,CURSO-FAKE-0201,2600,2027-08-30,Bacharelado,Bacharel,Presencial,enderecoCursoLote01,Endereco,iesEmissoraLote09,IesEmissora,Universidade do Patrimonio Digital,CNPJ-FICTICIO-0041/CNPJ-FICTICIO-0042,iesRegistradoraLote07,IesRegistradora,Instituto de Segurança Documental,CNPJ-FICTICIO-0035/CNPJ-FICTICIO-0036,registroLote199,RegistroDiploma,https://w3id.org/ufes/ontodiplomadigital/instancias-ficticias#requisicaoDocumentacao201,ReqDip00000000000000000000000000000000000000000201,https://w3id.org/ufes/ontodiplomadigital/instancias-ficticias#processoAdministrativo201,PROC-FAKE-2027-0201,2027-10-06,RDP-FAKE-0201,assinaturaLote199,AssinaturaDigital,2027-10-06T09:49:00,XAdES,CODIGO-VALIDACAO-FICTICIO-0401,CodigoValidacao,CODIGO-VALIDACAO-FICTICIO-0402,https://w3id.org/ufes/ontodiplomadigital/instancias-ficticias#diplomaLote199,1.05,Homologacao,homologação,GovBR Acadêmico Fictício,,https://w3id.org/ufes/ontodiplomadigital/instancias-ficticias#diplomadoLote199,Campus de Dados 01,,Bloco A,,Brasilia,DF,31001-000,Brasil,,,interoperabilidade semantica,,,,,,,MEC-EM-0009,"Avenida Sintetica 109, Setor Emissor",Sao Paulo,SP,29009-000,Brasil,MEC-RG-0007,"Rua Registral 207, Setor de Proveniencia",Belem,PA,30007-000,Brasil,https://w3id.org/ufes/ontodiplomadigital/instancias-ficticias#registroLote199,ReqDip00000000000000000000000000000000000000000201,2027-09-06,2027-09-21,L-2027-3,199,201,Caso sintetico 201 com status revogado e modalidade presencial.,Pessoa Fictícia-0040,CPF-FICTICIO-0854,MAT-REG-0201,Assinante Fictício-0125,CPF-FICTICIO-0855,Reitoria de Registro 1,Pessoa Fictícia-0016,CPF-FICTICIO-0856,Reitor,AssinaturaPJRegistradora,Instituto de Segurança Documental,,2027-10-06T09:49:00,https://w3id.org/ufes/ontodiplomadigital/instancias-ficticias#documentacaoAcademicaLote199,Assinante Fictício-0025,CPF-FICTICIO-0057,Procurador Institucional,urn:fake:pdfa:ato-designacao:lote09,https://w3id.org/ufes/ontodiplomadigital/instancias-ficticias#historicoLote199,HISTORICO-0201
CASO0202,diplomaLote200,DiplomaDigital,Diploma 202,Anulado,2027-10-04,diplomadoLote200,Diplomado,Pessoa Fictícia-0426,Japonesa,CPF-FICTICIO-0857,localNaturalidadeEstrangeiraToquio,LocalNaturalidade,Tóquio (município estrangeiro),,,,Tóquio,cursoLote200,CursoNSF,Licenciatura em Governanca Informacional,,2800,2027-09-02,Licenciatura,Licenciado,Ead,enderecoCursoLote08,Endereco,iesEmissoraLote10,IesEmissora,Centro Universitario de Modelagem Conceitual,CNPJ-FICTICIO-0043/CNPJ-FICTICIO-0044,iesRegistradoraLote08,IesRegistradora,Centro Universitario de Rastreabilidade Acadêmica,CNPJ-FICTICIO-0039/CNPJ-FICTICIO-0040,registroLote200,RegistroDiplomaNSF,https://w3id.org/ufes/ontodiplomadigital/instancias-ficticias#requisicaoDocumentacao202,ReqDip00000000000000000000000000000000000000000202,https://w3id.org/ufes/ontodiplomadigital/instancias-ficticias#processoAdministrativo202,PROC-FAKE-2027-0202,2027-10-09,RDP-FAKE-0202,assinaturaLote200,AssinaturaDigital,2027-10-09T10:10:00,CAdES,CODIGO-VALIDACAO-FICTICIO-0403,CodigoValidacao,CODIGO-VALIDACAO-FICTICIO-0404,https://w3id.org/ufes/ontodiplomadigital/instancias-ficticias#diplomaLote200,1.05,Producao,produção,Portal Público Fictício de Consulta de Diplomas,,https://w3id.org/ufes/ontodiplomadigital/instancias-ficticias#diplomadoLote200,Campus de Dados 08,,Bloco C,,Florianopolis,SC,31008-000,Brasil,,,curadoria digital,,,EMEC-FAKE-2027-0202,Análise de regularidade do curso 202,2027-04-10,2027-03-26,MEC-EM-0010,"Avenida Sintetica 110, Setor Emissor",Rio de Janeiro,RJ,29010-000,Brasil,MEC-RG-0008,"Rua Registral 208, Setor de Proveniencia",Vitoria,ES,30008-000,Brasil,https://w3id.org/ufes/ontodiplomadigital/instancias-ficticias#registroLote200,ReqDip00000000000000000000000000000000000000000202,2027-09-09,2027-09-24,L-2027-4,200,202,Caso sintetico 202 com status anulado e modalidade ead.,Pessoa Fictícia-0043,CPF-FICTICIO-0858,MAT-REG-0202,Assinante Fictício-0127 | Assinante Fictício-0427,CPF-FICTICIO-0859 | CPF-FICTICIO-0860,Reitoria de Registro 2 | Secretaria Acadêmica Integrada,Pessoa Fictícia-0021,CPF-FICTICIO-0861,Reitora,AssinaturaPJEmissora,Centro Universitario de Modelagem Conceitual,,2027-10-09T10:10:00,https://w3id.org/ufes/ontodiplomadigital/instancias-ficticias#documentacaoAcademicaLote200,Assinante Fictício-0030,CPF-FICTICIO-0063,Procuradora Institucional,urn:fake:pdfa:ato-designacao:lote10,https://w3id.org/ufes/ontodiplomadigital/instancias-ficticias#historicoLote200,HISTORICO-0202
CASO0203,diplomaLote201,DiplomaDigital,Diploma 203,Ativo,2027-10-07,diplomadoLote201,Diplomado,Pessoa Fictícia-0428,Brasileira,CPF-FICTICIO-0862,localNaturalidadeBr1302603,LocalNaturalidade,Manaus (AM),1302603,Manaus,AM,,cursoLote201,Curso,Tecnologia em Interoperabilidade Semântica,CURSO-FAKE-0203,3000,2027-09-05,Tecnologia,Tecnologo,Semipresencial,enderecoCursoLote10,Endereco,iesEmissoraLote01,IesEmissora,Universidade Aberta do Conhecimento,CNPJ-FICTICIO-0009/CNPJ-FICTICIO-0010,iesRegistradoraLote01,IesRegistradora,Universidade Registradora do Brasil Digital,CNPJ-FICTICIO-0011/CNPJ-FICTICIO-0012,registroLote201,RegistroDiploma,https://w3id.org/ufes/ontodiplomadigital/instancias-ficticias#requisicaoDocumentacao203,ReqDip00000000000000000000000000000000000000000203,https://w3id.org/ufes/ontodiplomadigital/instancias-ficticias#processoAdministrativo203,PROC-FAKE-2027-0203,2027-10-12,RDP-FAKE-0203,assinaturaLote201,AssinaturaDigital,2027-10-12T11:11:00,PAdES,CODIGO-VALIDACAO-FICTICIO-0405,CodigoValidacao,CODIGO-VALIDACAO-FICTICIO-0406,https://w3id.org/ufes/ontodiplomadigital/instancias-ficticias#diplomaLote201,1.05,Homologacao,homologação,GovBR Acadêmico Fictício,,https://w3id.org/ufes/ontodiplomadigital/instancias-ficticias#diplomadoLote201,Campus de Dados 10,,Bloco E,,Vitoria,ES,31010-000,Brasil,,,organizacao do conhecimento,Análise semantica aplicada,2027-09-05,,,,,MEC-EM-0001,"Avenida Sintetica 101, Setor Emissor",Vitoria,ES,29001-000,Brasil,MEC-RG-0001,"Rua Registral 201, Setor de Proveniencia",Curitiba,PR,30001-000,Brasil,https://w3id.org/ufes/ontodiplomadigital/instancias-ficticias#registroLote201,ReqDip00000000000000000000000000000000000000000203,2027-09-12,2027-09-27,L-2027-5,1,203,Caso sintetico 203 com status ativo e modalidade semipresencial.,Pessoa Fictícia-0046,CPF-FICTICIO-0863,MAT-REG-0203,Assinante Fictício-0129,CPF-FICTICIO-0864,Reitoria de Registro 3,Pessoa Fictícia-0026,CPF-FICTICIO-0865,Diretor Acadêmico,AssinaturaPFResponsavelRegistro,,,2027-10-12T11:11:00,https://w3id.org/ufes/ontodiplomadigital/instancias-ficticias#documentacaoAcademicaLote201,Pessoa Fictícia-0016,CPF-FICTICIO-0016,Diretor Geral,urn:fake:pdfa:ato-designacao:lote01,https://w3id.org/ufes/ontodiplomadigital/instancias-ficticias#historicoLote201,HISTORICO-0203
CASO0204,diplomaLote202,DiplomaDigital,Diploma 204,Ativo,2027-10-10,diplomadoLote202,Diplomado,Pessoa Fictícia-0429,Brasileira,CPF-FICTICIO-0866,localNaturalidadeBr3550308,LocalNaturalidade,São Paulo (SP),3550308,São Paulo,SP,,cursoLote202,Curso,Bacharelado em Preservacao Digital,CURSO-FAKE-0204,3200,2027-09-08,Bacharelado,Bacharel,Presencial,enderecoCursoLote10,Endereco,iesEmissoraLote02,IesEmissora,Centro Universitario Horizonte Semântico,CNPJ-FICTICIO-0013/CNPJ-FICTICIO-0014,iesRegistradoraLote02,IesRegistradora,Centro de Registro Interoperável,CNPJ-FICTICIO-0015/CNPJ-FICTICIO-0016,registroLote202,RegistroDiploma,https://w3id.org/ufes/ontodiplomadigital/instancias-ficticias#requisicaoDocumentacao204,ReqDip00000000000000000000000000000000000000000204,https://w3id.org/ufes/ontodiplomadigital/instancias-ficticias#processoAdministrativo204,PROC-FAKE-2027-0204,2027-10-15,RDP-FAKE-0204,assinaturaLote202,AssinaturaDigital,2027-10-15T12:12:00,XAdES,CODIGO-VALIDACAO-FICTICIO-0407,CodigoValidacao,CODIGO-VALIDACAO-FICTICIO-0408,https://w3id.org/ufes/ontodiplomadigital/instancias-ficticias#diplomaLote202,1.05,Producao,produção,Portal Público Fictício de Consulta de Diplomas,,https://w3id.org/ufes/ontodiplomadigital/instancias-ficticias#diplomadoLote202,Campus de Dados 10,,Bloco E,,Vitoria,ES,31010-000,Brasil,,,preservacao e acesso,,,,,,,MEC-EM-0002,"Avenida Sintetica 102, Setor Emissor",Belo Horizonte,MG,29002-000,Brasil,MEC-RG-0002,"Rua Registral 202, Setor de Proveniencia",Fortaleza,CE,30002-000,Brasil,https://w3id.org/ufes/ontodiplomadigital/instancias-ficticias#registroLote202,ReqDip00000000000000000000000000000000000000000204,2027-09-15,2027-09-30,L-2027-6,2,204,Caso sintetico 204 com status ativo e modalidade presencial.,Pessoa Fictícia-0049,CPF-FICTICIO-0867,MAT-REG-0204,Assinante Fictício-0132,CPF-FICTICIO-0868,Reitoria de Registro 4,Pessoa Fictícia-0031,CPF-FICTICIO-0869,Diretora Acadêmica,AssinaturaPFEmissora,,Autoridade Certificadora Fictícia Integridade Digital,2027-10-15T12:12:00,https://w3id.org/ufes/ontodiplomadigital/instancias-ficticias#documentacaoAcademicaLote202,Pessoa Fictícia-0021,CPF-FICTICIO-0021,Diretora Geral,urn:fake:pdfa:ato-designacao:lote02,https://w3id.org/ufes/ontodiplomadigital/instancias-ficticias#historicoLote202,HISTORICO-0204
CASO0205,diplomaLote203,DiplomaDigital,Diploma 205,Ativo,2027-10-13,diplomadoLote203,Diplomado,Pessoa Fictícia-0430,Brasileira,CPF-FICTICIO-0870,localNaturalidadeBr3204807,LocalNaturalidade,São José do Calçado (ES),3204807,São José do Calçado,ES,,cursoLote203,Curso,Licenciatura em Análise Territorial de Dados,CURSO-FAKE-0205,3400,2027-09-11,Licenciatura,Licenciado,Ead,enderecoCursoLote04,Endereco,iesEmissoraLote03,IesEmissora,Instituto Federal de Curadoria Digital,CNPJ-FICTICIO-0017/CNPJ-FICTICIO-0018,iesRegistradoraLote03,IesRegistradora,Instituto Nacional de Validação Acadêmica,CNPJ-FICTICIO-0019/CNPJ-FICTICIO-0020,registroLote203,RegistroDiploma,https://w3id.org/ufes/ontodiplomadigital/instancias-ficticias#requisicaoDocumentacao205,ReqDip00000000000000000000000000000000000000000205,https://w3id.org/ufes/ontodiplomadigital/instancias-ficticias#processoAdministrativo205,PROC-FAKE-2027-0205,2027-10-18,RDP-FAKE-0205,assinaturaLote203,AssinaturaDigital,2027-10-18T13:13:00,CAdES,CODIGO-VALIDACAO-FICTICIO-0409,CodigoValidacao,CODIGO-VALIDACAO-FICTICIO-0410,https://w3id.org/ufes/ontodiplomadigital/instancias-ficticias#diplomaLote203,1.05,Homologacao,homologação,GovBR Acadêmico Fictício,,https://w3id.org/ufes/ontodiplomadigital/instancias-ficticias#diplomadoLote203,Campus de Dados 04,,Bloco D,,Fortaleza,CE,31004-000,Brasil,,,governanca de dados,,,,,,,MEC-EM-0003,"Avenida Sintetica 103, Setor Emissor",Salvador,BA,29003-000,Brasil,MEC-RG-0003,"Rua Registral 203, Setor de Proveniencia",Goiania,GO,30003-000,Brasil,https://w3id.org/ufes/ontodiplomadigital/instancias-ficticias#registroLote203,ReqDip00000000000000000000000000000000000000000205,2027-09-18,2027-10-03,L-2027-7,3,205,Caso sintetico 205 com status ativo e modalidade ead.,Pessoa Fictícia-0053,CPF-FICTICIO-0871,MAT-REG-0205,Assinante Fictício-0134,CPF-FICTICIO-0872,Reitoria de Registro 5,Assinante Fictício-0005,CPF-FICTICIO-0873,Secretario Geral Acadêmico,AssinaturaPJArquivamentoDocumentacaoAcademica,Instituto Federal de Curadoria Digital,,2027-10-18T13:13:00,https://w3id.org/ufes/ontodiplomadigital/instancias-ficticias#documentacaoAcademicaLote203,Pessoa Fictícia-0026,CPF-FICTICIO-0026,Procurador Institucional,urn:fake:pdfa:ato-designacao:lote03,https://w3id.org/ufes/ontodiplomadigital/instancias-ficticias#historicoLote203,HISTORICO-0205
CASO0206,diplomaLote204,DiplomaDigital,Diploma 206,Revogado,2027-10-16,diplomadoLote204,Diplomado,Pessoa Fictícia-0431,Brasileira,CPF-FICTICIO-0874,localNaturalidadeBr2704302,LocalNaturalidade,Maceió (AL),2704302,Maceió,AL,,cursoLote204,CursoNSF,Tecnologia em Memoria Institucional,,2400,2027-09-14,Tecnologia,Tecnologo,Semipresencial,enderecoCursoLote12,Endereco,iesEmissoraLote04,IesEmissora,Universidade Metropolitana da Informação,CNPJ-FICTICIO-0021/CNPJ-FICTICIO-0022,iesRegistradoraLote04,IesRegistradora,Universidade Curadora de Diplomas,CNPJ-FICTICIO-0023/CNPJ-FICTICIO-0024,registroLote204,RegistroDiplomaNSF,https://w3id.org/ufes/ontodiplomadigital/instancias-ficticias#requisicaoDocumentacao206,ReqDip00000000000000000000000000000000000000000206,https://w3id.org/ufes/ontodiplomadigital/instancias-ficticias#processoAdministrativo206,PROC-FAKE-2027-0206,2027-10-21,RDP-FAKE-0206,assinaturaLote204,AssinaturaDigital,2027-10-21T14:14:00,PAdES,CODIGO-VALIDACAO-FICTICIO-0411,CodigoValidacao,CODIGO-VALIDACAO-FICTICIO-0412,https://w3id.org/ufes/ontodiplomadigital/instancias-ficticias#diplomaLote204,1.05,Producao,produção,Portal Público Fictício de Consulta de Diplomas,,https://w3id.org/ufes/ontodiplomadigital/instancias-ficticias#diplomadoLote204,Campus de Dados 12,,Bloco B,,Salvador,BA,31012-000,Brasil,,Especialista em Memoria Institucional,tratamento documental,Processos de registro academico,2027-09-14,EMEC-FAKE-2027-0206,Análise de regularidade do curso 206,2027-04-22,2027-04-07,MEC-EM-0004,"Avenida Sintetica 104, Setor Emissor",Brasilia,DF,29004-000,Brasil,MEC-RG-0004,"Rua Registral 204, Setor de Proveniencia",Sao Paulo,SP,30004-000,Brasil,https://w3id.org/ufes/ontodiplomadigital/instancias-ficticias#registroLote204,ReqDip00000000000000000000000000000000000000000206,2027-09-21,2027-10-06,L-2027-1,4,206,Caso sintetico 206 com status revogado e modalidade semipresencial.,Pessoa Fictícia-0056,CPF-FICTICIO-0875,MAT-REG-0206,Assinante Fictício-0136,CPF-FICTICIO-0876,Reitoria de Registro 6,Assinante Fictício-0010,CPF-FICTICIO-0877,Secretaria Geral Acadêmica,AssinaturaPJRegistradora,Universidade Curadora de Diplomas,,2027-10-21T14:14:00,https://w3id.org/ufes/ontodiplomadigital/instancias-ficticias#documentacaoAcademicaLote204,Pessoa Fictícia-0031,CPF-FICTICIO-0031,Procuradora Institucional,urn:fake:pdfa:ato-designacao:lote04,https://w3id.org/ufes/ontodiplomadigital/instancias-ficticias#historicoLote204,HISTORICO-0206
CASO0207,diplomaLote205,DiplomaDigital,Diploma 207,Anulado,2027-10-19,diplomadoLote205,Diplomado,Pessoa Fictícia-0432,Brasileira,CPF-FICTICIO-0878,localNaturalidadeBr5002704,LocalNaturalidade,Campo Grande (MS),5002704,Campo Grande,MS,,cursoLote205,Curso,Bacharelado em Ciência de Dados Publicos,CURSO-FAKE-0207,2600,2027-09-17,Bacharelado,Bacharel,Presencial,enderecoCursoLote01,Endereco,iesEmissoraLote05,IesEmissora,Faculdade Nacional de Dados Ligados,CNPJ-FICTICIO-0025/CNPJ-FICTICIO-0026,iesRegistradoraLote05,IesRegistradora,Centro Registral de Conhecimento Aplicado,CNPJ-FICTICIO-0027/CNPJ-FICTICIO-0028,registroLote205,RegistroDiploma,https://w3id.org/ufes/ontodiplomadigital/instancias-ficticias#requisicaoDocumentacao207,ReqDip00000000000000000000000000000000000000000207,https://w3id.org/ufes/ontodiplomadigital/instancias-ficticias#processoAdministrativo207,PROC-FAKE-2027-0207,2027-10-24,RDP-FAKE-0207,assinaturaLote205,AssinaturaDigital,2027-10-24T15:15:00,XAdES,CODIGO-VALIDACAO-FICTICIO-0413,CodigoValidacao,CODIGO-VALIDACAO-FICTICIO-0414,https://w3id.org/ufes/ontodiplomadigital/instancias-ficticias#diplomaLote205,1.05,Homologacao,homologação,GovBR Acadêmico Fictício,,https://w3id.org/ufes/ontodiplomadigital/instancias-ficticias#diplomadoLote205,Campus de Dados 01,,Bloco A,,Brasilia,DF,31001-000,Brasil,,,interoperabilidade semantica,,,,,,,MEC-EM-0005,"Avenida Sintetica 105, Setor Emissor",Recife,PE,29005-000,Brasil,MEC-RG-0005,"Rua Registral 205, Setor de Proveniencia",Rio de Janeiro,RJ,30005-000,Brasil,https://w3id.org/ufes/ontodiplomadigital/instancias-ficticias#registroLote205,ReqDip00000000000000000000000000000000000000000207,2027-09-24,2027-10-09,L-2027-2,5,207,Caso sintetico 207 com status anulado e modalidade presencial.,Pessoa Fictícia-0013,CPF-FICTICIO-0879,MAT-REG-0207,Assinante Fictício-0138 | Assinante Fictício-0433,CPF-FICTICIO-0880 | CPF-FICTICIO-0881,Reitoria de Registro 7 | Secretaria Acadêmica Integrada,Assinante Fictício-0015,CPF-FICTICIO-0882,Pro-Reitor de Graduacao,AssinaturaPJEmissora,Faculdade Nacional de Dados Ligados,,2027-10-24T15:15:00,https://w3id.org/ufes/ontodiplomadigital/instancias-ficticias#documentacaoAcademicaLote205,Assinante Fictício-0005,CPF-FICTICIO-0037,Reitor,urn:fake:pdfa:ato-designacao:lote05,https://w3id.org/ufes/ontodiplomadigital/instancias-ficticias#historicoLote205,HISTORICO-0207
CASO0208,diplomaLote206,DiplomaDigital,Diploma 208,Ativo,2027-10-22,diplomadoLote206,Diplomado,Pessoa Fictícia-0434,Brasileira,CPF-FICTICIO-0883,localNaturalidadeBr2211001,LocalNaturalidade,Teresina (PI),2211001,Teresina,PI,,cursoLote206,Curso,Licenciatura em Curadoria Digital,CURSO-FAKE-0208,2800,2027-09-20,Licenciatura,Licenciado,Ead,enderecoCursoLote02,Endereco,iesEmissoraLote06,IesEmissora,Universidade de Estudos Documentais,CNPJ-FICTICIO-0029/CNPJ-FICTICIO-0030,iesRegistradoraLote06,IesRegistradora,Universidade Federal de Registro Semântico,CNPJ-FICTICIO-0031/CNPJ-FICTICIO-0032,registroLote206,RegistroDiploma,https://w3id.org/ufes/ontodiplomadigital/instancias-ficticias#requisicaoDocumentacao208,ReqDip00000000000000000000000000000000000000000208,https://w3id.org/ufes/ontodiplomadigital/instancias-ficticias#processoAdministrativo208,PROC-FAKE-2027-0208,2027-10-27,RDP-FAKE-0208,assinaturaLote206,AssinaturaDigital,2027-10-27T16:16:00,CAdES,CODIGO-VALIDACAO-FICTICIO-0415,CodigoValidacao,CODIGO-VALIDACAO-FICTICIO-0416,https://w3id.org/ufes/ontodiplomadigital/instancias-ficticias#diplomaLote206,1.05,Producao,produção,Portal Público Fictício de Consulta de Diplomas,,https://w3id.org/ufes/ontodiplomadigital/instancias-ficticias#diplomadoLote206,Campus de Dados 02,,Bloco B,,Recife,PE,31002-000,Brasil,,,curadoria digital,,,,,,,MEC-EM-0006,"Avenida Sintetica 106, Setor Emissor",Curitiba,PR,29006-000,Brasil,MEC-RG-0006,"Rua Registral 206, Setor de Proveniencia",Florianopolis,SC,30006-000,Brasil,https://w3id.org/ufes/ontodiplomadigital/instancias-ficticias#registroLote206,ReqDip00000000000000000000000000000000000000000208,2027-09-27,2027-10-12,L-2027-3,6,208,Caso sintetico 208 com status ativo e modalidade ead.,Pessoa Fictícia-0018,CPF-FICTICIO-0884,MAT-REG-0208,Assinante Fictício-0140,CPF-FICTICIO-0885,Reitoria de Registro 8,Assinante Fictício-0020,CPF-FICTICIO-0886,Pro-Reitora de Graduacao,AssinaturaPFResponsavelRegistro,,,2027-10-27T16:16:00,https://w3id.org/ufes/ontodiplomadigital/instancias-ficticias#documentacaoAcademicaLote206,Assinante Fictício-0010,CPF-FICTICIO-0042,Reitora,urn:fake:pdfa:ato-designacao:lote06,https://w3id.org/ufes/ontodiplomadigital/instancias-ficticias#historicoLote206,HISTORICO-0208
CASO0209,diplomaLote207,DiplomaDigital,Diploma 209,Ativo,2027-10-25,diplomadoLote207,Diplomado,Pessoa Fictícia-0435,Brasileira,CPF-FICTICIO-0887,localNaturalidadeBr3106200,LocalNaturalidade,Belo Horizonte (MG),3106200,Belo Horizonte,MG,,cursoLote207,Curso,Tecnologia em Arquivologia Aplicada,CURSO-FAKE-0209,3000,2027-09-23,Tecnologia,Tecnologo,Semipresencial,enderecoCursoLote05,Endereco,iesEmissoraLote07,IesEmissora,Centro Acadêmico de Interoperabilidade,CNPJ-FICTICIO-0033/CNPJ-FICTICIO-0034,iesRegistradoraLote07,IesRegistradora,Instituto de Segurança Documental,CNPJ-FICTICIO-0035/CNPJ-FICTICIO-0036,registroLote207,RegistroDiploma,https://w3id.org/ufes/ontodiplomadigital/instancias-ficticias#requisicaoDocumentacao209,ReqDip00000000000000000000000000000000000000000209,https://w3id.org/ufes/ontodiplomadigital/instancias-ficticias#processoAdministrativo209,PROC-FAKE-2027-0209,2027-10-30,RDP-FAKE-0209,assinaturaLote207,AssinaturaDigital,2027-10-30T08:17:00,PAdES,CODIGO-VALIDACAO-FICTICIO-0417,CodigoValidacao,CODIGO-VALIDACAO-FICTICIO-0418,https://w3id.org/ufes/ontodiplomadigital/instancias-ficticias#diplomaLote207,1.05,Homologacao,homologação,GovBR Acadêmico Fictício,,https://w3id.org/ufes/ontodiplomadigital/instancias-ficticias#diplomadoLote207,Campus de Dados 05,,Bloco E,,Goiania,GO,31005-000,Brasil,,,organizacao do conhecimento,Análise semantica aplicada,2027-09-23,,,,,MEC-EM-0007,"Avenida Sintetica 107, Setor Emissor",Fortaleza,CE,29007-000,Brasil,MEC-RG-0007,"Rua Registral 207, Setor de Proveniencia",Belem,PA,30007-000,Brasil,https://w3id.org/ufes/ontodiplomadigital/instancias-ficticias#registroLote207,ReqDip00000000000000000000000000000000000000000209,2027-09-30,2027-10-15,L-2027-4,7,209,Caso sintetico 209 com status ativo e modalidade semipresencial.,Pessoa Fictícia-0023,CPF-FICTICIO-0888,MAT-REG-0209,Assinante Fictício-0143,CPF-FICTICIO-0889,Reitoria de Registro 9,Assinante Fictício-0025,CPF-FICTICIO-0890,Reitor,AssinaturaPFEmissora,,,2027-10-30T08:17:00,https://w3id.org/ufes/ontodiplomadigital/instancias-ficticias#documentacaoAcademicaLote207,Assinante Fictício-0015,CPF-FICTICIO-0047,Diretor Geral,urn:fake:pdfa:ato-designacao:lote07,https://w3id.org/ufes/ontodiplomadigital/instancias-ficticias#historicoLote207,HISTORICO-0209
CASO0210,diplomaLote208,DiplomaDigital,Diploma 210,Ativo,2027-10-28,diplomadoLote208,Diplomado,Pessoa Fictícia-0436,Brasileira,CPF-FICTICIO-0891,localNaturalidadeBr1400100,LocalNaturalidade,Boa Vista (RR),1400100,Boa Vista,RR,,cursoLote208,CursoNSF,Bacharelado em Biblioteconomia Analitica,,3200,2027-09-26,Bacharelado,Bacharel,Presencial,enderecoCursoLote04,Endereco,iesEmissoraLote08,IesEmissora,Instituto Superior de Preservacao Informacional,CNPJ-FICTICIO-0037/CNPJ-FICTICIO-0038,iesRegistradoraLote08,IesRegistradora,Centro Universitario de Rastreabilidade Acadêmica,CNPJ-FICTICIO-0039/CNPJ-FICTICIO-0040,registroLote208,RegistroDiplomaNSF,https://w3id.org/ufes/ontodiplomadigital/instancias-ficticias#requisicaoDocumentacao210,ReqDip00000000000000000000000000000000000000000210,https://w3id.org/ufes/ontodiplomadigital/instancias-ficticias#processoAdministrativo210,PROC-FAKE-2027-0210,2027-11-02,RDP-FAKE-0210,assinaturaLote208,AssinaturaDigital,2027-11-02T09:18:00,XAdES,CODIGO-VALIDACAO-FICTICIO-0419,CodigoValidacao,CODIGO-VALIDACAO-FICTICIO-0420,https://w3id.org/ufes/ontodiplomadigital/instancias-ficticias#diplomaLote208,1.05,Producao,produção,Portal Público Fictício de Consulta de Diplomas,,https://w3id.org/ufes/ontodiplomadigital/instancias-ficticias#diplomadoLote208,Campus de Dados 04,,Bloco D,,Fortaleza,CE,31004-000,Brasil,,,preservacao e acesso,,,EMEC-FAKE-2027-0210,Análise de regularidade do curso 210,2027-05-04,2027-04-19,MEC-EM-0008,"Avenida Sintetica 108, Setor Emissor",Goiania,GO,29008-000,Brasil,MEC-RG-0008,"Rua Registral 208, Setor de Proveniencia",Vitoria,ES,30008-000,Brasil,https://w3id.org/ufes/ontodiplomadigital/instancias-ficticias#registroLote208,ReqDip00000000000000000000000000000000000000000210,2027-10-03,2027-10-18,L-2027-5,8,210,Caso sintetico 210 com status ativo e modalidade presencial.,Pessoa Fictícia-0028,CPF-FICTICIO-0892,MAT-REG-0210,Assinante Fictício-0145,CPF-FICTICIO-0893,Reitoria de Registro 1,Assinante Fictício-0030,CPF-FICTICIO-0894,Reitora,AssinaturaPJArquivamentoDocumentacaoAcademica,Instituto Superior de Preservacao Informacional,,2027-11-02T09:18:00,https://w3id.org/ufes/ontodiplomadigital/instancias-ficticias#documentacaoAcademicaLote208,Assinante Fictício-0020,CPF-FICTICIO-0052,Diretora Geral,urn:fake:pdfa:ato-designacao:lote08,https://w3id.org/ufes/ontodiplomadigital/instancias-ficticias#historicoLote208,HISTORICO-0210
CASO0211,diplomaLote209,DiplomaDigital,Diploma 211,Revogado,2027-10-31,diplomadoLote209,Diplomado,Pessoa Fictícia-0437,Portuguesa,CPF-FICTICIO-0895,localNaturalidadeEstrangeiraLisboa,LocalNaturalidade,Lisboa (município estrangeiro),,,,Lisboa,cursoLote209,Curso,Licenciatura em Gestão da Informação,CURSO-FAKE-0211,3400,2027-09-29,Licenciatura,Licenciado,Ead,enderecoCursoLote05,Endereco,iesEmissoraLote09,IesEmissora,Universidade do Patrimonio Digital,CNPJ-FICTICIO-0041/CNPJ-FICTICIO-0042,iesRegistradoraLote01,IesRegistradora,Universidade Registradora do Brasil Digital,CNPJ-FICTICIO-0011/CNPJ-FICTICIO-0012,registroLote209,RegistroDiploma,https://w3id.org/ufes/ontodiplomadigital/instancias-ficticias#requisicaoDocumentacao211,ReqDip00000000000000000000000000000000000000000211,https://w3id.org/ufes/ontodiplomadigital/instancias-ficticias#processoAdministrativo211,PROC-FAKE-2027-0211,2027-11-05,RDP-FAKE-0211,assinaturaLote209,AssinaturaDigital,2027-11-05T10:19:00,CAdES,CODIGO-VALIDACAO-FICTICIO-0421,CodigoValidacao,CODIGO-VALIDACAO-FICTICIO-0422,https://w3id.org/ufes/ontodiplomadigital/instancias-ficticias#diplomaLote209,1.05,Homologacao,homologação,GovBR Acadêmico Fictício,,https://w3id.org/ufes/ontodiplomadigital/instancias-ficticias#diplomadoLote209,Campus de Dados 05,,Bloco E,,Goiania,GO,31005-000,Brasil,,,governanca de dados,,,,,,,MEC-EM-0009,"Avenida Sintetica 109, Setor Emissor",Sao Paulo,SP,29009-000,Brasil,MEC-RG-0001,"Rua Registral 201, Setor de Proveniencia",Curitiba,PR,30001-000,Brasil,https://w3id.org/ufes/ontodiplomadigital/instancias-ficticias#registroLote209,ReqDip00000000000000000000000000000000000000000211,2027-10-06,2027-10-21,L-2027-6,9,211,Caso sintetico 211 com status revogado e modalidade ead.,Pessoa Fictícia-0033,CPF-FICTICIO-0896,MAT-REG-0211,Assinante Fictício-0147,CPF-FICTICIO-0897,Reitoria de Registro 2,Pessoa Fictícia-0006,CPF-FICTICIO-0898,Diretor Acadêmico,AssinaturaPJRegistradora,Universidade Registradora do Brasil Digital,,2027-11-05T10:19:00,https://w3id.org/ufes/ontodiplomadigital/instancias-ficticias#documentacaoAcademicaLote209,Assinante Fictício-0025,CPF-FICTICIO-0057,Procurador Institucional,urn:fake:pdfa:ato-designacao:lote09,https://w3id.org/ufes/ontodiplomadigital/instancias-ficticias#historicoLote209,HISTORICO-0211
CASO0212,diplomaLote210,DiplomaDigital,Diploma 212,Anulado,2027-11-03,diplomadoLote210,Diplomado,Pessoa Fictícia-0438,Brasileira,CPF-FICTICIO-0899,localNaturalidadeBr3304557,LocalNaturalidade,Rio de Janeiro (RJ),3304557,Rio de Janeiro,RJ,,cursoLote210,Curso,Tecnologia em Humanidades Digitais,,2400,2027-10-02,Tecnologia,Tecnologo,Semipresencial,enderecoCursoLote06,Endereco,iesEmissoraLote10,IesEmissora,Centro Universitario de Modelagem Conceitual,CNPJ-FICTICIO-0043/CNPJ-FICTICIO-0044,iesRegistradoraLote02,IesRegistradora,Centro de Registro Interoperável,CNPJ-FICTICIO-0015/CNPJ-FICTICIO-0016,registroLote210,RegistroDiploma,https://w3id.org/ufes/ontodiplomadigital/instancias-ficticias#requisicaoDocumentacao212,ReqDip00000000000000000000000000000000000000000212,https://w3id.org/ufes/ontodiplomadigital/instancias-ficticias#processoAdministrativo212,PROC-FAKE-2027-0212,2027-11-08,RDP-FAKE-0212,assinaturaLote210,AssinaturaDigital,2027-11-08T11:20:00,PAdES,CODIGO-VALIDACAO-FICTICIO-0423,CodigoValidacao,CODIGO-VALIDACAO-FICTICIO-0424,https://w3id.org/ufes/ontodiplomadigital/instancias-ficticias#diplomaLote210,1.05,Producao,produção,Portal Público Fictício de Consulta de Diplomas,,https://w3id.org/ufes/ontodiplomadigital/instancias-ficticias#diplomadoLote210,Campus de Dados 06,,Bloco A,,Sao Paulo,SP,31006-000,Brasil,,Especialista em Humanidades Digitais,tratamento documental,Processos de registro academico,2027-10-02,EMEC-FAKE-2027-0212,Análise de regularidade do curso 212,2027-05-10,2027-04-25,MEC-EM-0010,"Avenida Sintetica 110, Setor Emissor",Rio de Janeiro,RJ,29010-000,Brasil,MEC-RG-0002,"Rua Registral 202, Setor de Proveniencia",Fortaleza,CE,30002-000,Brasil,https://w3id.org/ufes/ontodiplomadigital/instancias-ficticias#registroLote210,ReqDip00000000000000000000000000000000000000000212,2027-10-09,2027-10-24,L-2027-7,10,212,Caso sintetico 212 com status anulado e modalidade semipresencial.,Pessoa Fictícia-0037,CPF-FICTICIO-0900,MAT-REG-0212,Assinante Fictício-0149 | Assinante Fictício-0439,CPF-FICTICIO-0901 | CPF-FICTICIO-0902,Reitoria de Registro 3 | Secretaria Acadêmica Integrada,Pessoa Fictícia-0011,CPF-FICTICIO-0903,Diretora Acadêmica,AssinaturaPJEmissora,Centro Universitario de Modelagem Conceitual,,2027-11-08T11:20:00,https://w3id.org/ufes/ontodiplomadigital/instancias-ficticias#documentacaoAcademicaLote210,Assinante Fictício-0030,CPF-FICTICIO-0063,Procuradora Institucional,urn:fake:pdfa:ato-designacao:lote10,https://w3id.org/ufes/ontodiplomadigital/instancias-ficticias#historicoLote210,HISTORICO-0212
CASO0213,diplomaLote211,DiplomaDigital,Diploma 213,Ativo,2027-11-06,diplomadoLote211,Diplomado,Pessoa Fictícia-0440,Brasileira,CPF-FICTICIO-0904,localNaturalidadeBr2507507,LocalNaturalidade,João Pessoa (PB),2507507,João Pessoa,PB,,cursoLote211,Curso,Bacharelado em Documentacao Tecnica,CURSO-FAKE-0213,2600,2027-10-05,Bacharelado,Bacharel,Presencial,enderecoCursoLote11,Endereco,iesEmissoraLote01,IesEmissora,Universidade Aberta do Conhecimento,CNPJ-FICTICIO-0009/CNPJ-FICTICIO-0010,iesRegistradoraLote03,IesRegistradora,Instituto Nacional de Validação Acadêmica,CNPJ-FICTICIO-0019/CNPJ-FICTICIO-0020,registroLote211,RegistroDiploma,https://w3id.org/ufes/ontodiplomadigital/instancias-ficticias#requisicaoDocumentacao213,ReqDip00000000000000000000000000000000000000000213,https://w3id.org/ufes/ontodiplomadigital/instancias-ficticias#processoAdministrativo213,PROC-FAKE-2027-0213,2027-11-11,RDP-FAKE-0213,assinaturaLote211,AssinaturaDigital,2027-11-11T12:21:00,XAdES,CODIGO-VALIDACAO-FICTICIO-0425,CodigoValidacao,CODIGO-VALIDACAO-FICTICIO-0426,https://w3id.org/ufes/ontodiplomadigital/instancias-ficticias#diplomaLote211,1.05,Homologacao,homologação,GovBR Acadêmico Fictício,,https://w3id.org/ufes/ontodiplomadigital/instancias-ficticias#diplomadoLote211,Campus de Dados 11,,Bloco A,,Belo Horizonte,MG,31011-000,Brasil,,,interoperabilidade semantica,,,,,,,MEC-EM-0001,"Avenida Sintetica 101, Setor Emissor",Vitoria,ES,29001-000,Brasil,MEC-RG-0003,"Rua Registral 203, Setor de Proveniencia",Goiania,GO,30003-000,Brasil,https://w3id.org/ufes/ontodiplomadigital/instancias-ficticias#registroLote211,ReqDip00000000000000000000000000000000000000000213,2027-10-12,2027-10-27,L-2027-1,11,213,Caso sintetico 213 com status ativo e modalidade presencial.,Pessoa Fictícia-0040,CPF-FICTICIO-0905,MAT-REG-0213,Assinante Fictício-0151,CPF-FICTICIO-0906,Reitoria de Registro 4,Pessoa Fictícia-0016,CPF-FICTICIO-0907,Secretario Geral Acadêmico,AssinaturaPFResponsavelRegistro,,,2027-11-11T12:21:00,https://w3id.org/ufes/ontodiplomadigital/instancias-ficticias#documentacaoAcademicaLote211,Pessoa Fictícia-0016,CPF-FICTICIO-0016,Diretor Geral,urn:fake:pdfa:ato-designacao:lote01,https://w3id.org/ufes/ontodiplomadigital/instancias-ficticias#historicoLote211,HISTORICO-0213
CASO0214,diplomaLote212,DiplomaDigital,Diploma 214,Ativo,2027-11-09,diplomadoLote212,Diplomado,Pessoa Fictícia-0441,Brasileira,CPF-FICTICIO-0908,localNaturalidadeBr4314902,LocalNaturalidade,Porto Alegre (RS),4314902,Porto Alegre,RS,,cursoLote212,CursoNSF,Licenciatura em Governanca Informacional,,2800,2027-10-08,Licenciatura,Licenciado,Ead,enderecoCursoLote08,Endereco,iesEmissoraLote02,IesEmissora,Centro Universitario Horizonte Semântico,CNPJ-FICTICIO-0013/CNPJ-FICTICIO-0014,iesRegistradoraLote04,IesRegistradora,Universidade Curadora de Diplomas,CNPJ-FICTICIO-0023/CNPJ-FICTICIO-0024,registroLote212,RegistroDiplomaNSF,https://w3id.org/ufes/ontodiplomadigital/instancias-ficticias#requisicaoDocumentacao214,ReqDip00000000000000000000000000000000000000000214,https://w3id.org/ufes/ontodiplomadigital/instancias-ficticias#processoAdministrativo214,PROC-FAKE-2027-0214,2027-11-14,RDP-FAKE-0214,assinaturaLote212,AssinaturaDigital,2027-11-14T13:22:00,CAdES,CODIGO-VALIDACAO-FICTICIO-0427,CodigoValidacao,CODIGO-VALIDACAO-FICTICIO-0428,https://w3id.org/ufes/ontodiplomadigital/instancias-ficticias#diplomaLote212,1.05,Producao,produção,Portal Público Fictício de Consulta de Diplomas,,https://w3id.org/ufes/ontodiplomadigital/instancias-ficticias#diplomadoLote212,Campus de Dados 08,,Bloco C,,Florianopolis,SC,31008-000,Brasil,,,curadoria digital,,,EMEC-FAKE-2027-0214,Análise de regularidade do curso 214,2027-05-16,2027-05-01,MEC-EM-0002,"Avenida Sintetica 102, Setor Emissor",Belo Horizonte,MG,29002-000,Brasil,MEC-RG-0004,"Rua Registral 204, Setor de Proveniencia",Sao Paulo,SP,30004-000,Brasil,https://w3id.org/ufes/ontodiplomadigital/instancias-ficticias#registroLote212,ReqDip00000000000000000000000000000000000000000214,2027-10-15,2027-10-30,L-2027-2,12,214,Caso sintetico 214 com status ativo e modalidade ead.,Pessoa Fictícia-0043,CPF-FICTICIO-0909,MAT-REG-0214,Assinante Fictício-0154,CPF-FICTICIO-0910,Reitoria de Registro 5,Pessoa Fictícia-0021,CPF-FICTICIO-0911,Secretaria Geral Acadêmica,AssinaturaPFEmissora,,,2027-11-14T13:22:00,https://w3id.org/ufes/ontodiplomadigital/instancias-ficticias#documentacaoAcademicaLote212,Pessoa Fictícia-0021,CPF-FICTICIO-0021,Diretora Geral,urn:fake:pdfa:ato-designacao:lote02,https://w3id.org/ufes/ontodiplomadigital/instancias-ficticias#historicoLote212,HISTORICO-0214
CASO0215,diplomaLote213,DiplomaDigital,Diploma 215,Ativo,2027-11-12,diplomadoLote213,Diplomado,Pessoa Fictícia-0442,Brasileira,CPF-FICTICIO-0912,localNaturalidadeBr5208707,LocalNaturalidade,Goiânia (GO),5208707,Goiânia,GO,,cursoLote213,Curso,Tecnologia em Interoperabilidade Semântica,CURSO-FAKE-0215,3000,2027-10-11,Tecnologia,Tecnologo,Semipresencial,enderecoCursoLote01,Endereco,iesEmissoraLote03,IesEmissora,Instituto Federal de Curadoria Digital,CNPJ-FICTICIO-0017/CNPJ-FICTICIO-0018,iesRegistradoraLote05,IesRegistradora,Centro Registral de Conhecimento Aplicado,CNPJ-FICTICIO-0027/CNPJ-FICTICIO-0028,registroLote213,RegistroDiploma,https://w3id.org/ufes/ontodiplomadigital/instancias-ficticias#requisicaoDocumentacao215,ReqDip00000000000000000000000000000000000000000215,https://w3id.org/ufes/ontodiplomadigital/instancias-ficticias#processoAdministrativo215,PROC-FAKE-2027-0215,2027-11-17,RDP-FAKE-0215,assinaturaLote213,AssinaturaDigital,2027-11-17T14:23:00,PAdES,CODIGO-VALIDACAO-FICTICIO-0429,CodigoValidacao,CODIGO-VALIDACAO-FICTICIO-0430,https://w3id.org/ufes/ontodiplomadigital/instancias-ficticias#diplomaLote213,1.05,Homologacao,homologação,GovBR Acadêmico Fictício,,https://w3id.org/ufes/ontodiplomadigital/instancias-ficticias#diplomadoLote213,Campus de Dados 01,,Bloco A,,Brasilia,DF,31001-000,Brasil,,,organizacao do conhecimento,Análise semantica aplicada,2027-10-11,,,,,MEC-EM-0003,"Avenida Sintetica 103, Setor Emissor",Salvador,BA,29003-000,Brasil,MEC-RG-0005,"Rua Registral 205, Setor de Proveniencia",Rio de Janeiro,RJ,30005-000,Brasil,https://w3id.org/ufes/ontodiplomadigital/instancias-ficticias#registroLote213,ReqDip00000000000000000000000000000000000000000215,2027-10-18,2027-11-02,L-2027-3,13,215,Caso sintetico 215 com status ativo e modalidade semipresencial.,Pessoa Fictícia-0046,CPF-FICTICIO-0913,MAT-REG-0215,Assinante Fictício-0156,CPF-FICTICIO-0914,Reitoria de Registro 6,Pessoa Fictícia-0026,CPF-FICTICIO-0915,Pro-Reitor de Graduacao,AssinaturaPJArquivamentoDocumentacaoAcademica,Instituto Federal de Curadoria Digital,,2027-11-17T14:23:00,https://w3id.org/ufes/ontodiplomadigital/instancias-ficticias#documentacaoAcademicaLote213,Pessoa Fictícia-0026,CPF-FICTICIO-0026,Procurador Institucional,urn:fake:pdfa:ato-designacao:lote03,https://w3id.org/ufes/ontodiplomadigital/instancias-ficticias#historicoLote213,HISTORICO-0215
CASO0216,diplomaLote214,DiplomaDigital,Diploma 216,Revogado,2027-11-15,diplomadoLote214,Diplomado,Pessoa Fictícia-0443,Argentina,CPF-FICTICIO-0916,localNaturalidadeEstrangeiraBuenosAires,LocalNaturalidade,Buenos Aires (município estrangeiro),,,,Buenos Aires,cursoLote214,Curso,Bacharelado em Preservacao Digital,CURSO-FAKE-0216,3200,2027-10-14,Bacharelado,Bacharel,Presencial,enderecoCursoLote10,Endereco,iesEmissoraLote04,IesEmissora,Universidade Metropolitana da Informação,CNPJ-FICTICIO-0021/CNPJ-FICTICIO-0022,iesRegistradoraLote06,IesRegistradora,Universidade Federal de Registro Semântico,CNPJ-FICTICIO-0031/CNPJ-FICTICIO-0032,registroLote214,RegistroDiploma,https://w3id.org/ufes/ontodiplomadigital/instancias-ficticias#requisicaoDocumentacao216,ReqDip00000000000000000000000000000000000000000216,https://w3id.org/ufes/ontodiplomadigital/instancias-ficticias#processoAdministrativo216,PROC-FAKE-2027-0216,2027-11-20,RDP-FAKE-0216,assinaturaLote214,AssinaturaDigital,2027-11-20T15:24:00,XAdES,CODIGO-VALIDACAO-FICTICIO-0431,CodigoValidacao,CODIGO-VALIDACAO-FICTICIO-0432,https://w3id.org/ufes/ontodiplomadigital/instancias-ficticias#diplomaLote214,1.05,Producao,produção,Portal Público Fictício de Consulta de Diplomas,,https://w3id.org/ufes/ontodiplomadigital/instancias-ficticias#diplomadoLote214,Campus de Dados 10,,Bloco E,,Vitoria,ES,31010-000,Brasil,,,preservacao e acesso,,,,,,,MEC-EM-0004,"Avenida Sintetica 104, Setor Emissor",Brasilia,DF,29004-000,Brasil,MEC-RG-0006,"Rua Registral 206, Setor de Proveniencia",Florianopolis,SC,30006-000,Brasil,https://w3id.org/ufes/ontodiplomadigital/instancias-ficticias#registroLote214,ReqDip00000000000000000000000000000000000000000216,2027-10-21,2027-11-05,L-2027-4,14,216,Caso sintetico 216 com status revogado e modalidade presencial.,Pessoa Fictícia-0049,CPF-FICTICIO-0917,MAT-REG-0216,Assinante Fictício-0158,CPF-FICTICIO-0918,Reitoria de Registro 7,Pessoa Fictícia-0031,CPF-FICTICIO-0919,Pro-Reitora de Graduacao,AssinaturaPJRegistradora,Universidade Federal de Registro Semântico,Autoridade Certificadora Fictícia Integridade Digital,2027-11-20T15:24:00,https://w3id.org/ufes/ontodiplomadigital/instancias-ficticias#documentacaoAcademicaLote214,Pessoa Fictícia-0031,CPF-FICTICIO-0031,Procuradora Institucional,urn:fake:pdfa:ato-designacao:lote04,https://w3id.org/ufes/ontodiplomadigital/instancias-ficticias#historicoLote214,HISTORICO-0216
CASO0217,diplomaLote215,DiplomaDigital,Diploma 217,Anulado,2027-11-18,diplomadoLote215,Diplomado,Pessoa Fictícia-0444,Brasileira,CPF-FICTICIO-0920,localNaturalidadeBr3106200,LocalNaturalidade,Belo Horizonte (MG),3106200,Belo Horizonte,MG,,cursoLote215,Curso,Licenciatura em Análise Territorial de Dados,CURSO-FAKE-0217,3400,2027-10-17,Licenciatura,Licenciado,Ead,enderecoCursoLote02,Endereco,iesEmissoraLote05,IesEmissora,Faculdade Nacional de Dados Ligados,CNPJ-FICTICIO-0025/CNPJ-FICTICIO-0026,iesRegistradoraLote07,IesRegistradora,Instituto de Segurança Documental,CNPJ-FICTICIO-0035/CNPJ-FICTICIO-0036,registroLote215,RegistroDiploma,https://w3id.org/ufes/ontodiplomadigital/instancias-ficticias#requisicaoDocumentacao217,ReqDip00000000000000000000000000000000000000000217,https://w3id.org/ufes/ontodiplomadigital/instancias-ficticias#processoAdministrativo217,PROC-FAKE-2027-0217,2027-11-23,RDP-FAKE-0217,assinaturaLote215,AssinaturaDigital,2027-11-23T16:25:00,CAdES,CODIGO-VALIDACAO-FICTICIO-0433,CodigoValidacao,CODIGO-VALIDACAO-FICTICIO-0434,https://w3id.org/ufes/ontodiplomadigital/instancias-ficticias#diplomaLote215,1.05,Homologacao,homologação,GovBR Acadêmico Fictício,,https://w3id.org/ufes/ontodiplomadigital/instancias-ficticias#diplomadoLote215,Campus de Dados 02,,Bloco B,,Recife,PE,31002-000,Brasil,,,governanca de dados,,,,,,,MEC-EM-0005,"Avenida Sintetica 105, Setor Emissor",Recife,PE,29005-000,Brasil,MEC-RG-0007,"Rua Registral 207, Setor de Proveniencia",Belem,PA,30007-000,Brasil,https://w3id.org/ufes/ontodiplomadigital/instancias-ficticias#registroLote215,ReqDip00000000000000000000000000000000000000000217,2027-10-24,2027-11-08,L-2027-5,15,217,Caso sintetico 217 com status anulado e modalidade ead.,Pessoa Fictícia-0053,CPF-FICTICIO-0921,MAT-REG-0217,Assinante Fictício-0160 | Assinante Fictício-0445,CPF-FICTICIO-0922 | CPF-FICTICIO-0923,Reitoria de Registro 8 | Secretaria Acadêmica Integrada,Assinante Fictício-0005,CPF-FICTICIO-0924,Reitor,AssinaturaPJEmissora,Faculdade Nacional de Dados Ligados,,2027-11-23T16:25:00,https://w3id.org/ufes/ontodiplomadigital/instancias-ficticias#documentacaoAcademicaLote215,Assinante Fictício-0005,CPF-FICTICIO-0037,Reitor,urn:fake:pdfa:ato-designacao:lote05,https://w3id.org/ufes/ontodiplomadigital/instancias-ficticias#historicoLote215,HISTORICO-0217
CASO0218,diplomaLote216,DiplomaDigital,Diploma 218,Ativo,2027-11-21,diplomadoLote216,Diplomado,Pessoa Fictícia-0446,Portuguesa,CPF-FICTICIO-0925,localNaturalidadeEstrangeiraLisboa,LocalNaturalidade,Lisboa (município estrangeiro),,,,Lisboa,cursoLote216,CursoNSF,Tecnologia em Memoria Institucional,,2400,2027-10-20,Tecnologia,Tecnologo,Semipresencial,enderecoCursoLote12,Endereco,iesEmissoraLote06,IesEmissora,Universidade de Estudos Documentais,CNPJ-FICTICIO-0029/CNPJ-FICTICIO-0030,iesRegistradoraLote08,IesRegistradora,Centro Universitario de Rastreabilidade Acadêmica,CNPJ-FICTICIO-0039/CNPJ-FICTICIO-0040,registroLote216,RegistroDiplomaNSF,https://w3id.org/ufes/ontodiplomadigital/instancias-ficticias#requisicaoDocumentacao218,ReqDip00000000000000000000000000000000000000000218,https://w3id.org/ufes/ontodiplomadigital/instancias-ficticias#processoAdministrativo218,PROC-FAKE-2027-0218,2027-11-26,RDP-FAKE-0218,assinaturaLote216,AssinaturaDigital,2027-11-26T08:26:00,PAdES,CODIGO-VALIDACAO-FICTICIO-0435,CodigoValidacao,CODIGO-VALIDACAO-FICTICIO-0436,https://w3id.org/ufes/ontodiplomadigital/instancias-ficticias#diplomaLote216,1.05,Producao,produção,Portal Público Fictício de Consulta de Diplomas,,https://w3id.org/ufes/ontodiplomadigital/instancias-ficticias#diplomadoLote216,Campus de Dados 12,,Bloco B,,Salvador,BA,31012-000,Brasil,,Especialista em Memoria Institucional,tratamento documental,Processos de registro academico,2027-10-20,EMEC-FAKE-2027-0218,Análise de regularidade do curso 218,2027-05-28,2027-05-13,MEC-EM-0006,"Avenida Sintetica 106, Setor Emissor",Curitiba,PR,29006-000,Brasil,MEC-RG-0008,"Rua Registral 208, Setor de Proveniencia",Vitoria,ES,30008-000,Brasil,https://w3id.org/ufes/ontodiplomadigital/instancias-ficticias#registroLote216,ReqDip00000000000000000000000000000000000000000218,2027-10-27,2027-11-11,L-2027-6,16,218,Caso sintetico 218 com status ativo e modalidade semipresencial.,Pessoa Fictícia-0056,CPF-FICTICIO-0926,MAT-REG-0218,Assinante Fictício-0162,CPF-FICTICIO-0927,Reitoria de Registro 9,Assinante Fictício-0010,CPF-FICTICIO-0928,Reitora,AssinaturaPFResponsavelRegistro,,,2027-11-26T08:26:00,https://w3id.org/ufes/ontodiplomadigital/instancias-ficticias#documentacaoAcademicaLote216,Assinante Fictício-0010,CPF-FICTICIO-0042,Reitora,urn:fake:pdfa:ato-designacao:lote06,https://w3id.org/ufes/ontodiplomadigital/instancias-ficticias#historicoLote216,HISTORICO-0218
CASO0219,diplomaLote217,DiplomaDigital,Diploma 219,Ativo,2027-11-24,diplomadoLote217,Diplomado,Pessoa Fictícia-0447,Brasileira,CPF-FICTICIO-0929,localNaturalidadeBr3550308,LocalNaturalidade,São Paulo (SP),3550308,São Paulo,SP,,cursoLote217,Curso,Bacharelado em Ciência de Dados Publicos,CURSO-FAKE-0219,2600,2027-10-23,Bacharelado,Bacharel,Presencial,enderecoCursoLote12,Endereco,iesEmissoraLote07,IesEmissora,Centro Acadêmico de Interoperabilidade,CNPJ-FICTICIO-0033/CNPJ-FICTICIO-0034,iesRegistradoraLote01,IesRegistradora,Universidade Registradora do Brasil Digital,CNPJ-FICTICIO-0011/CNPJ-FICTICIO-0012,registroLote217,RegistroDiploma,https://w3id.org/ufes/ontodiplomadigital/instancias-ficticias#requisicaoDocumentacao219,ReqDip00000000000000000000000000000000000000000219,https://w3id.org/ufes/ontodiplomadigital/instancias-ficticias#processoAdministrativo219,PROC-FAKE-2027-0219,2027-11-29,RDP-FAKE-0219,assinaturaLote217,AssinaturaDigital,2027-11-29T09:27:00,XAdES,CODIGO-VALIDACAO-FICTICIO-0437,CodigoValidacao,CODIGO-VALIDACAO-FICTICIO-0438,https://w3id.org/ufes/ontodiplomadigital/instancias-ficticias#diplomaLote217,1.05,Homologacao,homologação,GovBR Acadêmico Fictício,,https://w3id.org/ufes/ontodiplomadigital/instancias-ficticias#diplomadoLote217,Campus de Dados 12,,Bloco B,,Salvador,BA,31012-000,Brasil,,,interoperabilidade semantica,,,,,,,MEC-EM-0007,"Avenida Sintetica 107, Setor Emissor",Fortaleza,CE,29007-000,Brasil,MEC-RG-0001,"Rua Registral 201, Setor de Proveniencia",Curitiba,PR,30001-000,Brasil,https://w3id.org/ufes/ontodiplomadigital/instancias-ficticias#registroLote217,ReqDip00000000000000000000000000000000000000000219,2027-10-30,2027-11-14,L-2027-7,17,219,Caso sintetico 219 com status ativo e modalidade presencial.,Pessoa Fictícia-0013,CPF-FICTICIO-0930,MAT-REG-0219,Assinante Fictício-0165,CPF-FICTICIO-0931,Reitoria de Registro 1,Assinante Fictício-0015,CPF-FICTICIO-0932,Diretor Acadêmico,AssinaturaPFEmissora,,,2027-11-29T09:27:00,https://w3id.org/ufes/ontodiplomadigital/instancias-ficticias#documentacaoAcademicaLote217,Assinante Fictício-0015,CPF-FICTICIO-0047,Diretor Geral,urn:fake:pdfa:ato-designacao:lote07,https://w3id.org/ufes/ontodiplomadigital/instancias-ficticias#historicoLote217,HISTORICO-0219
CASO0220,diplomaLote218,DiplomaDigital,Diploma 220,Ativo,2027-11-27,diplomadoLote218,Diplomado,Pessoa Fictícia-0448,Espanhola,CPF-FICTICIO-0933,localNaturalidadeEstrangeiraMadri,LocalNaturalidade,Madri (município estrangeiro),,,,Madri,cursoLote218,Curso,Licenciatura em Curadoria Digital,CURSO-FAKE-0220,2800,2027-10-26,Licenciatura,Licenciado,Ead,enderecoCursoLote02,Endereco,iesEmissoraLote08,IesEmissora,Instituto Superior de Preservacao Informacional,CNPJ-FICTICIO-0037/CNPJ-FICTICIO-0038,iesRegistradoraLote02,IesRegistradora,Centro de Registro Interoperável,CNPJ-FICTICIO-0015/CNPJ-FICTICIO-0016,registroLote218,RegistroDiploma,https://w3id.org/ufes/ontodiplomadigital/instancias-ficticias#requisicaoDocumentacao220,ReqDip00000000000000000000000000000000000000000220,https://w3id.org/ufes/ontodiplomadigital/instancias-ficticias#processoAdministrativo220,PROC-FAKE-2027-0220,2027-12-02,RDP-FAKE-0220,assinaturaLote218,AssinaturaDigital,2027-12-02T10:28:00,CAdES,CODIGO-VALIDACAO-FICTICIO-0439,CodigoValidacao,CODIGO-VALIDACAO-FICTICIO-0440,https://w3id.org/ufes/ontodiplomadigital/instancias-ficticias#diplomaLote218,1.05,Producao,produção,Portal Público Fictício de Consulta de Diplomas,,https://w3id.org/ufes/ontodiplomadigital/instancias-ficticias#diplomadoLote218,Campus de Dados 02,,Bloco B,,Recife,PE,31002-000,Brasil,,,curadoria digital,,,,,,,MEC-EM-0008,"Avenida Sintetica 108, Setor Emissor",Goiania,GO,29008-000,Brasil,MEC-RG-0002,"Rua Registral 202, Setor de Proveniencia",Fortaleza,CE,30002-000,Brasil,https://w3id.org/ufes/ontodiplomadigital/instancias-ficticias#registroLote218,ReqDip00000000000000000000000000000000000000000220,2027-11-02,2027-11-17,L-2027-1,18,220,Caso sintetico 220 com status ativo e modalidade ead.,Pessoa Fictícia-0018,CPF-FICTICIO-0934,MAT-REG-0220,Assinante Fictício-0167,CPF-FICTICIO-0935,Reitoria de Registro 2,Assinante Fictício-0020,CPF-FICTICIO-0936,Diretora Acadêmica,AssinaturaPJArquivamentoDocumentacaoAcademica,Instituto Superior de Preservacao Informacional,,2027-12-02T10:28:00,https://w3id.org/ufes/ontodiplomadigital/instancias-ficticias#documentacaoAcademicaLote218,Assinante Fictício-0020,CPF-FICTICIO-0052,Diretora Geral,urn:fake:pdfa:ato-designacao:lote08,https://w3id.org/ufes/ontodiplomadigital/instancias-ficticias#historicoLote218,HISTORICO-0220
CASO0221,diplomaLote219,DiplomaDigital,Diploma 221,Revogado,2027-11-30,diplomadoLote219,Diplomado,Pessoa Fictícia-0449,Brasileira,CPF-FICTICIO-0937,localNaturalidadeBr1302603,LocalNaturalidade,Manaus (AM),1302603,Manaus,AM,,cursoLote219,Curso,Tecnologia em Arquivologia Aplicada,CURSO-FAKE-0221,3000,2027-10-29,Tecnologia,Tecnologo,Semipresencial,enderecoCursoLote11,Endereco,iesEmissoraLote09,IesEmissora,Universidade do Patrimonio Digital,CNPJ-FICTICIO-0041/CNPJ-FICTICIO-0042,iesRegistradoraLote03,IesRegistradora,Instituto Nacional de Validação Acadêmica,CNPJ-FICTICIO-0019/CNPJ-FICTICIO-0020,registroLote219,RegistroDiploma,https://w3id.org/ufes/ontodiplomadigital/instancias-ficticias#requisicaoDocumentacao221,ReqDip00000000000000000000000000000000000000000221,https://w3id.org/ufes/ontodiplomadigital/instancias-ficticias#processoAdministrativo221,PROC-FAKE-2027-0221,2027-12-05,RDP-FAKE-0221,assinaturaLote219,AssinaturaDigital,2027-12-05T11:29:00,PAdES,CODIGO-VALIDACAO-FICTICIO-0441,CodigoValidacao,CODIGO-VALIDACAO-FICTICIO-0442,https://w3id.org/ufes/ontodiplomadigital/instancias-ficticias#diplomaLote219,1.05,Homologacao,homologação,GovBR Acadêmico Fictício,,https://w3id.org/ufes/ontodiplomadigital/instancias-ficticias#diplomadoLote219,Campus de Dados 11,,Bloco A,,Belo Horizonte,MG,31011-000,Brasil,,,organizacao do conhecimento,Análise semantica aplicada,2027-10-29,,,,,MEC-EM-0009,"Avenida Sintetica 109, Setor Emissor",Sao Paulo,SP,29009-000,Brasil,MEC-RG-0003,"Rua Registral 203, Setor de Proveniencia",Goiania,GO,30003-000,Brasil,https://w3id.org/ufes/ontodiplomadigital/instancias-ficticias#registroLote219,ReqDip00000000000000000000000000000000000000000221,2027-11-05,2027-11-20,L-2027-2,19,221,Caso sintetico 221 com status revogado e modalidade semipresencial.,Pessoa Fictícia-0023,CPF-FICTICIO-0938,MAT-REG-0221,Assinante Fictício-0169,CPF-FICTICIO-0939,Reitoria de Registro 3,Assinante Fictício-0025,CPF-FICTICIO-0940,Secretario Geral Acadêmico,AssinaturaPJRegistradora,Instituto Nacional de Validação Acadêmica,,2027-12-05T11:29:00,https://w3id.org/ufes/ontodiplomadigital/instancias-ficticias#documentacaoAcademicaLote219,Assinante Fictício-0025,CPF-FICTICIO-0057,Procurador Institucional,urn:fake:pdfa:ato-designacao:lote09,https://w3id.org/ufes/ontodiplomadigital/instancias-ficticias#historicoLote219,HISTORICO-0221
CASO0222,diplomaLote220,DiplomaDigital,Diploma 222,Anulado,2027-12-03,diplomadoLote220,Diplomado,Pessoa Fictícia-0450,Brasileira,CPF-FICTICIO-0941,localNaturalidadeBr2927408,LocalNaturalidade,Salvador (BA),2927408,Salvador,BA,,cursoLote220,CursoNSF,Bacharelado em Biblioteconomia Analitica,,3200,2027-11-01,Bacharelado,Bacharel,Presencial,enderecoCursoLote04,Endereco,iesEmissoraLote10,IesEmissora,Centro Universitario de Modelagem Conceitual,CNPJ-FICTICIO-0043/CNPJ-FICTICIO-0044,iesRegistradoraLote04,IesRegistradora,Universidade Curadora de Diplomas,CNPJ-FICTICIO-0023/CNPJ-FICTICIO-0024,registroLote220,RegistroDiplomaNSF,https://w3id.org/ufes/ontodiplomadigital/instancias-ficticias#requisicaoDocumentacao222,ReqDip00000000000000000000000000000000000000000222,https://w3id.org/ufes/ontodiplomadigital/instancias-ficticias#processoAdministrativo222,PROC-FAKE-2027-0222,2027-12-08,RDP-FAKE-0222,assinaturaLote220,AssinaturaDigital,2027-12-08T12:30:00,XAdES,CODIGO-VALIDACAO-FICTICIO-0443,CodigoValidacao,CODIGO-VALIDACAO-FICTICIO-0444,https://w3id.org/ufes/ontodiplomadigital/instancias-ficticias#diplomaLote220,1.05,Producao,produção,Portal Público Fictício de Consulta de Diplomas,,https://w3id.org/ufes/ontodiplomadigital/instancias-ficticias#diplomadoLote220,Campus de Dados 04,,Bloco D,,Fortaleza,CE,31004-000,Brasil,,,preservacao e acesso,,,EMEC-FAKE-2027-0222,Análise de regularidade do curso 222,2027-06-09,2027-05-25,MEC-EM-0010,"Avenida Sintetica 110, Setor Emissor",Rio de Janeiro,RJ,29010-000,Brasil,MEC-RG-0004,"Rua Registral 204, Setor de Proveniencia",Sao Paulo,SP,30004-000,Brasil,https://w3id.org/ufes/ontodiplomadigital/instancias-ficticias#registroLote220,ReqDip00000000000000000000000000000000000000000222,2027-11-08,2027-11-23,L-2027-3,20,222,Caso sintetico 222 com status anulado e modalidade presencial.,Pessoa Fictícia-0028,CPF-FICTICIO-0942,MAT-REG-0222,Assinante Fictício-0171 | Assinante Fictício-0451,CPF-FICTICIO-0943 | CPF-FICTICIO-0944,Reitoria de Registro 4 | Secretaria Acadêmica Integrada,Assinante Fictício-0030,CPF-FICTICIO-0945,Secretaria Geral Acadêmica,AssinaturaPJEmissora,Centro Universitario de Modelagem Conceitual,,2027-12-08T12:30:00,https://w3id.org/ufes/ontodiplomadigital/instancias-ficticias#documentacaoAcademicaLote220,Assinante Fictício-0030,CPF-FICTICIO-0063,Procuradora Institucional,urn:fake:pdfa:ato-designacao:lote10,https://w3id.org/ufes/ontodiplomadigital/instancias-ficticias#historicoLote220,HISTORICO-0222
CASO0223,diplomaLote221,DiplomaDigital,Diploma 223,Ativo,2027-12-06,diplomadoLote221,Diplomado,Pessoa Fictícia-0452,Brasileira,CPF-FICTICIO-0946,localNaturalidadeBr3550308,LocalNaturalidade,São Paulo (SP),3550308,São Paulo,SP,,cursoLote221,Curso,Licenciatura em Gestão da Informação,CURSO-FAKE-0223,3400,2027-11-04,Licenciatura,Licenciado,Ead,enderecoCursoCaso1,Endereco,iesEmissoraLote01,IesEmissora,Universidade Aberta do Conhecimento,CNPJ-FICTICIO-0009/CNPJ-FICTICIO-0010,iesRegistradoraLote05,IesRegistradora,Centro Registral de Conhecimento Aplicado,CNPJ-FICTICIO-0027/CNPJ-FICTICIO-0028,registroLote221,RegistroDiploma,https://w3id.org/ufes/ontodiplomadigital/instancias-ficticias#requisicaoDocumentacao223,ReqDip00000000000000000000000000000000000000000223,https://w3id.org/ufes/ontodiplomadigital/instancias-ficticias#processoAdministrativo223,PROC-FAKE-2027-0223,2027-12-11,RDP-FAKE-0223,assinaturaLote221,AssinaturaDigital,2027-12-11T13:31:00,CAdES,CODIGO-VALIDACAO-FICTICIO-0445,CodigoValidacao,CODIGO-VALIDACAO-FICTICIO-0446,https://w3id.org/ufes/ontodiplomadigital/instancias-ficticias#diplomaLote221,1.05,Homologacao,homologação,GovBR Acadêmico Fictício,,https://w3id.org/ufes/ontodiplomadigital/instancias-ficticias#diplomadoLote221,Campus Integracao,,Bloco A,,Vila Semantica,ES,29001-111,Brasil,,,governanca de dados,,,,,,,MEC-EM-0001,"Avenida Sintetica 101, Setor Emissor",Vitoria,ES,29001-000,Brasil,MEC-RG-0005,"Rua Registral 205, Setor de Proveniencia",Rio de Janeiro,RJ,30005-000,Brasil,https://w3id.org/ufes/ontodiplomadigital/instancias-ficticias#registroLote221,ReqDip00000000000000000000000000000000000000000223,2027-11-11,2027-11-26,L-2027-4,21,223,Caso sintetico 223 com status ativo e modalidade ead.,Pessoa Fictícia-0033,CPF-FICTICIO-0947,MAT-REG-0223,Assinante Fictício-0173,CPF-FICTICIO-0948,Reitoria de Registro 5,Pessoa Fictícia-0006,CPF-FICTICIO-0949,Pro-Reitor de Graduacao,AssinaturaPFResponsavelRegistro,,,2027-12-11T13:31:00,https://w3id.org/ufes/ontodiplomadigital/instancias-ficticias#documentacaoAcademicaLote221,Pessoa Fictícia-0016,CPF-FICTICIO-0016,Diretor Geral,urn:fake:pdfa:ato-designacao:lote01,https://w3id.org/ufes/ontodiplomadigital/instancias-ficticias#historicoLote221,HISTORICO-0223
CASO0224,diplomaLote222,DiplomaDigital,Diploma 224,Ativo,2027-12-09,diplomadoLote222,Diplomado,Pessoa Fictícia-0453,Brasileira,CPF-FICTICIO-0950,localNaturalidadeBr3550308,LocalNaturalidade,São Paulo (SP),3550308,São Paulo,SP,,cursoLote222,Curso,Tecnologia em Humanidades Digitais,,2400,2027-11-07,Tecnologia,Tecnologo,Semipresencial,enderecoCursoLote06,Endereco,iesEmissoraLote02,IesEmissora,Centro Universitario Horizonte Semântico,CNPJ-FICTICIO-0013/CNPJ-FICTICIO-0014,iesRegistradoraLote06,IesRegistradora,Universidade Federal de Registro Semântico,CNPJ-FICTICIO-0031/CNPJ-FICTICIO-0032,registroLote222,RegistroDiploma,https://w3id.org/ufes/ontodiplomadigital/instancias-ficticias#requisicaoDocumentacao224,ReqDip00000000000000000000000000000000000000000224,https://w3id.org/ufes/ontodiplomadigital/instancias-ficticias#processoAdministrativo224,PROC-FAKE-2027-0224,2027-12-14,RDP-FAKE-0224,assinaturaLote222,AssinaturaDigital,2027-12-14T14:32:00,PAdES,CODIGO-VALIDACAO-FICTICIO-0447,CodigoValidacao,CODIGO-VALIDACAO-FICTICIO-0448,https://w3id.org/ufes/ontodiplomadigital/instancias-ficticias#diplomaLote222,1.05,Producao,produção,Portal Público Fictício de Consulta de Diplomas,,https://w3id.org/ufes/ontodiplomadigital/instancias-ficticias#diplomadoLote222,Campus de Dados 06,,Bloco A,,Sao Paulo,SP,31006-000,Brasil,,Especialista em Humanidades Digitais,tratamento documental,Processos de registro academico,2027-11-07,EMEC-FAKE-2027-0224,Análise de regularidade do curso 224,2027-06-15,2027-05-31,MEC-EM-0002,"Avenida Sintetica 102, Setor Emissor",Belo Horizonte,MG,29002-000,Brasil,MEC-RG-0006,"Rua Registral 206, Setor de Proveniencia",Florianopolis,SC,30006-000,Brasil,https://w3id.org/ufes/ontodiplomadigital/instancias-ficticias#registroLote222,ReqDip00000000000000000000000000000000000000000224,2027-11-14,2027-11-29,L-2027-5,22,224,Caso sintetico 224 com status ativo e modalidade semipresencial.,Pessoa Fictícia-0037,CPF-FICTICIO-0951,MAT-REG-0224,Assinante Fictício-0176,CPF-FICTICIO-0952,Reitoria de Registro 6,Pessoa Fictícia-0011,CPF-FICTICIO-0953,Pro-Reitora de Graduacao,AssinaturaPFEmissora,,,2027-12-14T14:32:00,https://w3id.org/ufes/ontodiplomadigital/instancias-ficticias#documentacaoAcademicaLote222,Pessoa Fictícia-0021,CPF-FICTICIO-0021,Diretora Geral,urn:fake:pdfa:ato-designacao:lote02,https://w3id.org/ufes/ontodiplomadigital/instancias-ficticias#historicoLote222,HISTORICO-0224
CASO0225,diplomaLote223,DiplomaDigital,Diploma 225,Ativo,2027-12-12,diplomadoLote223,Diplomado,Pessoa Fictícia-0454,Brasileira,CPF-FICTICIO-0954,localNaturalidadeBr3106200,LocalNaturalidade,Belo Horizonte (MG),3106200,Belo Horizonte,MG,,cursoLote223,Curso,Bacharelado em Documentacao Tecnica,CURSO-FAKE-0225,2600,2027-11-10,Bacharelado,Bacharel,Presencial,enderecoCursoLote02,Endereco,iesEmissoraLote03,IesEmissora,Instituto Federal de Curadoria Digital,CNPJ-FICTICIO-0017/CNPJ-FICTICIO-0018,iesRegistradoraLote07,IesRegistradora,Instituto de Segurança Documental,CNPJ-FICTICIO-0035/CNPJ-FICTICIO-0036,registroLote223,RegistroDiploma,https://w3id.org/ufes/ontodiplomadigital/instancias-ficticias#requisicaoDocumentacao225,ReqDip00000000000000000000000000000000000000000225,https://w3id.org/ufes/ontodiplomadigital/instancias-ficticias#processoAdministrativo225,PROC-FAKE-2027-0225,2027-12-17,RDP-FAKE-0225,assinaturaLote223,AssinaturaDigital,2027-12-17T15:33:00,XAdES,CODIGO-VALIDACAO-FICTICIO-0449,CodigoValidacao,CODIGO-VALIDACAO-FICTICIO-0450,https://w3id.org/ufes/ontodiplomadigital/instancias-ficticias#diplomaLote223,1.05,Homologacao,homologação,GovBR Acadêmico Fictício,,https://w3id.org/ufes/ontodiplomadigital/instancias-ficticias#diplomadoLote223,Campus de Dados 02,,Bloco B,,Recife,PE,31002-000,Brasil,,,interoperabilidade semantica,,,,,,,MEC-EM-0003,"Avenida Sintetica 103, Setor Emissor",Salvador,BA,29003-000,Brasil,MEC-RG-0007,"Rua Registral 207, Setor de Proveniencia",Belem,PA,30007-000,Brasil,https://w3id.org/ufes/ontodiplomadigital/instancias-ficticias#registroLote223,ReqDip00000000000000000000000000000000000000000225,2027-11-17,2027-12-02,L-2027-6,23,225,Caso sintetico 225 com status ativo e modalidade presencial.,Pessoa Fictícia-0040,CPF-FICTICIO-0955,MAT-REG-0225,Assinante Fictício-0178,CPF-FICTICIO-0956,Reitoria de Registro 7,Pessoa Fictícia-0016,CPF-FICTICIO-0957,Reitor,AssinaturaPJArquivamentoDocumentacaoAcademica,Instituto Federal de Curadoria Digital,,2027-12-17T15:33:00,https://w3id.org/ufes/ontodiplomadigital/instancias-ficticias#documentacaoAcademicaLote223,Pessoa Fictícia-0026,CPF-FICTICIO-0026,Procurador Institucional,urn:fake:pdfa:ato-designacao:lote03,https://w3id.org/ufes/ontodiplomadigital/instancias-ficticias#historicoLote223,HISTORICO-0225
CASO0226,diplomaLote224,DiplomaDigital,Diploma 226,Revogado,2027-12-15,diplomadoLote224,Diplomado,Pessoa Fictícia-0455,Brasileira,CPF-FICTICIO-0958,localNaturalidadeBr1200401,LocalNaturalidade,Rio Branco (AC),1200401,Rio Branco,AC,,cursoLote224,CursoNSF,Licenciatura em Governanca Informacional,,2800,2027-11-13,Licenciatura,Licenciado,Ead,enderecoCursoLote08,Endereco,iesEmissoraLote04,IesEmissora,Universidade Metropolitana da Informação,CNPJ-FICTICIO-0021/CNPJ-FICTICIO-0022,iesRegistradoraLote08,IesRegistradora,Centro Universitario de Rastreabilidade Acadêmica,CNPJ-FICTICIO-0039/CNPJ-FICTICIO-0040,registroLote224,RegistroDiplomaNSF,https://w3id.org/ufes/ontodiplomadigital/instancias-ficticias#requisicaoDocumentacao226,ReqDip00000000000000000000000000000000000000000226,https://w3id.org/ufes/ontodiplomadigital/instancias-ficticias#processoAdministrativo226,PROC-FAKE-2027-0226,2027-12-20,RDP-FAKE-0226,assinaturaLote224,AssinaturaDigital,2027-12-20T16:34:00,CAdES,CODIGO-VALIDACAO-FICTICIO-0451,CodigoValidacao,CODIGO-VALIDACAO-FICTICIO-0452,https://w3id.org/ufes/ontodiplomadigital/instancias-ficticias#diplomaLote224,1.05,Producao,produção,Portal Público Fictício de Consulta de Diplomas,,https://w3id.org/ufes/ontodiplomadigital/instancias-ficticias#diplomadoLote224,Campus de Dados 08,,Bloco C,,Florianopolis,SC,31008-000,Brasil,,,curadoria digital,,,EMEC-FAKE-2027-0226,Análise de regularidade do curso 226,2027-06-21,2027-06-06,MEC-EM-0004,"Avenida Sintetica 104, Setor Emissor",Brasilia,DF,29004-000,Brasil,MEC-RG-0008,"Rua Registral 208, Setor de Proveniencia",Vitoria,ES,30008-000,Brasil,https://w3id.org/ufes/ontodiplomadigital/instancias-ficticias#registroLote224,ReqDip00000000000000000000000000000000000000000226,2027-11-20,2027-12-05,L-2027-7,24,226,Caso sintetico 226 com status revogado e modalidade ead.,Pessoa Fictícia-0043,CPF-FICTICIO-0959,MAT-REG-0226,Assinante Fictício-0180,CPF-FICTICIO-0960,Reitoria de Registro 8,Pessoa Fictícia-0021,CPF-FICTICIO-0961,Reitora,AssinaturaPJRegistradora,Centro Universitario de Rastreabilidade Acadêmica,,2027-12-20T16:34:00,https://w3id.org/ufes/ontodiplomadigital/instancias-ficticias#documentacaoAcademicaLote224,Pessoa Fictícia-0031,CPF-FICTICIO-0031,Procuradora Institucional,urn:fake:pdfa:ato-designacao:lote04,https://w3id.org/ufes/ontodiplomadigital/instancias-ficticias#historicoLote224,HISTORICO-0226
CASO0227,diplomaLote225,DiplomaDigital,Diploma 227,Anulado,2027-12-18,diplomadoLote225,Diplomado,Pessoa Fictícia-0456,Brasileira,CPF-FICTICIO-0962,localNaturalidadeBr2304400,LocalNaturalidade,Fortaleza (CE),2304400,Fortaleza,CE,,cursoLote225,Curso,Tecnologia em Interoperabilidade Semântica,CURSO-FAKE-0227,3000,2027-11-16,Tecnologia,Tecnologo,Semipresencial,enderecoCursoLote07,Endereco,iesEmissoraLote05,IesEmissora,Faculdade Nacional de Dados Ligados,CNPJ-FICTICIO-0025/CNPJ-FICTICIO-0026,iesRegistradoraLote01,IesRegistradora,Universidade Registradora do Brasil Digital,CNPJ-FICTICIO-0011/CNPJ-FICTICIO-0012,registroLote225,RegistroDiploma,https://w3id.org/ufes/ontodiplomadigital/instancias-ficticias#requisicaoDocumentacao227,ReqDip00000000000000000000000000000000000000000227,https://w3id.org/ufes/ontodiplomadigital/instancias-ficticias#processoAdministrativo227,PROC-FAKE-2027-0227,2027-12-23,RDP-FAKE-0227,assinaturaLote225,AssinaturaDigital,2027-12-23T08:35:00,PAdES,CODIGO-VALIDACAO-FICTICIO-0453,CodigoValidacao,CODIGO-VALIDACAO-FICTICIO-0454,https://w3id.org/ufes/ontodiplomadigital/instancias-ficticias#diplomaLote225,1.05,Homologacao,homologação,GovBR Acadêmico Fictício,,https://w3id.org/ufes/ontodiplomadigital/instancias-ficticias#diplomadoLote225,Campus de Dados 07,,Bloco B,,Rio de Janeiro,RJ,31007-000,Brasil,,,organizacao do conhecimento,Análise semantica aplicada,2027-11-16,,,,,MEC-EM-0005,"Avenida Sintetica 105, Setor Emissor",Recife,PE,29005-000,Brasil,MEC-RG-0001,"Rua Registral 201, Setor de Proveniencia",Curitiba,PR,30001-000,Brasil,https://w3id.org/ufes/ontodiplomadigital/instancias-ficticias#registroLote225,ReqDip00000000000000000000000000000000000000000227,2027-11-23,2027-12-08,L-2027-1,25,227,Caso sintetico 227 com status anulado e modalidade semipresencial.,Pessoa Fictícia-0046,CPF-FICTICIO-0963,MAT-REG-0227,Assinante Fictício-0182 | Assinante Fictício-0457,CPF-FICTICIO-0964 | CPF-FICTICIO-0965,Reitoria de Registro 9 | Secretaria Acadêmica Integrada,Pessoa Fictícia-0026,CPF-FICTICIO-0966,Diretor Acadêmico,AssinaturaPJEmissora,Faculdade Nacional de Dados Ligados,,2027-12-23T08:35:00,https://w3id.org/ufes/ontodiplomadigital/instancias-ficticias#documentacaoAcademicaLote225,Assinante Fictício-0005,CPF-FICTICIO-0037,Reitor,urn:fake:pdfa:ato-designacao:lote05,https://w3id.org/ufes/ontodiplomadigital/instancias-ficticias#historicoLote225,HISTORICO-0227
CASO0228,diplomaLote226,DiplomaDigital,Diploma 228,Ativo,2027-12-21,diplomadoLote226,Diplomado,Pessoa Fictícia-0458,Brasileira,CPF-FICTICIO-0967,localNaturalidadeBr5300108,LocalNaturalidade,Brasília (DF),5300108,Brasília,DF,,cursoLote226,Curso,Bacharelado em Preservacao Digital,CURSO-FAKE-0228,3200,2027-11-19,Bacharelado,Bacharel,Presencial,enderecoCursoLote10,Endereco,iesEmissoraLote06,IesEmissora,Universidade de Estudos Documentais,CNPJ-FICTICIO-0029/CNPJ-FICTICIO-0030,iesRegistradoraLote02,IesRegistradora,Centro de Registro Interoperável,CNPJ-FICTICIO-0015/CNPJ-FICTICIO-0016,registroLote226,RegistroDiploma,https://w3id.org/ufes/ontodiplomadigital/instancias-ficticias#requisicaoDocumentacao228,ReqDip00000000000000000000000000000000000000000228,https://w3id.org/ufes/ontodiplomadigital/instancias-ficticias#processoAdministrativo228,PROC-FAKE-2027-0228,2027-12-26,RDP-FAKE-0228,assinaturaLote226,AssinaturaDigital,2027-12-26T09:36:00,XAdES,CODIGO-VALIDACAO-FICTICIO-0455,CodigoValidacao,CODIGO-VALIDACAO-FICTICIO-0456,https://w3id.org/ufes/ontodiplomadigital/instancias-ficticias#diplomaLote226,1.05,Producao,produção,Portal Público Fictício de Consulta de Diplomas,,https://w3id.org/ufes/ontodiplomadigital/instancias-ficticias#diplomadoLote226,Campus de Dados 10,,Bloco E,,Vitoria,ES,31010-000,Brasil,,,preservacao e acesso,,,,,,,MEC-EM-0006,"Avenida Sintetica 106, Setor Emissor",Curitiba,PR,29006-000,Brasil,MEC-RG-0002,"Rua Registral 202, Setor de Proveniencia",Fortaleza,CE,30002-000,Brasil,https://w3id.org/ufes/ontodiplomadigital/instancias-ficticias#registroLote226,ReqDip00000000000000000000000000000000000000000228,2027-11-26,2027-12-11,L-2027-2,26,228,Caso sintetico 228 com status ativo e modalidade presencial.,Pessoa Fictícia-0049,CPF-FICTICIO-0968,MAT-REG-0228,Assinante Fictício-0184,CPF-FICTICIO-0969,Reitoria de Registro 1,Pessoa Fictícia-0031,CPF-FICTICIO-0970,Diretora Acadêmica,AssinaturaPFResponsavelRegistro,,Autoridade Certificadora Fictícia Integridade Digital,2027-12-26T09:36:00,https://w3id.org/ufes/ontodiplomadigital/instancias-ficticias#documentacaoAcademicaLote226,Assinante Fictício-0010,CPF-FICTICIO-0042,Reitora,urn:fake:pdfa:ato-designacao:lote06,https://w3id.org/ufes/ontodiplomadigital/instancias-ficticias#historicoLote226,HISTORICO-0228
CASO0229,diplomaLote227,DiplomaDigital,Diploma 229,Ativo,2027-12-24,diplomadoLote227,Diplomado,Pessoa Fictícia-0459,Brasileira,CPF-FICTICIO-0971,localNaturalidadeBr1501402,LocalNaturalidade,Belém (PA),1501402,Belém,PA,,cursoLote227,Curso,Licenciatura em Análise Territorial de Dados,CURSO-FAKE-0229,3400,2027-11-22,Licenciatura,Licenciado,Ead,enderecoCursoLote05,Endereco,iesEmissoraLote07,IesEmissora,Centro Acadêmico de Interoperabilidade,CNPJ-FICTICIO-0033/CNPJ-FICTICIO-0034,iesRegistradoraLote03,IesRegistradora,Instituto Nacional de Validação Acadêmica,CNPJ-FICTICIO-0019/CNPJ-FICTICIO-0020,registroLote227,RegistroDiploma,https://w3id.org/ufes/ontodiplomadigital/instancias-ficticias#requisicaoDocumentacao229,ReqDip00000000000000000000000000000000000000000229,https://w3id.org/ufes/ontodiplomadigital/instancias-ficticias#processoAdministrativo229,PROC-FAKE-2027-0229,2027-12-29,RDP-FAKE-0229,assinaturaLote227,AssinaturaDigital,2027-12-29T10:37:00,CAdES,CODIGO-VALIDACAO-FICTICIO-0457,CodigoValidacao,CODIGO-VALIDACAO-FICTICIO-0458,https://w3id.org/ufes/ontodiplomadigital/instancias-ficticias#diplomaLote227,1.05,Homologacao,homologação,GovBR Acadêmico Fictício,,https://w3id.org/ufes/ontodiplomadigital/instancias-ficticias#diplomadoLote227,Campus de Dados 05,,Bloco E,,Goiania,GO,31005-000,Brasil,,,governanca de dados,,,,,,,MEC-EM-0007,"Avenida Sintetica 107, Setor Emissor",Fortaleza,CE,29007-000,Brasil,MEC-RG-0003,"Rua Registral 203, Setor de Proveniencia",Goiania,GO,30003-000,Brasil,https://w3id.org/ufes/ontodiplomadigital/instancias-ficticias#registroLote227,ReqDip00000000000000000000000000000000000000000229,2027-11-29,2027-12-14,L-2027-3,27,229,Caso sintetico 229 com status ativo e modalidade ead.,Pessoa Fictícia-0053,CPF-FICTICIO-0972,MAT-REG-0229,Assinante Fictício-0187,CPF-FICTICIO-0973,Reitoria de Registro 2,Assinante Fictício-0005,CPF-FICTICIO-0974,Secretario Geral Acadêmico,AssinaturaPFEmissora,,,2027-12-29T10:37:00,https://w3id.org/ufes/ontodiplomadigital/instancias-ficticias#documentacaoAcademicaLote227,Assinante Fictício-0015,CPF-FICTICIO-0047,Diretor Geral,urn:fake:pdfa:ato-designacao:lote07,https://w3id.org/ufes/ontodiplomadigital/instancias-ficticias#historicoLote227,HISTORICO-0229
CASO0230,diplomaLote228,DiplomaDigital,Diploma 230,Ativo,2027-12-27,diplomadoLote228,Diplomado,Pessoa Fictícia-0460,Brasileira,CPF-FICTICIO-0975,localNaturalidadeBr5002704,LocalNaturalidade,Campo Grande (MS),5002704,Campo Grande,MS,,cursoLote228,CursoNSF,Tecnologia em Memoria Institucional,,2400,2027-11-25,Tecnologia,Tecnologo,Semipresencial,enderecoCursoLote12,Endereco,iesEmissoraLote08,IesEmissora,Instituto Superior de Preservacao Informacional,CNPJ-FICTICIO-0037/CNPJ-FICTICIO-0038,iesRegistradoraLote04,IesRegistradora,Universidade Curadora de Diplomas,CNPJ-FICTICIO-0023/CNPJ-FICTICIO-0024,registroLote228,RegistroDiplomaNSF,https://w3id.org/ufes/ontodiplomadigital/instancias-ficticias#requisicaoDocumentacao230,ReqDip00000000000000000000000000000000000000000230,https://w3id.org/ufes/ontodiplomadigital/instancias-ficticias#processoAdministrativo230,PROC-FAKE-2028-0230,2028-01-01,RDP-FAKE-0230,assinaturaLote228,AssinaturaDigital,2028-01-01T11:38:00,PAdES,CODIGO-VALIDACAO-FICTICIO-0459,CodigoValidacao,CODIGO-VALIDACAO-FICTICIO-0460,https://w3id.org/ufes/ontodiplomadigital/instancias-ficticias#diplomaLote228,1.05,Producao,produção,Portal Público Fictício de Consulta de Diplomas,,https://w3id.org/ufes/ontodiplomadigital/instancias-ficticias#diplomadoLote228,Campus de Dados 12,,Bloco B,,Salvador,BA,31012-000,Brasil,,Especialista em Memoria Institucional,tratamento documental,Processos de registro academico,2027-11-25,EMEC-FAKE-2028-0230,Análise de regularidade do curso 230,2027-07-03,2027-06-18,MEC-EM-0008,"Avenida Sintetica 108, Setor Emissor",Goiania,GO,29008-000,Brasil,MEC-RG-0004,"Rua Registral 204, Setor de Proveniencia",Sao Paulo,SP,30004-000,Brasil,https://w3id.org/ufes/ontodiplomadigital/instancias-ficticias#registroLote228,ReqDip00000000000000000000000000000000000000000230,2027-12-02,2027-12-17,L-2028-4,28,230,Caso sintetico 230 com status ativo e modalidade semipresencial.,Pessoa Fictícia-0056,CPF-FICTICIO-0976,MAT-REG-0230,Assinante Fictício-0189,CPF-FICTICIO-0977,Reitoria de Registro 3,Assinante Fictício-0010,CPF-FICTICIO-0978,Secretaria Geral Acadêmica,AssinaturaPJArquivamentoDocumentacaoAcademica,Instituto Superior de Preservacao Informacional,,2028-01-01T11:38:00,https://w3id.org/ufes/ontodiplomadigital/instancias-ficticias#documentacaoAcademicaLote228,Assinante Fictício-0020,CPF-FICTICIO-0052,Diretora Geral,urn:fake:pdfa:ato-designacao:lote08,https://w3id.org/ufes/ontodiplomadigital/instancias-ficticias#historicoLote228,HISTORICO-0230
CASO0231,diplomaLote229,DiplomaDigital,Diploma 231,Revogado,2027-12-30,diplomadoLote229,Diplomado,Pessoa Fictícia-0461,Brasileira,CPF-FICTICIO-0979,localNaturalidadeBr3106200,LocalNaturalidade,Belo Horizonte (MG),3106200,Belo Horizonte,MG,,cursoLote229,Curso,Bacharelado em Ciência de Dados Publicos,CURSO-FAKE-0231,2600,2027-11-28,Bacharelado,Bacharel,Presencial,enderecoCursoLote01,Endereco,iesEmissoraLote09,IesEmissora,Universidade do Patrimonio Digital,CNPJ-FICTICIO-0041/CNPJ-FICTICIO-0042,iesRegistradoraLote05,IesRegistradora,Centro Registral de Conhecimento Aplicado,CNPJ-FICTICIO-0027/CNPJ-FICTICIO-0028,registroLote229,RegistroDiploma,https://w3id.org/ufes/ontodiplomadigital/instancias-ficticias#requisicaoDocumentacao231,ReqDip00000000000000000000000000000000000000000231,https://w3id.org/ufes/ontodiplomadigital/instancias-ficticias#processoAdministrativo231,PROC-FAKE-2028-0231,2028-01-04,RDP-FAKE-0231,assinaturaLote229,AssinaturaDigital,2028-01-04T12:39:00,XAdES,CODIGO-VALIDACAO-FICTICIO-0461,CodigoValidacao,CODIGO-VALIDACAO-FICTICIO-0462,https://w3id.org/ufes/ontodiplomadigital/instancias-ficticias#diplomaLote229,1.05,Homologacao,homologação,GovBR Acadêmico Fictício,,https://w3id.org/ufes/ontodiplomadigital/instancias-ficticias#diplomadoLote229,Campus de Dados 01,,Bloco A,,Brasilia,DF,31001-000,Brasil,,,interoperabilidade semantica,,,,,,,MEC-EM-0009,"Avenida Sintetica 109, Setor Emissor",Sao Paulo,SP,29009-000,Brasil,MEC-RG-0005,"Rua Registral 205, Setor de Proveniencia",Rio de Janeiro,RJ,30005-000,Brasil,https://w3id.org/ufes/ontodiplomadigital/instancias-ficticias#registroLote229,ReqDip00000000000000000000000000000000000000000231,2027-12-05,2027-12-20,L-2028-5,29,231,Caso sintetico 231 com status revogado e modalidade presencial.,Pessoa Fictícia-0013,CPF-FICTICIO-0980,MAT-REG-0231,Assinante Fictício-0191,CPF-FICTICIO-0981,Reitoria de Registro 4,Assinante Fictício-0015,CPF-FICTICIO-0982,Pro-Reitor de Graduacao,AssinaturaPJRegistradora,Centro Registral de Conhecimento Aplicado,,2028-01-04T12:39:00,https://w3id.org/ufes/ontodiplomadigital/instancias-ficticias#documentacaoAcademicaLote229,Assinante Fictício-0025,CPF-FICTICIO-0057,Procurador Institucional,urn:fake:pdfa:ato-designacao:lote09,https://w3id.org/ufes/ontodiplomadigital/instancias-ficticias#historicoLote229,HISTORICO-0231
CASO0232,diplomaLote230,DiplomaDigital,Diploma 232,Anulado,2028-01-02,diplomadoLote230,Diplomado,Pessoa Fictícia-0462,Brasileira,CPF-FICTICIO-0983,localNaturalidadeBr5208707,LocalNaturalidade,Goiânia (GO),5208707,Goiânia,GO,,cursoLote230,Curso,Licenciatura em Curadoria Digital,CURSO-FAKE-0232,2800,2027-12-01,Licenciatura,Licenciado,Ead,enderecoCursoLote02,Endereco,iesEmissoraLote10,IesEmissora,Centro Universitario de Modelagem Conceitual,CNPJ-FICTICIO-0043/CNPJ-FICTICIO-0044,iesRegistradoraLote06,IesRegistradora,Universidade Federal de Registro Semântico,CNPJ-FICTICIO-0031/CNPJ-FICTICIO-0032,registroLote230,RegistroDiploma,https://w3id.org/ufes/ontodiplomadigital/instancias-ficticias#requisicaoDocumentacao232,ReqDip00000000000000000000000000000000000000000232,https://w3id.org/ufes/ontodiplomadigital/instancias-ficticias#processoAdministrativo232,PROC-FAKE-2028-0232,2028-01-07,RDP-FAKE-0232,assinaturaLote230,AssinaturaDigital,2028-01-07T13:40:00,CAdES,CODIGO-VALIDACAO-FICTICIO-0463,CodigoValidacao,CODIGO-VALIDACAO-FICTICIO-0464,https://w3id.org/ufes/ontodiplomadigital/instancias-ficticias#diplomaLote230,1.05,Producao,produção,Portal Público Fictício de Consulta de Diplomas,,https://w3id.org/ufes/ontodiplomadigital/instancias-ficticias#diplomadoLote230,Campus de Dados 02,,Bloco B,,Recife,PE,31002-000,Brasil,,,curadoria digital,,,,,,,MEC-EM-0010,"Avenida Sintetica 110, Setor Emissor",Rio de Janeiro,RJ,29010-000,Brasil,MEC-RG-0006,"Rua Registral 206, Setor de Proveniencia",Florianopolis,SC,30006-000,Brasil,https://w3id.org/ufes/ontodiplomadigital/instancias-ficticias#registroLote230,ReqDip00000000000000000000000000000000000000000232,2027-12-08,2027-12-23,L-2028-6,30,232,Caso sintetico 232 com status anulado e modalidade ead.,Pessoa Fictícia-0018,CPF-FICTICIO-0984,MAT-REG-0232,Assinante Fictício-0193 | Assinante Fictício-0463,CPF-FICTICIO-0985 | CPF-FICTICIO-0986,Reitoria de Registro 5 | Secretaria Acadêmica Integrada,Assinante Fictício-0020,CPF-FICTICIO-0987,Pro-Reitora de Graduacao,AssinaturaPJEmissora,Centro Universitario de Modelagem Conceitual,,2028-01-07T13:40:00,https://w3id.org/ufes/ontodiplomadigital/instancias-ficticias#documentacaoAcademicaLote230,Assinante Fictício-0030,CPF-FICTICIO-0063,Procuradora Institucional,urn:fake:pdfa:ato-designacao:lote10,https://w3id.org/ufes/ontodiplomadigital/instancias-ficticias#historicoLote230,HISTORICO-0232
CASO0233,diplomaLote231,DiplomaDigital,Diploma 233,Ativo,2028-01-05,diplomadoLote231,Diplomado,Pessoa Fictícia-0464,Brasileira,CPF-FICTICIO-0988,localNaturalidadeBr3550308,LocalNaturalidade,São Paulo (SP),3550308,São Paulo,SP,,cursoLote231,Curso,Tecnologia em Arquivologia Aplicada,CURSO-FAKE-0233,3000,2027-12-04,Tecnologia,Tecnologo,Semipresencial,enderecoCursoLote12,Endereco,iesEmissoraLote01,IesEmissora,Universidade Aberta do Conhecimento,CNPJ-FICTICIO-0009/CNPJ-FICTICIO-0010,iesRegistradoraLote07,IesRegistradora,Instituto de Segurança Documental,CNPJ-FICTICIO-0035/CNPJ-FICTICIO-0036,registroLote231,RegistroDiploma,https://w3id.org/ufes/ontodiplomadigital/instancias-ficticias#requisicaoDocumentacao233,ReqDip00000000000000000000000000000000000000000233,https://w3id.org/ufes/ontodiplomadigital/instancias-ficticias#processoAdministrativo233,PROC-FAKE-2028-0233,2028-01-10,RDP-FAKE-0233,assinaturaLote231,AssinaturaDigital,2028-01-10T14:41:00,PAdES,CODIGO-VALIDACAO-FICTICIO-0465,CodigoValidacao,CODIGO-VALIDACAO-FICTICIO-0466,https://w3id.org/ufes/ontodiplomadigital/instancias-ficticias#diplomaLote231,1.05,Homologacao,homologação,GovBR Acadêmico Fictício,,https://w3id.org/ufes/ontodiplomadigital/instancias-ficticias#diplomadoLote231,Campus de Dados 12,,Bloco B,,Salvador,BA,31012-000,Brasil,,,organizacao do conhecimento,Análise semantica aplicada,2027-12-04,,,,,MEC-EM-0001,"Avenida Sintetica 101, Setor Emissor",Vitoria,ES,29001-000,Brasil,MEC-RG-0007,"Rua Registral 207, Setor de Proveniencia",Belem,PA,30007-000,Brasil,https://w3id.org/ufes/ontodiplomadigital/instancias-ficticias#registroLote231,ReqDip00000000000000000000000000000000000000000233,2027-12-11,2027-12-26,L-2028-7,31,233,Caso sintetico 233 com status ativo e modalidade semipresencial.,Pessoa Fictícia-0023,CPF-FICTICIO-0989,MAT-REG-0233,Assinante Fictício-0195,CPF-FICTICIO-0990,Reitoria de Registro 6,Assinante Fictício-0025,CPF-FICTICIO-0991,Reitor,AssinaturaPFResponsavelRegistro,,,2028-01-10T14:41:00,https://w3id.org/ufes/ontodiplomadigital/instancias-ficticias#documentacaoAcademicaLote231,Pessoa Fictícia-0016,CPF-FICTICIO-0016,Diretor Geral,urn:fake:pdfa:ato-designacao:lote01,https://w3id.org/ufes/ontodiplomadigital/instancias-ficticias#historicoLote231,HISTORICO-0233
CASO0234,diplomaLote232,DiplomaDigital,Diploma 234,Ativo,2028-01-08,diplomadoLote232,Diplomado,Pessoa Fictícia-0465,Brasileira,CPF-FICTICIO-0992,localNaturalidadeBr2304400,LocalNaturalidade,Fortaleza (CE),2304400,Fortaleza,CE,,cursoLote232,CursoNSF,Bacharelado em Biblioteconomia Analitica,,3200,2027-12-07,Bacharelado,Bacharel,Presencial,enderecoCursoLote04,Endereco,iesEmissoraLote02,IesEmissora,Centro Universitario Horizonte Semântico,CNPJ-FICTICIO-0013/CNPJ-FICTICIO-0014,iesRegistradoraLote08,IesRegistradora,Centro Universitario de Rastreabilidade Acadêmica,CNPJ-FICTICIO-0039/CNPJ-FICTICIO-0040,registroLote232,RegistroDiplomaNSF,https://w3id.org/ufes/ontodiplomadigital/instancias-ficticias#requisicaoDocumentacao234,ReqDip00000000000000000000000000000000000000000234,https://w3id.org/ufes/ontodiplomadigital/instancias-ficticias#processoAdministrativo234,PROC-FAKE-2028-0234,2028-01-13,RDP-FAKE-0234,assinaturaLote232,AssinaturaDigital,2028-01-13T15:42:00,XAdES,CODIGO-VALIDACAO-FICTICIO-0467,CodigoValidacao,CODIGO-VALIDACAO-FICTICIO-0468,https://w3id.org/ufes/ontodiplomadigital/instancias-ficticias#diplomaLote232,1.05,Producao,produção,Portal Público Fictício de Consulta de Diplomas,,https://w3id.org/ufes/ontodiplomadigital/instancias-ficticias#diplomadoLote232,Campus de Dados 04,,Bloco D,,Fortaleza,CE,31004-000,Brasil,,,preservacao e acesso,,,EMEC-FAKE-2028-0234,Análise de regularidade do curso 234,2027-07-15,2027-06-30,MEC-EM-0002,"Avenida Sintetica 102, Setor Emissor",Belo Horizonte,MG,29002-000,Brasil,MEC-RG-0008,"Rua Registral 208, Setor de Proveniencia",Vitoria,ES,30008-000,Brasil,https://w3id.org/ufes/ontodiplomadigital/instancias-ficticias#registroLote232,ReqDip00000000000000000000000000000000000000000234,2027-12-14,2027-12-29,L-2028-1,32,234,Caso sintetico 234 com status ativo e modalidade presencial.,Pessoa Fictícia-0028,CPF-FICTICIO-0993,MAT-REG-0234,Assinante Fictício-0198,CPF-FICTICIO-0994,Reitoria de Registro 7,Assinante Fictício-0030,CPF-FICTICIO-0995,Reitora,AssinaturaPFEmissora,,,2028-01-13T15:42:00,https://w3id.org/ufes/ontodiplomadigital/instancias-ficticias#documentacaoAcademicaLote232,Pessoa Fictícia-0021,CPF-FICTICIO-0021,Diretora Geral,urn:fake:pdfa:ato-designacao:lote02,https://w3id.org/ufes/ontodiplomadigital/instancias-ficticias#historicoLote232,HISTORICO-0234
CASO0235,diplomaLote233,DiplomaDigital,Diploma 235,Ativo,2028-01-11,diplomadoLote233,Diplomado,Pessoa Fictícia-0466,Brasileira,CPF-FICTICIO-0996,localNaturalidadeBr2507507,LocalNaturalidade,João Pessoa (PB),2507507,João Pessoa,PB,,cursoLote233,Curso,Licenciatura em Gestão da Informação,CURSO-FAKE-0235,3400,2027-12-10,Licenciatura,Licenciado,Ead,enderecoCursoLote04,Endereco,iesEmissoraLote03,IesEmissora,Instituto Federal de Curadoria Digital,CNPJ-FICTICIO-0017/CNPJ-FICTICIO-0018,iesRegistradoraLote01,IesRegistradora,Universidade Registradora do Brasil Digital,CNPJ-FICTICIO-0011/CNPJ-FICTICIO-0012,registroLote233,RegistroDiploma,https://w3id.org/ufes/ontodiplomadigital/instancias-ficticias#requisicaoDocumentacao235,ReqDip00000000000000000000000000000000000000000235,https://w3id.org/ufes/ontodiplomadigital/instancias-ficticias#processoAdministrativo235,PROC-FAKE-2028-0235,2028-01-16,RDP-FAKE-0235,assinaturaLote233,AssinaturaDigital,2028-01-16T16:43:00,CAdES,CODIGO-VALIDACAO-FICTICIO-0469,CodigoValidacao,CODIGO-VALIDACAO-FICTICIO-0470,https://w3id.org/ufes/ontodiplomadigital/instancias-ficticias#diplomaLote233,1.05,Homologacao,homologação,GovBR Acadêmico Fictício,,https://w3id.org/ufes/ontodiplomadigital/instancias-ficticias#diplomadoLote233,Campus de Dados 04,,Bloco D,,Fortaleza,CE,31004-000,Brasil,,,governanca de dados,,,,,,,MEC-EM-0003,"Avenida Sintetica 103, Setor Emissor",Salvador,BA,29003-000,Brasil,MEC-RG-0001,"Rua Registral 201, Setor de Proveniencia",Curitiba,PR,30001-000,Brasil,https://w3id.org/ufes/ontodiplomadigital/instancias-ficticias#registroLote233,ReqDip00000000000000000000000000000000000000000235,2027-12-17,2028-01-01,L-2028-2,33,235,Caso sintetico 235 com status ativo e modalidade ead.,Pessoa Fictícia-0033,CPF-FICTICIO-0997,MAT-REG-0235,Assinante Fictício-0200,CPF-FICTICIO-0998,Reitoria de Registro 8,Pessoa Fictícia-0006,CPF-FICTICIO-0999,Diretor Acadêmico,AssinaturaPJArquivamentoDocumentacaoAcademica,Instituto Federal de Curadoria Digital,,2028-01-16T16:43:00,https://w3id.org/ufes/ontodiplomadigital/instancias-ficticias#documentacaoAcademicaLote233,Pessoa Fictícia-0026,CPF-FICTICIO-0026,Procurador Institucional,urn:fake:pdfa:ato-designacao:lote03,https://w3id.org/ufes/ontodiplomadigital/instancias-ficticias#historicoLote233,HISTORICO-0235
CASO0236,diplomaLote234,DiplomaDigital,Diploma 236,Revogado,2028-01-14,diplomadoLote234,Diplomado,Pessoa Fictícia-0467,Brasileira,CPF-FICTICIO-1000,localNaturalidadeBr3550308,LocalNaturalidade,São Paulo (SP),3550308,São Paulo,SP,,cursoLote234,Curso,Tecnologia em Humanidades Digitais,,2400,2027-12-13,Tecnologia,Tecnologo,Semipresencial,enderecoCursoLote06,Endereco,iesEmissoraLote04,IesEmissora,Universidade Metropolitana da Informação,CNPJ-FICTICIO-0021/CNPJ-FICTICIO-0022,iesRegistradoraLote02,IesRegistradora,Centro de Registro Interoperável,CNPJ-FICTICIO-0015/CNPJ-FICTICIO-0016,registroLote234,RegistroDiploma,https://w3id.org/ufes/ontodiplomadigital/instancias-ficticias#requisicaoDocumentacao236,ReqDip00000000000000000000000000000000000000000236,https://w3id.org/ufes/ontodiplomadigital/instancias-ficticias#processoAdministrativo236,PROC-FAKE-2028-0236,2028-01-19,RDP-FAKE-0236,assinaturaLote234,AssinaturaDigital,2028-01-19T08:44:00,PAdES,CODIGO-VALIDACAO-FICTICIO-0471,CodigoValidacao,CODIGO-VALIDACAO-FICTICIO-0472,https://w3id.org/ufes/ontodiplomadigital/instancias-ficticias#diplomaLote234,1.05,Producao,produção,Portal Público Fictício de Consulta de Diplomas,,https://w3id.org/ufes/ontodiplomadigital/instancias-ficticias#diplomadoLote234,Campus de Dados 06,,Bloco A,,Sao Paulo,SP,31006-000,Brasil,,Especialista em Humanidades Digitais,tratamento documental,Processos de registro academico,2027-12-13,EMEC-FAKE-2028-0236,Análise de regularidade do curso 236,2027-07-21,2027-07-06,MEC-EM-0004,"Avenida Sintetica 104, Setor Emissor",Brasilia,DF,29004-000,Brasil,MEC-RG-0002,"Rua Registral 202, Setor de Proveniencia",Fortaleza,CE,30002-000,Brasil,https://w3id.org/ufes/ontodiplomadigital/instancias-ficticias#registroLote234,ReqDip00000000000000000000000000000000000000000236,2027-12-20,2028-01-04,L-2028-3,34,236,Caso sintetico 236 com status revogado e modalidade semipresencial.,Pessoa Fictícia-0037,CPF-FICTICIO-1001,MAT-REG-0236,Assinante Fictício-0202,CPF-FICTICIO-1002,Reitoria de Registro 9,Pessoa Fictícia-0011,CPF-FICTICIO-1003,Diretora Acadêmica,AssinaturaPJRegistradora,Centro de Registro Interoperável,,2028-01-19T08:44:00,https://w3id.org/ufes/ontodiplomadigital/instancias-ficticias#documentacaoAcademicaLote234,Pessoa Fictícia-0031,CPF-FICTICIO-0031,Procuradora Institucional,urn:fake:pdfa:ato-designacao:lote04,https://w3id.org/ufes/ontodiplomadigital/instancias-ficticias#historicoLote234,HISTORICO-0236
CASO0237,diplomaLote235,DiplomaDigital,Diploma 237,Anulado,2028-01-17,diplomadoLote235,Diplomado,Pessoa Fictícia-0468,Brasileira,CPF-FICTICIO-1004,localNaturalidadeBr5300108,LocalNaturalidade,Brasília (DF),5300108,Brasília,DF,,cursoLote235,Curso,Bacharelado em Documentacao Tecnica,CURSO-FAKE-0237,2600,2027-12-16,Bacharelado,Bacharel,Presencial,enderecoCursoCaso1,Endereco,iesEmissoraLote05,IesEmissora,Faculdade Nacional de Dados Ligados,CNPJ-FICTICIO-0025/CNPJ-FICTICIO-0026,iesRegistradoraLote03,IesRegistradora,Instituto Nacional de Validação Acadêmica,CNPJ-FICTICIO-0019/CNPJ-FICTICIO-0020,registroLote235,RegistroDiploma,https://w3id.org/ufes/ontodiplomadigital/instancias-ficticias#requisicaoDocumentacao237,ReqDip00000000000000000000000000000000000000000237,https://w3id.org/ufes/ontodiplomadigital/instancias-ficticias#processoAdministrativo237,PROC-FAKE-2028-0237,2028-01-22,RDP-FAKE-0237,assinaturaLote235,AssinaturaDigital,2028-01-22T09:45:00,XAdES,CODIGO-VALIDACAO-FICTICIO-0473,CodigoValidacao,CODIGO-VALIDACAO-FICTICIO-0474,https://w3id.org/ufes/ontodiplomadigital/instancias-ficticias#diplomaLote235,1.05,Homologacao,homologação,GovBR Acadêmico Fictício,,https://w3id.org/ufes/ontodiplomadigital/instancias-ficticias#diplomadoLote235,Campus Integracao,,Bloco A,,Vila Semantica,ES,29001-111,Brasil,,,interoperabilidade semantica,,,,,,,MEC-EM-0005,"Avenida Sintetica 105, Setor Emissor",Recife,PE,29005-000,Brasil,MEC-RG-0003,"Rua Registral 203, Setor de Proveniencia",Goiania,GO,30003-000,Brasil,https://w3id.org/ufes/ontodiplomadigital/instancias-ficticias#registroLote235,ReqDip00000000000000000000000000000000000000000237,2027-12-23,2028-01-07,L-2028-4,35,237,Caso sintetico 237 com status anulado e modalidade presencial.,Pessoa Fictícia-0040,CPF-FICTICIO-1005,MAT-REG-0237,Assinante Fictício-0204 | Assinante Fictício-0469,CPF-FICTICIO-1006 | CPF-FICTICIO-1007,Reitoria de Registro 1 | Secretaria Acadêmica Integrada,Pessoa Fictícia-0016,CPF-FICTICIO-1008,Secretario Geral Acadêmico,AssinaturaPJEmissora,Faculdade Nacional de Dados Ligados,,2028-01-22T09:45:00,https://w3id.org/ufes/ontodiplomadigital/instancias-ficticias#documentacaoAcademicaLote235,Assinante Fictício-0005,CPF-FICTICIO-0037,Reitor,urn:fake:pdfa:ato-designacao:lote05,https://w3id.org/ufes/ontodiplomadigital/instancias-ficticias#historicoLote235,HISTORICO-0237
CASO0238,diplomaLote236,DiplomaDigital,Diploma 238,Ativo,2028-01-20,diplomadoLote236,Diplomado,Pessoa Fictícia-0470,Brasileira,CPF-FICTICIO-1009,localNaturalidadeBr2611606,LocalNaturalidade,Recife (PE),2611606,Recife,PE,,cursoLote236,CursoNSF,Licenciatura em Governanca Informacional,,2800,2027-12-19,Licenciatura,Licenciado,Ead,enderecoCursoLote08,Endereco,iesEmissoraLote06,IesEmissora,Universidade de Estudos Documentais,CNPJ-FICTICIO-0029/CNPJ-FICTICIO-0030,iesRegistradoraLote04,IesRegistradora,Universidade Curadora de Diplomas,CNPJ-FICTICIO-0023/CNPJ-FICTICIO-0024,registroLote236,RegistroDiplomaNSF,https://w3id.org/ufes/ontodiplomadigital/instancias-ficticias#requisicaoDocumentacao238,ReqDip00000000000000000000000000000000000000000238,https://w3id.org/ufes/ontodiplomadigital/instancias-ficticias#processoAdministrativo238,PROC-FAKE-2028-0238,2028-01-25,RDP-FAKE-0238,assinaturaLote236,AssinaturaDigital,2028-01-25T10:46:00,CAdES,CODIGO-VALIDACAO-FICTICIO-0475,CodigoValidacao,CODIGO-VALIDACAO-FICTICIO-0476,https://w3id.org/ufes/ontodiplomadigital/instancias-ficticias#diplomaLote236,1.05,Producao,produção,Portal Público Fictício de Consulta de Diplomas,,https://w3id.org/ufes/ontodiplomadigital/instancias-ficticias#diplomadoLote236,Campus de Dados 08,,Bloco C,,Florianopolis,SC,31008-000,Brasil,,,curadoria digital,,,EMEC-FAKE-2028-0238,Análise de regularidade do curso 238,2027-07-27,2027-07-12,MEC-EM-0006,"Avenida Sintetica 106, Setor Emissor",Curitiba,PR,29006-000,Brasil,MEC-RG-0004,"Rua Registral 204, Setor de Proveniencia",Sao Paulo,SP,30004-000,Brasil,https://w3id.org/ufes/ontodiplomadigital/instancias-ficticias#registroLote236,ReqDip00000000000000000000000000000000000000000238,2027-12-26,2028-01-10,L-2028-5,36,238,Caso sintetico 238 com status ativo e modalidade ead.,Pessoa Fictícia-0043,CPF-FICTICIO-1010,MAT-REG-0238,Assinante Fictício-0206,CPF-FICTICIO-1011,Reitoria de Registro 2,Pessoa Fictícia-0021,CPF-FICTICIO-1012,Secretaria Geral Acadêmica,AssinaturaPFResponsavelRegistro,,,2028-01-25T10:46:00,https://w3id.org/ufes/ontodiplomadigital/instancias-ficticias#documentacaoAcademicaLote236,Assinante Fictício-0010,CPF-FICTICIO-0042,Reitora,urn:fake:pdfa:ato-designacao:lote06,https://w3id.org/ufes/ontodiplomadigital/instancias-ficticias#historicoLote236,HISTORICO-0238
CASO0239,diplomaLote237,DiplomaDigital,Diploma 239,Ativo,2028-01-23,diplomadoLote237,Diplomado,Pessoa Fictícia-0471,Brasileira,CPF-FICTICIO-1013,localNaturalidadeBr3550308,LocalNaturalidade,São Paulo (SP),3550308,São Paulo,SP,,cursoLote237,Curso,Tecnologia em Interoperabilidade Semântica,CURSO-FAKE-0239,3000,2027-12-22,Tecnologia,Tecnologo,Semipresencial,enderecoCursoLote05,Endereco,iesEmissoraLote07,IesEmissora,Centro Acadêmico de Interoperabilidade,CNPJ-FICTICIO-0033/CNPJ-FICTICIO-0034,iesRegistradoraLote05,IesRegistradora,Centro Registral de Conhecimento Aplicado,CNPJ-FICTICIO-0027/CNPJ-FICTICIO-0028,registroLote237,RegistroDiploma,https://w3id.org/ufes/ontodiplomadigital/instancias-ficticias#requisicaoDocumentacao239,ReqDip00000000000000000000000000000000000000000239,https://w3id.org/ufes/ontodiplomadigital/instancias-ficticias#processoAdministrativo239,PROC-FAKE-2028-0239,2028-01-28,RDP-FAKE-0239,assinaturaLote237,AssinaturaDigital,2028-01-28T11:47:00,PAdES,CODIGO-VALIDACAO-FICTICIO-0477,CodigoValidacao,CODIGO-VALIDACAO-FICTICIO-0478,https://w3id.org/ufes/ontodiplomadigital/instancias-ficticias#diplomaLote237,1.05,Homologacao,homologação,GovBR Acadêmico Fictício,,https://w3id.org/ufes/ontodiplomadigital/instancias-ficticias#diplomadoLote237,Campus de Dados 05,,Bloco E,,Goiania,GO,31005-000,Brasil,,,organizacao do conhecimento,Análise semantica aplicada,2027-12-22,,,,,MEC-EM-0007,"Avenida Sintetica 107, Setor Emissor",Fortaleza,CE,29007-000,Brasil,MEC-RG-0005,"Rua Registral 205, Setor de Proveniencia",Rio de Janeiro,RJ,30005-000,Brasil,https://w3id.org/ufes/ontodiplomadigital/instancias-ficticias#registroLote237,ReqDip00000000000000000000000000000000000000000239,2027-12-29,2028-01-13,L-2028-6,37,239,Caso sintetico 239 com status ativo e modalidade semipresencial.,Pessoa Fictícia-0046,CPF-FICTICIO-1014,MAT-REG-0239,Assinante Fictício-0209,CPF-FICTICIO-1015,Reitoria de Registro 3,Pessoa Fictícia-0026,CPF-FICTICIO-1016,Pro-Reitor de Graduacao,AssinaturaPFEmissora,,,2028-01-28T11:47:00,https://w3id.org/ufes/ontodiplomadigital/instancias-ficticias#documentacaoAcademicaLote237,Assinante Fictício-0015,CPF-FICTICIO-0047,Diretor Geral,urn:fake:pdfa:ato-designacao:lote07,https://w3id.org/ufes/ontodiplomadigital/instancias-ficticias#historicoLote237,HISTORICO-0239
CASO0240,diplomaLote238,DiplomaDigital,Diploma 240,Ativo,2028-01-26,diplomadoLote238,Diplomado,Pessoa Fictícia-0472,Cabo-verdiana,CPF-FICTICIO-1017,localNaturalidadeEstrangeiraPraia,LocalNaturalidade,Praia (município estrangeiro),,,,Praia,cursoLote238,Curso,Bacharelado em Preservacao Digital,CURSO-FAKE-0240,3200,2027-12-25,Bacharelado,Bacharel,Presencial,enderecoCursoLote10,Endereco,iesEmissoraLote08,IesEmissora,Instituto Superior de Preservacao Informacional,CNPJ-FICTICIO-0037/CNPJ-FICTICIO-0038,iesRegistradoraLote06,IesRegistradora,Universidade Federal de Registro Semântico,CNPJ-FICTICIO-0031/CNPJ-FICTICIO-0032,registroLote238,RegistroDiploma,https://w3id.org/ufes/ontodiplomadigital/instancias-ficticias#requisicaoDocumentacao240,ReqDip00000000000000000000000000000000000000000240,https://w3id.org/ufes/ontodiplomadigital/instancias-ficticias#processoAdministrativo240,PROC-FAKE-2028-0240,2028-01-31,RDP-FAKE-0240,assinaturaLote238,AssinaturaDigital,2028-01-31T12:48:00,XAdES,CODIGO-VALIDACAO-FICTICIO-0479,CodigoValidacao,CODIGO-VALIDACAO-FICTICIO-0480,https://w3id.org/ufes/ontodiplomadigital/instancias-ficticias#diplomaLote238,1.05,Producao,produção,Portal Público Fictício de Consulta de Diplomas,,https://w3id.org/ufes/ontodiplomadigital/instancias-ficticias#diplomadoLote238,Campus de Dados 10,,Bloco E,,Vitoria,ES,31010-000,Brasil,,,preservacao e acesso,,,,,,,MEC-EM-0008,"Avenida Sintetica 108, Setor Emissor",Goiania,GO,29008-000,Brasil,MEC-RG-0006,"Rua Registral 206, Setor de Proveniencia",Florianopolis,SC,30006-000,Brasil,https://w3id.org/ufes/ontodiplomadigital/instancias-ficticias#registroLote238,ReqDip00000000000000000000000000000000000000000240,2028-01-01,2028-01-16,L-2028-7,38,240,Caso sintetico 240 com status ativo e modalidade presencial.,Pessoa Fictícia-0049,CPF-FICTICIO-1018,MAT-REG-0240,Assinante Fictício-0211,CPF-FICTICIO-1019,Reitoria de Registro 4,Pessoa Fictícia-0031,CPF-FICTICIO-1020,Pro-Reitora de Graduacao,AssinaturaPJArquivamentoDocumentacaoAcademica,Instituto Superior de Preservacao Informacional,Autoridade Certificadora Fictícia Integridade Digital,2028-01-31T12:48:00,https://w3id.org/ufes/ontodiplomadigital/instancias-ficticias#documentacaoAcademicaLote238,Assinante Fictício-0020,CPF-FICTICIO-0052,Diretora Geral,urn:fake:pdfa:ato-designacao:lote08,https://w3id.org/ufes/ontodiplomadigital/instancias-ficticias#historicoLote238,HISTORICO-0240
CASO0241,diplomaLote239,DiplomaDigital,Diploma 241,Revogado,2028-01-29,diplomadoLote239,Diplomado,Pessoa Fictícia-0473,Brasileira,CPF-FICTICIO-1021,localNaturalidadeBr1501402,LocalNaturalidade,Belém (PA),1501402,Belém,PA,,cursoLote239,Curso,Licenciatura em Análise Territorial de Dados,CURSO-FAKE-0241,3400,2027-12-28,Licenciatura,Licenciado,Ead,enderecoCursoLote10,Endereco,iesEmissoraLote09,IesEmissora,Universidade do Patrimonio Digital,CNPJ-FICTICIO-0041/CNPJ-FICTICIO-0042,iesRegistradoraLote07,IesRegistradora,Instituto de Segurança Documental,CNPJ-FICTICIO-0035/CNPJ-FICTICIO-0036,registroLote239,RegistroDiploma,https://w3id.org/ufes/ontodiplomadigital/instancias-ficticias#requisicaoDocumentacao241,ReqDip00000000000000000000000000000000000000000241,https://w3id.org/ufes/ontodiplomadigital/instancias-ficticias#processoAdministrativo241,PROC-FAKE-2028-0241,2028-02-03,RDP-FAKE-0241,assinaturaLote239,AssinaturaDigital,2028-02-03T13:49:00,CAdES,CODIGO-VALIDACAO-FICTICIO-0481,CodigoValidacao,CODIGO-VALIDACAO-FICTICIO-0482,https://w3id.org/ufes/ontodiplomadigital/instancias-ficticias#diplomaLote239,1.05,Homologacao,homologação,GovBR Acadêmico Fictício,,https://w3id.org/ufes/ontodiplomadigital/instancias-ficticias#diplomadoLote239,Campus de Dados 10,,Bloco E,,Vitoria,ES,31010-000,Brasil,,,governanca de dados,,,,,,,MEC-EM-0009,"Avenida Sintetica 109, Setor Emissor",Sao Paulo,SP,29009-000,Brasil,MEC-RG-0007,"Rua Registral 207, Setor de Proveniencia",Belem,PA,30007-000,Brasil,https://w3id.org/ufes/ontodiplomadigital/instancias-ficticias#registroLote239,ReqDip00000000000000000000000000000000000000000241,2028-01-04,2028-01-19,L-2028-1,39,241,Caso sintetico 241 com status revogado e modalidade ead.,Pessoa Fictícia-0053,CPF-FICTICIO-1022,MAT-REG-0241,Assinante Fictício-0213,CPF-FICTICIO-1023,Reitoria de Registro 5,Assinante Fictício-0005,CPF-FICTICIO-1024,Reitor,AssinaturaPJRegistradora,Instituto de Segurança Documental,,2028-02-03T13:49:00,https://w3id.org/ufes/ontodiplomadigital/instancias-ficticias#documentacaoAcademicaLote239,Assinante Fictício-0025,CPF-FICTICIO-0057,Procurador Institucional,urn:fake:pdfa:ato-designacao:lote09,https://w3id.org/ufes/ontodiplomadigital/instancias-ficticias#historicoLote239,HISTORICO-0241
CASO0242,diplomaLote240,DiplomaDigital,Diploma 242,Anulado,2028-02-01,diplomadoLote240,Diplomado,Pessoa Fictícia-0474,Brasileira,CPF-FICTICIO-1025,localNaturalidadeBr2304400,LocalNaturalidade,Fortaleza (CE),2304400,Fortaleza,CE,,cursoLote240,CursoNSF,Tecnologia em Memoria Institucional,,2400,2027-12-31,Tecnologia,Tecnologo,Semipresencial,enderecoCursoLote12,Endereco,iesEmissoraLote10,IesEmissora,Centro Universitario de Modelagem Conceitual,CNPJ-FICTICIO-0043/CNPJ-FICTICIO-0044,iesRegistradoraLote08,IesRegistradora,Centro Universitario de Rastreabilidade Acadêmica,CNPJ-FICTICIO-0039/CNPJ-FICTICIO-0040,registroLote240,RegistroDiplomaNSF,https://w3id.org/ufes/ontodiplomadigital/instancias-ficticias#requisicaoDocumentacao242,ReqDip00000000000000000000000000000000000000000242,https://w3id.org/ufes/ontodiplomadigital/instancias-ficticias#processoAdministrativo242,PROC-FAKE-2028-0242,2028-02-06,RDP-FAKE-0242,assinaturaLote240,AssinaturaDigital,2028-02-06T14:10:00,PAdES,CODIGO-VALIDACAO-FICTICIO-0483,CodigoValidacao,CODIGO-VALIDACAO-FICTICIO-0484,https://w3id.org/ufes/ontodiplomadigital/instancias-ficticias#diplomaLote240,1.05,Producao,produção,Portal Público Fictício de Consulta de Diplomas,,https://w3id.org/ufes/ontodiplomadigital/instancias-ficticias#diplomadoLote240,Campus de Dados 12,,Bloco B,,Salvador,BA,31012-000,Brasil,,Especialista em Memoria Institucional,tratamento documental,Processos de registro academico,2027-12-31,EMEC-FAKE-2028-0242,Análise de regularidade do curso 242,2027-08-08,2027-07-24,MEC-EM-0010,"Avenida Sintetica 110, Setor Emissor",Rio de Janeiro,RJ,29010-000,Brasil,MEC-RG-0008,"Rua Registral 208, Setor de Proveniencia",Vitoria,ES,30008-000,Brasil,https://w3id.org/ufes/ontodiplomadigital/instancias-ficticias#registroLote240,ReqDip00000000000000000000000000000000000000000242,2028-01-07,2028-01-22,L-2028-2,40,242,Caso sintetico 242 com status anulado e modalidade semipresencial.,Pessoa Fictícia-0056,CPF-FICTICIO-1026,MAT-REG-0242,Assinante Fictício-0215 | Assinante Fictício-0475,CPF-FICTICIO-1027 | CPF-FICTICIO-1028,Reitoria de Registro 6 | Secretaria Acadêmica Integrada,Assinante Fictício-0010,CPF-FICTICIO-1029,Reitora,AssinaturaPJEmissora,Centro Universitario de Modelagem Conceitual,,2028-02-06T14:10:00,https://w3id.org/ufes/ontodiplomadigital/instancias-ficticias#documentacaoAcademicaLote240,Assinante Fictício-0030,CPF-FICTICIO-0063,Procuradora Institucional,urn:fake:pdfa:ato-designacao:lote10,https://w3id.org/ufes/ontodiplomadigital/instancias-ficticias#historicoLote240,HISTORICO-0242
CASO0243,diplomaLote241,DiplomaDigital,Diploma 243,Ativo,2028-02-04,diplomadoLote241,Diplomado,Pessoa Fictícia-0476,Brasileira,CPF-FICTICIO-1030,localNaturalidadeBr1600303,LocalNaturalidade,Macapá (AP),1600303,Macapá,AP,,cursoLote241,Curso,Bacharelado em Ciência de Dados Publicos,CURSO-FAKE-0243,2600,2028-01-03,Bacharelado,Bacharel,Presencial,enderecoCursoLote01,Endereco,iesEmissoraLote01,IesEmissora,Universidade Aberta do Conhecimento,CNPJ-FICTICIO-0009/CNPJ-FICTICIO-0010,iesRegistradoraLote01,IesRegistradora,Universidade Registradora do Brasil Digital,CNPJ-FICTICIO-0011/CNPJ-FICTICIO-0012,registroLote241,RegistroDiploma,https://w3id.org/ufes/ontodiplomadigital/instancias-ficticias#requisicaoDocumentacao243,ReqDip00000000000000000000000000000000000000000243,https://w3id.org/ufes/ontodiplomadigital/instancias-ficticias#processoAdministrativo243,PROC-FAKE-2028-0243,2028-02-09,RDP-FAKE-0243,assinaturaLote241,AssinaturaDigital,2028-02-09T15:11:00,XAdES,CODIGO-VALIDACAO-FICTICIO-0485,CodigoValidacao,CODIGO-VALIDACAO-FICTICIO-0486,https://w3id.org/ufes/ontodiplomadigital/instancias-ficticias#diplomaLote241,1.05,Homologacao,homologação,GovBR Acadêmico Fictício,,https://w3id.org/ufes/ontodiplomadigital/instancias-ficticias#diplomadoLote241,Campus de Dados 01,,Bloco A,,Brasilia,DF,31001-000,Brasil,,,interoperabilidade semantica,,,,,,,MEC-EM-0001,"Avenida Sintetica 101, Setor Emissor",Vitoria,ES,29001-000,Brasil,MEC-RG-0001,"Rua Registral 201, Setor de Proveniencia",Curitiba,PR,30001-000,Brasil,https://w3id.org/ufes/ontodiplomadigital/instancias-ficticias#registroLote241,ReqDip00000000000000000000000000000000000000000243,2028-01-10,2028-01-25,L-2028-3,41,243,Caso sintetico 243 com status ativo e modalidade presencial.,Pessoa Fictícia-0013,CPF-FICTICIO-1031,MAT-REG-0243,Assinante Fictício-0217,CPF-FICTICIO-1032,Reitoria de Registro 7,Assinante Fictício-0015,CPF-FICTICIO-1033,Diretor Acadêmico,AssinaturaPFResponsavelRegistro,,,2028-02-09T15:11:00,https://w3id.org/ufes/ontodiplomadigital/instancias-ficticias#documentacaoAcademicaLote241,Pessoa Fictícia-0016,CPF-FICTICIO-0016,Diretor Geral,urn:fake:pdfa:ato-designacao:lote01,https://w3id.org/ufes/ontodiplomadigital/instancias-ficticias#historicoLote241,HISTORICO-0243
CASO0244,diplomaLote242,DiplomaDigital,Diploma 244,Ativo,2028-02-07,diplomadoLote242,Diplomado,Pessoa Fictícia-0477,Brasileira,CPF-FICTICIO-1034,localNaturalidadeBr5208707,LocalNaturalidade,Goiânia (GO),5208707,Goiânia,GO,,cursoLote242,Curso,Licenciatura em Curadoria Digital,CURSO-FAKE-0244,2800,2028-01-06,Licenciatura,Licenciado,Ead,enderecoCursoLote02,Endereco,iesEmissoraLote02,IesEmissora,Centro Universitario Horizonte Semântico,CNPJ-FICTICIO-0013/CNPJ-FICTICIO-0014,iesRegistradoraLote02,IesRegistradora,Centro de Registro Interoperável,CNPJ-FICTICIO-0015/CNPJ-FICTICIO-0016,registroLote242,RegistroDiploma,https://w3id.org/ufes/ontodiplomadigital/instancias-ficticias#requisicaoDocumentacao244,ReqDip00000000000000000000000000000000000000000244,https://w3id.org/ufes/ontodiplomadigital/instancias-ficticias#processoAdministrativo244,PROC-FAKE-2028-0244,2028-02-12,RDP-FAKE-0244,assinaturaLote242,AssinaturaDigital,2028-02-12T16:12:00,CAdES,CODIGO-VALIDACAO-FICTICIO-0487,CodigoValidacao,CODIGO-VALIDACAO-FICTICIO-0488,https://w3id.org/ufes/ontodiplomadigital/instancias-ficticias#diplomaLote242,1.05,Producao,produção,Portal Público Fictício de Consulta de Diplomas,,https://w3id.org/ufes/ontodiplomadigital/instancias-ficticias#diplomadoLote242,Campus de Dados 02,,Bloco B,,Recife,PE,31002-000,Brasil,,,curadoria digital,,,,,,,MEC-EM-0002,"Avenida Sintetica 102, Setor Emissor",Belo Horizonte,MG,29002-000,Brasil,MEC-RG-0002,"Rua Registral 202, Setor de Proveniencia",Fortaleza,CE,30002-000,Brasil,https://w3id.org/ufes/ontodiplomadigital/instancias-ficticias#registroLote242,ReqDip00000000000000000000000000000000000000000244,2028-01-13,2028-01-28,L-2028-4,42,244,Caso sintetico 244 com status ativo e modalidade ead.,Pessoa Fictícia-0018,CPF-FICTICIO-1035,MAT-REG-0244,Assinante Fictício-0220,CPF-FICTICIO-1036,Reitoria de Registro 8,Assinante Fictício-0020,CPF-FICTICIO-1037,Diretora Acadêmica,AssinaturaPFEmissora,,,2028-02-12T16:12:00,https://w3id.org/ufes/ontodiplomadigital/instancias-ficticias#documentacaoAcademicaLote242,Pessoa Fictícia-0021,CPF-FICTICIO-0021,Diretora Geral,urn:fake:pdfa:ato-designacao:lote02,https://w3id.org/ufes/ontodiplomadigital/instancias-ficticias#historicoLote242,HISTORICO-0244
CASO0245,diplomaLote243,DiplomaDigital,Diploma 245,Ativo,2028-02-10,diplomadoLote243,Diplomado,Pessoa Fictícia-0478,Brasileira,CPF-FICTICIO-1038,localNaturalidadeBr3304557,LocalNaturalidade,Rio de Janeiro (RJ),3304557,Rio de Janeiro,RJ,,cursoLote243,Curso,Tecnologia em Arquivologia Aplicada,CURSO-FAKE-0245,3000,2028-01-09,Tecnologia,Tecnologo,Semipresencial,enderecoCursoLote04,Endereco,iesEmissoraLote03,IesEmissora,Instituto Federal de Curadoria Digital,CNPJ-FICTICIO-0017/CNPJ-FICTICIO-0018,iesRegistradoraLote03,IesRegistradora,Instituto Nacional de Validação Acadêmica,CNPJ-FICTICIO-0019/CNPJ-FICTICIO-0020,registroLote243,RegistroDiploma,https://w3id.org/ufes/ontodiplomadigital/instancias-ficticias#requisicaoDocumentacao245,ReqDip00000000000000000000000000000000000000000245,https://w3id.org/ufes/ontodiplomadigital/instancias-ficticias#processoAdministrativo245,PROC-FAKE-2028-0245,2028-02-15,RDP-FAKE-0245,assinaturaLote243,AssinaturaDigital,2028-02-15T08:13:00,PAdES,CODIGO-VALIDACAO-FICTICIO-0489,CodigoValidacao,CODIGO-VALIDACAO-FICTICIO-0490,https://w3id.org/ufes/ontodiplomadigital/instancias-ficticias#diplomaLote243,1.05,Homologacao,homologação,GovBR Acadêmico Fictício,,https://w3id.org/ufes/ontodiplomadigital/instancias-ficticias#diplomadoLote243,Campus de Dados 04,,Bloco D,,Fortaleza,CE,31004-000,Brasil,,,organizacao do conhecimento,Análise semantica aplicada,2028-01-09,,,,,MEC-EM-0003,"Avenida Sintetica 103, Setor Emissor",Salvador,BA,29003-000,Brasil,MEC-RG-0003,"Rua Registral 203, Setor de Proveniencia",Goiania,GO,30003-000,Brasil,https://w3id.org/ufes/ontodiplomadigital/instancias-ficticias#registroLote243,ReqDip00000000000000000000000000000000000000000245,2028-01-16,2028-01-31,L-2028-5,43,245,Caso sintetico 245 com status ativo e modalidade semipresencial.,Pessoa Fictícia-0023,CPF-FICTICIO-1039,MAT-REG-0245,Assinante Fictício-0222,CPF-FICTICIO-1040,Reitoria de Registro 9,Assinante Fictício-0025,CPF-FICTICIO-1041,Secretario Geral Acadêmico,AssinaturaPJArquivamentoDocumentacaoAcademica,Instituto Federal de Curadoria Digital,,2028-02-15T08:13:00,https://w3id.org/ufes/ontodiplomadigital/instancias-ficticias#documentacaoAcademicaLote243,Pessoa Fictícia-0026,CPF-FICTICIO-0026,Procurador Institucional,urn:fake:pdfa:ato-designacao:lote03,https://w3id.org/ufes/ontodiplomadigital/instancias-ficticias#historicoLote243,HISTORICO-0245
CASO0246,diplomaLote244,DiplomaDigital,Diploma 246,Revogado,2028-02-13,diplomadoLote244,Diplomado,Pessoa Fictícia-0479,Brasileira,CPF-FICTICIO-1042,localNaturalidadeBr3106200,LocalNaturalidade,Belo Horizonte (MG),3106200,Belo Horizonte,MG,,cursoLote244,CursoNSF,Bacharelado em Biblioteconomia Analitica,,3200,2028-01-12,Bacharelado,Bacharel,Presencial,enderecoCursoLote04,Endereco,iesEmissoraLote04,IesEmissora,Universidade Metropolitana da Informação,CNPJ-FICTICIO-0021/CNPJ-FICTICIO-0022,iesRegistradoraLote04,IesRegistradora,Universidade Curadora de Diplomas,CNPJ-FICTICIO-0023/CNPJ-FICTICIO-0024,registroLote244,RegistroDiplomaNSF,https://w3id.org/ufes/ontodiplomadigital/instancias-ficticias#requisicaoDocumentacao246,ReqDip00000000000000000000000000000000000000000246,https://w3id.org/ufes/ontodiplomadigital/instancias-ficticias#processoAdministrativo246,PROC-FAKE-2028-0246,2028-02-18,RDP-FAKE-0246,assinaturaLote244,AssinaturaDigital,2028-02-18T09:14:00,XAdES,CODIGO-VALIDACAO-FICTICIO-0491,CodigoValidacao,CODIGO-VALIDACAO-FICTICIO-0492,https://w3id.org/ufes/ontodiplomadigital/instancias-ficticias#diplomaLote244,1.05,Producao,produção,Portal Público Fictício de Consulta de Diplomas,,https://w3id.org/ufes/ontodiplomadigital/instancias-ficticias#diplomadoLote244,Campus de Dados 04,,Bloco D,,Fortaleza,CE,31004-000,Brasil,,,preservacao e acesso,,,EMEC-FAKE-2028-0246,Análise de regularidade do curso 246,2027-08-20,2027-08-05,MEC-EM-0004,"Avenida Sintetica 104, Setor Emissor",Brasilia,DF,29004-000,Brasil,MEC-RG-0004,"Rua Registral 204, Setor de Proveniencia",Sao Paulo,SP,30004-000,Brasil,https://w3id.org/ufes/ontodiplomadigital/instancias-ficticias#registroLote244,ReqDip00000000000000000000000000000000000000000246,2028-01-19,2028-02-03,L-2028-6,44,246,Caso sintetico 246 com status revogado e modalidade presencial.,Pessoa Fictícia-0028,CPF-FICTICIO-1043,MAT-REG-0246,Assinante Fictício-0224,CPF-FICTICIO-1044,Reitoria de Registro 1,Assinante Fictício-0030,CPF-FICTICIO-1045,Secretaria Geral Acadêmica,AssinaturaPJRegistradora,Universidade Curadora de Diplomas,,2028-02-18T09:14:00,https://w3id.org/ufes/ontodiplomadigital/instancias-ficticias#documentacaoAcademicaLote244,Pessoa Fictícia-0031,CPF-FICTICIO-0031,Procuradora Institucional,urn:fake:pdfa:ato-designacao:lote04,https://w3id.org/ufes/ontodiplomadigital/instancias-ficticias#historicoLote244,HISTORICO-0246
CASO0247,diplomaLote245,DiplomaDigital,Diploma 247,Anulado,2028-02-16,diplomadoLote245,Diplomado,Pessoa Fictícia-0480,Brasileira,CPF-FICTICIO-1046,localNaturalidadeBr4106902,LocalNaturalidade,Curitiba (PR),4106902,Curitiba,PR,,cursoLote245,Curso,Licenciatura em Gestão da Informação,CURSO-FAKE-0247,3400,2028-01-15,Licenciatura,Licenciado,Ead,enderecoCursoLote02,Endereco,iesEmissoraLote05,IesEmissora,Faculdade Nacional de Dados Ligados,CNPJ-FICTICIO-0025/CNPJ-FICTICIO-0026,iesRegistradoraLote05,IesRegistradora,Centro Registral de Conhecimento Aplicado,CNPJ-FICTICIO-0027/CNPJ-FICTICIO-0028,registroLote245,RegistroDiploma,https://w3id.org/ufes/ontodiplomadigital/instancias-ficticias#requisicaoDocumentacao247,ReqDip00000000000000000000000000000000000000000247,https://w3id.org/ufes/ontodiplomadigital/instancias-ficticias#processoAdministrativo247,PROC-FAKE-2028-0247,2028-02-21,RDP-FAKE-0247,assinaturaLote245,AssinaturaDigital,2028-02-21T10:15:00,CAdES,CODIGO-VALIDACAO-FICTICIO-0493,CodigoValidacao,CODIGO-VALIDACAO-FICTICIO-0494,https://w3id.org/ufes/ontodiplomadigital/instancias-ficticias#diplomaLote245,1.05,Homologacao,homologação,GovBR Acadêmico Fictício,,https://w3id.org/ufes/ontodiplomadigital/instancias-ficticias#diplomadoLote245,Campus de Dados 02,,Bloco B,,Recife,PE,31002-000,Brasil,,,governanca de dados,,,,,,,MEC-EM-0005,"Avenida Sintetica 105, Setor Emissor",Recife,PE,29005-000,Brasil,MEC-RG-0005,"Rua Registral 205, Setor de Proveniencia",Rio de Janeiro,RJ,30005-000,Brasil,https://w3id.org/ufes/ontodiplomadigital/instancias-ficticias#registroLote245,ReqDip00000000000000000000000000000000000000000247,2028-01-22,2028-02-06,L-2028-7,45,247,Caso sintetico 247 com status anulado e modalidade ead.,Pessoa Fictícia-0033,CPF-FICTICIO-1047,MAT-REG-0247,Assinante Fictício-0226 | Assinante Fictício-0481,CPF-FICTICIO-1048 | CPF-FICTICIO-1049,Reitoria de Registro 2 | Secretaria Acadêmica Integrada,Pessoa Fictícia-0006,CPF-FICTICIO-1050,Pro-Reitor de Graduacao,AssinaturaPJEmissora,Faculdade Nacional de Dados Ligados,,2028-02-21T10:15:00,https://w3id.org/ufes/ontodiplomadigital/instancias-ficticias#documentacaoAcademicaLote245,Assinante Fictício-0005,CPF-FICTICIO-0037,Reitor,urn:fake:pdfa:ato-designacao:lote05,https://w3id.org/ufes/ontodiplomadigital/instancias-ficticias#historicoLote245,HISTORICO-0247
CASO0248,diplomaLote246,DiplomaDigital,Diploma 248,Ativo,2028-02-19,diplomadoLote246,Diplomado,Pessoa Fictícia-0482,Brasileira,CPF-FICTICIO-1051,localNaturalidadeBr3550308,LocalNaturalidade,São Paulo (SP),3550308,São Paulo,SP,,cursoLote246,Curso,Tecnologia em Humanidades Digitais,,2400,2028-01-18,Tecnologia,Tecnologo,Semipresencial,enderecoCursoLote06,Endereco,iesEmissoraLote06,IesEmissora,Universidade de Estudos Documentais,CNPJ-FICTICIO-0029/CNPJ-FICTICIO-0030,iesRegistradoraLote06,IesRegistradora,Universidade Federal de Registro Semântico,CNPJ-FICTICIO-0031/CNPJ-FICTICIO-0032,registroLote246,RegistroDiploma,https://w3id.org/ufes/ontodiplomadigital/instancias-ficticias#requisicaoDocumentacao248,ReqDip00000000000000000000000000000000000000000248,https://w3id.org/ufes/ontodiplomadigital/instancias-ficticias#processoAdministrativo248,PROC-FAKE-2028-0248,2028-02-24,RDP-FAKE-0248,assinaturaLote246,AssinaturaDigital,2028-02-24T11:16:00,PAdES,CODIGO-VALIDACAO-FICTICIO-0495,CodigoValidacao,CODIGO-VALIDACAO-FICTICIO-0496,https://w3id.org/ufes/ontodiplomadigital/instancias-ficticias#diplomaLote246,1.05,Producao,produção,Portal Público Fictício de Consulta de Diplomas,,https://w3id.org/ufes/ontodiplomadigital/instancias-ficticias#diplomadoLote246,Campus de Dados 06,,Bloco A,,Sao Paulo,SP,31006-000,Brasil,,Especialista em Humanidades Digitais,tratamento documental,Processos de registro academico,2028-01-18,EMEC-FAKE-2028-0248,Análise de regularidade do curso 248,2027-08-26,2027-08-11,MEC-EM-0006,"Avenida Sintetica 106, Setor Emissor",Curitiba,PR,29006-000,Brasil,MEC-RG-0006,"Rua Registral 206, Setor de Proveniencia",Florianopolis,SC,30006-000,Brasil,https://w3id.org/ufes/ontodiplomadigital/instancias-ficticias#registroLote246,ReqDip00000000000000000000000000000000000000000248,2028-01-25,2028-02-09,L-2028-1,46,248,Caso sintetico 248 com status ativo e modalidade semipresencial.,Pessoa Fictícia-0037,CPF-FICTICIO-1052,MAT-REG-0248,Assinante Fictício-0228,CPF-FICTICIO-1053,Reitoria de Registro 3,Pessoa Fictícia-0011,CPF-FICTICIO-1054,Pro-Reitora de Graduacao,AssinaturaPFResponsavelRegistro,,,2028-02-24T11:16:00,https://w3id.org/ufes/ontodiplomadigital/instancias-ficticias#documentacaoAcademicaLote246,Assinante Fictício-0010,CPF-FICTICIO-0042,Reitora,urn:fake:pdfa:ato-designacao:lote06,https://w3id.org/ufes/ontodiplomadigital/instancias-ficticias#historicoLote246,HISTORICO-0248
CASO0249,diplomaLote247,DiplomaDigital,Diploma 249,Ativo,2028-02-22,diplomadoLote247,Diplomado,Pessoa Fictícia-0483,Brasileira,CPF-FICTICIO-1055,localNaturalidadeBr2304400,LocalNaturalidade,Fortaleza (CE),2304400,Fortaleza,CE,,cursoLote247,Curso,Bacharelado em Documentacao Tecnica,CURSO-FAKE-0249,2600,2028-01-21,Bacharelado,Bacharel,Presencial,enderecoCursoLote12,Endereco,iesEmissoraLote07,IesEmissora,Centro Acadêmico de Interoperabilidade,CNPJ-FICTICIO-0033/CNPJ-FICTICIO-0034,iesRegistradoraLote07,IesRegistradora,Instituto de Segurança Documental,CNPJ-FICTICIO-0035/CNPJ-FICTICIO-0036,registroLote247,RegistroDiploma,https://w3id.org/ufes/ontodiplomadigital/instancias-ficticias#requisicaoDocumentacao249,ReqDip00000000000000000000000000000000000000000249,https://w3id.org/ufes/ontodiplomadigital/instancias-ficticias#processoAdministrativo249,PROC-FAKE-2028-0249,2028-02-27,RDP-FAKE-0249,assinaturaLote247,AssinaturaDigital,2028-02-27T12:17:00,XAdES,CODIGO-VALIDACAO-FICTICIO-0497,CodigoValidacao,CODIGO-VALIDACAO-FICTICIO-0498,https://w3id.org/ufes/ontodiplomadigital/instancias-ficticias#diplomaLote247,1.05,Homologacao,homologação,GovBR Acadêmico Fictício,,https://w3id.org/ufes/ontodiplomadigital/instancias-ficticias#diplomadoLote247,Campus de Dados 12,,Bloco B,,Salvador,BA,31012-000,Brasil,,,interoperabilidade semantica,,,,,,,MEC-EM-0007,"Avenida Sintetica 107, Setor Emissor",Fortaleza,CE,29007-000,Brasil,MEC-RG-0007,"Rua Registral 207, Setor de Proveniencia",Belem,PA,30007-000,Brasil,https://w3id.org/ufes/ontodiplomadigital/instancias-ficticias#registroLote247,ReqDip00000000000000000000000000000000000000000249,2028-01-28,2028-02-12,L-2028-2,47,249,Caso sintetico 249 com status ativo e modalidade presencial.,Pessoa Fictícia-0040,CPF-FICTICIO-1056,MAT-REG-0249,Assinante Fictício-0231,CPF-FICTICIO-1057,Reitoria de Registro 4,Pessoa Fictícia-0016,CPF-FICTICIO-1058,Reitor,AssinaturaPFEmissora,,,2028-02-27T12:17:00,https://w3id.org/ufes/ontodiplomadigital/instancias-ficticias#documentacaoAcademicaLote247,Assinante Fictício-0015,CPF-FICTICIO-0047,Diretor Geral,urn:fake:pdfa:ato-designacao:lote07,https://w3id.org/ufes/ontodiplomadigital/instancias-ficticias#historicoLote247,HISTORICO-0249
CASO0250,diplomaLote248,DiplomaDigital,Diploma 250,Ativo,2028-02-25,diplomadoLote248,Diplomado,Pessoa Fictícia-0484,Brasileira,CPF-FICTICIO-1059,localNaturalidadeBr1400100,LocalNaturalidade,Boa Vista (RR),1400100,Boa Vista,RR,,cursoLote248,CursoNSF,Licenciatura em Governanca Informacional,,2800,2028-01-24,Licenciatura,Licenciado,Ead,enderecoCursoLote08,Endereco,iesEmissoraLote08,IesEmissora,Instituto Superior de Preservacao Informacional,CNPJ-FICTICIO-0037/CNPJ-FICTICIO-0038,iesRegistradoraLote08,IesRegistradora,Centro Universitario de Rastreabilidade Acadêmica,CNPJ-FICTICIO-0039/CNPJ-FICTICIO-0040,registroLote248,RegistroDiplomaNSF,https://w3id.org/ufes/ontodiplomadigital/instancias-ficticias#requisicaoDocumentacao250,ReqDip00000000000000000000000000000000000000000250,https://w3id.org/ufes/ontodiplomadigital/instancias-ficticias#processoAdministrativo250,PROC-FAKE-2028-0250,2028-03-01,RDP-FAKE-0250,assinaturaLote248,AssinaturaDigital,2028-03-01T13:18:00,CAdES,CODIGO-VALIDACAO-FICTICIO-0499,CodigoValidacao,CODIGO-VALIDACAO-FICTICIO-0500,https://w3id.org/ufes/ontodiplomadigital/instancias-ficticias#diplomaLote248,1.05,Producao,produção,Portal Público Fictício de Consulta de Diplomas,,https://w3id.org/ufes/ontodiplomadigital/instancias-ficticias#diplomadoLote248,Campus de Dados 08,,Bloco C,,Florianopolis,SC,31008-000,Brasil,,,curadoria digital,,,EMEC-FAKE-2028-0250,Análise de regularidade do curso 250,2027-09-01,2027-08-17,MEC-EM-0008,"Avenida Sintetica 108, Setor Emissor",Goiania,GO,29008-000,Brasil,MEC-RG-0008,"Rua Registral 208, Setor de Proveniencia",Vitoria,ES,30008-000,Brasil,https://w3id.org/ufes/ontodiplomadigital/instancias-ficticias#registroLote248,ReqDip00000000000000000000000000000000000000000250,2028-01-31,2028-02-15,L-2028-3,48,250,Caso sintetico 250 com status ativo e modalidade ead.,Pessoa Fictícia-0043,CPF-FICTICIO-1060,MAT-REG-0250,Assinante Fictício-0233,CPF-FICTICIO-1061,Reitoria de Registro 5,Pessoa Fictícia-0021,CPF-FICTICIO-1062,Reitora,AssinaturaPJArquivamentoDocumentacaoAcademica,Instituto Superior de Preservacao Informacional,,2028-03-01T13:18:00,https://w3id.org/ufes/ontodiplomadigital/instancias-ficticias#documentacaoAcademicaLote248,Assinante Fictício-0020,CPF-FICTICIO-0052,Diretora Geral,urn:fake:pdfa:ato-designacao:lote08,https://w3id.org/ufes/ontodiplomadigital/instancias-ficticias#historicoLote248,HISTORICO-0250
CASO0251,diplomaLote249,DiplomaDigital,Diploma 251,Revogado,2028-02-28,diplomadoLote249,Diplomado,Pessoa Fictícia-0485,Brasileira,CPF-FICTICIO-1063,localNaturalidadeBr2611606,LocalNaturalidade,Recife (PE),2611606,Recife,PE,,cursoLote249,Curso,Tecnologia em Interoperabilidade Semântica,CURSO-FAKE-0251,3000,2028-01-27,Tecnologia,Tecnologo,Semipresencial,enderecoCursoLote01,Endereco,iesEmissoraLote09,IesEmissora,Universidade do Patrimonio Digital,CNPJ-FICTICIO-0041/CNPJ-FICTICIO-0042,iesRegistradoraLote01,IesRegistradora,Universidade Registradora do Brasil Digital,CNPJ-FICTICIO-0011/CNPJ-FICTICIO-0012,registroLote249,RegistroDiploma,https://w3id.org/ufes/ontodiplomadigital/instancias-ficticias#requisicaoDocumentacao251,ReqDip00000000000000000000000000000000000000000251,https://w3id.org/ufes/ontodiplomadigital/instancias-ficticias#processoAdministrativo251,PROC-FAKE-2028-0251,2028-03-04,RDP-FAKE-0251,assinaturaLote249,AssinaturaDigital,2028-03-04T14:19:00,PAdES,CODIGO-VALIDACAO-FICTICIO-0501,CodigoValidacao,CODIGO-VALIDACAO-FICTICIO-0502,https://w3id.org/ufes/ontodiplomadigital/instancias-ficticias#diplomaLote249,1.05,Homologacao,homologação,GovBR Acadêmico Fictício,,https://w3id.org/ufes/ontodiplomadigital/instancias-ficticias#diplomadoLote249,Campus de Dados 01,,Bloco A,,Brasilia,DF,31001-000,Brasil,,,organizacao do conhecimento,Análise semantica aplicada,2028-01-27,,,,,MEC-EM-0009,"Avenida Sintetica 109, Setor Emissor",Sao Paulo,SP,29009-000,Brasil,MEC-RG-0001,"Rua Registral 201, Setor de Proveniencia",Curitiba,PR,30001-000,Brasil,https://w3id.org/ufes/ontodiplomadigital/instancias-ficticias#registroLote249,ReqDip00000000000000000000000000000000000000000251,2028-02-03,2028-02-18,L-2028-4,49,251,Caso sintetico 251 com status revogado e modalidade semipresencial.,Pessoa Fictícia-0046,CPF-FICTICIO-1064,MAT-REG-0251,Assinante Fictício-0235,CPF-FICTICIO-1065,Reitoria de Registro 6,Pessoa Fictícia-0026,CPF-FICTICIO-1066,Diretor Acadêmico,AssinaturaPJRegistradora,Universidade Registradora do Brasil Digital,,2028-03-04T14:19:00,https://w3id.org/ufes/ontodiplomadigital/instancias-ficticias#documentacaoAcademicaLote249,Assinante Fictício-0025,CPF-FICTICIO-0057,Procurador Institucional,urn:fake:pdfa:ato-designacao:lote09,https://w3id.org/ufes/ontodiplomadigital/instancias-ficticias#historicoLote249,HISTORICO-0251
CASO0252,diplomaLote250,DiplomaDigital,Diploma 252,Anulado,2028-03-02,diplomadoLote250,Diplomado,Pessoa Fictícia-0486,Brasileira,CPF-FICTICIO-1067,localNaturalidadeBr3204807,LocalNaturalidade,São José do Calçado (ES),3204807,São José do Calçado,ES,,cursoLote250,Curso,Bacharelado em Preservacao Digital,CURSO-FAKE-0252,3200,2028-01-30,Bacharelado,Bacharel,Presencial,enderecoCursoLote10,Endereco,iesEmissoraLote10,IesEmissora,Centro Universitario de Modelagem Conceitual,CNPJ-FICTICIO-0043/CNPJ-FICTICIO-0044,iesRegistradoraLote02,IesRegistradora,Centro de Registro Interoperável,CNPJ-FICTICIO-0015/CNPJ-FICTICIO-0016,registroLote250,RegistroDiploma,https://w3id.org/ufes/ontodiplomadigital/instancias-ficticias#requisicaoDocumentacao252,ReqDip00000000000000000000000000000000000000000252,https://w3id.org/ufes/ontodiplomadigital/instancias-ficticias#processoAdministrativo252,PROC-FAKE-2028-0252,2028-03-07,RDP-FAKE-0252,assinaturaLote250,AssinaturaDigital,2028-03-07T15:20:00,XAdES,CODIGO-VALIDACAO-FICTICIO-0503,CodigoValidacao,CODIGO-VALIDACAO-FICTICIO-0504,https://w3id.org/ufes/ontodiplomadigital/instancias-ficticias#diplomaLote250,1.05,Producao,produção,Portal Público Fictício de Consulta de Diplomas,,https://w3id.org/ufes/ontodiplomadigital/instancias-ficticias#diplomadoLote250,Campus de Dados 10,,Bloco E,,Vitoria,ES,31010-000,Brasil,,,preservacao e acesso,,,,,,,MEC-EM-0010,"Avenida Sintetica 110, Setor Emissor",Rio de Janeiro,RJ,29010-000,Brasil,MEC-RG-0002,"Rua Registral 202, Setor de Proveniencia",Fortaleza,CE,30002-000,Brasil,https://w3id.org/ufes/ontodiplomadigital/instancias-ficticias#registroLote250,ReqDip00000000000000000000000000000000000000000252,2028-02-06,2028-02-21,L-2028-5,50,252,Caso sintetico 252 com status anulado e modalidade presencial.,Pessoa Fictícia-0049,CPF-FICTICIO-1068,MAT-REG-0252,Assinante Fictício-0237 | Assinante Fictício-0487,CPF-FICTICIO-1069 | CPF-FICTICIO-1070,Reitoria de Registro 7 | Secretaria Acadêmica Integrada,Pessoa Fictícia-0031,CPF-FICTICIO-1071,Diretora Acadêmica,AssinaturaPJEmissora,Centro Universitario de Modelagem Conceitual,Autoridade Certificadora Fictícia Integridade Digital,2028-03-07T15:20:00,https://w3id.org/ufes/ontodiplomadigital/instancias-ficticias#documentacaoAcademicaLote250,Assinante Fictício-0030,CPF-FICTICIO-0063,Procuradora Institucional,urn:fake:pdfa:ato-designacao:lote10,https://w3id.org/ufes/ontodiplomadigital/instancias-ficticias#historicoLote250,HISTORICO-0252
