ID do caso,IRI do diploma,Identificador do diploma,Tipo do diploma,Status do diploma,Versão do leiaute,Ambiente,Data de emissão,Plataforma de acesso,Identificador da plataforma de acesso,IRI do diplomado,Nome do diplomado,Nacionalidade do diplomado,IRI do local de naturalidade,Código IBGE do município de naturalidade,Município brasileiro de naturalidade,UF da naturalidade,Município estrangeiro de naturalidade,CPF do diplomado,IRI do curso,Identificador do curso,Nome do curso,Código e-MEC do curso,Carga horária total,Data de conclusão,Grau conferido,Título conferido,Outro título conferido,Ênfase do curso,Modalidade de ensino,Nome da habilitação,Data da habilitação,Número do processo e-MEC,Tipo do processo e-MEC,Data do protocolo e-MEC,Data do registro e-MEC,IRI do endereço do curso,Logradouro do curso,Número do endereço do curso,Complemento do endereço do curso,Bairro do curso,Município do curso,UF do curso,CEP do curso,País do curso,Endereço do curso indisponível,Nome da IES emissora,IRI da IES emissora,Código MEC da IES emissora,CNPJ da IES emissora,Logradouro da IES emissora,Município da IES emissora,UF da IES emissora,CEP da IES emissora,País da IES emissora,Nome da IES registradora,IRI da IES registradora,Código MEC da IES registradora,CNPJ da IES registradora,Logradouro da IES registradora,Município da IES registradora,UF da IES registradora,CEP da IES registradora,País da IES registradora,IRI do registro,Identificador da documentação acadêmica,Número do processo do diploma,Data de colação de grau,Data de expedição do diploma,Data de registro,Livro de registro,Número do registro,Folha de registro,Sequência de registro,Informações adicionais do registro,IRI do responsável pelo registro,Nome do responsável pelo registro,CPF do responsável pelo registro,ID ou matrícula do responsável pelo registro,Nomes dos assinantes do registro,CPFs dos assinantes do registro,Cargos dos assinantes do registro,Nome do assinante da emissão,CPF do assinante da emissão,Cargo do assinante da emissão,IRI da assinatura digital,Data e hora da assinatura,Formato da assinatura,Papel da assinatura,Instituição responsável pela assinatura,Agente certificador,Data e hora do carimbo de tempo,IRI do código de validação,Código de validação,IRI da documentação acadêmica,Identificador da documentação,Nome do signatário do termo de responsabilidade,CPF do signatário do termo de responsabilidade,Cargo do signatário do termo de responsabilidade,Ato de designação do signatário,IRI do histórico escolar,Identificador do histórico escolar
CASO-0001,https://w3id.org/ufes/ontodiplomadigital/instancias-ficticias#diplomaCaso1,DIPLOMA-0001,Diploma digital,Ativo,1.05,homologação,2027-01-10,Portal Público Fictício de Consulta de Diplomas,https://consulta-diploma.exemplo.gov.br,https://w3id.org/ufes/ontodiplomadigital/instancias-ficticias#diplomadoCaso1,Pessoa Fictícia-0488,Brasileira,https://w3id.org/ufes/ontodiplomadigital/instancias-ficticias#localNaturalidadeBr3106200,3106200,Belo Horizonte,MG,,CPF-FICTICIO-0001,https://w3id.org/ufes/ontodiplomadigital/instancias-ficticias#cursoCaso1,CURSO-0001,Bacharelado em Gestão do Conhecimento Aplicado,CURSO-FAKE-001,3200,2026-12-18,Bacharelado,Bacharel,,Curadoria digital e interoperabilidade semantica,Presencial,Curadoria Digital e Interoperabilidade,2026-12-18,,,,,https://w3id.org/ufes/ontodiplomadigital/instancias-ficticias#enderecoCursoCaso1,"Campus Integracao, Bloco A",,,,Vila Semântica,ES,29001-111,Brasil,,Universidade do Vale do Conhecimento,https://w3id.org/ufes/ontodiplomadigital/instancias-ficticias#iesEmissoraCaso1,MEC-FAKE-1001,CNPJ-FICTICIO-0001/CNPJ-FICTICIO-0002,"Avenida das Ontologias, 1000",Vila Semântica,ES,29000-000,Brasil,Universidade Nacional da Curadoria,https://w3id.org/ufes/ontodiplomadigital/instancias-ficticias#iesRegistradoraCaso1,MEC-FAKE-2002,CNPJ-FICTICIO-0003/CNPJ-FICTICIO-0004,"Rua dos Grafos, 250",Cidade do Registro,MG,30000-000,Brasil,https://w3id.org/ufes/ontodiplomadigital/instancias-ficticias#registroCaso1,ReqDip00000000000000000000000000000000000000000001,PROCESSO-DIPLOMA-0001,2026-12-20,2027-01-08,2027-01-15,L-2027-A,REGISTRO-0001,45,018,Exemplo regular com todos os vinculos centrais preenchidos para fins de teste.,https://w3id.org/ufes/ontodiplomadigital/instancias-ficticias#responsavelRegistroCaso1,Pessoa Fictícia-0002,CPF-FICTICIO-0002,RESPONSAVEL-REGISTRO-0001,Assinante Fictício-0003 | Assinante Fictício-0004,CPF-FICTICIO-0003 | CPF-FICTICIO-0004,Reitor | Secretaria Geral Acadêmica,Assinante Fictício-0005,CPF-FICTICIO-0005,Reitor,https://w3id.org/ufes/ontodiplomadigital/instancias-ficticias#assinaturaCaso1,2027-01-15T14:10:00,XAdES,Assinatura da pessoa jurídica registradora,Universidade Nacional da Curadoria,Autoridade Certificadora Fictícia Raiz do Conhecimento,2027-01-15T14:10:00,https://w3id.org/ufes/ontodiplomadigital/instancias-ficticias#codigoValidacaoCaso1,CODIGO-VALIDACAO-FICTICIO-0505,https://w3id.org/ufes/ontodiplomadigital/instancias-ficticias#documentacaoAcademicaCaso1,ReqDip00000000000000000000000000000000000000000001,Pessoa Fictícia-0006,CPF-FICTICIO-0006,Reitor,urn:fake:pdfa:ato-designacao:caso1,https://w3id.org/ufes/ontodiplomadigital/instancias-ficticias#historicoCaso1,HISTORICO-0001
CASO-0002,https://w3id.org/ufes/ontodiplomadigital/instancias-ficticias#diplomaCaso2,DIPLOMA-0002,Diploma digital,Revogado,1.05,produção,2026-12-22,Portal Público Fictício de Consulta de Diplomas,https://consulta-diploma.exemplo.gov.br,https://w3id.org/ufes/ontodiplomadigital/instancias-ficticias#diplomadoCaso2,Pessoa Fictícia-0489,Brasileira,https://w3id.org/ufes/ontodiplomadigital/instancias-ficticias#localNaturalidadeBr2611606,2611606,Recife,PE,,CPF-FICTICIO-0007,https://w3id.org/ufes/ontodiplomadigital/instancias-ficticias#cursoCaso2,CURSO-0002,Tecnologia em Análise Territorial de Dados,,2400,2026-11-30,Tecnologia,Tecnólogo,Analista Territorial de Dados,,Semipresencial,,,EMEC-FAKE-2026-0099,Reconhecimento em analise documental,2026-07-18,2026-07-11,https://w3id.org/ufes/ontodiplomadigital/instancias-ficticias#enderecoCursoLote08,"Campus de Dados 08, Bloco C",,,,Florianopolis,SC,31008-000,Brasil,,Instituto Superior Horizonte Aberto,https://w3id.org/ufes/ontodiplomadigital/instancias-ficticias#iesEmissoraCaso2,MEC-FAKE-3003,CNPJ-FICTICIO-0005/CNPJ-FICTICIO-0006,"Praca dos Metadados, 88",Nova Taxonomia,BA,40000-000,Brasil,Centro Universitario Rede Cidada,https://w3id.org/ufes/ontodiplomadigital/instancias-ficticias#iesRegistradoraCaso2,MEC-FAKE-4004,CNPJ-FICTICIO-0007/CNPJ-FICTICIO-0008,"Alameda da Proveniencia, 510",Rede de Dados,DF,70000-000,Brasil,https://w3id.org/ufes/ontodiplomadigital/instancias-ficticias#registroCaso2,ReqDip00000000000000000000000000000000000000000002,PROCESSO-DIPLOMA-0002,2026-12-05,2026-12-20,2027-01-07,L-2027-NSF,REGISTRO-0002,12,004,"Exemplo NSF usado para demonstrar variacao de curso, registro e situacao administrativa.",https://w3id.org/ufes/ontodiplomadigital/instancias-ficticias#responsavelRegistroCaso2,Pessoa Fictícia-0008,CPF-FICTICIO-0008,RESPONSAVEL-REGISTRO-0002,Assinante Fictício-0009,CPF-FICTICIO-0009,Diretoria de Registro Acadêmico,Assinante Fictício-0010,CPF-FICTICIO-0010,Reitora,https://w3id.org/ufes/ontodiplomadigital/instancias-ficticias#assinaturaCaso2,2027-01-07T09:25:00,PAdES,Assinatura da pessoa jurídica emissora,Instituto Superior Horizonte Aberto,Autoridade Certificadora Fictícia Rede Federal,2027-01-07T09:25:00,https://w3id.org/ufes/ontodiplomadigital/instancias-ficticias#codigoValidacaoCaso2,CODIGO-VALIDACAO-FICTICIO-0506,https://w3id.org/ufes/ontodiplomadigital/instancias-ficticias#documentacaoAcademicaCaso2,ReqDip00000000000000000000000000000000000000000002,Pessoa Fictícia-0011,CPF-FICTICIO-0011,Reitora,urn:fake:pdfa:ato-designacao:caso2,https://w3id.org/ufes/ontodiplomadigital/instancias-ficticias#historicoCaso2,HISTORICO-0002
CASO-0003,https://w3id.org/ufes/ontodiplomadigital/instancias-ficticias#diplomaLote001,DIPLOMA-0003,Diploma digital,Ativo,1.05,homologação,2026-02-14,GovBR Acadêmico Fictício,https://govbr-academico.exemplo.gov.br,https://w3id.org/ufes/ontodiplomadigital/instancias-ficticias#diplomadoLote001,Pessoa Fictícia-0490,Brasileira,https://w3id.org/ufes/ontodiplomadigital/instancias-ficticias#localNaturalidadeBr4205407,4205407,Florianópolis,SC,,CPF-FICTICIO-0012,https://w3id.org/ufes/ontodiplomadigital/instancias-ficticias#cursoLote001,CURSO-0003,Bacharelado em Ciência de Dados Publicos,CURSO-FAKE-0003,2600,2026-01-13,Bacharelado,Bacharel,,interoperabilidade semantica,Presencial,,,,,,,https://w3id.org/ufes/ontodiplomadigital/instancias-ficticias#enderecoCursoLote08,"Campus de Dados 08, Bloco C",,,,Florianopolis,SC,31008-000,Brasil,,Universidade Aberta do Conhecimento,https://w3id.org/ufes/ontodiplomadigital/instancias-ficticias#iesEmissoraLote01,MEC-EM-0001,CNPJ-FICTICIO-0009/CNPJ-FICTICIO-0010,"Avenida Sintetica 101, Setor Emissor",Vitoria,ES,29001-000,Brasil,Universidade Registradora do Brasil Digital,https://w3id.org/ufes/ontodiplomadigital/instancias-ficticias#iesRegistradoraLote01,MEC-RG-0001,CNPJ-FICTICIO-0011/CNPJ-FICTICIO-0012,"Rua Registral 201, Setor de Proveniencia",Curitiba,PR,30001-000,Brasil,https://w3id.org/ufes/ontodiplomadigital/instancias-ficticias#registroLote001,ReqDip00000000000000000000000000000000000000000003,PROCESSO-DIPLOMA-0003,2026-01-20,2026-02-04,2026-02-19,L-2026-1,REGISTRO-0003,1,003,Caso sintetico 003 com status ativo e modalidade presencial.,https://w3id.org/ufes/ontodiplomadigital/instancias-ficticias#responsavelRegistroLote001,Pessoa Fictícia-0013,CPF-FICTICIO-0013,RESPONSAVEL-REGISTRO-0003,Assinante Fictício-0014,CPF-FICTICIO-0014,Reitoria de Registro 1,Assinante Fictício-0015,CPF-FICTICIO-0015,Diretor Acadêmico,https://w3id.org/ufes/ontodiplomadigital/instancias-ficticias#assinaturaLote001,2026-02-19T09:11:00,XAdES,Assinatura PFResponsavel Registro,,,2026-02-19T09:11:00,https://w3id.org/ufes/ontodiplomadigital/instancias-ficticias#codigoValidacaoLote001,CODIGO-VALIDACAO-FICTICIO-0507,https://w3id.org/ufes/ontodiplomadigital/instancias-ficticias#documentacaoAcademicaLote001,ReqDip00000000000000000000000000000000000000000003,Pessoa Fictícia-0016,CPF-FICTICIO-0016,Diretor Geral,urn:fake:pdfa:ato-designacao:lote01,https://w3id.org/ufes/ontodiplomadigital/instancias-ficticias#historicoLote001,HISTORICO-0003
CASO-0004,https://w3id.org/ufes/ontodiplomadigital/instancias-ficticias#diplomaLote002,DIPLOMA-0004,Diploma digital,Ativo,1.05,produção,2026-02-17,Portal Público Fictício de Consulta de Diplomas,https://consulta-diploma.exemplo.gov.br,https://w3id.org/ufes/ontodiplomadigital/instancias-ficticias#diplomadoLote002,Pessoa Fictícia-0491,Brasileira,https://w3id.org/ufes/ontodiplomadigital/instancias-ficticias#localNaturalidadeBr4106902,4106902,Curitiba,PR,,CPF-FICTICIO-0017,https://w3id.org/ufes/ontodiplomadigital/instancias-ficticias#cursoLote002,CURSO-0004,Licenciatura em Curadoria Digital,CURSO-FAKE-0004,2800,2026-01-16,Licenciatura,Licenciado,,curadoria digital,EaD,,,,,,,https://w3id.org/ufes/ontodiplomadigital/instancias-ficticias#enderecoCursoLote02,"Campus de Dados 02, Bloco B",,,,Recife,PE,31002-000,Brasil,,Centro Universitario Horizonte Semântico,https://w3id.org/ufes/ontodiplomadigital/instancias-ficticias#iesEmissoraLote02,MEC-EM-0002,CNPJ-FICTICIO-0013/CNPJ-FICTICIO-0014,"Avenida Sintetica 102, Setor Emissor",Belo Horizonte,MG,29002-000,Brasil,Centro de Registro Interoperável,https://w3id.org/ufes/ontodiplomadigital/instancias-ficticias#iesRegistradoraLote02,MEC-RG-0002,CNPJ-FICTICIO-0015/CNPJ-FICTICIO-0016,"Rua Registral 202, Setor de Proveniencia",Fortaleza,CE,30002-000,Brasil,https://w3id.org/ufes/ontodiplomadigital/instancias-ficticias#registroLote002,ReqDip00000000000000000000000000000000000000000004,PROCESSO-DIPLOMA-0004,2026-01-23,2026-02-07,2026-02-22,L-2026-2,REGISTRO-0004,2,004,Caso sintetico 004 com status ativo e modalidade ead.,https://w3id.org/ufes/ontodiplomadigital/instancias-ficticias#responsavelRegistroLote002,Pessoa Fictícia-0018,CPF-FICTICIO-0018,RESPONSAVEL-REGISTRO-0004,Assinante Fictício-0019,CPF-FICTICIO-0019,Reitoria de Registro 2,Assinante Fictício-0020,CPF-FICTICIO-0020,Diretora Acadêmica,https://w3id.org/ufes/ontodiplomadigital/instancias-ficticias#assinaturaLote002,2026-02-22T10:12:00,CAdES,Assinatura da pessoa física emissora,,,2026-02-22T10:12:00,https://w3id.org/ufes/ontodiplomadigital/instancias-ficticias#codigoValidacaoLote002,CODIGO-VALIDACAO-FICTICIO-0508,https://w3id.org/ufes/ontodiplomadigital/instancias-ficticias#documentacaoAcademicaLote002,ReqDip00000000000000000000000000000000000000000004,Pessoa Fictícia-0021,CPF-FICTICIO-0021,Diretora Geral,urn:fake:pdfa:ato-designacao:lote02,https://w3id.org/ufes/ontodiplomadigital/instancias-ficticias#historicoLote002,HISTORICO-0004
CASO-0005,https://w3id.org/ufes/ontodiplomadigital/instancias-ficticias#diplomaLote003,DIPLOMA-0005,Diploma digital,Ativo,1.05,homologação,2026-02-20,GovBR Acadêmico Fictício,https://govbr-academico.exemplo.gov.br,https://w3id.org/ufes/ontodiplomadigital/instancias-ficticias#diplomadoLote003,Pessoa Fictícia-0492,Brasileira,https://w3id.org/ufes/ontodiplomadigital/instancias-ficticias#localNaturalidadeBr2927408,2927408,Salvador,BA,,CPF-FICTICIO-0022,https://w3id.org/ufes/ontodiplomadigital/instancias-ficticias#cursoLote003,CURSO-0005,Tecnologia em Arquivologia Aplicada,CURSO-FAKE-0005,3000,2026-01-19,Tecnologia,Tecnólogo,,organizacao do conhecimento,Semipresencial,Análise semantica aplicada,2026-01-19,,,,,https://w3id.org/ufes/ontodiplomadigital/instancias-ficticias#enderecoCursoLote02,"Campus de Dados 02, Bloco B",,,,Recife,PE,31002-000,Brasil,,Instituto Federal de Curadoria Digital,https://w3id.org/ufes/ontodiplomadigital/instancias-ficticias#iesEmissoraLote03,MEC-EM-0003,CNPJ-FICTICIO-0017/CNPJ-FICTICIO-0018,"Avenida Sintetica 103, Setor Emissor",Salvador,BA,29003-000,Brasil,Instituto Nacional de Validação Acadêmica,https://w3id.org/ufes/ontodiplomadigital/instancias-ficticias#iesRegistradoraLote03,MEC-RG-0003,CNPJ-FICTICIO-0019/CNPJ-FICTICIO-0020,"Rua Registral 203, Setor de Proveniencia",Goiania,GO,30003-000,Brasil,https://w3id.org/ufes/ontodiplomadigital/instancias-ficticias#registroLote003,ReqDip00000000000000000000000000000000000000000005,PROCESSO-DIPLOMA-0005,2026-01-26,2026-02-10,2026-02-25,L-2026-3,REGISTRO-0005,3,005,Caso sintetico 005 com status ativo e modalidade semipresencial.,https://w3id.org/ufes/ontodiplomadigital/instancias-ficticias#responsavelRegistroLote003,Pessoa Fictícia-0023,CPF-FICTICIO-0023,RESPONSAVEL-REGISTRO-0005,Assinante Fictício-0024,CPF-FICTICIO-0024,Reitoria de Registro 3,Assinante Fictício-0025,CPF-FICTICIO-0025,Secretario Geral Acadêmico,https://w3id.org/ufes/ontodiplomadigital/instancias-ficticias#assinaturaLote003,2026-02-25T11:13:00,PAdES,Assinatura PJArquivamento Documentacao Academica,Instituto Federal de Curadoria Digital,,2026-02-25T11:13:00,https://w3id.org/ufes/ontodiplomadigital/instancias-ficticias#codigoValidacaoLote003,CODIGO-VALIDACAO-FICTICIO-0509,https://w3id.org/ufes/ontodiplomadigital/instancias-ficticias#documentacaoAcademicaLote003,ReqDip00000000000000000000000000000000000000000005,Pessoa Fictícia-0026,CPF-FICTICIO-0026,Procurador Institucional,urn:fake:pdfa:ato-designacao:lote03,https://w3id.org/ufes/ontodiplomadigital/instancias-ficticias#historicoLote003,HISTORICO-0005
CASO-0006,https://w3id.org/ufes/ontodiplomadigital/instancias-ficticias#diplomaLote004,DIPLOMA-0006,Diploma digital,Revogado,1.05,produção,2026-02-23,Portal Público Fictício de Consulta de Diplomas,https://consulta-diploma.exemplo.gov.br,https://w3id.org/ufes/ontodiplomadigital/instancias-ficticias#diplomadoLote004,Pessoa Fictícia-0493,Brasileira,https://w3id.org/ufes/ontodiplomadigital/instancias-ficticias#localNaturalidadeBr3550308,3550308,São Paulo,SP,,CPF-FICTICIO-0027,https://w3id.org/ufes/ontodiplomadigital/instancias-ficticias#cursoLote004,CURSO-0006,Bacharelado em Biblioteconomia Analitica,,3200,2026-01-22,Bacharelado,Bacharel,,preservacao e acesso,Presencial,,,EMEC-FAKE-2026-0006,Análise de regularidade do curso 006,2025-08-30,2025-08-15,https://w3id.org/ufes/ontodiplomadigital/instancias-ficticias#enderecoCursoLote04,"Campus de Dados 04, Bloco D",,,,Fortaleza,CE,31004-000,Brasil,,Universidade Metropolitana da Informação,https://w3id.org/ufes/ontodiplomadigital/instancias-ficticias#iesEmissoraLote04,MEC-EM-0004,CNPJ-FICTICIO-0021/CNPJ-FICTICIO-0022,"Avenida Sintetica 104, Setor Emissor",Brasilia,DF,29004-000,Brasil,Universidade Curadora de Diplomas,https://w3id.org/ufes/ontodiplomadigital/instancias-ficticias#iesRegistradoraLote04,MEC-RG-0004,CNPJ-FICTICIO-0023/CNPJ-FICTICIO-0024,"Rua Registral 204, Setor de Proveniencia",Sao Paulo,SP,30004-000,Brasil,https://w3id.org/ufes/ontodiplomadigital/instancias-ficticias#registroLote004,ReqDip00000000000000000000000000000000000000000006,PROCESSO-DIPLOMA-0006,2026-01-29,2026-02-13,2026-02-28,L-2026-4,REGISTRO-0006,4,006,Caso sintetico 006 com status revogado e modalidade presencial.,https://w3id.org/ufes/ontodiplomadigital/instancias-ficticias#responsavelRegistroLote004,Pessoa Fictícia-0028,CPF-FICTICIO-0028,RESPONSAVEL-REGISTRO-0006,Assinante Fictício-0029,CPF-FICTICIO-0029,Reitoria de Registro 4,Assinante Fictício-0030,CPF-FICTICIO-0030,Secretaria Geral Acadêmica,https://w3id.org/ufes/ontodiplomadigital/instancias-ficticias#assinaturaLote004,2026-02-28T12:14:00,XAdES,Assinatura da pessoa jurídica registradora,Universidade Curadora de Diplomas,,2026-02-28T12:14:00,https://w3id.org/ufes/ontodiplomadigital/instancias-ficticias#codigoValidacaoLote004,CODIGO-VALIDACAO-FICTICIO-0510,https://w3id.org/ufes/ontodiplomadigital/instancias-ficticias#documentacaoAcademicaLote004,ReqDip00000000000000000000000000000000000000000006,Pessoa Fictícia-0031,CPF-FICTICIO-0031,Procuradora Institucional,urn:fake:pdfa:ato-designacao:lote04,https://w3id.org/ufes/ontodiplomadigital/instancias-ficticias#historicoLote004,HISTORICO-0006
CASO-0007,https://w3id.org/ufes/ontodiplomadigital/instancias-ficticias#diplomaLote005,DIPLOMA-0007,Diploma digital,Anulado,1.05,homologação,2026-02-26,GovBR Acadêmico Fictício,https://govbr-academico.exemplo.gov.br,https://w3id.org/ufes/ontodiplomadigital/instancias-ficticias#diplomadoLote005,Pessoa Fictícia-0494,Brasileira,https://w3id.org/ufes/ontodiplomadigital/instancias-ficticias#localNaturalidadeBr2408102,2408102,Natal,RN,,CPF-FICTICIO-0032,https://w3id.org/ufes/ontodiplomadigital/instancias-ficticias#cursoLote005,CURSO-0007,Licenciatura em Gestão da Informação,CURSO-FAKE-0007,3400,2026-01-25,Licenciatura,Licenciado,,governanca de dados,EaD,,,,,,,https://w3id.org/ufes/ontodiplomadigital/instancias-ficticias#enderecoCursoLote10,"Campus de Dados 10, Bloco E",,,,Vitoria,ES,31010-000,Brasil,,Faculdade Nacional de Dados Ligados,https://w3id.org/ufes/ontodiplomadigital/instancias-ficticias#iesEmissoraLote05,MEC-EM-0005,CNPJ-FICTICIO-0025/CNPJ-FICTICIO-0026,"Avenida Sintetica 105, Setor Emissor",Recife,PE,29005-000,Brasil,Centro Registral de Conhecimento Aplicado,https://w3id.org/ufes/ontodiplomadigital/instancias-ficticias#iesRegistradoraLote05,MEC-RG-0005,CNPJ-FICTICIO-0027/CNPJ-FICTICIO-0028,"Rua Registral 205, Setor de Proveniencia",Rio de Janeiro,RJ,30005-000,Brasil,https://w3id.org/ufes/ontodiplomadigital/instancias-ficticias#registroLote005,ReqDip00000000000000000000000000000000000000000007,PROCESSO-DIPLOMA-0007,2026-02-01,2026-02-16,2026-03-03,L-2026-5,REGISTRO-0007,5,007,Caso sintetico 007 com status anulado e modalidade ead.,https://w3id.org/ufes/ontodiplomadigital/instancias-ficticias#responsavelRegistroLote005,Pessoa Fictícia-0033,CPF-FICTICIO-0033,RESPONSAVEL-REGISTRO-0007,Assinante Fictício-0034 | Assinante Fictício-0035,CPF-FICTICIO-0034 | CPF-FICTICIO-0035,Reitoria de Registro 5 | Secretaria Acadêmica Integrada,Pessoa Fictícia-0006,CPF-FICTICIO-0036,Pro-Reitor de Graduacao,https://w3id.org/ufes/ontodiplomadigital/instancias-ficticias#assinaturaLote005,2026-03-03T13:15:00,CAdES,Assinatura da pessoa jurídica emissora,Faculdade Nacional de Dados Ligados,,2026-03-03T13:15:00,https://w3id.org/ufes/ontodiplomadigital/instancias-ficticias#codigoValidacaoLote005,CODIGO-VALIDACAO-FICTICIO-0511,https://w3id.org/ufes/ontodiplomadigital/instancias-ficticias#documentacaoAcademicaLote005,ReqDip00000000000000000000000000000000000000000007,Assinante Fictício-0005,CPF-FICTICIO-0037,Reitor,urn:fake:pdfa:ato-designacao:lote05,https://w3id.org/ufes/ontodiplomadigital/instancias-ficticias#historicoLote005,HISTORICO-0007
CASO-0008,https://w3id.org/ufes/ontodiplomadigital/instancias-ficticias#diplomaLote006,DIPLOMA-0008,Diploma digital,Ativo,1.05,produção,2026-03-01,Portal Público Fictício de Consulta de Diplomas,https://consulta-diploma.exemplo.gov.br,https://w3id.org/ufes/ontodiplomadigital/instancias-ficticias#diplomadoLote006,Pessoa Fictícia-0495,Brasileira,https://w3id.org/ufes/ontodiplomadigital/instancias-ficticias#localNaturalidadeBr3550308,3550308,São Paulo,SP,,CPF-FICTICIO-0038,https://w3id.org/ufes/ontodiplomadigital/instancias-ficticias#cursoLote006,CURSO-0008,Tecnologia em Humanidades Digitais,,2400,2026-01-28,Tecnologia,Tecnólogo,Especialista em Humanidades Digitais,tratamento documental,Semipresencial,Processos de registro academico,2026-01-28,EMEC-FAKE-2026-0008,Análise de regularidade do curso 008,2025-09-05,2025-08-21,https://w3id.org/ufes/ontodiplomadigital/instancias-ficticias#enderecoCursoLote06,"Campus de Dados 06, Bloco A",,,,Sao Paulo,SP,31006-000,Brasil,,Universidade de Estudos Documentais,https://w3id.org/ufes/ontodiplomadigital/instancias-ficticias#iesEmissoraLote06,MEC-EM-0006,CNPJ-FICTICIO-0029/CNPJ-FICTICIO-0030,"Avenida Sintetica 106, Setor Emissor",Curitiba,PR,29006-000,Brasil,Universidade Federal de Registro Semântico,https://w3id.org/ufes/ontodiplomadigital/instancias-ficticias#iesRegistradoraLote06,MEC-RG-0006,CNPJ-FICTICIO-0031/CNPJ-FICTICIO-0032,"Rua Registral 206, Setor de Proveniencia",Florianopolis,SC,30006-000,Brasil,https://w3id.org/ufes/ontodiplomadigital/instancias-ficticias#registroLote006,ReqDip00000000000000000000000000000000000000000008,PROCESSO-DIPLOMA-0008,2026-02-04,2026-02-19,2026-03-06,L-2026-6,REGISTRO-0008,6,008,Caso sintetico 008 com status ativo e modalidade semipresencial.,https://w3id.org/ufes/ontodiplomadigital/instancias-ficticias#responsavelRegistroLote006,Pessoa Fictícia-0037,CPF-FICTICIO-0039,RESPONSAVEL-REGISTRO-0008,Assinante Fictício-0038,CPF-FICTICIO-0040,Reitoria de Registro 6,Pessoa Fictícia-0011,CPF-FICTICIO-0041,Pro-Reitora de Graduacao,https://w3id.org/ufes/ontodiplomadigital/instancias-ficticias#assinaturaLote006,2026-03-06T14:16:00,PAdES,Assinatura PFResponsavel Registro,,,2026-03-06T14:16:00,https://w3id.org/ufes/ontodiplomadigital/instancias-ficticias#codigoValidacaoLote006,CODIGO-VALIDACAO-FICTICIO-0512,https://w3id.org/ufes/ontodiplomadigital/instancias-ficticias#documentacaoAcademicaLote006,ReqDip00000000000000000000000000000000000000000008,Assinante Fictício-0010,CPF-FICTICIO-0042,Reitora,urn:fake:pdfa:ato-designacao:lote06,https://w3id.org/ufes/ontodiplomadigital/instancias-ficticias#historicoLote006,HISTORICO-0008
CASO-0009,https://w3id.org/ufes/ontodiplomadigital/instancias-ficticias#diplomaLote007,DIPLOMA-0009,Diploma digital,Ativo,1.05,homologação,2026-03-04,GovBR Acadêmico Fictício,https://govbr-academico.exemplo.gov.br,https://w3id.org/ufes/ontodiplomadigital/instancias-ficticias#diplomadoLote007,Pessoa Fictícia-0496,Brasileira,https://w3id.org/ufes/ontodiplomadigital/instancias-ficticias#localNaturalidadeBr3550308,3550308,São Paulo,SP,,CPF-FICTICIO-0043,https://w3id.org/ufes/ontodiplomadigital/instancias-ficticias#cursoLote007,CURSO-0009,Bacharelado em Documentacao Tecnica,CURSO-FAKE-0009,2600,2026-01-31,Bacharelado,Bacharel,,interoperabilidade semantica,Presencial,,,,,,,https://w3id.org/ufes/ontodiplomadigital/instancias-ficticias#enderecoCursoCaso1,"Campus Integracao, Bloco A",,,,Vila Semântica,ES,29001-111,Brasil,,Centro Acadêmico de Interoperabilidade,https://w3id.org/ufes/ontodiplomadigital/instancias-ficticias#iesEmissoraLote07,MEC-EM-0007,CNPJ-FICTICIO-0033/CNPJ-FICTICIO-0034,"Avenida Sintetica 107, Setor Emissor",Fortaleza,CE,29007-000,Brasil,Instituto de Segurança Documental,https://w3id.org/ufes/ontodiplomadigital/instancias-ficticias#iesRegistradoraLote07,MEC-RG-0007,CNPJ-FICTICIO-0035/CNPJ-FICTICIO-0036,"Rua Registral 207, Setor de Proveniencia",Belem,PA,30007-000,Brasil,https://w3id.org/ufes/ontodiplomadigital/instancias-ficticias#registroLote007,ReqDip00000000000000000000000000000000000000000009,PROCESSO-DIPLOMA-0009,2026-02-07,2026-02-22,2026-03-09,L-2026-7,REGISTRO-0009,7,009,Caso sintetico 009 com status ativo e modalidade presencial.,https://w3id.org/ufes/ontodiplomadigital/instancias-ficticias#responsavelRegistroLote007,Pessoa Fictícia-0040,CPF-FICTICIO-0044,RESPONSAVEL-REGISTRO-0009,Assinante Fictício-0041,CPF-FICTICIO-0045,Reitoria de Registro 7,Pessoa Fictícia-0016,CPF-FICTICIO-0046,Reitor,https://w3id.org/ufes/ontodiplomadigital/instancias-ficticias#assinaturaLote007,2026-03-09T15:17:00,XAdES,Assinatura da pessoa física emissora,,,2026-03-09T15:17:00,https://w3id.org/ufes/ontodiplomadigital/instancias-ficticias#codigoValidacaoLote007,CODIGO-VALIDACAO-FICTICIO-0513,https://w3id.org/ufes/ontodiplomadigital/instancias-ficticias#documentacaoAcademicaLote007,ReqDip00000000000000000000000000000000000000000009,Assinante Fictício-0015,CPF-FICTICIO-0047,Diretor Geral,urn:fake:pdfa:ato-designacao:lote07,https://w3id.org/ufes/ontodiplomadigital/instancias-ficticias#historicoLote007,HISTORICO-0009
CASO-0010,https://w3id.org/ufes/ontodiplomadigital/instancias-ficticias#diplomaLote008,DIPLOMA-0010,Diploma digital,Ativo,1.05,produção,2026-03-07,Portal Público Fictício de Consulta de Diplomas,https://consulta-diploma.exemplo.gov.br,https://w3id.org/ufes/ontodiplomadigital/instancias-ficticias#diplomadoLote008,Pessoa Fictícia-0497,Brasileira,https://w3id.org/ufes/ontodiplomadigital/instancias-ficticias#localNaturalidadeBr2611606,2611606,Recife,PE,,CPF-FICTICIO-0048,https://w3id.org/ufes/ontodiplomadigital/instancias-ficticias#cursoLote008,CURSO-0010,Licenciatura em Governanca Informacional,,2800,2026-02-03,Licenciatura,Licenciado,,curadoria digital,EaD,,,EMEC-FAKE-2026-0010,Análise de regularidade do curso 010,2025-09-11,2025-08-27,https://w3id.org/ufes/ontodiplomadigital/instancias-ficticias#enderecoCursoLote08,"Campus de Dados 08, Bloco C",,,,Florianopolis,SC,31008-000,Brasil,,Instituto Superior de Preservacao Informacional,https://w3id.org/ufes/ontodiplomadigital/instancias-ficticias#iesEmissoraLote08,MEC-EM-0008,CNPJ-FICTICIO-0037/CNPJ-FICTICIO-0038,"Avenida Sintetica 108, Setor Emissor",Goiania,GO,29008-000,Brasil,Centro Universitario de Rastreabilidade Acadêmica,https://w3id.org/ufes/ontodiplomadigital/instancias-ficticias#iesRegistradoraLote08,MEC-RG-0008,CNPJ-FICTICIO-0039/CNPJ-FICTICIO-0040,"Rua Registral 208, Setor de Proveniencia",Vitoria,ES,30008-000,Brasil,https://w3id.org/ufes/ontodiplomadigital/instancias-ficticias#registroLote008,ReqDip00000000000000000000000000000000000000000010,PROCESSO-DIPLOMA-0010,2026-02-10,2026-02-25,2026-03-12,L-2026-1,REGISTRO-0010,8,010,Caso sintetico 010 com status ativo e modalidade ead.,https://w3id.org/ufes/ontodiplomadigital/instancias-ficticias#responsavelRegistroLote008,Pessoa Fictícia-0043,CPF-FICTICIO-0049,RESPONSAVEL-REGISTRO-0010,Assinante Fictício-0044,CPF-FICTICIO-0050,Reitoria de Registro 8,Pessoa Fictícia-0021,CPF-FICTICIO-0051,Reitora,https://w3id.org/ufes/ontodiplomadigital/instancias-ficticias#assinaturaLote008,2026-03-12T16:18:00,CAdES,Assinatura PJArquivamento Documentacao Academica,Instituto Superior de Preservacao Informacional,,2026-03-12T16:18:00,https://w3id.org/ufes/ontodiplomadigital/instancias-ficticias#codigoValidacaoLote008,CODIGO-VALIDACAO-FICTICIO-0514,https://w3id.org/ufes/ontodiplomadigital/instancias-ficticias#documentacaoAcademicaLote008,ReqDip00000000000000000000000000000000000000000010,Assinante Fictício-0020,CPF-FICTICIO-0052,Diretora Geral,urn:fake:pdfa:ato-designacao:lote08,https://w3id.org/ufes/ontodiplomadigital/instancias-ficticias#historicoLote008,HISTORICO-0010
CASO-0011,https://w3id.org/ufes/ontodiplomadigital/instancias-ficticias#diplomaLote009,DIPLOMA-0011,Diploma digital,Revogado,1.05,homologação,2026-03-10,GovBR Acadêmico Fictício,https://govbr-academico.exemplo.gov.br,https://w3id.org/ufes/ontodiplomadigital/instancias-ficticias#diplomadoLote009,Pessoa Fictícia-0498,Brasileira,https://w3id.org/ufes/ontodiplomadigital/instancias-ficticias#localNaturalidadeBr1600303,1600303,Macapá,AP,,CPF-FICTICIO-0053,https://w3id.org/ufes/ontodiplomadigital/instancias-ficticias#cursoLote009,CURSO-0011,Tecnologia em Interoperabilidade Semântica,CURSO-FAKE-0011,3000,2026-02-06,Tecnologia,Tecnólogo,,organizacao do conhecimento,Semipresencial,Análise semantica aplicada,2026-02-06,,,,,https://w3id.org/ufes/ontodiplomadigital/instancias-ficticias#enderecoCursoLote05,"Campus de Dados 05, Bloco E",,,,Goiania,GO,31005-000,Brasil,,Universidade do Patrimonio Digital,https://w3id.org/ufes/ontodiplomadigital/instancias-ficticias#iesEmissoraLote09,MEC-EM-0009,CNPJ-FICTICIO-0041/CNPJ-FICTICIO-0042,"Avenida Sintetica 109, Setor Emissor",Sao Paulo,SP,29009-000,Brasil,Universidade Registradora do Brasil Digital,https://w3id.org/ufes/ontodiplomadigital/instancias-ficticias#iesRegistradoraLote01,MEC-RG-0001,CNPJ-FICTICIO-0011/CNPJ-FICTICIO-0012,"Rua Registral 201, Setor de Proveniencia",Curitiba,PR,30001-000,Brasil,https://w3id.org/ufes/ontodiplomadigital/instancias-ficticias#registroLote009,ReqDip00000000000000000000000000000000000000000011,PROCESSO-DIPLOMA-0011,2026-02-13,2026-02-28,2026-03-15,L-2026-2,REGISTRO-0011,9,011,Caso sintetico 011 com status revogado e modalidade semipresencial.,https://w3id.org/ufes/ontodiplomadigital/instancias-ficticias#responsavelRegistroLote009,Pessoa Fictícia-0046,CPF-FICTICIO-0054,RESPONSAVEL-REGISTRO-0011,Assinante Fictício-0047,CPF-FICTICIO-0055,Reitoria de Registro 9,Pessoa Fictícia-0026,CPF-FICTICIO-0056,Diretor Acadêmico,https://w3id.org/ufes/ontodiplomadigital/instancias-ficticias#assinaturaLote009,2026-03-15T08:19:00,PAdES,Assinatura da pessoa jurídica registradora,Universidade Registradora do Brasil Digital,,2026-03-15T08:19:00,https://w3id.org/ufes/ontodiplomadigital/instancias-ficticias#codigoValidacaoLote009,CODIGO-VALIDACAO-FICTICIO-0515,https://w3id.org/ufes/ontodiplomadigital/instancias-ficticias#documentacaoAcademicaLote009,ReqDip00000000000000000000000000000000000000000011,Assinante Fictício-0025,CPF-FICTICIO-0057,Procurador Institucional,urn:fake:pdfa:ato-designacao:lote09,https://w3id.org/ufes/ontodiplomadigital/instancias-ficticias#historicoLote009,HISTORICO-0011
CASO-0012,https://w3id.org/ufes/ontodiplomadigital/instancias-ficticias#diplomaLote010,DIPLOMA-0012,Diploma digital,Anulado,1.05,produção,2026-03-13,Portal Público Fictício de Consulta de Diplomas,https://consulta-diploma.exemplo.gov.br,https://w3id.org/ufes/ontodiplomadigital/instancias-ficticias#diplomadoLote010,Pessoa Fictícia-0499,Brasileira,https://w3id.org/ufes/ontodiplomadigital/instancias-ficticias#localNaturalidadeBr2800308,2800308,Aracaju,SE,,CPF-FICTICIO-0058,https://w3id.org/ufes/ontodiplomadigital/instancias-ficticias#cursoLote010,CURSO-0012,Bacharelado em Preservacao Digital,CURSO-FAKE-0012,3200,2026-02-09,Bacharelado,Bacharel,,preservacao e acesso,Presencial,,,,,,,https://w3id.org/ufes/ontodiplomadigital/instancias-ficticias#enderecoCursoLote10,"Campus de Dados 10, Bloco E",,,,Vitoria,ES,31010-000,Brasil,,Centro Universitario de Modelagem Conceitual,https://w3id.org/ufes/ontodiplomadigital/instancias-ficticias#iesEmissoraLote10,MEC-EM-0010,CNPJ-FICTICIO-0043/CNPJ-FICTICIO-0044,"Avenida Sintetica 110, Setor Emissor",Rio de Janeiro,RJ,29010-000,Brasil,Centro de Registro Interoperável,https://w3id.org/ufes/ontodiplomadigital/instancias-ficticias#iesRegistradoraLote02,MEC-RG-0002,CNPJ-FICTICIO-0015/CNPJ-FICTICIO-0016,"Rua Registral 202, Setor de Proveniencia",Fortaleza,CE,30002-000,Brasil,https://w3id.org/ufes/ontodiplomadigital/instancias-ficticias#registroLote010,ReqDip00000000000000000000000000000000000000000012,PROCESSO-DIPLOMA-0012,2026-02-16,2026-03-03,2026-03-18,L-2026-3,REGISTRO-0012,10,012,Caso sintetico 012 com status anulado e modalidade presencial.,https://w3id.org/ufes/ontodiplomadigital/instancias-ficticias#responsavelRegistroLote010,Pessoa Fictícia-0049,CPF-FICTICIO-0059,RESPONSAVEL-REGISTRO-0012,Assinante Fictício-0050 | Assinante Fictício-0051,CPF-FICTICIO-0060 | CPF-FICTICIO-0061,Reitoria de Registro 1 | Secretaria Acadêmica Integrada,Pessoa Fictícia-0031,CPF-FICTICIO-0062,Diretora Acadêmica,https://w3id.org/ufes/ontodiplomadigital/instancias-ficticias#assinaturaLote010,2026-03-18T09:20:00,XAdES,Assinatura da pessoa jurídica emissora,Centro Universitario de Modelagem Conceitual,Autoridade Certificadora Fictícia Integridade Digital,2026-03-18T09:20:00,https://w3id.org/ufes/ontodiplomadigital/instancias-ficticias#codigoValidacaoLote010,CODIGO-VALIDACAO-FICTICIO-0516,https://w3id.org/ufes/ontodiplomadigital/instancias-ficticias#documentacaoAcademicaLote010,ReqDip00000000000000000000000000000000000000000012,Assinante Fictício-0030,CPF-FICTICIO-0063,Procuradora Institucional,urn:fake:pdfa:ato-designacao:lote10,https://w3id.org/ufes/ontodiplomadigital/instancias-ficticias#historicoLote010,HISTORICO-0012
CASO-0013,https://w3id.org/ufes/ontodiplomadigital/instancias-ficticias#diplomaLote011,DIPLOMA-0013,Diploma digital,Ativo,1.05,homologação,2026-03-16,GovBR Acadêmico Fictício,https://govbr-academico.exemplo.gov.br,https://w3id.org/ufes/ontodiplomadigital/instancias-ficticias#diplomadoLote011,Pessoa Fictícia-0500,Brasileira,https://w3id.org/ufes/ontodiplomadigital/instancias-ficticias#localNaturalidadeBr1302603,1302603,Manaus,AM,,CPF-FICTICIO-0064,https://w3id.org/ufes/ontodiplomadigital/instancias-ficticias#cursoLote011,CURSO-0013,Licenciatura em Análise Territorial de Dados,CURSO-FAKE-0013,3400,2026-02-12,Licenciatura,Licenciado,,governanca de dados,EaD,,,,,,,https://w3id.org/ufes/ontodiplomadigital/instancias-ficticias#enderecoCursoLote11,"Campus de Dados 11, Bloco A",,,,Belo Horizonte,MG,31011-000,Brasil,,Universidade Aberta do Conhecimento,https://w3id.org/ufes/ontodiplomadigital/instancias-ficticias#iesEmissoraLote01,MEC-EM-0001,CNPJ-FICTICIO-0009/CNPJ-FICTICIO-0010,"Avenida Sintetica 101, Setor Emissor",Vitoria,ES,29001-000,Brasil,Instituto Nacional de Validação Acadêmica,https://w3id.org/ufes/ontodiplomadigital/instancias-ficticias#iesRegistradoraLote03,MEC-RG-0003,CNPJ-FICTICIO-0019/CNPJ-FICTICIO-0020,"Rua Registral 203, Setor de Proveniencia",Goiania,GO,30003-000,Brasil,https://w3id.org/ufes/ontodiplomadigital/instancias-ficticias#registroLote011,ReqDip00000000000000000000000000000000000000000013,PROCESSO-DIPLOMA-0013,2026-02-19,2026-03-06,2026-03-21,L-2026-4,REGISTRO-0013,11,013,Caso sintetico 013 com status ativo e modalidade ead.,https://w3id.org/ufes/ontodiplomadigital/instancias-ficticias#responsavelRegistroLote011,Pessoa Fictícia-0053,CPF-FICTICIO-0065,RESPONSAVEL-REGISTRO-0013,Assinante Fictício-0054,CPF-FICTICIO-0066,Reitoria de Registro 2,Assinante Fictício-0005,CPF-FICTICIO-0067,Secretario Geral Acadêmico,https://w3id.org/ufes/ontodiplomadigital/instancias-ficticias#assinaturaLote011,2026-03-21T10:21:00,CAdES,Assinatura PFResponsavel Registro,,,2026-03-21T10:21:00,https://w3id.org/ufes/ontodiplomadigital/instancias-ficticias#codigoValidacaoLote011,CODIGO-VALIDACAO-FICTICIO-0517,https://w3id.org/ufes/ontodiplomadigital/instancias-ficticias#documentacaoAcademicaLote011,ReqDip00000000000000000000000000000000000000000013,Pessoa Fictícia-0016,CPF-FICTICIO-0016,Diretor Geral,urn:fake:pdfa:ato-designacao:lote01,https://w3id.org/ufes/ontodiplomadigital/instancias-ficticias#historicoLote011,HISTORICO-0013
CASO-0014,https://w3id.org/ufes/ontodiplomadigital/instancias-ficticias#diplomaLote012,DIPLOMA-0014,Diploma digital,Ativo,1.05,produção,2026-03-19,Portal Público Fictício de Consulta de Diplomas,https://consulta-diploma.exemplo.gov.br,https://w3id.org/ufes/ontodiplomadigital/instancias-ficticias#diplomadoLote012,Pessoa Fictícia-0501,Brasileira,https://w3id.org/ufes/ontodiplomadigital/instancias-ficticias#localNaturalidadeBr3304557,3304557,Rio de Janeiro,RJ,,CPF-FICTICIO-0068,https://w3id.org/ufes/ontodiplomadigital/instancias-ficticias#cursoLote012,CURSO-0014,Tecnologia em Memoria Institucional,,2400,2026-02-15,Tecnologia,Tecnólogo,Especialista em Memoria Institucional,tratamento documental,Semipresencial,Processos de registro academico,2026-02-15,EMEC-FAKE-2026-0014,Análise de regularidade do curso 014,2025-09-23,2025-09-08,https://w3id.org/ufes/ontodiplomadigital/instancias-ficticias#enderecoCursoLote12,"Campus de Dados 12, Bloco B",,,,Salvador,BA,31012-000,Brasil,,Centro Universitario Horizonte Semântico,https://w3id.org/ufes/ontodiplomadigital/instancias-ficticias#iesEmissoraLote02,MEC-EM-0002,CNPJ-FICTICIO-0013/CNPJ-FICTICIO-0014,"Avenida Sintetica 102, Setor Emissor",Belo Horizonte,MG,29002-000,Brasil,Universidade Curadora de Diplomas,https://w3id.org/ufes/ontodiplomadigital/instancias-ficticias#iesRegistradoraLote04,MEC-RG-0004,CNPJ-FICTICIO-0023/CNPJ-FICTICIO-0024,"Rua Registral 204, Setor de Proveniencia",Sao Paulo,SP,30004-000,Brasil,https://w3id.org/ufes/ontodiplomadigital/instancias-ficticias#registroLote012,ReqDip00000000000000000000000000000000000000000014,PROCESSO-DIPLOMA-0014,2026-02-22,2026-03-09,2026-03-24,L-2026-5,REGISTRO-0014,12,014,Caso sintetico 014 com status ativo e modalidade semipresencial.,https://w3id.org/ufes/ontodiplomadigital/instancias-ficticias#responsavelRegistroLote012,Pessoa Fictícia-0056,CPF-FICTICIO-0069,RESPONSAVEL-REGISTRO-0014,Assinante Fictício-0057,CPF-FICTICIO-0070,Reitoria de Registro 3,Assinante Fictício-0010,CPF-FICTICIO-0071,Secretaria Geral Acadêmica,https://w3id.org/ufes/ontodiplomadigital/instancias-ficticias#assinaturaLote012,2026-03-24T11:22:00,PAdES,Assinatura da pessoa física emissora,,,2026-03-24T11:22:00,https://w3id.org/ufes/ontodiplomadigital/instancias-ficticias#codigoValidacaoLote012,CODIGO-VALIDACAO-FICTICIO-0518,https://w3id.org/ufes/ontodiplomadigital/instancias-ficticias#documentacaoAcademicaLote012,ReqDip00000000000000000000000000000000000000000014,Pessoa Fictícia-0021,CPF-FICTICIO-0021,Diretora Geral,urn:fake:pdfa:ato-designacao:lote02,https://w3id.org/ufes/ontodiplomadigital/instancias-ficticias#historicoLote012,HISTORICO-0014
CASO-0015,https://w3id.org/ufes/ontodiplomadigital/instancias-ficticias#diplomaLote013,DIPLOMA-0015,Diploma digital,Ativo,1.05,homologação,2026-03-22,GovBR Acadêmico Fictício,https://govbr-academico.exemplo.gov.br,https://w3id.org/ufes/ontodiplomadigital/instancias-ficticias#diplomadoLote013,Pessoa Fictícia-0502,Brasileira,https://w3id.org/ufes/ontodiplomadigital/instancias-ficticias#localNaturalidadeBr3304557,3304557,Rio de Janeiro,RJ,,CPF-FICTICIO-0072,https://w3id.org/ufes/ontodiplomadigital/instancias-ficticias#cursoLote013,CURSO-0015,Bacharelado em Ciência de Dados Publicos,CURSO-FAKE-0015,2600,2026-02-18,Bacharelado,Bacharel,,interoperabilidade semantica,Presencial,,,,,,,https://w3id.org/ufes/ontodiplomadigital/instancias-ficticias#enderecoCursoCaso1,"Campus Integracao, Bloco A",,,,Vila Semântica,ES,29001-111,Brasil,,Instituto Federal de Curadoria Digital,https://w3id.org/ufes/ontodiplomadigital/instancias-ficticias#iesEmissoraLote03,MEC-EM-0003,CNPJ-FICTICIO-0017/CNPJ-FICTICIO-0018,"Avenida Sintetica 103, Setor Emissor",Salvador,BA,29003-000,Brasil,Centro Registral de Conhecimento Aplicado,https://w3id.org/ufes/ontodiplomadigital/instancias-ficticias#iesRegistradoraLote05,MEC-RG-0005,CNPJ-FICTICIO-0027/CNPJ-FICTICIO-0028,"Rua Registral 205, Setor de Proveniencia",Rio de Janeiro,RJ,30005-000,Brasil,https://w3id.org/ufes/ontodiplomadigital/instancias-ficticias#registroLote013,ReqDip00000000000000000000000000000000000000000015,PROCESSO-DIPLOMA-0015,2026-02-25,2026-03-12,2026-03-27,L-2026-6,REGISTRO-0015,13,015,Caso sintetico 015 com status ativo e modalidade presencial.,https://w3id.org/ufes/ontodiplomadigital/instancias-ficticias#responsavelRegistroLote013,Pessoa Fictícia-0013,CPF-FICTICIO-0073,RESPONSAVEL-REGISTRO-0015,Assinante Fictício-0059,CPF-FICTICIO-0074,Reitoria de Registro 4,Assinante Fictício-0015,CPF-FICTICIO-0075,Pro-Reitor de Graduacao,https://w3id.org/ufes/ontodiplomadigital/instancias-ficticias#assinaturaLote013,2026-03-27T12:23:00,XAdES,Assinatura PJArquivamento Documentacao Academica,Instituto Federal de Curadoria Digital,,2026-03-27T12:23:00,https://w3id.org/ufes/ontodiplomadigital/instancias-ficticias#codigoValidacaoLote013,CODIGO-VALIDACAO-FICTICIO-0519,https://w3id.org/ufes/ontodiplomadigital/instancias-ficticias#documentacaoAcademicaLote013,ReqDip00000000000000000000000000000000000000000015,Pessoa Fictícia-0026,CPF-FICTICIO-0026,Procurador Institucional,urn:fake:pdfa:ato-designacao:lote03,https://w3id.org/ufes/ontodiplomadigital/instancias-ficticias#historicoLote013,HISTORICO-0015
CASO-0016,https://w3id.org/ufes/ontodiplomadigital/instancias-ficticias#diplomaLote014,DIPLOMA-0016,Diploma digital,Revogado,1.05,produção,2026-03-25,Portal Público Fictício de Consulta de Diplomas,https://consulta-diploma.exemplo.gov.br,https://w3id.org/ufes/ontodiplomadigital/instancias-ficticias#diplomadoLote014,Pessoa Fictícia-0503,Brasileira,https://w3id.org/ufes/ontodiplomadigital/instancias-ficticias#localNaturalidadeBr3304557,3304557,Rio de Janeiro,RJ,,CPF-FICTICIO-0076,https://w3id.org/ufes/ontodiplomadigital/instancias-ficticias#cursoLote014,CURSO-0016,Licenciatura em Curadoria Digital,CURSO-FAKE-0016,2800,2026-02-21,Licenciatura,Licenciado,,curadoria digital,EaD,,,,,,,https://w3id.org/ufes/ontodiplomadigital/instancias-ficticias#enderecoCursoLote02,"Campus de Dados 02, Bloco B",,,,Recife,PE,31002-000,Brasil,,Universidade Metropolitana da Informação,https://w3id.org/ufes/ontodiplomadigital/instancias-ficticias#iesEmissoraLote04,MEC-EM-0004,CNPJ-FICTICIO-0021/CNPJ-FICTICIO-0022,"Avenida Sintetica 104, Setor Emissor",Brasilia,DF,29004-000,Brasil,Universidade Federal de Registro Semântico,https://w3id.org/ufes/ontodiplomadigital/instancias-ficticias#iesRegistradoraLote06,MEC-RG-0006,CNPJ-FICTICIO-0031/CNPJ-FICTICIO-0032,"Rua Registral 206, Setor de Proveniencia",Florianopolis,SC,30006-000,Brasil,https://w3id.org/ufes/ontodiplomadigital/instancias-ficticias#registroLote014,ReqDip00000000000000000000000000000000000000000016,PROCESSO-DIPLOMA-0016,2026-02-28,2026-03-15,2026-03-30,L-2026-7,REGISTRO-0016,14,016,Caso sintetico 016 com status revogado e modalidade ead.,https://w3id.org/ufes/ontodiplomadigital/instancias-ficticias#responsavelRegistroLote014,Pessoa Fictícia-0018,CPF-FICTICIO-0077,RESPONSAVEL-REGISTRO-0016,Assinante Fictício-0061,CPF-FICTICIO-0078,Reitoria de Registro 5,Assinante Fictício-0020,CPF-FICTICIO-0079,Pro-Reitora de Graduacao,https://w3id.org/ufes/ontodiplomadigital/instancias-ficticias#assinaturaLote014,2026-03-30T13:24:00,CAdES,Assinatura da pessoa jurídica registradora,Universidade Federal de Registro Semântico,,2026-03-30T13:24:00,https://w3id.org/ufes/ontodiplomadigital/instancias-ficticias#codigoValidacaoLote014,CODIGO-VALIDACAO-FICTICIO-0520,https://w3id.org/ufes/ontodiplomadigital/instancias-ficticias#documentacaoAcademicaLote014,ReqDip00000000000000000000000000000000000000000016,Pessoa Fictícia-0031,CPF-FICTICIO-0031,Procuradora Institucional,urn:fake:pdfa:ato-designacao:lote04,https://w3id.org/ufes/ontodiplomadigital/instancias-ficticias#historicoLote014,HISTORICO-0016
CASO-0017,https://w3id.org/ufes/ontodiplomadigital/instancias-ficticias#diplomaLote015,DIPLOMA-0017,Diploma digital,Anulado,1.05,homologação,2026-03-28,GovBR Acadêmico Fictício,https://govbr-academico.exemplo.gov.br,https://w3id.org/ufes/ontodiplomadigital/instancias-ficticias#diplomadoLote015,Pessoa Fictícia-0504,Angolana,https://w3id.org/ufes/ontodiplomadigital/instancias-ficticias#localNaturalidadeEstrangeiraLuanda,,,,Luanda,CPF-FICTICIO-0080,https://w3id.org/ufes/ontodiplomadigital/instancias-ficticias#cursoLote015,CURSO-0017,Tecnologia em Arquivologia Aplicada,CURSO-FAKE-0017,3000,2026-02-24,Tecnologia,Tecnólogo,,organizacao do conhecimento,Semipresencial,Análise semantica aplicada,2026-02-24,,,,,https://w3id.org/ufes/ontodiplomadigital/instancias-ficticias#enderecoCursoLote09,"Campus de Dados 09, Bloco D",,,,Belem,PA,31009-000,Brasil,,Faculdade Nacional de Dados Ligados,https://w3id.org/ufes/ontodiplomadigital/instancias-ficticias#iesEmissoraLote05,MEC-EM-0005,CNPJ-FICTICIO-0025/CNPJ-FICTICIO-0026,"Avenida Sintetica 105, Setor Emissor",Recife,PE,29005-000,Brasil,Instituto de Segurança Documental,https://w3id.org/ufes/ontodiplomadigital/instancias-ficticias#iesRegistradoraLote07,MEC-RG-0007,CNPJ-FICTICIO-0035/CNPJ-FICTICIO-0036,"Rua Registral 207, Setor de Proveniencia",Belem,PA,30007-000,Brasil,https://w3id.org/ufes/ontodiplomadigital/instancias-ficticias#registroLote015,ReqDip00000000000000000000000000000000000000000017,PROCESSO-DIPLOMA-0017,2026-03-03,2026-03-18,2026-04-02,L-2026-1,REGISTRO-0017,15,017,Caso sintetico 017 com status anulado e modalidade semipresencial.,https://w3id.org/ufes/ontodiplomadigital/instancias-ficticias#responsavelRegistroLote015,Pessoa Fictícia-0023,CPF-FICTICIO-0081,RESPONSAVEL-REGISTRO-0017,Assinante Fictício-0063 | Assinante Fictício-0064,CPF-FICTICIO-0082 | CPF-FICTICIO-0083,Reitoria de Registro 6 | Secretaria Acadêmica Integrada,Assinante Fictício-0025,CPF-FICTICIO-0084,Reitor,https://w3id.org/ufes/ontodiplomadigital/instancias-ficticias#assinaturaLote015,2026-04-02T14:25:00,PAdES,Assinatura da pessoa jurídica emissora,Faculdade Nacional de Dados Ligados,,2026-04-02T14:25:00,https://w3id.org/ufes/ontodiplomadigital/instancias-ficticias#codigoValidacaoLote015,CODIGO-VALIDACAO-FICTICIO-0521,https://w3id.org/ufes/ontodiplomadigital/instancias-ficticias#documentacaoAcademicaLote015,ReqDip00000000000000000000000000000000000000000017,Assinante Fictício-0005,CPF-FICTICIO-0037,Reitor,urn:fake:pdfa:ato-designacao:lote05,https://w3id.org/ufes/ontodiplomadigital/instancias-ficticias#historicoLote015,HISTORICO-0017
CASO-0018,https://w3id.org/ufes/ontodiplomadigital/instancias-ficticias#diplomaLote016,DIPLOMA-0018,Diploma digital,Ativo,1.05,produção,2026-03-31,Portal Público Fictício de Consulta de Diplomas,https://consulta-diploma.exemplo.gov.br,https://w3id.org/ufes/ontodiplomadigital/instancias-ficticias#diplomadoLote016,Pessoa Fictícia-0505,Brasileira,https://w3id.org/ufes/ontodiplomadigital/instancias-ficticias#localNaturalidadeBr3304557,3304557,Rio de Janeiro,RJ,,CPF-FICTICIO-0085,https://w3id.org/ufes/ontodiplomadigital/instancias-ficticias#cursoLote016,CURSO-0018,Bacharelado em Biblioteconomia Analitica,,3200,2026-02-27,Bacharelado,Bacharel,,preservacao e acesso,Presencial,,,EMEC-FAKE-2026-0018,Análise de regularidade do curso 018,2025-10-05,2025-09-20,https://w3id.org/ufes/ontodiplomadigital/instancias-ficticias#enderecoCursoLote04,"Campus de Dados 04, Bloco D",,,,Fortaleza,CE,31004-000,Brasil,,Universidade de Estudos Documentais,https://w3id.org/ufes/ontodiplomadigital/instancias-ficticias#iesEmissoraLote06,MEC-EM-0006,CNPJ-FICTICIO-0029/CNPJ-FICTICIO-0030,"Avenida Sintetica 106, Setor Emissor",Curitiba,PR,29006-000,Brasil,Centro Universitario de Rastreabilidade Acadêmica,https://w3id.org/ufes/ontodiplomadigital/instancias-ficticias#iesRegistradoraLote08,MEC-RG-0008,CNPJ-FICTICIO-0039/CNPJ-FICTICIO-0040,"Rua Registral 208, Setor de Proveniencia",Vitoria,ES,30008-000,Brasil,https://w3id.org/ufes/ontodiplomadigital/instancias-ficticias#registroLote016,ReqDip00000000000000000000000000000000000000000018,PROCESSO-DIPLOMA-0018,2026-03-06,2026-03-21,2026-04-05,L-2026-2,REGISTRO-0018,16,018,Caso sintetico 018 com status ativo e modalidade presencial.,https://w3id.org/ufes/ontodiplomadigital/instancias-ficticias#responsavelRegistroLote016,Pessoa Fictícia-0028,CPF-FICTICIO-0086,RESPONSAVEL-REGISTRO-0018,Assinante Fictício-0066,CPF-FICTICIO-0087,Reitoria de Registro 7,Assinante Fictício-0030,CPF-FICTICIO-0088,Reitora,https://w3id.org/ufes/ontodiplomadigital/instancias-ficticias#assinaturaLote016,2026-04-05T15:26:00,XAdES,Assinatura PFResponsavel Registro,,,2026-04-05T15:26:00,https://w3id.org/ufes/ontodiplomadigital/instancias-ficticias#codigoValidacaoLote016,CODIGO-VALIDACAO-FICTICIO-0522,https://w3id.org/ufes/ontodiplomadigital/instancias-ficticias#documentacaoAcademicaLote016,ReqDip00000000000000000000000000000000000000000018,Assinante Fictício-0010,CPF-FICTICIO-0042,Reitora,urn:fake:pdfa:ato-designacao:lote06,https://w3id.org/ufes/ontodiplomadigital/instancias-ficticias#historicoLote016,HISTORICO-0018
CASO-0019,https://w3id.org/ufes/ontodiplomadigital/instancias-ficticias#diplomaLote017,DIPLOMA-0019,Diploma digital,Ativo,1.05,homologação,2026-04-03,GovBR Acadêmico Fictício,https://govbr-academico.exemplo.gov.br,https://w3id.org/ufes/ontodiplomadigital/instancias-ficticias#diplomadoLote017,Pessoa Fictícia-0506,Brasileira,https://w3id.org/ufes/ontodiplomadigital/instancias-ficticias#localNaturalidadeBr3304557,3304557,Rio de Janeiro,RJ,,CPF-FICTICIO-0089,https://w3id.org/ufes/ontodiplomadigital/instancias-ficticias#cursoLote017,CURSO-0019,Licenciatura em Gestão da Informação,CURSO-FAKE-0019,3400,2026-03-02,Licenciatura,Licenciado,,governanca de dados,EaD,,,,,,,https://w3id.org/ufes/ontodiplomadigital/instancias-ficticias#enderecoCursoLote06,"Campus de Dados 06, Bloco A",,,,Sao Paulo,SP,31006-000,Brasil,,Centro Acadêmico de Interoperabilidade,https://w3id.org/ufes/ontodiplomadigital/instancias-ficticias#iesEmissoraLote07,MEC-EM-0007,CNPJ-FICTICIO-0033/CNPJ-FICTICIO-0034,"Avenida Sintetica 107, Setor Emissor",Fortaleza,CE,29007-000,Brasil,Universidade Registradora do Brasil Digital,https://w3id.org/ufes/ontodiplomadigital/instancias-ficticias#iesRegistradoraLote01,MEC-RG-0001,CNPJ-FICTICIO-0011/CNPJ-FICTICIO-0012,"Rua Registral 201, Setor de Proveniencia",Curitiba,PR,30001-000,Brasil,https://w3id.org/ufes/ontodiplomadigital/instancias-ficticias#registroLote017,ReqDip00000000000000000000000000000000000000000019,PROCESSO-DIPLOMA-0019,2026-03-09,2026-03-24,2026-04-08,L-2026-3,REGISTRO-0019,17,019,Caso sintetico 019 com status ativo e modalidade ead.,https://w3id.org/ufes/ontodiplomadigital/instancias-ficticias#responsavelRegistroLote017,Pessoa Fictícia-0033,CPF-FICTICIO-0090,RESPONSAVEL-REGISTRO-0019,Assinante Fictício-0068,CPF-FICTICIO-0091,Reitoria de Registro 8,Pessoa Fictícia-0006,CPF-FICTICIO-0092,Diretor Acadêmico,https://w3id.org/ufes/ontodiplomadigital/instancias-ficticias#assinaturaLote017,2026-04-08T16:27:00,CAdES,Assinatura da pessoa física emissora,,,2026-04-08T16:27:00,https://w3id.org/ufes/ontodiplomadigital/instancias-ficticias#codigoValidacaoLote017,CODIGO-VALIDACAO-FICTICIO-0523,https://w3id.org/ufes/ontodiplomadigital/instancias-ficticias#documentacaoAcademicaLote017,ReqDip00000000000000000000000000000000000000000019,Assinante Fictício-0015,CPF-FICTICIO-0047,Diretor Geral,urn:fake:pdfa:ato-designacao:lote07,https://w3id.org/ufes/ontodiplomadigital/instancias-ficticias#historicoLote017,HISTORICO-0019
CASO-0020,https://w3id.org/ufes/ontodiplomadigital/instancias-ficticias#diplomaLote018,DIPLOMA-0020,Diploma digital,Ativo,1.05,produção,2026-04-06,Portal Público Fictício de Consulta de Diplomas,https://consulta-diploma.exemplo.gov.br,https://w3id.org/ufes/ontodiplomadigital/instancias-ficticias#diplomadoLote018,Pessoa Fictícia-0507,Brasileira,https://w3id.org/ufes/ontodiplomadigital/instancias-ficticias#localNaturalidadeBr3304557,3304557,Rio de Janeiro,RJ,,CPF-FICTICIO-0093,https://w3id.org/ufes/ontodiplomadigital/instancias-ficticias#cursoLote018,CURSO-0020,Tecnologia em Humanidades Digitais,,2400,2026-03-05,Tecnologia,Tecnólogo,Especialista em Humanidades Digitais,tratamento documental,Semipresencial,Processos de registro academico,2026-03-05,EMEC-FAKE-2026-0020,Análise de regularidade do curso 020,2025-10-11,2025-09-26,https://w3id.org/ufes/ontodiplomadigital/instancias-ficticias#enderecoCursoLote06,"Campus de Dados 06, Bloco A",,,,Sao Paulo,SP,31006-000,Brasil,,Instituto Superior de Preservacao Informacional,https://w3id.org/ufes/ontodiplomadigital/instancias-ficticias#iesEmissoraLote08,MEC-EM-0008,CNPJ-FICTICIO-0037/CNPJ-FICTICIO-0038,"Avenida Sintetica 108, Setor Emissor",Goiania,GO,29008-000,Brasil,Centro de Registro Interoperável,https://w3id.org/ufes/ontodiplomadigital/instancias-ficticias#iesRegistradoraLote02,MEC-RG-0002,CNPJ-FICTICIO-0015/CNPJ-FICTICIO-0016,"Rua Registral 202, Setor de Proveniencia",Fortaleza,CE,30002-000,Brasil,https://w3id.org/ufes/ontodiplomadigital/instancias-ficticias#registroLote018,ReqDip00000000000000000000000000000000000000000020,PROCESSO-DIPLOMA-0020,2026-03-12,2026-03-27,2026-04-11,L-2026-4,REGISTRO-0020,18,020,Caso sintetico 020 com status ativo e modalidade semipresencial.,https://w3id.org/ufes/ontodiplomadigital/instancias-ficticias#responsavelRegistroLote018,Pessoa Fictícia-0037,CPF-FICTICIO-0094,RESPONSAVEL-REGISTRO-0020,Assinante Fictício-0070,CPF-FICTICIO-0095,Reitoria de Registro 9,Pessoa Fictícia-0011,CPF-FICTICIO-0096,Diretora Acadêmica,https://w3id.org/ufes/ontodiplomadigital/instancias-ficticias#assinaturaLote018,2026-04-11T08:28:00,PAdES,Assinatura PJArquivamento Documentacao Academica,Instituto Superior de Preservacao Informacional,,2026-04-11T08:28:00,https://w3id.org/ufes/ontodiplomadigital/instancias-ficticias#codigoValidacaoLote018,CODIGO-VALIDACAO-FICTICIO-0524,https://w3id.org/ufes/ontodiplomadigital/instancias-ficticias#documentacaoAcademicaLote018,ReqDip00000000000000000000000000000000000000000020,Assinante Fictício-0020,CPF-FICTICIO-0052,Diretora Geral,urn:fake:pdfa:ato-designacao:lote08,https://w3id.org/ufes/ontodiplomadigital/instancias-ficticias#historicoLote018,HISTORICO-0020
CASO-0021,https://w3id.org/ufes/ontodiplomadigital/instancias-ficticias#diplomaLote019,DIPLOMA-0021,Diploma digital,Revogado,1.05,homologação,2026-04-09,GovBR Acadêmico Fictício,https://govbr-academico.exemplo.gov.br,https://w3id.org/ufes/ontodiplomadigital/instancias-ficticias#diplomadoLote019,Pessoa Fictícia-0508,Brasileira,https://w3id.org/ufes/ontodiplomadigital/instancias-ficticias#localNaturalidadeBr5300108,5300108,Brasília,DF,,CPF-FICTICIO-0097,https://w3id.org/ufes/ontodiplomadigital/instancias-ficticias#cursoLote019,CURSO-0021,Bacharelado em Documentacao Tecnica,CURSO-FAKE-0021,2600,2026-03-08,Bacharelado,Bacharel,,interoperabilidade semantica,Presencial,,,,,,,https://w3id.org/ufes/ontodiplomadigital/instancias-ficticias#enderecoCursoLote06,"Campus de Dados 06, Bloco A",,,,Sao Paulo,SP,31006-000,Brasil,,Universidade do Patrimonio Digital,https://w3id.org/ufes/ontodiplomadigital/instancias-ficticias#iesEmissoraLote09,MEC-EM-0009,CNPJ-FICTICIO-0041/CNPJ-FICTICIO-0042,"Avenida Sintetica 109, Setor Emissor",Sao Paulo,SP,29009-000,Brasil,Instituto Nacional de Validação Acadêmica,https://w3id.org/ufes/ontodiplomadigital/instancias-ficticias#iesRegistradoraLote03,MEC-RG-0003,CNPJ-FICTICIO-0019/CNPJ-FICTICIO-0020,"Rua Registral 203, Setor de Proveniencia",Goiania,GO,30003-000,Brasil,https://w3id.org/ufes/ontodiplomadigital/instancias-ficticias#registroLote019,ReqDip00000000000000000000000000000000000000000021,PROCESSO-DIPLOMA-0021,2026-03-15,2026-03-30,2026-04-14,L-2026-5,REGISTRO-0021,19,021,Caso sintetico 021 com status revogado e modalidade presencial.,https://w3id.org/ufes/ontodiplomadigital/instancias-ficticias#responsavelRegistroLote019,Pessoa Fictícia-0040,CPF-FICTICIO-0098,RESPONSAVEL-REGISTRO-0021,Assinante Fictício-0072,CPF-FICTICIO-0099,Reitoria de Registro 1,Pessoa Fictícia-0016,CPF-FICTICIO-0100,Secretario Geral Acadêmico,https://w3id.org/ufes/ontodiplomadigital/instancias-ficticias#assinaturaLote019,2026-04-14T09:29:00,XAdES,Assinatura da pessoa jurídica registradora,Instituto Nacional de Validação Acadêmica,,2026-04-14T09:29:00,https://w3id.org/ufes/ontodiplomadigital/instancias-ficticias#codigoValidacaoLote019,CODIGO-VALIDACAO-FICTICIO-0525,https://w3id.org/ufes/ontodiplomadigital/instancias-ficticias#documentacaoAcademicaLote019,ReqDip00000000000000000000000000000000000000000021,Assinante Fictício-0025,CPF-FICTICIO-0057,Procurador Institucional,urn:fake:pdfa:ato-designacao:lote09,https://w3id.org/ufes/ontodiplomadigital/instancias-ficticias#historicoLote019,HISTORICO-0021
CASO-0022,https://w3id.org/ufes/ontodiplomadigital/instancias-ficticias#diplomaLote020,DIPLOMA-0022,Diploma digital,Anulado,1.05,produção,2026-04-12,Portal Público Fictício de Consulta de Diplomas,https://consulta-diploma.exemplo.gov.br,https://w3id.org/ufes/ontodiplomadigital/instancias-ficticias#diplomadoLote020,Pessoa Fictícia-0509,Brasileira,https://w3id.org/ufes/ontodiplomadigital/instancias-ficticias#localNaturalidadeBr2111300,2111300,São Luís,MA,,CPF-FICTICIO-0101,https://w3id.org/ufes/ontodiplomadigital/instancias-ficticias#cursoLote020,CURSO-0022,Licenciatura em Governanca Informacional,,2800,2026-03-11,Licenciatura,Licenciado,,curadoria digital,EaD,,,EMEC-FAKE-2026-0022,Análise de regularidade do curso 022,2025-10-17,2025-10-02,https://w3id.org/ufes/ontodiplomadigital/instancias-ficticias#enderecoCursoLote08,"Campus de Dados 08, Bloco C",,,,Florianopolis,SC,31008-000,Brasil,,Centro Universitario de Modelagem Conceitual,https://w3id.org/ufes/ontodiplomadigital/instancias-ficticias#iesEmissoraLote10,MEC-EM-0010,CNPJ-FICTICIO-0043/CNPJ-FICTICIO-0044,"Avenida Sintetica 110, Setor Emissor",Rio de Janeiro,RJ,29010-000,Brasil,Universidade Curadora de Diplomas,https://w3id.org/ufes/ontodiplomadigital/instancias-ficticias#iesRegistradoraLote04,MEC-RG-0004,CNPJ-FICTICIO-0023/CNPJ-FICTICIO-0024,"Rua Registral 204, Setor de Proveniencia",Sao Paulo,SP,30004-000,Brasil,https://w3id.org/ufes/ontodiplomadigital/instancias-ficticias#registroLote020,ReqDip00000000000000000000000000000000000000000022,PROCESSO-DIPLOMA-0022,2026-03-18,2026-04-02,2026-04-17,L-2026-6,REGISTRO-0022,20,022,Caso sintetico 022 com status anulado e modalidade ead.,https://w3id.org/ufes/ontodiplomadigital/instancias-ficticias#responsavelRegistroLote020,Pessoa Fictícia-0043,CPF-FICTICIO-0102,RESPONSAVEL-REGISTRO-0022,Assinante Fictício-0074 | Assinante Fictício-0075,CPF-FICTICIO-0103 | CPF-FICTICIO-0104,Reitoria de Registro 2 | Secretaria Acadêmica Integrada,Pessoa Fictícia-0021,CPF-FICTICIO-0105,Secretaria Geral Acadêmica,https://w3id.org/ufes/ontodiplomadigital/instancias-ficticias#assinaturaLote020,2026-04-17T10:30:00,CAdES,Assinatura da pessoa jurídica emissora,Centro Universitario de Modelagem Conceitual,,2026-04-17T10:30:00,https://w3id.org/ufes/ontodiplomadigital/instancias-ficticias#codigoValidacaoLote020,CODIGO-VALIDACAO-FICTICIO-0526,https://w3id.org/ufes/ontodiplomadigital/instancias-ficticias#documentacaoAcademicaLote020,ReqDip00000000000000000000000000000000000000000022,Assinante Fictício-0030,CPF-FICTICIO-0063,Procuradora Institucional,urn:fake:pdfa:ato-designacao:lote10,https://w3id.org/ufes/ontodiplomadigital/instancias-ficticias#historicoLote020,HISTORICO-0022
CASO-0023,https://w3id.org/ufes/ontodiplomadigital/instancias-ficticias#diplomaLote021,DIPLOMA-0023,Diploma digital,Ativo,1.05,homologação,2026-04-15,GovBR Acadêmico Fictício,https://govbr-academico.exemplo.gov.br,https://w3id.org/ufes/ontodiplomadigital/instancias-ficticias#diplomadoLote021,Pessoa Fictícia-0510,Brasileira,https://w3id.org/ufes/ontodiplomadigital/instancias-ficticias#localNaturalidadeBr3106200,3106200,Belo Horizonte,MG,,CPF-FICTICIO-0106,https://w3id.org/ufes/ontodiplomadigital/instancias-ficticias#cursoLote021,CURSO-0023,Tecnologia em Interoperabilidade Semântica,CURSO-FAKE-0023,3000,2026-03-14,Tecnologia,Tecnólogo,,organizacao do conhecimento,Semipresencial,Análise semantica aplicada,2026-03-14,,,,,https://w3id.org/ufes/ontodiplomadigital/instancias-ficticias#enderecoCursoLote03,"Campus de Dados 03, Bloco C",,,,Curitiba,PR,31003-000,Brasil,,Universidade Aberta do Conhecimento,https://w3id.org/ufes/ontodiplomadigital/instancias-ficticias#iesEmissoraLote01,MEC-EM-0001,CNPJ-FICTICIO-0009/CNPJ-FICTICIO-0010,"Avenida Sintetica 101, Setor Emissor",Vitoria,ES,29001-000,Brasil,Centro Registral de Conhecimento Aplicado,https://w3id.org/ufes/ontodiplomadigital/instancias-ficticias#iesRegistradoraLote05,MEC-RG-0005,CNPJ-FICTICIO-0027/CNPJ-FICTICIO-0028,"Rua Registral 205, Setor de Proveniencia",Rio de Janeiro,RJ,30005-000,Brasil,https://w3id.org/ufes/ontodiplomadigital/instancias-ficticias#registroLote021,ReqDip00000000000000000000000000000000000000000023,PROCESSO-DIPLOMA-0023,2026-03-21,2026-04-05,2026-04-20,L-2026-7,REGISTRO-0023,21,023,Caso sintetico 023 com status ativo e modalidade semipresencial.,https://w3id.org/ufes/ontodiplomadigital/instancias-ficticias#responsavelRegistroLote021,Pessoa Fictícia-0046,CPF-FICTICIO-0107,RESPONSAVEL-REGISTRO-0023,Assinante Fictício-0077,CPF-FICTICIO-0108,Reitoria de Registro 3,Pessoa Fictícia-0026,CPF-FICTICIO-0109,Pro-Reitor de Graduacao,https://w3id.org/ufes/ontodiplomadigital/instancias-ficticias#assinaturaLote021,2026-04-20T11:31:00,PAdES,Assinatura PFResponsavel Registro,,,2026-04-20T11:31:00,https://w3id.org/ufes/ontodiplomadigital/instancias-ficticias#codigoValidacaoLote021,CODIGO-VALIDACAO-FICTICIO-0527,https://w3id.org/ufes/ontodiplomadigital/instancias-ficticias#documentacaoAcademicaLote021,ReqDip00000000000000000000000000000000000000000023,Pessoa Fictícia-0016,CPF-FICTICIO-0016,Diretor Geral,urn:fake:pdfa:ato-designacao:lote01,https://w3id.org/ufes/ontodiplomadigital/instancias-ficticias#historicoLote021,HISTORICO-0023
CASO-0024,https://w3id.org/ufes/ontodiplomadigital/instancias-ficticias#diplomaLote022,DIPLOMA-0024,Diploma digital,Ativo,1.05,produção,2026-04-18,Portal Público Fictício de Consulta de Diplomas,https://consulta-diploma.exemplo.gov.br,https://w3id.org/ufes/ontodiplomadigital/instancias-ficticias#diplomadoLote022,Pessoa Fictícia-0511,Brasileira,https://w3id.org/ufes/ontodiplomadigital/instancias-ficticias#localNaturalidadeBr2927408,2927408,Salvador,BA,,CPF-FICTICIO-0110,https://w3id.org/ufes/ontodiplomadigital/instancias-ficticias#cursoLote022,CURSO-0024,Bacharelado em Preservacao Digital,CURSO-FAKE-0024,3200,2026-03-17,Bacharelado,Bacharel,,preservacao e acesso,Presencial,,,,,,,https://w3id.org/ufes/ontodiplomadigital/instancias-ficticias#enderecoCursoLote10,"Campus de Dados 10, Bloco E",,,,Vitoria,ES,31010-000,Brasil,,Centro Universitario Horizonte Semântico,https://w3id.org/ufes/ontodiplomadigital/instancias-ficticias#iesEmissoraLote02,MEC-EM-0002,CNPJ-FICTICIO-0013/CNPJ-FICTICIO-0014,"Avenida Sintetica 102, Setor Emissor",Belo Horizonte,MG,29002-000,Brasil,Universidade Federal de Registro Semântico,https://w3id.org/ufes/ontodiplomadigital/instancias-ficticias#iesRegistradoraLote06,MEC-RG-0006,CNPJ-FICTICIO-0031/CNPJ-FICTICIO-0032,"Rua Registral 206, Setor de Proveniencia",Florianopolis,SC,30006-000,Brasil,https://w3id.org/ufes/ontodiplomadigital/instancias-ficticias#registroLote022,ReqDip00000000000000000000000000000000000000000024,PROCESSO-DIPLOMA-0024,2026-03-24,2026-04-08,2026-04-23,L-2026-1,REGISTRO-0024,22,024,Caso sintetico 024 com status ativo e modalidade presencial.,https://w3id.org/ufes/ontodiplomadigital/instancias-ficticias#responsavelRegistroLote022,Pessoa Fictícia-0049,CPF-FICTICIO-0111,RESPONSAVEL-REGISTRO-0024,Assinante Fictício-0079,CPF-FICTICIO-0112,Reitoria de Registro 4,Pessoa Fictícia-0031,CPF-FICTICIO-0113,Pro-Reitora de Graduacao,https://w3id.org/ufes/ontodiplomadigital/instancias-ficticias#assinaturaLote022,2026-04-23T12:32:00,XAdES,Assinatura da pessoa física emissora,,Autoridade Certificadora Fictícia Integridade Digital,2026-04-23T12:32:00,https://w3id.org/ufes/ontodiplomadigital/instancias-ficticias#codigoValidacaoLote022,CODIGO-VALIDACAO-FICTICIO-0528,https://w3id.org/ufes/ontodiplomadigital/instancias-ficticias#documentacaoAcademicaLote022,ReqDip00000000000000000000000000000000000000000024,Pessoa Fictícia-0021,CPF-FICTICIO-0021,Diretora Geral,urn:fake:pdfa:ato-designacao:lote02,https://w3id.org/ufes/ontodiplomadigital/instancias-ficticias#historicoLote022,HISTORICO-0024
CASO-0025,https://w3id.org/ufes/ontodiplomadigital/instancias-ficticias#diplomaLote023,DIPLOMA-0025,Diploma digital,Ativo,1.05,homologação,2026-04-21,GovBR Acadêmico Fictício,https://govbr-academico.exemplo.gov.br,https://w3id.org/ufes/ontodiplomadigital/instancias-ficticias#diplomadoLote023,Pessoa Fictícia-0512,Brasileira,https://w3id.org/ufes/ontodiplomadigital/instancias-ficticias#localNaturalidadeBr4314902,4314902,Porto Alegre,RS,,CPF-FICTICIO-0114,https://w3id.org/ufes/ontodiplomadigital/instancias-ficticias#cursoLote023,CURSO-0025,Licenciatura em Análise Territorial de Dados,CURSO-FAKE-0025,3400,2026-03-20,Licenciatura,Licenciado,,governanca de dados,EaD,,,,,,,https://w3id.org/ufes/ontodiplomadigital/instancias-ficticias#enderecoCursoLote04,"Campus de Dados 04, Bloco D",,,,Fortaleza,CE,31004-000,Brasil,,Instituto Federal de Curadoria Digital,https://w3id.org/ufes/ontodiplomadigital/instancias-ficticias#iesEmissoraLote03,MEC-EM-0003,CNPJ-FICTICIO-0017/CNPJ-FICTICIO-0018,"Avenida Sintetica 103, Setor Emissor",Salvador,BA,29003-000,Brasil,Instituto de Segurança Documental,https://w3id.org/ufes/ontodiplomadigital/instancias-ficticias#iesRegistradoraLote07,MEC-RG-0007,CNPJ-FICTICIO-0035/CNPJ-FICTICIO-0036,"Rua Registral 207, Setor de Proveniencia",Belem,PA,30007-000,Brasil,https://w3id.org/ufes/ontodiplomadigital/instancias-ficticias#registroLote023,ReqDip00000000000000000000000000000000000000000025,PROCESSO-DIPLOMA-0025,2026-03-27,2026-04-11,2026-04-26,L-2026-2,REGISTRO-0025,23,025,Caso sintetico 025 com status ativo e modalidade ead.,https://w3id.org/ufes/ontodiplomadigital/instancias-ficticias#responsavelRegistroLote023,Pessoa Fictícia-0053,CPF-FICTICIO-0115,RESPONSAVEL-REGISTRO-0025,Assinante Fictício-0081,CPF-FICTICIO-0116,Reitoria de Registro 5,Assinante Fictício-0005,CPF-FICTICIO-0117,Reitor,https://w3id.org/ufes/ontodiplomadigital/instancias-ficticias#assinaturaLote023,2026-04-26T13:33:00,CAdES,Assinatura PJArquivamento Documentacao Academica,Instituto Federal de Curadoria Digital,,2026-04-26T13:33:00,https://w3id.org/ufes/ontodiplomadigital/instancias-ficticias#codigoValidacaoLote023,CODIGO-VALIDACAO-FICTICIO-0529,https://w3id.org/ufes/ontodiplomadigital/instancias-ficticias#documentacaoAcademicaLote023,ReqDip00000000000000000000000000000000000000000025,Pessoa Fictícia-0026,CPF-FICTICIO-0026,Procurador Institucional,urn:fake:pdfa:ato-designacao:lote03,https://w3id.org/ufes/ontodiplomadigital/instancias-ficticias#historicoLote023,HISTORICO-0025
CASO-0026,https://w3id.org/ufes/ontodiplomadigital/instancias-ficticias#diplomaLote024,DIPLOMA-0026,Diploma digital,Revogado,1.05,produção,2026-04-24,Portal Público Fictício de Consulta de Diplomas,https://consulta-diploma.exemplo.gov.br,https://w3id.org/ufes/ontodiplomadigital/instancias-ficticias#diplomadoLote024,Pessoa Fictícia-0513,Moçambicana,https://w3id.org/ufes/ontodiplomadigital/instancias-ficticias#localNaturalidadeEstrangeiraMaputo,,,,Maputo,CPF-FICTICIO-0118,https://w3id.org/ufes/ontodiplomadigital/instancias-ficticias#cursoLote024,CURSO-0026,Tecnologia em Memoria Institucional,,2400,2026-03-23,Tecnologia,Tecnólogo,Especialista em Memoria Institucional,tratamento documental,Semipresencial,Processos de registro academico,2026-03-23,EMEC-FAKE-2026-0026,Análise de regularidade do curso 026,2025-10-29,2025-10-14,https://w3id.org/ufes/ontodiplomadigital/instancias-ficticias#enderecoCursoLote12,"Campus de Dados 12, Bloco B",,,,Salvador,BA,31012-000,Brasil,,Universidade Metropolitana da Informação,https://w3id.org/ufes/ontodiplomadigital/instancias-ficticias#iesEmissoraLote04,MEC-EM-0004,CNPJ-FICTICIO-0021/CNPJ-FICTICIO-0022,"Avenida Sintetica 104, Setor Emissor",Brasilia,DF,29004-000,Brasil,Centro Universitario de Rastreabilidade Acadêmica,https://w3id.org/ufes/ontodiplomadigital/instancias-ficticias#iesRegistradoraLote08,MEC-RG-0008,CNPJ-FICTICIO-0039/CNPJ-FICTICIO-0040,"Rua Registral 208, Setor de Proveniencia",Vitoria,ES,30008-000,Brasil,https://w3id.org/ufes/ontodiplomadigital/instancias-ficticias#registroLote024,ReqDip00000000000000000000000000000000000000000026,PROCESSO-DIPLOMA-0026,2026-03-30,2026-04-14,2026-04-29,L-2026-3,REGISTRO-0026,24,026,Caso sintetico 026 com status revogado e modalidade semipresencial.,https://w3id.org/ufes/ontodiplomadigital/instancias-ficticias#responsavelRegistroLote024,Pessoa Fictícia-0056,CPF-FICTICIO-0119,RESPONSAVEL-REGISTRO-0026,Assinante Fictício-0083,CPF-FICTICIO-0120,Reitoria de Registro 6,Assinante Fictício-0010,CPF-FICTICIO-0121,Reitora,https://w3id.org/ufes/ontodiplomadigital/instancias-ficticias#assinaturaLote024,2026-04-29T14:34:00,PAdES,Assinatura da pessoa jurídica registradora,Centro Universitario de Rastreabilidade Acadêmica,,2026-04-29T14:34:00,https://w3id.org/ufes/ontodiplomadigital/instancias-ficticias#codigoValidacaoLote024,CODIGO-VALIDACAO-FICTICIO-0530,https://w3id.org/ufes/ontodiplomadigital/instancias-ficticias#documentacaoAcademicaLote024,ReqDip00000000000000000000000000000000000000000026,Pessoa Fictícia-0031,CPF-FICTICIO-0031,Procuradora Institucional,urn:fake:pdfa:ato-designacao:lote04,https://w3id.org/ufes/ontodiplomadigital/instancias-ficticias#historicoLote024,HISTORICO-0026
CASO-0027,https://w3id.org/ufes/ontodiplomadigital/instancias-ficticias#diplomaLote025,DIPLOMA-0027,Diploma digital,Anulado,1.05,homologação,2026-04-27,GovBR Acadêmico Fictício,https://govbr-academico.exemplo.gov.br,https://w3id.org/ufes/ontodiplomadigital/instancias-ficticias#diplomadoLote025,Pessoa Fictícia-0514,Brasileira,https://w3id.org/ufes/ontodiplomadigital/instancias-ficticias#localNaturalidadeBr3106200,3106200,Belo Horizonte,MG,,CPF-FICTICIO-0122,https://w3id.org/ufes/ontodiplomadigital/instancias-ficticias#cursoLote025,CURSO-0027,Bacharelado em Ciência de Dados Publicos,CURSO-FAKE-0027,2600,2026-03-26,Bacharelado,Bacharel,,interoperabilidade semantica,Presencial,,,,,,,https://w3id.org/ufes/ontodiplomadigital/instancias-ficticias#enderecoCursoLote10,"Campus de Dados 10, Bloco E",,,,Vitoria,ES,31010-000,Brasil,,Faculdade Nacional de Dados Ligados,https://w3id.org/ufes/ontodiplomadigital/instancias-ficticias#iesEmissoraLote05,MEC-EM-0005,CNPJ-FICTICIO-0025/CNPJ-FICTICIO-0026,"Avenida Sintetica 105, Setor Emissor",Recife,PE,29005-000,Brasil,Universidade Registradora do Brasil Digital,https://w3id.org/ufes/ontodiplomadigital/instancias-ficticias#iesRegistradoraLote01,MEC-RG-0001,CNPJ-FICTICIO-0011/CNPJ-FICTICIO-0012,"Rua Registral 201, Setor de Proveniencia",Curitiba,PR,30001-000,Brasil,https://w3id.org/ufes/ontodiplomadigital/instancias-ficticias#registroLote025,ReqDip00000000000000000000000000000000000000000027,PROCESSO-DIPLOMA-0027,2026-04-02,2026-04-17,2026-05-02,L-2026-4,REGISTRO-0027,25,027,Caso sintetico 027 com status anulado e modalidade presencial.,https://w3id.org/ufes/ontodiplomadigital/instancias-ficticias#responsavelRegistroLote025,Pessoa Fictícia-0013,CPF-FICTICIO-0123,RESPONSAVEL-REGISTRO-0027,Assinante Fictício-0085 | Assinante Fictício-0086,CPF-FICTICIO-0124 | CPF-FICTICIO-0125,Reitoria de Registro 7 | Secretaria Acadêmica Integrada,Assinante Fictício-0015,CPF-FICTICIO-0126,Diretor Acadêmico,https://w3id.org/ufes/ontodiplomadigital/instancias-ficticias#assinaturaLote025,2026-05-02T15:35:00,XAdES,Assinatura da pessoa jurídica emissora,Faculdade Nacional de Dados Ligados,,2026-05-02T15:35:00,https://w3id.org/ufes/ontodiplomadigital/instancias-ficticias#codigoValidacaoLote025,CODIGO-VALIDACAO-FICTICIO-0531,https://w3id.org/ufes/ontodiplomadigital/instancias-ficticias#documentacaoAcademicaLote025,ReqDip00000000000000000000000000000000000000000027,Assinante Fictício-0005,CPF-FICTICIO-0037,Reitor,urn:fake:pdfa:ato-designacao:lote05,https://w3id.org/ufes/ontodiplomadigital/instancias-ficticias#historicoLote025,HISTORICO-0027
CASO-0028,https://w3id.org/ufes/ontodiplomadigital/instancias-ficticias#diplomaLote026,DIPLOMA-0028,Diploma digital,Ativo,1.05,produção,2026-04-30,Portal Público Fictício de Consulta de Diplomas,https://consulta-diploma.exemplo.gov.br,https://w3id.org/ufes/ontodiplomadigital/instancias-ficticias#diplomadoLote026,Pessoa Fictícia-0515,Brasileira,https://w3id.org/ufes/ontodiplomadigital/instancias-ficticias#localNaturalidadeBr5208707,5208707,Goiânia,GO,,CPF-FICTICIO-0127,https://w3id.org/ufes/ontodiplomadigital/instancias-ficticias#cursoLote026,CURSO-0028,Licenciatura em Curadoria Digital,CURSO-FAKE-0028,2800,2026-03-29,Licenciatura,Licenciado,,curadoria digital,EaD,,,,,,,https://w3id.org/ufes/ontodiplomadigital/instancias-ficticias#enderecoCursoLote02,"Campus de Dados 02, Bloco B",,,,Recife,PE,31002-000,Brasil,,Universidade de Estudos Documentais,https://w3id.org/ufes/ontodiplomadigital/instancias-ficticias#iesEmissoraLote06,MEC-EM-0006,CNPJ-FICTICIO-0029/CNPJ-FICTICIO-0030,"Avenida Sintetica 106, Setor Emissor",Curitiba,PR,29006-000,Brasil,Centro de Registro Interoperável,https://w3id.org/ufes/ontodiplomadigital/instancias-ficticias#iesRegistradoraLote02,MEC-RG-0002,CNPJ-FICTICIO-0015/CNPJ-FICTICIO-0016,"Rua Registral 202, Setor de Proveniencia",Fortaleza,CE,30002-000,Brasil,https://w3id.org/ufes/ontodiplomadigital/instancias-ficticias#registroLote026,ReqDip00000000000000000000000000000000000000000028,PROCESSO-DIPLOMA-0028,2026-04-05,2026-04-20,2026-05-05,L-2026-5,REGISTRO-0028,26,028,Caso sintetico 028 com status ativo e modalidade ead.,https://w3id.org/ufes/ontodiplomadigital/instancias-ficticias#responsavelRegistroLote026,Pessoa Fictícia-0018,CPF-FICTICIO-0128,RESPONSAVEL-REGISTRO-0028,Assinante Fictício-0088,CPF-FICTICIO-0129,Reitoria de Registro 8,Assinante Fictício-0020,CPF-FICTICIO-0130,Diretora Acadêmica,https://w3id.org/ufes/ontodiplomadigital/instancias-ficticias#assinaturaLote026,2026-05-05T16:36:00,CAdES,Assinatura PFResponsavel Registro,,,2026-05-05T16:36:00,https://w3id.org/ufes/ontodiplomadigital/instancias-ficticias#codigoValidacaoLote026,CODIGO-VALIDACAO-FICTICIO-0532,https://w3id.org/ufes/ontodiplomadigital/instancias-ficticias#documentacaoAcademicaLote026,ReqDip00000000000000000000000000000000000000000028,Assinante Fictício-0010,CPF-FICTICIO-0042,Reitora,urn:fake:pdfa:ato-designacao:lote06,https://w3id.org/ufes/ontodiplomadigital/instancias-ficticias#historicoLote026,HISTORICO-0028
CASO-0029,https://w3id.org/ufes/ontodiplomadigital/instancias-ficticias#diplomaLote027,DIPLOMA-0029,Diploma digital,Ativo,1.05,homologação,2026-05-03,GovBR Acadêmico Fictício,https://govbr-academico.exemplo.gov.br,https://w3id.org/ufes/ontodiplomadigital/instancias-ficticias#diplomadoLote027,Pessoa Fictícia-0516,Brasileira,https://w3id.org/ufes/ontodiplomadigital/instancias-ficticias#localNaturalidadeBr4205407,4205407,Florianópolis,SC,,CPF-FICTICIO-0131,https://w3id.org/ufes/ontodiplomadigital/instancias-ficticias#cursoLote027,CURSO-0029,Tecnologia em Arquivologia Aplicada,CURSO-FAKE-0029,3000,2026-04-01,Tecnologia,Tecnólogo,,organizacao do conhecimento,Semipresencial,Análise semantica aplicada,2026-04-01,,,,,https://w3id.org/ufes/ontodiplomadigital/instancias-ficticias#enderecoCursoLote10,"Campus de Dados 10, Bloco E",,,,Vitoria,ES,31010-000,Brasil,,Centro Acadêmico de Interoperabilidade,https://w3id.org/ufes/ontodiplomadigital/instancias-ficticias#iesEmissoraLote07,MEC-EM-0007,CNPJ-FICTICIO-0033/CNPJ-FICTICIO-0034,"Avenida Sintetica 107, Setor Emissor",Fortaleza,CE,29007-000,Brasil,Instituto Nacional de Validação Acadêmica,https://w3id.org/ufes/ontodiplomadigital/instancias-ficticias#iesRegistradoraLote03,MEC-RG-0003,CNPJ-FICTICIO-0019/CNPJ-FICTICIO-0020,"Rua Registral 203, Setor de Proveniencia",Goiania,GO,30003-000,Brasil,https://w3id.org/ufes/ontodiplomadigital/instancias-ficticias#registroLote027,ReqDip00000000000000000000000000000000000000000029,PROCESSO-DIPLOMA-0029,2026-04-08,2026-04-23,2026-05-08,L-2026-6,REGISTRO-0029,27,029,Caso sintetico 029 com status ativo e modalidade semipresencial.,https://w3id.org/ufes/ontodiplomadigital/instancias-ficticias#responsavelRegistroLote027,Pessoa Fictícia-0023,CPF-FICTICIO-0132,RESPONSAVEL-REGISTRO-0029,Assinante Fictício-0090,CPF-FICTICIO-0133,Reitoria de Registro 9,Assinante Fictício-0025,CPF-FICTICIO-0134,Secretario Geral Acadêmico,https://w3id.org/ufes/ontodiplomadigital/instancias-ficticias#assinaturaLote027,2026-05-08T08:37:00,PAdES,Assinatura da pessoa física emissora,,,2026-05-08T08:37:00,https://w3id.org/ufes/ontodiplomadigital/instancias-ficticias#codigoValidacaoLote027,CODIGO-VALIDACAO-FICTICIO-0533,https://w3id.org/ufes/ontodiplomadigital/instancias-ficticias#documentacaoAcademicaLote027,ReqDip00000000000000000000000000000000000000000029,Assinante Fictício-0015,CPF-FICTICIO-0047,Diretor Geral,urn:fake:pdfa:ato-designacao:lote07,https://w3id.org/ufes/ontodiplomadigital/instancias-ficticias#historicoLote027,HISTORICO-0029
CASO-0030,https://w3id.org/ufes/ontodiplomadigital/instancias-ficticias#diplomaLote028,DIPLOMA-0030,Diploma digital,Ativo,1.05,produção,2026-05-06,Portal Público Fictício de Consulta de Diplomas,https://consulta-diploma.exemplo.gov.br,https://w3id.org/ufes/ontodiplomadigital/instancias-ficticias#diplomadoLote028,Pessoa Fictícia-0517,Argentina,https://w3id.org/ufes/ontodiplomadigital/instancias-ficticias#localNaturalidadeEstrangeiraBuenosAires,,,,Buenos Aires,CPF-FICTICIO-0135,https://w3id.org/ufes/ontodiplomadigital/instancias-ficticias#cursoLote028,CURSO-0030,Bacharelado em Biblioteconomia Analitica,,3200,2026-04-04,Bacharelado,Bacharel,,preservacao e acesso,Presencial,,,EMEC-FAKE-2026-0030,Análise de regularidade do curso 030,2025-11-10,2025-10-26,https://w3id.org/ufes/ontodiplomadigital/instancias-ficticias#enderecoCursoLote04,"Campus de Dados 04, Bloco D",,,,Fortaleza,CE,31004-000,Brasil,,Instituto Superior de Preservacao Informacional,https://w3id.org/ufes/ontodiplomadigital/instancias-ficticias#iesEmissoraLote08,MEC-EM-0008,CNPJ-FICTICIO-0037/CNPJ-FICTICIO-0038,"Avenida Sintetica 108, Setor Emissor",Goiania,GO,29008-000,Brasil,Universidade Curadora de Diplomas,https://w3id.org/ufes/ontodiplomadigital/instancias-ficticias#iesRegistradoraLote04,MEC-RG-0004,CNPJ-FICTICIO-0023/CNPJ-FICTICIO-0024,"Rua Registral 204, Setor de Proveniencia",Sao Paulo,SP,30004-000,Brasil,https://w3id.org/ufes/ontodiplomadigital/instancias-ficticias#registroLote028,ReqDip00000000000000000000000000000000000000000030,PROCESSO-DIPLOMA-0030,2026-04-11,2026-04-26,2026-05-11,L-2026-7,REGISTRO-0030,28,030,Caso sintetico 030 com status ativo e modalidade presencial.,https://w3id.org/ufes/ontodiplomadigital/instancias-ficticias#responsavelRegistroLote028,Pessoa Fictícia-0028,CPF-FICTICIO-0136,RESPONSAVEL-REGISTRO-0030,Assinante Fictício-0092,CPF-FICTICIO-0137,Reitoria de Registro 1,Assinante Fictício-0030,CPF-FICTICIO-0138,Secretaria Geral Acadêmica,https://w3id.org/ufes/ontodiplomadigital/instancias-ficticias#assinaturaLote028,2026-05-11T09:38:00,XAdES,Assinatura PJArquivamento Documentacao Academica,Instituto Superior de Preservacao Informacional,,2026-05-11T09:38:00,https://w3id.org/ufes/ontodiplomadigital/instancias-ficticias#codigoValidacaoLote028,CODIGO-VALIDACAO-FICTICIO-0534,https://w3id.org/ufes/ontodiplomadigital/instancias-ficticias#documentacaoAcademicaLote028,ReqDip00000000000000000000000000000000000000000030,Assinante Fictício-0020,CPF-FICTICIO-0052,Diretora Geral,urn:fake:pdfa:ato-designacao:lote08,https://w3id.org/ufes/ontodiplomadigital/instancias-ficticias#historicoLote028,HISTORICO-0030
CASO-0031,https://w3id.org/ufes/ontodiplomadigital/instancias-ficticias#diplomaLote029,DIPLOMA-0031,Diploma digital,Revogado,1.05,homologação,2026-05-09,GovBR Acadêmico Fictício,https://govbr-academico.exemplo.gov.br,https://w3id.org/ufes/ontodiplomadigital/instancias-ficticias#diplomadoLote029,Pessoa Fictícia-0518,Brasileira,https://w3id.org/ufes/ontodiplomadigital/instancias-ficticias#localNaturalidadeBr3550308,3550308,São Paulo,SP,,CPF-FICTICIO-0139,https://w3id.org/ufes/ontodiplomadigital/instancias-ficticias#cursoLote029,CURSO-0031,Licenciatura em Gestão da Informação,CURSO-FAKE-0031,3400,2026-04-07,Licenciatura,Licenciado,,governanca de dados,EaD,,,,,,,https://w3id.org/ufes/ontodiplomadigital/instancias-ficticias#enderecoCursoLote05,"Campus de Dados 05, Bloco E",,,,Goiania,GO,31005-000,Brasil,,Universidade do Patrimonio Digital,https://w3id.org/ufes/ontodiplomadigital/instancias-ficticias#iesEmissoraLote09,MEC-EM-0009,CNPJ-FICTICIO-0041/CNPJ-FICTICIO-0042,"Avenida Sintetica 109, Setor Emissor",Sao Paulo,SP,29009-000,Brasil,Centro Registral de Conhecimento Aplicado,https://w3id.org/ufes/ontodiplomadigital/instancias-ficticias#iesRegistradoraLote05,MEC-RG-0005,CNPJ-FICTICIO-0027/CNPJ-FICTICIO-0028,"Rua Registral 205, Setor de Proveniencia",Rio de Janeiro,RJ,30005-000,Brasil,https://w3id.org/ufes/ontodiplomadigital/instancias-ficticias#registroLote029,ReqDip00000000000000000000000000000000000000000031,PROCESSO-DIPLOMA-0031,2026-04-14,2026-04-29,2026-05-14,L-2026-1,REGISTRO-0031,29,031,Caso sintetico 031 com status revogado e modalidade ead.,https://w3id.org/ufes/ontodiplomadigital/instancias-ficticias#responsavelRegistroLote029,Pessoa Fictícia-0033,CPF-FICTICIO-0140,RESPONSAVEL-REGISTRO-0031,Assinante Fictício-0094,CPF-FICTICIO-0141,Reitoria de Registro 2,Pessoa Fictícia-0006,CPF-FICTICIO-0142,Pro-Reitor de Graduacao,https://w3id.org/ufes/ontodiplomadigital/instancias-ficticias#assinaturaLote029,2026-05-14T10:39:00,CAdES,Assinatura da pessoa jurídica registradora,Centro Registral de Conhecimento Aplicado,,2026-05-14T10:39:00,https://w3id.org/ufes/ontodiplomadigital/instancias-ficticias#codigoValidacaoLote029,CODIGO-VALIDACAO-FICTICIO-0535,https://w3id.org/ufes/ontodiplomadigital/instancias-ficticias#documentacaoAcademicaLote029,ReqDip00000000000000000000000000000000000000000031,Assinante Fictício-0025,CPF-FICTICIO-0057,Procurador Institucional,urn:fake:pdfa:ato-designacao:lote09,https://w3id.org/ufes/ontodiplomadigital/instancias-ficticias#historicoLote029,HISTORICO-0031
CASO-0032,https://w3id.org/ufes/ontodiplomadigital/instancias-ficticias#diplomaLote030,DIPLOMA-0032,Diploma digital,Anulado,1.05,produção,2026-05-12,Portal Público Fictício de Consulta de Diplomas,https://consulta-diploma.exemplo.gov.br,https://w3id.org/ufes/ontodiplomadigital/instancias-ficticias#diplomadoLote030,Pessoa Fictícia-0519,Brasileira,https://w3id.org/ufes/ontodiplomadigital/instancias-ficticias#localNaturalidadeBr3550308,3550308,São Paulo,SP,,CPF-FICTICIO-0143,https://w3id.org/ufes/ontodiplomadigital/instancias-ficticias#cursoLote030,CURSO-0032,Tecnologia em Humanidades Digitais,,2400,2026-04-10,Tecnologia,Tecnólogo,Especialista em Humanidades Digitais,tratamento documental,Semipresencial,Processos de registro academico,2026-04-10,EMEC-FAKE-2026-0032,Análise de regularidade do curso 032,2025-11-16,2025-11-01,https://w3id.org/ufes/ontodiplomadigital/instancias-ficticias#enderecoCursoLote06,"Campus de Dados 06, Bloco A",,,,Sao Paulo,SP,31006-000,Brasil,,Centro Universitario de Modelagem Conceitual,https://w3id.org/ufes/ontodiplomadigital/instancias-ficticias#iesEmissoraLote10,MEC-EM-0010,CNPJ-FICTICIO-0043/CNPJ-FICTICIO-0044,"Avenida Sintetica 110, Setor Emissor",Rio de Janeiro,RJ,29010-000,Brasil,Universidade Federal de Registro Semântico,https://w3id.org/ufes/ontodiplomadigital/instancias-ficticias#iesRegistradoraLote06,MEC-RG-0006,CNPJ-FICTICIO-0031/CNPJ-FICTICIO-0032,"Rua Registral 206, Setor de Proveniencia",Florianopolis,SC,30006-000,Brasil,https://w3id.org/ufes/ontodiplomadigital/instancias-ficticias#registroLote030,ReqDip00000000000000000000000000000000000000000032,PROCESSO-DIPLOMA-0032,2026-04-17,2026-05-02,2026-05-17,L-2026-2,REGISTRO-0032,30,032,Caso sintetico 032 com status anulado e modalidade semipresencial.,https://w3id.org/ufes/ontodiplomadigital/instancias-ficticias#responsavelRegistroLote030,Pessoa Fictícia-0037,CPF-FICTICIO-0144,RESPONSAVEL-REGISTRO-0032,Assinante Fictício-0096 | Assinante Fictício-0097,CPF-FICTICIO-0145 | CPF-FICTICIO-0146,Reitoria de Registro 3 | Secretaria Acadêmica Integrada,Pessoa Fictícia-0011,CPF-FICTICIO-0147,Pro-Reitora de Graduacao,https://w3id.org/ufes/ontodiplomadigital/instancias-ficticias#assinaturaLote030,2026-05-17T11:40:00,PAdES,Assinatura da pessoa jurídica emissora,Centro Universitario de Modelagem Conceitual,,2026-05-17T11:40:00,https://w3id.org/ufes/ontodiplomadigital/instancias-ficticias#codigoValidacaoLote030,CODIGO-VALIDACAO-FICTICIO-0536,https://w3id.org/ufes/ontodiplomadigital/instancias-ficticias#documentacaoAcademicaLote030,ReqDip00000000000000000000000000000000000000000032,Assinante Fictício-0030,CPF-FICTICIO-0063,Procuradora Institucional,urn:fake:pdfa:ato-designacao:lote10,https://w3id.org/ufes/ontodiplomadigital/instancias-ficticias#historicoLote030,HISTORICO-0032
CASO-0033,https://w3id.org/ufes/ontodiplomadigital/instancias-ficticias#diplomaLote031,DIPLOMA-0033,Diploma digital,Ativo,1.05,homologação,2026-05-15,GovBR Acadêmico Fictício,https://govbr-academico.exemplo.gov.br,https://w3id.org/ufes/ontodiplomadigital/instancias-ficticias#diplomadoLote031,Pessoa Fictícia-0520,Brasileira,https://w3id.org/ufes/ontodiplomadigital/instancias-ficticias#localNaturalidadeBr2927408,2927408,Salvador,BA,,CPF-FICTICIO-0148,https://w3id.org/ufes/ontodiplomadigital/instancias-ficticias#cursoLote031,CURSO-0033,Bacharelado em Documentacao Tecnica,CURSO-FAKE-0033,2600,2026-04-13,Bacharelado,Bacharel,,interoperabilidade semantica,Presencial,,,,,,,https://w3id.org/ufes/ontodiplomadigital/instancias-ficticias#enderecoCursoLote11,"Campus de Dados 11, Bloco A",,,,Belo Horizonte,MG,31011-000,Brasil,,Universidade Aberta do Conhecimento,https://w3id.org/ufes/ontodiplomadigital/instancias-ficticias#iesEmissoraLote01,MEC-EM-0001,CNPJ-FICTICIO-0009/CNPJ-FICTICIO-0010,"Avenida Sintetica 101, Setor Emissor",Vitoria,ES,29001-000,Brasil,Instituto de Segurança Documental,https://w3id.org/ufes/ontodiplomadigital/instancias-ficticias#iesRegistradoraLote07,MEC-RG-0007,CNPJ-FICTICIO-0035/CNPJ-FICTICIO-0036,"Rua Registral 207, Setor de Proveniencia",Belem,PA,30007-000,Brasil,https://w3id.org/ufes/ontodiplomadigital/instancias-ficticias#registroLote031,ReqDip00000000000000000000000000000000000000000033,PROCESSO-DIPLOMA-0033,2026-04-20,2026-05-05,2026-05-20,L-2026-3,REGISTRO-0033,31,033,Caso sintetico 033 com status ativo e modalidade presencial.,https://w3id.org/ufes/ontodiplomadigital/instancias-ficticias#responsavelRegistroLote031,Pessoa Fictícia-0040,CPF-FICTICIO-0149,RESPONSAVEL-REGISTRO-0033,Assinante Fictício-0099,CPF-FICTICIO-0150,Reitoria de Registro 4,Pessoa Fictícia-0016,CPF-FICTICIO-0151,Reitor,https://w3id.org/ufes/ontodiplomadigital/instancias-ficticias#assinaturaLote031,2026-05-20T12:41:00,XAdES,Assinatura PFResponsavel Registro,,,2026-05-20T12:41:00,https://w3id.org/ufes/ontodiplomadigital/instancias-ficticias#codigoValidacaoLote031,CODIGO-VALIDACAO-FICTICIO-0537,https://w3id.org/ufes/ontodiplomadigital/instancias-ficticias#documentacaoAcademicaLote031,ReqDip00000000000000000000000000000000000000000033,Pessoa Fictícia-0016,CPF-FICTICIO-0016,Diretor Geral,urn:fake:pdfa:ato-designacao:lote01,https://w3id.org/ufes/ontodiplomadigital/instancias-ficticias#historicoLote031,HISTORICO-0033
CASO-0034,https://w3id.org/ufes/ontodiplomadigital/instancias-ficticias#diplomaLote032,DIPLOMA-0034,Diploma digital,Ativo,1.05,produção,2026-05-18,Portal Público Fictício de Consulta de Diplomas,https://consulta-diploma.exemplo.gov.br,https://w3id.org/ufes/ontodiplomadigital/instancias-ficticias#diplomadoLote032,Pessoa Fictícia-0521,Brasileira,https://w3id.org/ufes/ontodiplomadigital/instancias-ficticias#localNaturalidadeBr2611606,2611606,Recife,PE,,CPF-FICTICIO-0152,https://w3id.org/ufes/ontodiplomadigital/instancias-ficticias#cursoLote032,CURSO-0034,Licenciatura em Governanca Informacional,,2800,2026-04-16,Licenciatura,Licenciado,,curadoria digital,EaD,,,EMEC-FAKE-2026-0034,Análise de regularidade do curso 034,2025-11-22,2025-11-07,https://w3id.org/ufes/ontodiplomadigital/instancias-ficticias#enderecoCursoLote08,"Campus de Dados 08, Bloco C",,,,Florianopolis,SC,31008-000,Brasil,,Centro Universitario Horizonte Semântico,https://w3id.org/ufes/ontodiplomadigital/instancias-ficticias#iesEmissoraLote02,MEC-EM-0002,CNPJ-FICTICIO-0013/CNPJ-FICTICIO-0014,"Avenida Sintetica 102, Setor Emissor",Belo Horizonte,MG,29002-000,Brasil,Centro Universitario de Rastreabilidade Acadêmica,https://w3id.org/ufes/ontodiplomadigital/instancias-ficticias#iesRegistradoraLote08,MEC-RG-0008,CNPJ-FICTICIO-0039/CNPJ-FICTICIO-0040,"Rua Registral 208, Setor de Proveniencia",Vitoria,ES,30008-000,Brasil,https://w3id.org/ufes/ontodiplomadigital/instancias-ficticias#registroLote032,ReqDip00000000000000000000000000000000000000000034,PROCESSO-DIPLOMA-0034,2026-04-23,2026-05-08,2026-05-23,L-2026-4,REGISTRO-0034,32,034,Caso sintetico 034 com status ativo e modalidade ead.,https://w3id.org/ufes/ontodiplomadigital/instancias-ficticias#responsavelRegistroLote032,Pessoa Fictícia-0043,CPF-FICTICIO-0153,RESPONSAVEL-REGISTRO-0034,Assinante Fictício-0101,CPF-FICTICIO-0154,Reitoria de Registro 5,Pessoa Fictícia-0021,CPF-FICTICIO-0155,Reitora,https://w3id.org/ufes/ontodiplomadigital/instancias-ficticias#assinaturaLote032,2026-05-23T13:42:00,CAdES,Assinatura da pessoa física emissora,,,2026-05-23T13:42:00,https://w3id.org/ufes/ontodiplomadigital/instancias-ficticias#codigoValidacaoLote032,CODIGO-VALIDACAO-FICTICIO-0538,https://w3id.org/ufes/ontodiplomadigital/instancias-ficticias#documentacaoAcademicaLote032,ReqDip00000000000000000000000000000000000000000034,Pessoa Fictícia-0021,CPF-FICTICIO-0021,Diretora Geral,urn:fake:pdfa:ato-designacao:lote02,https://w3id.org/ufes/ontodiplomadigital/instancias-ficticias#historicoLote032,HISTORICO-0034
CASO-0035,https://w3id.org/ufes/ontodiplomadigital/instancias-ficticias#diplomaLote033,DIPLOMA-0035,Diploma digital,Ativo,1.05,homologação,2026-05-21,GovBR Acadêmico Fictício,https://govbr-academico.exemplo.gov.br,https://w3id.org/ufes/ontodiplomadigital/instancias-ficticias#diplomadoLote033,Pessoa Fictícia-0522,Moçambicana,https://w3id.org/ufes/ontodiplomadigital/instancias-ficticias#localNaturalidadeEstrangeiraMaputo,,,,Maputo,CPF-FICTICIO-0156,https://w3id.org/ufes/ontodiplomadigital/instancias-ficticias#cursoLote033,CURSO-0035,Tecnologia em Interoperabilidade Semântica,CURSO-FAKE-0035,3000,2026-04-19,Tecnologia,Tecnólogo,,organizacao do conhecimento,Semipresencial,Análise semantica aplicada,2026-04-19,,,,,https://w3id.org/ufes/ontodiplomadigital/instancias-ficticias#enderecoCursoLote08,"Campus de Dados 08, Bloco C",,,,Florianopolis,SC,31008-000,Brasil,,Instituto Federal de Curadoria Digital,https://w3id.org/ufes/ontodiplomadigital/instancias-ficticias#iesEmissoraLote03,MEC-EM-0003,CNPJ-FICTICIO-0017/CNPJ-FICTICIO-0018,"Avenida Sintetica 103, Setor Emissor",Salvador,BA,29003-000,Brasil,Universidade Registradora do Brasil Digital,https://w3id.org/ufes/ontodiplomadigital/instancias-ficticias#iesRegistradoraLote01,MEC-RG-0001,CNPJ-FICTICIO-0011/CNPJ-FICTICIO-0012,"Rua Registral 201, Setor de Proveniencia",Curitiba,PR,30001-000,Brasil,https://w3id.org/ufes/ontodiplomadigital/instancias-ficticias#registroLote033,ReqDip00000000000000000000000000000000000000000035,PROCESSO-DIPLOMA-0035,2026-04-26,2026-05-11,2026-05-26,L-2026-5,REGISTRO-0035,33,035,Caso sintetico 035 com status ativo e modalidade semipresencial.,https://w3id.org/ufes/ontodiplomadigital/instancias-ficticias#responsavelRegistroLote033,Pessoa Fictícia-0046,CPF-FICTICIO-0157,RESPONSAVEL-REGISTRO-0035,Assinante Fictício-0103,CPF-FICTICIO-0158,Reitoria de Registro 6,Pessoa Fictícia-0026,CPF-FICTICIO-0159,Diretor Acadêmico,https://w3id.org/ufes/ontodiplomadigital/instancias-ficticias#assinaturaLote033,2026-05-26T14:43:00,PAdES,Assinatura PJArquivamento Documentacao Academica,Instituto Federal de Curadoria Digital,,2026-05-26T14:43:00,https://w3id.org/ufes/ontodiplomadigital/instancias-ficticias#codigoValidacaoLote033,CODIGO-VALIDACAO-FICTICIO-0539,https://w3id.org/ufes/ontodiplomadigital/instancias-ficticias#documentacaoAcademicaLote033,ReqDip00000000000000000000000000000000000000000035,Pessoa Fictícia-0026,CPF-FICTICIO-0026,Procurador Institucional,urn:fake:pdfa:ato-designacao:lote03,https://w3id.org/ufes/ontodiplomadigital/instancias-ficticias#historicoLote033,HISTORICO-0035
CASO-0036,https://w3id.org/ufes/ontodiplomadigital/instancias-ficticias#diplomaLote034,DIPLOMA-0036,Diploma digital,Revogado,1.05,produção,2026-05-24,Portal Público Fictício de Consulta de Diplomas,https://consulta-diploma.exemplo.gov.br,https://w3id.org/ufes/ontodiplomadigital/instancias-ficticias#diplomadoLote034,Pessoa Fictícia-0523,Brasileira,https://w3id.org/ufes/ontodiplomadigital/instancias-ficticias#localNaturalidadeBr3550308,3550308,São Paulo,SP,,CPF-FICTICIO-0160,https://w3id.org/ufes/ontodiplomadigital/instancias-ficticias#cursoLote034,CURSO-0036,Bacharelado em Preservacao Digital,CURSO-FAKE-0036,3200,2026-04-22,Bacharelado,Bacharel,,preservacao e acesso,Presencial,,,,,,,https://w3id.org/ufes/ontodiplomadigital/instancias-ficticias#enderecoCursoLote10,"Campus de Dados 10, Bloco E",,,,Vitoria,ES,31010-000,Brasil,,Universidade Metropolitana da Informação,https://w3id.org/ufes/ontodiplomadigital/instancias-ficticias#iesEmissoraLote04,MEC-EM-0004,CNPJ-FICTICIO-0021/CNPJ-FICTICIO-0022,"Avenida Sintetica 104, Setor Emissor",Brasilia,DF,29004-000,Brasil,Centro de Registro Interoperável,https://w3id.org/ufes/ontodiplomadigital/instancias-ficticias#iesRegistradoraLote02,MEC-RG-0002,CNPJ-FICTICIO-0015/CNPJ-FICTICIO-0016,"Rua Registral 202, Setor de Proveniencia",Fortaleza,CE,30002-000,Brasil,https://w3id.org/ufes/ontodiplomadigital/instancias-ficticias#registroLote034,ReqDip00000000000000000000000000000000000000000036,PROCESSO-DIPLOMA-0036,2026-04-29,2026-05-14,2026-05-29,L-2026-6,REGISTRO-0036,34,036,Caso sintetico 036 com status revogado e modalidade presencial.,https://w3id.org/ufes/ontodiplomadigital/instancias-ficticias#responsavelRegistroLote034,Pessoa Fictícia-0049,CPF-FICTICIO-0161,RESPONSAVEL-REGISTRO-0036,Assinante Fictício-0105,CPF-FICTICIO-0162,Reitoria de Registro 7,Pessoa Fictícia-0031,CPF-FICTICIO-0163,Diretora Acadêmica,https://w3id.org/ufes/ontodiplomadigital/instancias-ficticias#assinaturaLote034,2026-05-29T15:44:00,XAdES,Assinatura da pessoa jurídica registradora,Centro de Registro Interoperável,Autoridade Certificadora Fictícia Integridade Digital,2026-05-29T15:44:00,https://w3id.org/ufes/ontodiplomadigital/instancias-ficticias#codigoValidacaoLote034,CODIGO-VALIDACAO-FICTICIO-0540,https://w3id.org/ufes/ontodiplomadigital/instancias-ficticias#documentacaoAcademicaLote034,ReqDip00000000000000000000000000000000000000000036,Pessoa Fictícia-0031,CPF-FICTICIO-0031,Procuradora Institucional,urn:fake:pdfa:ato-designacao:lote04,https://w3id.org/ufes/ontodiplomadigital/instancias-ficticias#historicoLote034,HISTORICO-0036
CASO-0037,https://w3id.org/ufes/ontodiplomadigital/instancias-ficticias#diplomaLote035,DIPLOMA-0037,Diploma digital,Anulado,1.05,homologação,2026-05-27,GovBR Acadêmico Fictício,https://govbr-academico.exemplo.gov.br,https://w3id.org/ufes/ontodiplomadigital/instancias-ficticias#diplomadoLote035,Pessoa Fictícia-0524,Brasileira,https://w3id.org/ufes/ontodiplomadigital/instancias-ficticias#localNaturalidadeBr2111300,2111300,São Luís,MA,,CPF-FICTICIO-0164,https://w3id.org/ufes/ontodiplomadigital/instancias-ficticias#cursoLote035,CURSO-0037,Licenciatura em Análise Territorial de Dados,CURSO-FAKE-0037,3400,2026-04-25,Licenciatura,Licenciado,,governanca de dados,EaD,,,,,,,https://w3id.org/ufes/ontodiplomadigital/instancias-ficticias#enderecoCursoLote09,"Campus de Dados 09, Bloco D",,,,Belem,PA,31009-000,Brasil,,Faculdade Nacional de Dados Ligados,https://w3id.org/ufes/ontodiplomadigital/instancias-ficticias#iesEmissoraLote05,MEC-EM-0005,CNPJ-FICTICIO-0025/CNPJ-FICTICIO-0026,"Avenida Sintetica 105, Setor Emissor",Recife,PE,29005-000,Brasil,Instituto Nacional de Validação Acadêmica,https://w3id.org/ufes/ontodiplomadigital/instancias-ficticias#iesRegistradoraLote03,MEC-RG-0003,CNPJ-FICTICIO-0019/CNPJ-FICTICIO-0020,"Rua Registral 203, Setor de Proveniencia",Goiania,GO,30003-000,Brasil,https://w3id.org/ufes/ontodiplomadigital/instancias-ficticias#registroLote035,ReqDip00000000000000000000000000000000000000000037,PROCESSO-DIPLOMA-0037,2026-05-02,2026-05-17,2026-06-01,L-2026-7,REGISTRO-0037,35,037,Caso sintetico 037 com status anulado e modalidade ead.,https://w3id.org/ufes/ontodiplomadigital/instancias-ficticias#responsavelRegistroLote035,Pessoa Fictícia-0053,CPF-FICTICIO-0165,RESPONSAVEL-REGISTRO-0037,Assinante Fictício-0107 | Assinante Fictício-0108,CPF-FICTICIO-0166 | CPF-FICTICIO-0167,Reitoria de Registro 8 | Secretaria Acadêmica Integrada,Assinante Fictício-0005,CPF-FICTICIO-0168,Secretario Geral Acadêmico,https://w3id.org/ufes/ontodiplomadigital/instancias-ficticias#assinaturaLote035,2026-06-01T16:45:00,CAdES,Assinatura da pessoa jurídica emissora,Faculdade Nacional de Dados Ligados,,2026-06-01T16:45:00,https://w3id.org/ufes/ontodiplomadigital/instancias-ficticias#codigoValidacaoLote035,CODIGO-VALIDACAO-FICTICIO-0541,https://w3id.org/ufes/ontodiplomadigital/instancias-ficticias#documentacaoAcademicaLote035,ReqDip00000000000000000000000000000000000000000037,Assinante Fictício-0005,CPF-FICTICIO-0037,Reitor,urn:fake:pdfa:ato-designacao:lote05,https://w3id.org/ufes/ontodiplomadigital/instancias-ficticias#historicoLote035,HISTORICO-0037
CASO-0038,https://w3id.org/ufes/ontodiplomadigital/instancias-ficticias#diplomaLote036,DIPLOMA-0038,Diploma digital,Ativo,1.05,produção,2026-05-30,Portal Público Fictício de Consulta de Diplomas,https://consulta-diploma.exemplo.gov.br,https://w3id.org/ufes/ontodiplomadigital/instancias-ficticias#diplomadoLote036,Pessoa Fictícia-0525,Brasileira,https://w3id.org/ufes/ontodiplomadigital/instancias-ficticias#localNaturalidadeBr1721000,1721000,Palmas,TO,,CPF-FICTICIO-0169,https://w3id.org/ufes/ontodiplomadigital/instancias-ficticias#cursoLote036,CURSO-0038,Tecnologia em Memoria Institucional,,2400,2026-04-28,Tecnologia,Tecnólogo,Especialista em Memoria Institucional,tratamento documental,Semipresencial,Processos de registro academico,2026-04-28,EMEC-FAKE-2026-0038,Análise de regularidade do curso 038,2025-12-04,2025-11-19,https://w3id.org/ufes/ontodiplomadigital/instancias-ficticias#enderecoCursoLote12,"Campus de Dados 12, Bloco B",,,,Salvador,BA,31012-000,Brasil,,Universidade de Estudos Documentais,https://w3id.org/ufes/ontodiplomadigital/instancias-ficticias#iesEmissoraLote06,MEC-EM-0006,CNPJ-FICTICIO-0029/CNPJ-FICTICIO-0030,"Avenida Sintetica 106, Setor Emissor",Curitiba,PR,29006-000,Brasil,Universidade Curadora de Diplomas,https://w3id.org/ufes/ontodiplomadigital/instancias-ficticias#iesRegistradoraLote04,MEC-RG-0004,CNPJ-FICTICIO-0023/CNPJ-FICTICIO-0024,"Rua Registral 204, Setor de Proveniencia",Sao Paulo,SP,30004-000,Brasil,https://w3id.org/ufes/ontodiplomadigital/instancias-ficticias#registroLote036,ReqDip00000000000000000000000000000000000000000038,PROCESSO-DIPLOMA-0038,2026-05-05,2026-05-20,2026-06-04,L-2026-1,REGISTRO-0038,36,038,Caso sintetico 038 com status ativo e modalidade semipresencial.,https://w3id.org/ufes/ontodiplomadigital/instancias-ficticias#responsavelRegistroLote036,Pessoa Fictícia-0056,CPF-FICTICIO-0170,RESPONSAVEL-REGISTRO-0038,Assinante Fictício-0110,CPF-FICTICIO-0171,Reitoria de Registro 9,Assinante Fictício-0010,CPF-FICTICIO-0172,Secretaria Geral Acadêmica,https://w3id.org/ufes/ontodiplomadigital/instancias-ficticias#assinaturaLote036,2026-06-04T08:46:00,PAdES,Assinatura PFResponsavel Registro,,,2026-06-04T08:46:00,https://w3id.org/ufes/ontodiplomadigital/instancias-ficticias#codigoValidacaoLote036,CODIGO-VALIDACAO-FICTICIO-0542,https://w3id.org/ufes/ontodiplomadigital/instancias-ficticias#documentacaoAcademicaLote036,ReqDip00000000000000000000000000000000000000000038,Assinante Fictício-0010,CPF-FICTICIO-0042,Reitora,urn:fake:pdfa:ato-designacao:lote06,https://w3id.org/ufes/ontodiplomadigital/instancias-ficticias#historicoLote036,HISTORICO-0038
CASO-0039,https://w3id.org/ufes/ontodiplomadigital/instancias-ficticias#diplomaLote037,DIPLOMA-0039,Diploma digital,Ativo,1.05,homologação,2026-06-02,GovBR Acadêmico Fictício,https://govbr-academico.exemplo.gov.br,https://w3id.org/ufes/ontodiplomadigital/instancias-ficticias#diplomadoLote037,Pessoa Fictícia-0526,Brasileira,https://w3id.org/ufes/ontodiplomadigital/instancias-ficticias#localNaturalidadeBr3550308,3550308,São Paulo,SP,,CPF-FICTICIO-0173,https://w3id.org/ufes/ontodiplomadigital/instancias-ficticias#cursoLote037,CURSO-0039,Bacharelado em Ciência de Dados Publicos,CURSO-FAKE-0039,2600,2026-05-01,Bacharelado,Bacharel,,interoperabilidade semantica,Presencial,,,,,,,https://w3id.org/ufes/ontodiplomadigital/instancias-ficticias#enderecoCursoLote09,"Campus de Dados 09, Bloco D",,,,Belem,PA,31009-000,Brasil,,Centro Acadêmico de Interoperabilidade,https://w3id.org/ufes/ontodiplomadigital/instancias-ficticias#iesEmissoraLote07,MEC-EM-0007,CNPJ-FICTICIO-0033/CNPJ-FICTICIO-0034,"Avenida Sintetica 107, Setor Emissor",Fortaleza,CE,29007-000,Brasil,Centro Registral de Conhecimento Aplicado,https://w3id.org/ufes/ontodiplomadigital/instancias-ficticias#iesRegistradoraLote05,MEC-RG-0005,CNPJ-FICTICIO-0027/CNPJ-FICTICIO-0028,"Rua Registral 205, Setor de Proveniencia",Rio de Janeiro,RJ,30005-000,Brasil,https://w3id.org/ufes/ontodiplomadigital/instancias-ficticias#registroLote037,ReqDip00000000000000000000000000000000000000000039,PROCESSO-DIPLOMA-0039,2026-05-08,2026-05-23,2026-06-07,L-2026-2,REGISTRO-0039,37,039,Caso sintetico 039 com status ativo e modalidade presencial.,https://w3id.org/ufes/ontodiplomadigital/instancias-ficticias#responsavelRegistroLote037,Pessoa Fictícia-0013,CPF-FICTICIO-0174,RESPONSAVEL-REGISTRO-0039,Assinante Fictício-0112,CPF-FICTICIO-0175,Reitoria de Registro 1,Assinante Fictício-0015,CPF-FICTICIO-0176,Pro-Reitor de Graduacao,https://w3id.org/ufes/ontodiplomadigital/instancias-ficticias#assinaturaLote037,2026-06-07T09:47:00,XAdES,Assinatura da pessoa física emissora,,,2026-06-07T09:47:00,https://w3id.org/ufes/ontodiplomadigital/instancias-ficticias#codigoValidacaoLote037,CODIGO-VALIDACAO-FICTICIO-0543,https://w3id.org/ufes/ontodiplomadigital/instancias-ficticias#documentacaoAcademicaLote037,ReqDip00000000000000000000000000000000000000000039,Assinante Fictício-0015,CPF-FICTICIO-0047,Diretor Geral,urn:fake:pdfa:ato-designacao:lote07,https://w3id.org/ufes/ontodiplomadigital/instancias-ficticias#historicoLote037,HISTORICO-0039
CASO-0040,https://w3id.org/ufes/ontodiplomadigital/instancias-ficticias#diplomaLote038,DIPLOMA-0040,Diploma digital,Ativo,1.05,produção,2026-06-05,Portal Público Fictício de Consulta de Diplomas,https://consulta-diploma.exemplo.gov.br,https://w3id.org/ufes/ontodiplomadigital/instancias-ficticias#diplomadoLote038,Pessoa Fictícia-0527,Brasileira,https://w3id.org/ufes/ontodiplomadigital/instancias-ficticias#localNaturalidadeBr5300108,5300108,Brasília,DF,,CPF-FICTICIO-0177,https://w3id.org/ufes/ontodiplomadigital/instancias-ficticias#cursoLote038,CURSO-0040,Licenciatura em Curadoria Digital,CURSO-FAKE-0040,2800,2026-05-04,Licenciatura,Licenciado,,curadoria digital,EaD,,,,,,,https://w3id.org/ufes/ontodiplomadigital/instancias-ficticias#enderecoCursoLote02,"Campus de Dados 02, Bloco B",,,,Recife,PE,31002-000,Brasil,,Instituto Superior de Preservacao Informacional,https://w3id.org/ufes/ontodiplomadigital/instancias-ficticias#iesEmissoraLote08,MEC-EM-0008,CNPJ-FICTICIO-0037/CNPJ-FICTICIO-0038,"Avenida Sintetica 108, Setor Emissor",Goiania,GO,29008-000,Brasil,Universidade Federal de Registro Semântico,https://w3id.org/ufes/ontodiplomadigital/instancias-ficticias#iesRegistradoraLote06,MEC-RG-0006,CNPJ-FICTICIO-0031/CNPJ-FICTICIO-0032,"Rua Registral 206, Setor de Proveniencia",Florianopolis,SC,30006-000,Brasil,https://w3id.org/ufes/ontodiplomadigital/instancias-ficticias#registroLote038,ReqDip00000000000000000000000000000000000000000040,PROCESSO-DIPLOMA-0040,2026-05-11,2026-05-26,2026-06-10,L-2026-3,REGISTRO-0040,38,040,Caso sintetico 040 com status ativo e modalidade ead.,https://w3id.org/ufes/ontodiplomadigital/instancias-ficticias#responsavelRegistroLote038,Pessoa Fictícia-0018,CPF-FICTICIO-0178,RESPONSAVEL-REGISTRO-0040,Assinante Fictício-0114,CPF-FICTICIO-0179,Reitoria de Registro 2,Assinante Fictício-0020,CPF-FICTICIO-0180,Pro-Reitora de Graduacao,https://w3id.org/ufes/ontodiplomadigital/instancias-ficticias#assinaturaLote038,2026-06-10T10:48:00,CAdES,Assinatura PJArquivamento Documentacao Academica,Instituto Superior de Preservacao Informacional,,2026-06-10T10:48:00,https://w3id.org/ufes/ontodiplomadigital/instancias-ficticias#codigoValidacaoLote038,CODIGO-VALIDACAO-FICTICIO-0544,https://w3id.org/ufes/ontodiplomadigital/instancias-ficticias#documentacaoAcademicaLote038,ReqDip00000000000000000000000000000000000000000040,Assinante Fictício-0020,CPF-FICTICIO-0052,Diretora Geral,urn:fake:pdfa:ato-designacao:lote08,https://w3id.org/ufes/ontodiplomadigital/instancias-ficticias#historicoLote038,HISTORICO-0040
CASO-0041,https://w3id.org/ufes/ontodiplomadigital/instancias-ficticias#diplomaLote039,DIPLOMA-0041,Diploma digital,Revogado,1.05,homologação,2026-06-08,GovBR Acadêmico Fictício,https://govbr-academico.exemplo.gov.br,https://w3id.org/ufes/ontodiplomadigital/instancias-ficticias#diplomadoLote039,Pessoa Fictícia-0528,Brasileira,https://w3id.org/ufes/ontodiplomadigital/instancias-ficticias#localNaturalidadeBr3304557,3304557,Rio de Janeiro,RJ,,CPF-FICTICIO-0181,https://w3id.org/ufes/ontodiplomadigital/instancias-ficticias#cursoLote039,CURSO-0041,Tecnologia em Arquivologia Aplicada,CURSO-FAKE-0041,3000,2026-05-07,Tecnologia,Tecnólogo,,organizacao do conhecimento,Semipresencial,Análise semantica aplicada,2026-05-07,,,,,https://w3id.org/ufes/ontodiplomadigital/instancias-ficticias#enderecoCursoLote10,"Campus de Dados 10, Bloco E",,,,Vitoria,ES,31010-000,Brasil,,Universidade do Patrimonio Digital,https://w3id.org/ufes/ontodiplomadigital/instancias-ficticias#iesEmissoraLote09,MEC-EM-0009,CNPJ-FICTICIO-0041/CNPJ-FICTICIO-0042,"Avenida Sintetica 109, Setor Emissor",Sao Paulo,SP,29009-000,Brasil,Instituto de Segurança Documental,https://w3id.org/ufes/ontodiplomadigital/instancias-ficticias#iesRegistradoraLote07,MEC-RG-0007,CNPJ-FICTICIO-0035/CNPJ-FICTICIO-0036,"Rua Registral 207, Setor de Proveniencia",Belem,PA,30007-000,Brasil,https://w3id.org/ufes/ontodiplomadigital/instancias-ficticias#registroLote039,ReqDip00000000000000000000000000000000000000000041,PROCESSO-DIPLOMA-0041,2026-05-14,2026-05-29,2026-06-13,L-2026-4,REGISTRO-0041,39,041,Caso sintetico 041 com status revogado e modalidade semipresencial.,https://w3id.org/ufes/ontodiplomadigital/instancias-ficticias#responsavelRegistroLote039,Pessoa Fictícia-0023,CPF-FICTICIO-0182,RESPONSAVEL-REGISTRO-0041,Assinante Fictício-0116,CPF-FICTICIO-0183,Reitoria de Registro 3,Assinante Fictício-0025,CPF-FICTICIO-0184,Reitor,https://w3id.org/ufes/ontodiplomadigital/instancias-ficticias#assinaturaLote039,2026-06-13T11:49:00,PAdES,Assinatura da pessoa jurídica registradora,Instituto de Segurança Documental,,2026-06-13T11:49:00,https://w3id.org/ufes/ontodiplomadigital/instancias-ficticias#codigoValidacaoLote039,CODIGO-VALIDACAO-FICTICIO-0545,https://w3id.org/ufes/ontodiplomadigital/instancias-ficticias#documentacaoAcademicaLote039,ReqDip00000000000000000000000000000000000000000041,Assinante Fictício-0025,CPF-FICTICIO-0057,Procurador Institucional,urn:fake:pdfa:ato-designacao:lote09,https://w3id.org/ufes/ontodiplomadigital/instancias-ficticias#historicoLote039,HISTORICO-0041
CASO-0042,https://w3id.org/ufes/ontodiplomadigital/instancias-ficticias#diplomaLote040,DIPLOMA-0042,Diploma digital,Anulado,1.05,produção,2026-06-11,Portal Público Fictício de Consulta de Diplomas,https://consulta-diploma.exemplo.gov.br,https://w3id.org/ufes/ontodiplomadigital/instancias-ficticias#diplomadoLote040,Pessoa Fictícia-0529,Brasileira,https://w3id.org/ufes/ontodiplomadigital/instancias-ficticias#localNaturalidadeBr2611606,2611606,Recife,PE,,CPF-FICTICIO-0185,https://w3id.org/ufes/ontodiplomadigital/instancias-ficticias#cursoLote040,CURSO-0042,Bacharelado em Biblioteconomia Analitica,,3200,2026-05-10,Bacharelado,Bacharel,,preservacao e acesso,Presencial,,,EMEC-FAKE-2026-0042,Análise de regularidade do curso 042,2025-12-16,2025-12-01,https://w3id.org/ufes/ontodiplomadigital/instancias-ficticias#enderecoCursoLote04,"Campus de Dados 04, Bloco D",,,,Fortaleza,CE,31004-000,Brasil,,Centro Universitario de Modelagem Conceitual,https://w3id.org/ufes/ontodiplomadigital/instancias-ficticias#iesEmissoraLote10,MEC-EM-0010,CNPJ-FICTICIO-0043/CNPJ-FICTICIO-0044,"Avenida Sintetica 110, Setor Emissor",Rio de Janeiro,RJ,29010-000,Brasil,Centro Universitario de Rastreabilidade Acadêmica,https://w3id.org/ufes/ontodiplomadigital/instancias-ficticias#iesRegistradoraLote08,MEC-RG-0008,CNPJ-FICTICIO-0039/CNPJ-FICTICIO-0040,"Rua Registral 208, Setor de Proveniencia",Vitoria,ES,30008-000,Brasil,https://w3id.org/ufes/ontodiplomadigital/instancias-ficticias#registroLote040,ReqDip00000000000000000000000000000000000000000042,PROCESSO-DIPLOMA-0042,2026-05-17,2026-06-01,2026-06-16,L-2026-5,REGISTRO-0042,40,042,Caso sintetico 042 com status anulado e modalidade presencial.,https://w3id.org/ufes/ontodiplomadigital/instancias-ficticias#responsavelRegistroLote040,Pessoa Fictícia-0028,CPF-FICTICIO-0186,RESPONSAVEL-REGISTRO-0042,Assinante Fictício-0118 | Assinante Fictício-0119,CPF-FICTICIO-0187 | CPF-FICTICIO-0188,Reitoria de Registro 4 | Secretaria Acadêmica Integrada,Assinante Fictício-0030,CPF-FICTICIO-0189,Reitora,https://w3id.org/ufes/ontodiplomadigital/instancias-ficticias#assinaturaLote040,2026-06-16T12:10:00,XAdES,Assinatura da pessoa jurídica emissora,Centro Universitario de Modelagem Conceitual,,2026-06-16T12:10:00,https://w3id.org/ufes/ontodiplomadigital/instancias-ficticias#codigoValidacaoLote040,CODIGO-VALIDACAO-FICTICIO-0546,https://w3id.org/ufes/ontodiplomadigital/instancias-ficticias#documentacaoAcademicaLote040,ReqDip00000000000000000000000000000000000000000042,Assinante Fictício-0030,CPF-FICTICIO-0063,Procuradora Institucional,urn:fake:pdfa:ato-designacao:lote10,https://w3id.org/ufes/ontodiplomadigital/instancias-ficticias#historicoLote040,HISTORICO-0042
CASO-0043,https://w3id.org/ufes/ontodiplomadigital/instancias-ficticias#diplomaLote041,DIPLOMA-0043,Diploma digital,Ativo,1.05,homologação,2026-06-14,GovBR Acadêmico Fictício,https://govbr-academico.exemplo.gov.br,https://w3id.org/ufes/ontodiplomadigital/instancias-ficticias#diplomadoLote041,Pessoa Fictícia-0530,Brasileira,https://w3id.org/ufes/ontodiplomadigital/instancias-ficticias#localNaturalidadeBr3204807,3204807,São José do Calçado,ES,,CPF-FICTICIO-0190,https://w3id.org/ufes/ontodiplomadigital/instancias-ficticias#cursoLote041,CURSO-0043,Licenciatura em Gestão da Informação,CURSO-FAKE-0043,3400,2026-05-13,Licenciatura,Licenciado,,governanca de dados,EaD,,,,,,,https://w3id.org/ufes/ontodiplomadigital/instancias-ficticias#enderecoCursoLote02,"Campus de Dados 02, Bloco B",,,,Recife,PE,31002-000,Brasil,,Universidade Aberta do Conhecimento,https://w3id.org/ufes/ontodiplomadigital/instancias-ficticias#iesEmissoraLote01,MEC-EM-0001,CNPJ-FICTICIO-0009/CNPJ-FICTICIO-0010,"Avenida Sintetica 101, Setor Emissor",Vitoria,ES,29001-000,Brasil,Universidade Registradora do Brasil Digital,https://w3id.org/ufes/ontodiplomadigital/instancias-ficticias#iesRegistradoraLote01,MEC-RG-0001,CNPJ-FICTICIO-0011/CNPJ-FICTICIO-0012,"Rua Registral 201, Setor de Proveniencia",Curitiba,PR,30001-000,Brasil,https://w3id.org/ufes/ontodiplomadigital/instancias-ficticias#registroLote041,ReqDip00000000000000000000000000000000000000000043,PROCESSO-DIPLOMA-0043,2026-05-20,2026-06-04,2026-06-19,L-2026-6,REGISTRO-0043,41,043,Caso sintetico 043 com status ativo e modalidade ead.,https://w3id.org/ufes/ontodiplomadigital/instancias-ficticias#responsavelRegistroLote041,Pessoa Fictícia-0033,CPF-FICTICIO-0191,RESPONSAVEL-REGISTRO-0043,Assinante Fictício-0121,CPF-FICTICIO-0192,Reitoria de Registro 5,Pessoa Fictícia-0006,CPF-FICTICIO-0193,Diretor Acadêmico,https://w3id.org/ufes/ontodiplomadigital/instancias-ficticias#assinaturaLote041,2026-06-19T13:11:00,CAdES,Assinatura PFResponsavel Registro,,,2026-06-19T13:11:00,https://w3id.org/ufes/ontodiplomadigital/instancias-ficticias#codigoValidacaoLote041,CODIGO-VALIDACAO-FICTICIO-0547,https://w3id.org/ufes/ontodiplomadigital/instancias-ficticias#documentacaoAcademicaLote041,ReqDip00000000000000000000000000000000000000000043,Pessoa Fictícia-0016,CPF-FICTICIO-0016,Diretor Geral,urn:fake:pdfa:ato-designacao:lote01,https://w3id.org/ufes/ontodiplomadigital/instancias-ficticias#historicoLote041,HISTORICO-0043
CASO-0044,https://w3id.org/ufes/ontodiplomadigital/instancias-ficticias#diplomaLote042,DIPLOMA-0044,Diploma digital,Ativo,1.05,produção,2026-06-17,Portal Público Fictício de Consulta de Diplomas,https://consulta-diploma.exemplo.gov.br,https://w3id.org/ufes/ontodiplomadigital/instancias-ficticias#diplomadoLote042,Pessoa Fictícia-0531,Brasileira,https://w3id.org/ufes/ontodiplomadigital/instancias-ficticias#localNaturalidadeBr2304400,2304400,Fortaleza,CE,,CPF-FICTICIO-0194,https://w3id.org/ufes/ontodiplomadigital/instancias-ficticias#cursoLote042,CURSO-0044,Tecnologia em Humanidades Digitais,,2400,2026-05-16,Tecnologia,Tecnólogo,Especialista em Humanidades Digitais,tratamento documental,Semipresencial,Processos de registro academico,2026-05-16,EMEC-FAKE-2026-0044,Análise de regularidade do curso 044,2025-12-22,2025-12-07,https://w3id.org/ufes/ontodiplomadigital/instancias-ficticias#enderecoCursoLote06,"Campus de Dados 06, Bloco A",,,,Sao Paulo,SP,31006-000,Brasil,,Centro Universitario Horizonte Semântico,https://w3id.org/ufes/ontodiplomadigital/instancias-ficticias#iesEmissoraLote02,MEC-EM-0002,CNPJ-FICTICIO-0013/CNPJ-FICTICIO-0014,"Avenida Sintetica 102, Setor Emissor",Belo Horizonte,MG,29002-000,Brasil,Centro de Registro Interoperável,https://w3id.org/ufes/ontodiplomadigital/instancias-ficticias#iesRegistradoraLote02,MEC-RG-0002,CNPJ-FICTICIO-0015/CNPJ-FICTICIO-0016,"Rua Registral 202, Setor de Proveniencia",Fortaleza,CE,30002-000,Brasil,https://w3id.org/ufes/ontodiplomadigital/instancias-ficticias#registroLote042,ReqDip00000000000000000000000000000000000000000044,PROCESSO-DIPLOMA-0044,2026-05-23,2026-06-07,2026-06-22,L-2026-7,REGISTRO-0044,42,044,Caso sintetico 044 com status ativo e modalidade semipresencial.,https://w3id.org/ufes/ontodiplomadigital/instancias-ficticias#responsavelRegistroLote042,Pessoa Fictícia-0037,CPF-FICTICIO-0195,RESPONSAVEL-REGISTRO-0044,Assinante Fictício-0123,CPF-FICTICIO-0196,Reitoria de Registro 6,Pessoa Fictícia-0011,CPF-FICTICIO-0197,Diretora Acadêmica,https://w3id.org/ufes/ontodiplomadigital/instancias-ficticias#assinaturaLote042,2026-06-22T14:12:00,PAdES,Assinatura da pessoa física emissora,,,2026-06-22T14:12:00,https://w3id.org/ufes/ontodiplomadigital/instancias-ficticias#codigoValidacaoLote042,CODIGO-VALIDACAO-FICTICIO-0548,https://w3id.org/ufes/ontodiplomadigital/instancias-ficticias#documentacaoAcademicaLote042,ReqDip00000000000000000000000000000000000000000044,Pessoa Fictícia-0021,CPF-FICTICIO-0021,Diretora Geral,urn:fake:pdfa:ato-designacao:lote02,https://w3id.org/ufes/ontodiplomadigital/instancias-ficticias#historicoLote042,HISTORICO-0044
CASO-0045,https://w3id.org/ufes/ontodiplomadigital/instancias-ficticias#diplomaLote043,DIPLOMA-0045,Diploma digital,Ativo,1.05,homologação,2026-06-20,GovBR Acadêmico Fictício,https://govbr-academico.exemplo.gov.br,https://w3id.org/ufes/ontodiplomadigital/instancias-ficticias#diplomadoLote043,Pessoa Fictícia-0532,Brasileira,https://w3id.org/ufes/ontodiplomadigital/instancias-ficticias#localNaturalidadeBr2111300,2111300,São Luís,MA,,CPF-FICTICIO-0198,https://w3id.org/ufes/ontodiplomadigital/instancias-ficticias#cursoLote043,CURSO-0045,Bacharelado em Documentacao Tecnica,CURSO-FAKE-0045,2600,2026-05-19,Bacharelado,Bacharel,,interoperabilidade semantica,Presencial,,,,,,,https://w3id.org/ufes/ontodiplomadigital/instancias-ficticias#enderecoCursoLote06,"Campus de Dados 06, Bloco A",,,,Sao Paulo,SP,31006-000,Brasil,,Instituto Federal de Curadoria Digital,https://w3id.org/ufes/ontodiplomadigital/instancias-ficticias#iesEmissoraLote03,MEC-EM-0003,CNPJ-FICTICIO-0017/CNPJ-FICTICIO-0018,"Avenida Sintetica 103, Setor Emissor",Salvador,BA,29003-000,Brasil,Instituto Nacional de Validação Acadêmica,https://w3id.org/ufes/ontodiplomadigital/instancias-ficticias#iesRegistradoraLote03,MEC-RG-0003,CNPJ-FICTICIO-0019/CNPJ-FICTICIO-0020,"Rua Registral 203, Setor de Proveniencia",Goiania,GO,30003-000,Brasil,https://w3id.org/ufes/ontodiplomadigital/instancias-ficticias#registroLote043,ReqDip00000000000000000000000000000000000000000045,PROCESSO-DIPLOMA-0045,2026-05-26,2026-06-10,2026-06-25,L-2026-1,REGISTRO-0045,43,045,Caso sintetico 045 com status ativo e modalidade presencial.,https://w3id.org/ufes/ontodiplomadigital/instancias-ficticias#responsavelRegistroLote043,Pessoa Fictícia-0040,CPF-FICTICIO-0199,RESPONSAVEL-REGISTRO-0045,Assinante Fictício-0125,CPF-FICTICIO-0200,Reitoria de Registro 7,Pessoa Fictícia-0016,CPF-FICTICIO-0201,Secretario Geral Acadêmico,https://w3id.org/ufes/ontodiplomadigital/instancias-ficticias#assinaturaLote043,2026-06-25T15:13:00,XAdES,Assinatura PJArquivamento Documentacao Academica,Instituto Federal de Curadoria Digital,,2026-06-25T15:13:00,https://w3id.org/ufes/ontodiplomadigital/instancias-ficticias#codigoValidacaoLote043,CODIGO-VALIDACAO-FICTICIO-0549,https://w3id.org/ufes/ontodiplomadigital/instancias-ficticias#documentacaoAcademicaLote043,ReqDip00000000000000000000000000000000000000000045,Pessoa Fictícia-0026,CPF-FICTICIO-0026,Procurador Institucional,urn:fake:pdfa:ato-designacao:lote03,https://w3id.org/ufes/ontodiplomadigital/instancias-ficticias#historicoLote043,HISTORICO-0045
CASO-0046,https://w3id.org/ufes/ontodiplomadigital/instancias-ficticias#diplomaLote044,DIPLOMA-0046,Diploma digital,Revogado,1.05,produção,2026-06-23,Portal Público Fictício de Consulta de Diplomas,https://consulta-diploma.exemplo.gov.br,https://w3id.org/ufes/ontodiplomadigital/instancias-ficticias#diplomadoLote044,Pessoa Fictícia-0533,Brasileira,https://w3id.org/ufes/ontodiplomadigital/instancias-ficticias#localNaturalidadeBr2304400,2304400,Fortaleza,CE,,CPF-FICTICIO-0202,https://w3id.org/ufes/ontodiplomadigital/instancias-ficticias#cursoLote044,CURSO-0046,Licenciatura em Governanca Informacional,,2800,2026-05-22,Licenciatura,Licenciado,,curadoria digital,EaD,,,EMEC-FAKE-2026-0046,Análise de regularidade do curso 046,2025-12-28,2025-12-13,https://w3id.org/ufes/ontodiplomadigital/instancias-ficticias#enderecoCursoLote08,"Campus de Dados 08, Bloco C",,,,Florianopolis,SC,31008-000,Brasil,,Universidade Metropolitana da Informação,https://w3id.org/ufes/ontodiplomadigital/instancias-ficticias#iesEmissoraLote04,MEC-EM-0004,CNPJ-FICTICIO-0021/CNPJ-FICTICIO-0022,"Avenida Sintetica 104, Setor Emissor",Brasilia,DF,29004-000,Brasil,Universidade Curadora de Diplomas,https://w3id.org/ufes/ontodiplomadigital/instancias-ficticias#iesRegistradoraLote04,MEC-RG-0004,CNPJ-FICTICIO-0023/CNPJ-FICTICIO-0024,"Rua Registral 204, Setor de Proveniencia",Sao Paulo,SP,30004-000,Brasil,https://w3id.org/ufes/ontodiplomadigital/instancias-ficticias#registroLote044,ReqDip00000000000000000000000000000000000000000046,PROCESSO-DIPLOMA-0046,2026-05-29,2026-06-13,2026-06-28,L-2026-2,REGISTRO-0046,44,046,Caso sintetico 046 com status revogado e modalidade ead.,https://w3id.org/ufes/ontodiplomadigital/instancias-ficticias#responsavelRegistroLote044,Pessoa Fictícia-0043,CPF-FICTICIO-0203,RESPONSAVEL-REGISTRO-0046,Assinante Fictício-0127,CPF-FICTICIO-0204,Reitoria de Registro 8,Pessoa Fictícia-0021,CPF-FICTICIO-0205,Secretaria Geral Acadêmica,https://w3id.org/ufes/ontodiplomadigital/instancias-ficticias#assinaturaLote044,2026-06-28T16:14:00,CAdES,Assinatura da pessoa jurídica registradora,Universidade Curadora de Diplomas,,2026-06-28T16:14:00,https://w3id.org/ufes/ontodiplomadigital/instancias-ficticias#codigoValidacaoLote044,CODIGO-VALIDACAO-FICTICIO-0550,https://w3id.org/ufes/ontodiplomadigital/instancias-ficticias#documentacaoAcademicaLote044,ReqDip00000000000000000000000000000000000000000046,Pessoa Fictícia-0031,CPF-FICTICIO-0031,Procuradora Institucional,urn:fake:pdfa:ato-designacao:lote04,https://w3id.org/ufes/ontodiplomadigital/instancias-ficticias#historicoLote044,HISTORICO-0046
CASO-0047,https://w3id.org/ufes/ontodiplomadigital/instancias-ficticias#diplomaLote045,DIPLOMA-0047,Diploma digital,Anulado,1.05,homologação,2026-06-26,GovBR Acadêmico Fictício,https://govbr-academico.exemplo.gov.br,https://w3id.org/ufes/ontodiplomadigital/instancias-ficticias#diplomadoLote045,Pessoa Fictícia-0534,Brasileira,https://w3id.org/ufes/ontodiplomadigital/instancias-ficticias#localNaturalidadeBr1100205,1100205,Porto Velho,RO,,CPF-FICTICIO-0206,https://w3id.org/ufes/ontodiplomadigital/instancias-ficticias#cursoLote045,CURSO-0047,Tecnologia em Interoperabilidade Semântica,CURSO-FAKE-0047,3000,2026-05-25,Tecnologia,Tecnólogo,,organizacao do conhecimento,Semipresencial,Análise semantica aplicada,2026-05-25,,,,,https://w3id.org/ufes/ontodiplomadigital/instancias-ficticias#enderecoCursoLote03,"Campus de Dados 03, Bloco C",,,,Curitiba,PR,31003-000,Brasil,,Faculdade Nacional de Dados Ligados,https://w3id.org/ufes/ontodiplomadigital/instancias-ficticias#iesEmissoraLote05,MEC-EM-0005,CNPJ-FICTICIO-0025/CNPJ-FICTICIO-0026,"Avenida Sintetica 105, Setor Emissor",Recife,PE,29005-000,Brasil,Centro Registral de Conhecimento Aplicado,https://w3id.org/ufes/ontodiplomadigital/instancias-ficticias#iesRegistradoraLote05,MEC-RG-0005,CNPJ-FICTICIO-0027/CNPJ-FICTICIO-0028,"Rua Registral 205, Setor de Proveniencia",Rio de Janeiro,RJ,30005-000,Brasil,https://w3id.org/ufes/ontodiplomadigital/instancias-ficticias#registroLote045,ReqDip00000000000000000000000000000000000000000047,PROCESSO-DIPLOMA-0047,2026-06-01,2026-06-16,2026-07-01,L-2026-3,REGISTRO-0047,45,047,Caso sintetico 047 com status anulado e modalidade semipresencial.,https://w3id.org/ufes/ontodiplomadigital/instancias-ficticias#responsavelRegistroLote045,Pessoa Fictícia-0046,CPF-FICTICIO-0207,RESPONSAVEL-REGISTRO-0047,Assinante Fictício-0129 | Assinante Fictício-0130,CPF-FICTICIO-0208 | CPF-FICTICIO-0209,Reitoria de Registro 9 | Secretaria Acadêmica Integrada,Pessoa Fictícia-0026,CPF-FICTICIO-0210,Pro-Reitor de Graduacao,https://w3id.org/ufes/ontodiplomadigital/instancias-ficticias#assinaturaLote045,2026-07-01T08:15:00,PAdES,Assinatura da pessoa jurídica emissora,Faculdade Nacional de Dados Ligados,,2026-07-01T08:15:00,https://w3id.org/ufes/ontodiplomadigital/instancias-ficticias#codigoValidacaoLote045,CODIGO-VALIDACAO-FICTICIO-0551,https://w3id.org/ufes/ontodiplomadigital/instancias-ficticias#documentacaoAcademicaLote045,ReqDip00000000000000000000000000000000000000000047,Assinante Fictício-0005,CPF-FICTICIO-0037,Reitor,urn:fake:pdfa:ato-designacao:lote05,https://w3id.org/ufes/ontodiplomadigital/instancias-ficticias#historicoLote045,HISTORICO-0047
CASO-0048,https://w3id.org/ufes/ontodiplomadigital/instancias-ficticias#diplomaLote046,DIPLOMA-0048,Diploma digital,Ativo,1.05,produção,2026-06-29,Portal Público Fictício de Consulta de Diplomas,https://consulta-diploma.exemplo.gov.br,https://w3id.org/ufes/ontodiplomadigital/instancias-ficticias#diplomadoLote046,Pessoa Fictícia-0535,Brasileira,https://w3id.org/ufes/ontodiplomadigital/instancias-ficticias#localNaturalidadeBr2304400,2304400,Fortaleza,CE,,CPF-FICTICIO-0211,https://w3id.org/ufes/ontodiplomadigital/instancias-ficticias#cursoLote046,CURSO-0048,Bacharelado em Preservacao Digital,CURSO-FAKE-0048,3200,2026-05-28,Bacharelado,Bacharel,,preservacao e acesso,Presencial,,,,,,,https://w3id.org/ufes/ontodiplomadigital/instancias-ficticias#enderecoCursoLote10,"Campus de Dados 10, Bloco E",,,,Vitoria,ES,31010-000,Brasil,,Universidade de Estudos Documentais,https://w3id.org/ufes/ontodiplomadigital/instancias-ficticias#iesEmissoraLote06,MEC-EM-0006,CNPJ-FICTICIO-0029/CNPJ-FICTICIO-0030,"Avenida Sintetica 106, Setor Emissor",Curitiba,PR,29006-000,Brasil,Universidade Federal de Registro Semântico,https://w3id.org/ufes/ontodiplomadigital/instancias-ficticias#iesRegistradoraLote06,MEC-RG-0006,CNPJ-FICTICIO-0031/CNPJ-FICTICIO-0032,"Rua Registral 206, Setor de Proveniencia",Florianopolis,SC,30006-000,Brasil,https://w3id.org/ufes/ontodiplomadigital/instancias-ficticias#registroLote046,ReqDip00000000000000000000000000000000000000000048,PROCESSO-DIPLOMA-0048,2026-06-04,2026-06-19,2026-07-04,L-2026-4,REGISTRO-0048,46,048,Caso sintetico 048 com status ativo e modalidade presencial.,https://w3id.org/ufes/ontodiplomadigital/instancias-ficticias#responsavelRegistroLote046,Pessoa Fictícia-0049,CPF-FICTICIO-0212,RESPONSAVEL-REGISTRO-0048,Assinante Fictício-0132,CPF-FICTICIO-0213,Reitoria de Registro 1,Pessoa Fictícia-0031,CPF-FICTICIO-0214,Pro-Reitora de Graduacao,https://w3id.org/ufes/ontodiplomadigital/instancias-ficticias#assinaturaLote046,2026-07-04T09:16:00,XAdES,Assinatura PFResponsavel Registro,,Autoridade Certificadora Fictícia Integridade Digital,2026-07-04T09:16:00,https://w3id.org/ufes/ontodiplomadigital/instancias-ficticias#codigoValidacaoLote046,CODIGO-VALIDACAO-FICTICIO-0552,https://w3id.org/ufes/ontodiplomadigital/instancias-ficticias#documentacaoAcademicaLote046,ReqDip00000000000000000000000000000000000000000048,Assinante Fictício-0010,CPF-FICTICIO-0042,Reitora,urn:fake:pdfa:ato-designacao:lote06,https://w3id.org/ufes/ontodiplomadigital/instancias-ficticias#historicoLote046,HISTORICO-0048
CASO-0049,https://w3id.org/ufes/ontodiplomadigital/instancias-ficticias#diplomaLote047,DIPLOMA-0049,Diploma digital,Ativo,1.05,homologação,2026-07-02,GovBR Acadêmico Fictício,https://govbr-academico.exemplo.gov.br,https://w3id.org/ufes/ontodiplomadigital/instancias-ficticias#diplomadoLote047,Pessoa Fictícia-0536,Brasileira,https://w3id.org/ufes/ontodiplomadigital/instancias-ficticias#localNaturalidadeBr1302603,1302603,Manaus,AM,,CPF-FICTICIO-0215,https://w3id.org/ufes/ontodiplomadigital/instancias-ficticias#cursoLote047,CURSO-0049,Licenciatura em Análise Territorial de Dados,CURSO-FAKE-0049,3400,2026-05-31,Licenciatura,Licenciado,,governanca de dados,EaD,,,,,,,https://w3id.org/ufes/ontodiplomadigital/instancias-ficticias#enderecoCursoLote07,"Campus de Dados 07, Bloco B",,,,Rio de Janeiro,RJ,31007-000,Brasil,,Centro Acadêmico de Interoperabilidade,https://w3id.org/ufes/ontodiplomadigital/instancias-ficticias#iesEmissoraLote07,MEC-EM-0007,CNPJ-FICTICIO-0033/CNPJ-FICTICIO-0034,"Avenida Sintetica 107, Setor Emissor",Fortaleza,CE,29007-000,Brasil,Instituto de Segurança Documental,https://w3id.org/ufes/ontodiplomadigital/instancias-ficticias#iesRegistradoraLote07,MEC-RG-0007,CNPJ-FICTICIO-0035/CNPJ-FICTICIO-0036,"Rua Registral 207, Setor de Proveniencia",Belem,PA,30007-000,Brasil,https://w3id.org/ufes/ontodiplomadigital/instancias-ficticias#registroLote047,ReqDip00000000000000000000000000000000000000000049,PROCESSO-DIPLOMA-0049,2026-06-07,2026-06-22,2026-07-07,L-2026-5,REGISTRO-0049,47,049,Caso sintetico 049 com status ativo e modalidade ead.,https://w3id.org/ufes/ontodiplomadigital/instancias-ficticias#responsavelRegistroLote047,Pessoa Fictícia-0053,CPF-FICTICIO-0216,RESPONSAVEL-REGISTRO-0049,Assinante Fictício-0134,CPF-FICTICIO-0217,Reitoria de Registro 2,Assinante Fictício-0005,CPF-FICTICIO-0218,Reitor,https://w3id.org/ufes/ontodiplomadigital/instancias-ficticias#assinaturaLote047,2026-07-07T10:17:00,CAdES,Assinatura da pessoa física emissora,,,2026-07-07T10:17:00,https://w3id.org/ufes/ontodiplomadigital/instancias-ficticias#codigoValidacaoLote047,CODIGO-VALIDACAO-FICTICIO-0553,https://w3id.org/ufes/ontodiplomadigital/instancias-ficticias#documentacaoAcademicaLote047,ReqDip00000000000000000000000000000000000000000049,Assinante Fictício-0015,CPF-FICTICIO-0047,Diretor Geral,urn:fake:pdfa:ato-designacao:lote07,https://w3id.org/ufes/ontodiplomadigital/instancias-ficticias#historicoLote047,HISTORICO-0049
CASO-0050,https://w3id.org/ufes/ontodiplomadigital/instancias-ficticias#diplomaLote048,DIPLOMA-0050,Diploma digital,Ativo,1.05,produção,2026-07-05,Portal Público Fictício de Consulta de Diplomas,https://consulta-diploma.exemplo.gov.br,https://w3id.org/ufes/ontodiplomadigital/instancias-ficticias#diplomadoLote048,Pessoa Fictícia-0537,Brasileira,https://w3id.org/ufes/ontodiplomadigital/instancias-ficticias#localNaturalidadeBr2507507,2507507,João Pessoa,PB,,CPF-FICTICIO-0219,https://w3id.org/ufes/ontodiplomadigital/instancias-ficticias#cursoLote048,CURSO-0050,Tecnologia em Memoria Institucional,,2400,2026-06-03,Tecnologia,Tecnólogo,Especialista em Memoria Institucional,tratamento documental,Semipresencial,Processos de registro academico,2026-06-03,EMEC-FAKE-2026-0050,Análise de regularidade do curso 050,2026-01-09,2025-12-25,https://w3id.org/ufes/ontodiplomadigital/instancias-ficticias#enderecoCursoLote12,"Campus de Dados 12, Bloco B",,,,Salvador,BA,31012-000,Brasil,,Instituto Superior de Preservacao Informacional,https://w3id.org/ufes/ontodiplomadigital/instancias-ficticias#iesEmissoraLote08,MEC-EM-0008,CNPJ-FICTICIO-0037/CNPJ-FICTICIO-0038,"Avenida Sintetica 108, Setor Emissor",Goiania,GO,29008-000,Brasil,Centro Universitario de Rastreabilidade Acadêmica,https://w3id.org/ufes/ontodiplomadigital/instancias-ficticias#iesRegistradoraLote08,MEC-RG-0008,CNPJ-FICTICIO-0039/CNPJ-FICTICIO-0040,"Rua Registral 208, Setor de Proveniencia",Vitoria,ES,30008-000,Brasil,https://w3id.org/ufes/ontodiplomadigital/instancias-ficticias#registroLote048,ReqDip00000000000000000000000000000000000000000050,PROCESSO-DIPLOMA-0050,2026-06-10,2026-06-25,2026-07-10,L-2026-6,REGISTRO-0050,48,050,Caso sintetico 050 com status ativo e modalidade semipresencial.,https://w3id.org/ufes/ontodiplomadigital/instancias-ficticias#responsavelRegistroLote048,Pessoa Fictícia-0056,CPF-FICTICIO-0220,RESPONSAVEL-REGISTRO-0050,Assinante Fictício-0136,CPF-FICTICIO-0221,Reitoria de Registro 3,Assinante Fictício-0010,CPF-FICTICIO-0222,Reitora,https://w3id.org/ufes/ontodiplomadigital/instancias-ficticias#assinaturaLote048,2026-07-10T11:18:00,PAdES,Assinatura PJArquivamento Documentacao Academica,Instituto Superior de Preservacao Informacional,,2026-07-10T11:18:00,https://w3id.org/ufes/ontodiplomadigital/instancias-ficticias#codigoValidacaoLote048,CODIGO-VALIDACAO-FICTICIO-0554,https://w3id.org/ufes/ontodiplomadigital/instancias-ficticias#documentacaoAcademicaLote048,ReqDip00000000000000000000000000000000000000000050,Assinante Fictício-0020,CPF-FICTICIO-0052,Diretora Geral,urn:fake:pdfa:ato-designacao:lote08,https://w3id.org/ufes/ontodiplomadigital/instancias-ficticias#historicoLote048,HISTORICO-0050
CASO-0051,https://w3id.org/ufes/ontodiplomadigital/instancias-ficticias#diplomaLote049,DIPLOMA-0051,Diploma digital,Revogado,1.05,homologação,2026-07-08,GovBR Acadêmico Fictício,https://govbr-academico.exemplo.gov.br,https://w3id.org/ufes/ontodiplomadigital/instancias-ficticias#diplomadoLote049,Pessoa Fictícia-0538,Brasileira,https://w3id.org/ufes/ontodiplomadigital/instancias-ficticias#localNaturalidadeBr1501402,1501402,Belém,PA,,CPF-FICTICIO-0223,https://w3id.org/ufes/ontodiplomadigital/instancias-ficticias#cursoLote049,CURSO-0051,Bacharelado em Ciência de Dados Publicos,CURSO-FAKE-0051,2600,2026-06-06,Bacharelado,Bacharel,,interoperabilidade semantica,Presencial,,,,,,,https://w3id.org/ufes/ontodiplomadigital/instancias-ficticias#enderecoCursoLote01,"Campus de Dados 01, Bloco A",,,,Brasilia,DF,31001-000,Brasil,,Universidade do Patrimonio Digital,https://w3id.org/ufes/ontodiplomadigital/instancias-ficticias#iesEmissoraLote09,MEC-EM-0009,CNPJ-FICTICIO-0041/CNPJ-FICTICIO-0042,"Avenida Sintetica 109, Setor Emissor",Sao Paulo,SP,29009-000,Brasil,Universidade Registradora do Brasil Digital,https://w3id.org/ufes/ontodiplomadigital/instancias-ficticias#iesRegistradoraLote01,MEC-RG-0001,CNPJ-FICTICIO-0011/CNPJ-FICTICIO-0012,"Rua Registral 201, Setor de Proveniencia",Curitiba,PR,30001-000,Brasil,https://w3id.org/ufes/ontodiplomadigital/instancias-ficticias#registroLote049,ReqDip00000000000000000000000000000000000000000051,PROCESSO-DIPLOMA-0051,2026-06-13,2026-06-28,2026-07-13,L-2026-7,REGISTRO-0051,49,051,Caso sintetico 051 com status revogado e modalidade presencial.,https://w3id.org/ufes/ontodiplomadigital/instancias-ficticias#responsavelRegistroLote049,Pessoa Fictícia-0013,CPF-FICTICIO-0224,RESPONSAVEL-REGISTRO-0051,Assinante Fictício-0138,CPF-FICTICIO-0225,Reitoria de Registro 4,Assinante Fictício-0015,CPF-FICTICIO-0226,Diretor Acadêmico,https://w3id.org/ufes/ontodiplomadigital/instancias-ficticias#assinaturaLote049,2026-07-13T12:19:00,XAdES,Assinatura da pessoa jurídica registradora,Universidade Registradora do Brasil Digital,,2026-07-13T12:19:00,https://w3id.org/ufes/ontodiplomadigital/instancias-ficticias#codigoValidacaoLote049,CODIGO-VALIDACAO-FICTICIO-0555,https://w3id.org/ufes/ontodiplomadigital/instancias-ficticias#documentacaoAcademicaLote049,ReqDip00000000000000000000000000000000000000000051,Assinante Fictício-0025,CPF-FICTICIO-0057,Procurador Institucional,urn:fake:pdfa:ato-designacao:lote09,https://w3id.org/ufes/ontodiplomadigital/instancias-ficticias#historicoLote049,HISTORICO-0051
CASO-0052,https://w3id.org/ufes/ontodiplomadigital/instancias-ficticias#diplomaLote050,DIPLOMA-0052,Diploma digital,Anulado,1.05,produção,2026-07-11,Portal Público Fictício de Consulta de Diplomas,https://consulta-diploma.exemplo.gov.br,https://w3id.org/ufes/ontodiplomadigital/instancias-ficticias#diplomadoLote050,Pessoa Fictícia-0539,Brasileira,https://w3id.org/ufes/ontodiplomadigital/instancias-ficticias#localNaturalidadeBr4106902,4106902,Curitiba,PR,,CPF-FICTICIO-0227,https://w3id.org/ufes/ontodiplomadigital/instancias-ficticias#cursoLote050,CURSO-0052,Licenciatura em Curadoria Digital,CURSO-FAKE-0052,2800,2026-06-09,Licenciatura,Licenciado,,curadoria digital,EaD,,,,,,,https://w3id.org/ufes/ontodiplomadigital/instancias-ficticias#enderecoCursoLote02,"Campus de Dados 02, Bloco B",,,,Recife,PE,31002-000,Brasil,,Centro Universitario de Modelagem Conceitual,https://w3id.org/ufes/ontodiplomadigital/instancias-ficticias#iesEmissoraLote10,MEC-EM-0010,CNPJ-FICTICIO-0043/CNPJ-FICTICIO-0044,"Avenida Sintetica 110, Setor Emissor",Rio de Janeiro,RJ,29010-000,Brasil,Centro de Registro Interoperável,https://w3id.org/ufes/ontodiplomadigital/instancias-ficticias#iesRegistradoraLote02,MEC-RG-0002,CNPJ-FICTICIO-0015/CNPJ-FICTICIO-0016,"Rua Registral 202, Setor de Proveniencia",Fortaleza,CE,30002-000,Brasil,https://w3id.org/ufes/ontodiplomadigital/instancias-ficticias#registroLote050,ReqDip00000000000000000000000000000000000000000052,PROCESSO-DIPLOMA-0052,2026-06-16,2026-07-01,2026-07-16,L-2026-1,REGISTRO-0052,50,052,Caso sintetico 052 com status anulado e modalidade ead.,https://w3id.org/ufes/ontodiplomadigital/instancias-ficticias#responsavelRegistroLote050,Pessoa Fictícia-0018,CPF-FICTICIO-0228,RESPONSAVEL-REGISTRO-0052,Assinante Fictício-0140 | Assinante Fictício-0141,CPF-FICTICIO-0229 | CPF-FICTICIO-0230,Reitoria de Registro 5 | Secretaria Acadêmica Integrada,Assinante Fictício-0020,CPF-FICTICIO-0231,Diretora Acadêmica,https://w3id.org/ufes/ontodiplomadigital/instancias-ficticias#assinaturaLote050,2026-07-16T13:20:00,CAdES,Assinatura da pessoa jurídica emissora,Centro Universitario de Modelagem Conceitual,,2026-07-16T13:20:00,https://w3id.org/ufes/ontodiplomadigital/instancias-ficticias#codigoValidacaoLote050,CODIGO-VALIDACAO-FICTICIO-0556,https://w3id.org/ufes/ontodiplomadigital/instancias-ficticias#documentacaoAcademicaLote050,ReqDip00000000000000000000000000000000000000000052,Assinante Fictício-0030,CPF-FICTICIO-0063,Procuradora Institucional,urn:fake:pdfa:ato-designacao:lote10,https://w3id.org/ufes/ontodiplomadigital/instancias-ficticias#historicoLote050,HISTORICO-0052
CASO-0053,https://w3id.org/ufes/ontodiplomadigital/instancias-ficticias#diplomaLote051,DIPLOMA-0053,Diploma digital,Ativo,1.05,homologação,2026-07-14,GovBR Acadêmico Fictício,https://govbr-academico.exemplo.gov.br,https://w3id.org/ufes/ontodiplomadigital/instancias-ficticias#diplomadoLote051,Pessoa Fictícia-0540,Brasileira,https://w3id.org/ufes/ontodiplomadigital/instancias-ficticias#localNaturalidadeBr2704302,2704302,Maceió,AL,,CPF-FICTICIO-0232,https://w3id.org/ufes/ontodiplomadigital/instancias-ficticias#cursoLote051,CURSO-0053,Tecnologia em Arquivologia Aplicada,CURSO-FAKE-0053,3000,2026-06-12,Tecnologia,Tecnólogo,,organizacao do conhecimento,Semipresencial,Análise semantica aplicada,2026-06-12,,,,,https://w3id.org/ufes/ontodiplomadigital/instancias-ficticias#enderecoCursoLote07,"Campus de Dados 07, Bloco B",,,,Rio de Janeiro,RJ,31007-000,Brasil,,Universidade Aberta do Conhecimento,https://w3id.org/ufes/ontodiplomadigital/instancias-ficticias#iesEmissoraLote01,MEC-EM-0001,CNPJ-FICTICIO-0009/CNPJ-FICTICIO-0010,"Avenida Sintetica 101, Setor Emissor",Vitoria,ES,29001-000,Brasil,Instituto Nacional de Validação Acadêmica,https://w3id.org/ufes/ontodiplomadigital/instancias-ficticias#iesRegistradoraLote03,MEC-RG-0003,CNPJ-FICTICIO-0019/CNPJ-FICTICIO-0020,"Rua Registral 203, Setor de Proveniencia",Goiania,GO,30003-000,Brasil,https://w3id.org/ufes/ontodiplomadigital/instancias-ficticias#registroLote051,ReqDip00000000000000000000000000000000000000000053,PROCESSO-DIPLOMA-0053,2026-06-19,2026-07-04,2026-07-19,L-2026-2,REGISTRO-0053,51,053,Caso sintetico 053 com status ativo e modalidade semipresencial.,https://w3id.org/ufes/ontodiplomadigital/instancias-ficticias#responsavelRegistroLote051,Pessoa Fictícia-0023,CPF-FICTICIO-0233,RESPONSAVEL-REGISTRO-0053,Assinante Fictício-0143,CPF-FICTICIO-0234,Reitoria de Registro 6,Assinante Fictício-0025,CPF-FICTICIO-0235,Secretario Geral Acadêmico,https://w3id.org/ufes/ontodiplomadigital/instancias-ficticias#assinaturaLote051,2026-07-19T14:21:00,PAdES,Assinatura PFResponsavel Registro,,,2026-07-19T14:21:00,https://w3id.org/ufes/ontodiplomadigital/instancias-ficticias#codigoValidacaoLote051,CODIGO-VALIDACAO-FICTICIO-0557,https://w3id.org/ufes/ontodiplomadigital/instancias-ficticias#documentacaoAcademicaLote051,ReqDip00000000000000000000000000000000000000000053,Pessoa Fictícia-0016,CPF-FICTICIO-0016,Diretor Geral,urn:fake:pdfa:ato-designacao:lote01,https://w3id.org/ufes/ontodiplomadigital/instancias-ficticias#historicoLote051,HISTORICO-0053
CASO-0054,https://w3id.org/ufes/ontodiplomadigital/instancias-ficticias#diplomaLote052,DIPLOMA-0054,Diploma digital,Ativo,1.05,produção,2026-07-17,Portal Público Fictício de Consulta de Diplomas,https://consulta-diploma.exemplo.gov.br,https://w3id.org/ufes/ontodiplomadigital/instancias-ficticias#diplomadoLote052,Pessoa Fictícia-0541,Brasileira,https://w3id.org/ufes/ontodiplomadigital/instancias-ficticias#localNaturalidadeBr5300108,5300108,Brasília,DF,,CPF-FICTICIO-0236,https://w3id.org/ufes/ontodiplomadigital/instancias-ficticias#cursoLote052,CURSO-0054,Bacharelado em Biblioteconomia Analitica,,3200,2026-06-15,Bacharelado,Bacharel,,preservacao e acesso,Presencial,,,EMEC-FAKE-2026-0054,Análise de regularidade do curso 054,2026-01-21,2026-01-06,https://w3id.org/ufes/ontodiplomadigital/instancias-ficticias#enderecoCursoLote04,"Campus de Dados 04, Bloco D",,,,Fortaleza,CE,31004-000,Brasil,,Centro Universitario Horizonte Semântico,https://w3id.org/ufes/ontodiplomadigital/instancias-ficticias#iesEmissoraLote02,MEC-EM-0002,CNPJ-FICTICIO-0013/CNPJ-FICTICIO-0014,"Avenida Sintetica 102, Setor Emissor",Belo Horizonte,MG,29002-000,Brasil,Universidade Curadora de Diplomas,https://w3id.org/ufes/ontodiplomadigital/instancias-ficticias#iesRegistradoraLote04,MEC-RG-0004,CNPJ-FICTICIO-0023/CNPJ-FICTICIO-0024,"Rua Registral 204, Setor de Proveniencia",Sao Paulo,SP,30004-000,Brasil,https://w3id.org/ufes/ontodiplomadigital/instancias-ficticias#registroLote052,ReqDip00000000000000000000000000000000000000000054,PROCESSO-DIPLOMA-0054,2026-06-22,2026-07-07,2026-07-22,L-2026-3,REGISTRO-0054,52,054,Caso sintetico 054 com status ativo e modalidade presencial.,https://w3id.org/ufes/ontodiplomadigital/instancias-ficticias#responsavelRegistroLote052,Pessoa Fictícia-0028,CPF-FICTICIO-0237,RESPONSAVEL-REGISTRO-0054,Assinante Fictício-0145,CPF-FICTICIO-0238,Reitoria de Registro 7,Assinante Fictício-0030,CPF-FICTICIO-0239,Secretaria Geral Acadêmica,https://w3id.org/ufes/ontodiplomadigital/instancias-ficticias#assinaturaLote052,2026-07-22T15:22:00,XAdES,Assinatura da pessoa física emissora,,,2026-07-22T15:22:00,https://w3id.org/ufes/ontodiplomadigital/instancias-ficticias#codigoValidacaoLote052,CODIGO-VALIDACAO-FICTICIO-0558,https://w3id.org/ufes/ontodiplomadigital/instancias-ficticias#documentacaoAcademicaLote052,ReqDip00000000000000000000000000000000000000000054,Pessoa Fictícia-0021,CPF-FICTICIO-0021,Diretora Geral,urn:fake:pdfa:ato-designacao:lote02,https://w3id.org/ufes/ontodiplomadigital/instancias-ficticias#historicoLote052,HISTORICO-0054
CASO-0055,https://w3id.org/ufes/ontodiplomadigital/instancias-ficticias#diplomaLote053,DIPLOMA-0055,Diploma digital,Ativo,1.05,homologação,2026-07-20,GovBR Acadêmico Fictício,https://govbr-academico.exemplo.gov.br,https://w3id.org/ufes/ontodiplomadigital/instancias-ficticias#diplomadoLote053,Pessoa Fictícia-0542,Brasileira,https://w3id.org/ufes/ontodiplomadigital/instancias-ficticias#localNaturalidadeBr3304557,3304557,Rio de Janeiro,RJ,,CPF-FICTICIO-0240,https://w3id.org/ufes/ontodiplomadigital/instancias-ficticias#cursoLote053,CURSO-0055,Licenciatura em Gestão da Informação,CURSO-FAKE-0055,3400,2026-06-18,Licenciatura,Licenciado,,governanca de dados,EaD,,,,,,,https://w3id.org/ufes/ontodiplomadigital/instancias-ficticias#enderecoCursoLote11,"Campus de Dados 11, Bloco A",,,,Belo Horizonte,MG,31011-000,Brasil,,Instituto Federal de Curadoria Digital,https://w3id.org/ufes/ontodiplomadigital/instancias-ficticias#iesEmissoraLote03,MEC-EM-0003,CNPJ-FICTICIO-0017/CNPJ-FICTICIO-0018,"Avenida Sintetica 103, Setor Emissor",Salvador,BA,29003-000,Brasil,Centro Registral de Conhecimento Aplicado,https://w3id.org/ufes/ontodiplomadigital/instancias-ficticias#iesRegistradoraLote05,MEC-RG-0005,CNPJ-FICTICIO-0027/CNPJ-FICTICIO-0028,"Rua Registral 205, Setor de Proveniencia",Rio de Janeiro,RJ,30005-000,Brasil,https://w3id.org/ufes/ontodiplomadigital/instancias-ficticias#registroLote053,ReqDip00000000000000000000000000000000000000000055,PROCESSO-DIPLOMA-0055,2026-06-25,2026-07-10,2026-07-25,L-2026-4,REGISTRO-0055,53,055,Caso sintetico 055 com status ativo e modalidade ead.,https://w3id.org/ufes/ontodiplomadigital/instancias-ficticias#responsavelRegistroLote053,Pessoa Fictícia-0033,CPF-FICTICIO-0241,RESPONSAVEL-REGISTRO-0055,Assinante Fictício-0147,CPF-FICTICIO-0242,Reitoria de Registro 8,Pessoa Fictícia-0006,CPF-FICTICIO-0243,Pro-Reitor de Graduacao,https://w3id.org/ufes/ontodiplomadigital/instancias-ficticias#assinaturaLote053,2026-07-25T16:23:00,CAdES,Assinatura PJArquivamento Documentacao Academica,Instituto Federal de Curadoria Digital,,2026-07-25T16:23:00,https://w3id.org/ufes/ontodiplomadigital/instancias-ficticias#codigoValidacaoLote053,CODIGO-VALIDACAO-FICTICIO-0559,https://w3id.org/ufes/ontodiplomadigital/instancias-ficticias#documentacaoAcademicaLote053,ReqDip00000000000000000000000000000000000000000055,Pessoa Fictícia-0026,CPF-FICTICIO-0026,Procurador Institucional,urn:fake:pdfa:ato-designacao:lote03,https://w3id.org/ufes/ontodiplomadigital/instancias-ficticias#historicoLote053,HISTORICO-0055
CASO-0056,https://w3id.org/ufes/ontodiplomadigital/instancias-ficticias#diplomaLote054,DIPLOMA-0056,Diploma digital,Revogado,1.05,produção,2026-07-23,Portal Público Fictício de Consulta de Diplomas,https://consulta-diploma.exemplo.gov.br,https://w3id.org/ufes/ontodiplomadigital/instancias-ficticias#diplomadoLote054,Pessoa Fictícia-0543,Brasileira,https://w3id.org/ufes/ontodiplomadigital/instancias-ficticias#localNaturalidadeBr2927408,2927408,Salvador,BA,,CPF-FICTICIO-0244,https://w3id.org/ufes/ontodiplomadigital/instancias-ficticias#cursoLote054,CURSO-0056,Tecnologia em Humanidades Digitais,,2400,2026-06-21,Tecnologia,Tecnólogo,Especialista em Humanidades Digitais,tratamento documental,Semipresencial,Processos de registro academico,2026-06-21,EMEC-FAKE-2026-0056,Análise de regularidade do curso 056,2026-01-27,2026-01-12,https://w3id.org/ufes/ontodiplomadigital/instancias-ficticias#enderecoCursoLote06,"Campus de Dados 06, Bloco A",,,,Sao Paulo,SP,31006-000,Brasil,,Universidade Metropolitana da Informação,https://w3id.org/ufes/ontodiplomadigital/instancias-ficticias#iesEmissoraLote04,MEC-EM-0004,CNPJ-FICTICIO-0021/CNPJ-FICTICIO-0022,"Avenida Sintetica 104, Setor Emissor",Brasilia,DF,29004-000,Brasil,Universidade Federal de Registro Semântico,https://w3id.org/ufes/ontodiplomadigital/instancias-ficticias#iesRegistradoraLote06,MEC-RG-0006,CNPJ-FICTICIO-0031/CNPJ-FICTICIO-0032,"Rua Registral 206, Setor de Proveniencia",Florianopolis,SC,30006-000,Brasil,https://w3id.org/ufes/ontodiplomadigital/instancias-ficticias#registroLote054,ReqDip00000000000000000000000000000000000000000056,PROCESSO-DIPLOMA-0056,2026-06-28,2026-07-13,2026-07-28,L-2026-5,REGISTRO-0056,54,056,Caso sintetico 056 com status revogado e modalidade semipresencial.,https://w3id.org/ufes/ontodiplomadigital/instancias-ficticias#responsavelRegistroLote054,Pessoa Fictícia-0037,CPF-FICTICIO-0245,RESPONSAVEL-REGISTRO-0056,Assinante Fictício-0149,CPF-FICTICIO-0246,Reitoria de Registro 9,Pessoa Fictícia-0011,CPF-FICTICIO-0247,Pro-Reitora de Graduacao,https://w3id.org/ufes/ontodiplomadigital/instancias-ficticias#assinaturaLote054,2026-07-28T08:24:00,PAdES,Assinatura da pessoa jurídica registradora,Universidade Federal de Registro Semântico,,2026-07-28T08:24:00,https://w3id.org/ufes/ontodiplomadigital/instancias-ficticias#codigoValidacaoLote054,CODIGO-VALIDACAO-FICTICIO-0560,https://w3id.org/ufes/ontodiplomadigital/instancias-ficticias#documentacaoAcademicaLote054,ReqDip00000000000000000000000000000000000000000056,Pessoa Fictícia-0031,CPF-FICTICIO-0031,Procuradora Institucional,urn:fake:pdfa:ato-designacao:lote04,https://w3id.org/ufes/ontodiplomadigital/instancias-ficticias#historicoLote054,HISTORICO-0056
CASO-0057,https://w3id.org/ufes/ontodiplomadigital/instancias-ficticias#diplomaLote055,DIPLOMA-0057,Diploma digital,Anulado,1.05,homologação,2026-07-26,GovBR Acadêmico Fictício,https://govbr-academico.exemplo.gov.br,https://w3id.org/ufes/ontodiplomadigital/instancias-ficticias#diplomadoLote055,Pessoa Fictícia-0544,Brasileira,https://w3id.org/ufes/ontodiplomadigital/instancias-ficticias#localNaturalidadeBr2304400,2304400,Fortaleza,CE,,CPF-FICTICIO-0248,https://w3id.org/ufes/ontodiplomadigital/instancias-ficticias#cursoLote055,CURSO-0057,Bacharelado em Documentacao Tecnica,CURSO-FAKE-0057,2600,2026-06-24,Bacharelado,Bacharel,,interoperabilidade semantica,Presencial,,,,,,,https://w3id.org/ufes/ontodiplomadigital/instancias-ficticias#enderecoCursoLote03,"Campus de Dados 03, Bloco C",,,,Curitiba,PR,31003-000,Brasil,,Faculdade Nacional de Dados Ligados,https://w3id.org/ufes/ontodiplomadigital/instancias-ficticias#iesEmissoraLote05,MEC-EM-0005,CNPJ-FICTICIO-0025/CNPJ-FICTICIO-0026,"Avenida Sintetica 105, Setor Emissor",Recife,PE,29005-000,Brasil,Instituto de Segurança Documental,https://w3id.org/ufes/ontodiplomadigital/instancias-ficticias#iesRegistradoraLote07,MEC-RG-0007,CNPJ-FICTICIO-0035/CNPJ-FICTICIO-0036,"Rua Registral 207, Setor de Proveniencia",Belem,PA,30007-000,Brasil,https://w3id.org/ufes/ontodiplomadigital/instancias-ficticias#registroLote055,ReqDip00000000000000000000000000000000000000000057,PROCESSO-DIPLOMA-0057,2026-07-01,2026-07-16,2026-07-31,L-2026-6,REGISTRO-0057,55,057,Caso sintetico 057 com status anulado e modalidade presencial.,https://w3id.org/ufes/ontodiplomadigital/instancias-ficticias#responsavelRegistroLote055,Pessoa Fictícia-0040,CPF-FICTICIO-0249,RESPONSAVEL-REGISTRO-0057,Assinante Fictício-0151 | Assinante Fictício-0152,CPF-FICTICIO-0250 | CPF-FICTICIO-0251,Reitoria de Registro 1 | Secretaria Acadêmica Integrada,Pessoa Fictícia-0016,CPF-FICTICIO-0252,Reitor,https://w3id.org/ufes/ontodiplomadigital/instancias-ficticias#assinaturaLote055,2026-07-31T09:25:00,XAdES,Assinatura da pessoa jurídica emissora,Faculdade Nacional de Dados Ligados,,2026-07-31T09:25:00,https://w3id.org/ufes/ontodiplomadigital/instancias-ficticias#codigoValidacaoLote055,CODIGO-VALIDACAO-FICTICIO-0561,https://w3id.org/ufes/ontodiplomadigital/instancias-ficticias#documentacaoAcademicaLote055,ReqDip00000000000000000000000000000000000000000057,Assinante Fictício-0005,CPF-FICTICIO-0037,Reitor,urn:fake:pdfa:ato-designacao:lote05,https://w3id.org/ufes/ontodiplomadigital/instancias-ficticias#historicoLote055,HISTORICO-0057
CASO-0058,https://w3id.org/ufes/ontodiplomadigital/instancias-ficticias#diplomaLote056,DIPLOMA-0058,Diploma digital,Ativo,1.05,produção,2026-07-29,Portal Público Fictício de Consulta de Diplomas,https://consulta-diploma.exemplo.gov.br,https://w3id.org/ufes/ontodiplomadigital/instancias-ficticias#diplomadoLote056,Pessoa Fictícia-0545,Brasileira,https://w3id.org/ufes/ontodiplomadigital/instancias-ficticias#localNaturalidadeBr2800308,2800308,Aracaju,SE,,CPF-FICTICIO-0253,https://w3id.org/ufes/ontodiplomadigital/instancias-ficticias#cursoLote056,CURSO-0058,Licenciatura em Governanca Informacional,,2800,2026-06-27,Licenciatura,Licenciado,,curadoria digital,EaD,,,EMEC-FAKE-2026-0058,Análise de regularidade do curso 058,2026-02-02,2026-01-18,https://w3id.org/ufes/ontodiplomadigital/instancias-ficticias#enderecoCursoLote08,"Campus de Dados 08, Bloco C",,,,Florianopolis,SC,31008-000,Brasil,,Universidade de Estudos Documentais,https://w3id.org/ufes/ontodiplomadigital/instancias-ficticias#iesEmissoraLote06,MEC-EM-0006,CNPJ-FICTICIO-0029/CNPJ-FICTICIO-0030,"Avenida Sintetica 106, Setor Emissor",Curitiba,PR,29006-000,Brasil,Centro Universitario de Rastreabilidade Acadêmica,https://w3id.org/ufes/ontodiplomadigital/instancias-ficticias#iesRegistradoraLote08,MEC-RG-0008,CNPJ-FICTICIO-0039/CNPJ-FICTICIO-0040,"Rua Registral 208, Setor de Proveniencia",Vitoria,ES,30008-000,Brasil,https://w3id.org/ufes/ontodiplomadigital/instancias-ficticias#registroLote056,ReqDip00000000000000000000000000000000000000000058,PROCESSO-DIPLOMA-0058,2026-07-04,2026-07-19,2026-08-03,L-2026-7,REGISTRO-0058,56,058,Caso sintetico 058 com status ativo e modalidade ead.,https://w3id.org/ufes/ontodiplomadigital/instancias-ficticias#responsavelRegistroLote056,Pessoa Fictícia-0043,CPF-FICTICIO-0254,RESPONSAVEL-REGISTRO-0058,Assinante Fictício-0154,CPF-FICTICIO-0255,Reitoria de Registro 2,Pessoa Fictícia-0021,CPF-FICTICIO-0256,Reitora,https://w3id.org/ufes/ontodiplomadigital/instancias-ficticias#assinaturaLote056,2026-08-03T10:26:00,CAdES,Assinatura PFResponsavel Registro,,,2026-08-03T10:26:00,https://w3id.org/ufes/ontodiplomadigital/instancias-ficticias#codigoValidacaoLote056,CODIGO-VALIDACAO-FICTICIO-0562,https://w3id.org/ufes/ontodiplomadigital/instancias-ficticias#documentacaoAcademicaLote056,ReqDip00000000000000000000000000000000000000000058,Assinante Fictício-0010,CPF-FICTICIO-0042,Reitora,urn:fake:pdfa:ato-designacao:lote06,https://w3id.org/ufes/ontodiplomadigital/instancias-ficticias#historicoLote056,HISTORICO-0058
CASO-0059,https://w3id.org/ufes/ontodiplomadigital/instancias-ficticias#diplomaLote057,DIPLOMA-0059,Diploma digital,Ativo,1.05,homologação,2026-08-01,GovBR Acadêmico Fictício,https://govbr-academico.exemplo.gov.br,https://w3id.org/ufes/ontodiplomadigital/instancias-ficticias#diplomadoLote057,Pessoa Fictícia-0546,Brasileira,https://w3id.org/ufes/ontodiplomadigital/instancias-ficticias#localNaturalidadeBr3550308,3550308,São Paulo,SP,,CPF-FICTICIO-0257,https://w3id.org/ufes/ontodiplomadigital/instancias-ficticias#cursoLote057,CURSO-0059,Tecnologia em Interoperabilidade Semântica,CURSO-FAKE-0059,3000,2026-06-30,Tecnologia,Tecnólogo,,organizacao do conhecimento,Semipresencial,Análise semantica aplicada,2026-06-30,,,,,https://w3id.org/ufes/ontodiplomadigital/instancias-ficticias#enderecoCursoLote01,"Campus de Dados 01, Bloco A",,,,Brasilia,DF,31001-000,Brasil,,Centro Acadêmico de Interoperabilidade,https://w3id.org/ufes/ontodiplomadigital/instancias-ficticias#iesEmissoraLote07,MEC-EM-0007,CNPJ-FICTICIO-0033/CNPJ-FICTICIO-0034,"Avenida Sintetica 107, Setor Emissor",Fortaleza,CE,29007-000,Brasil,Universidade Registradora do Brasil Digital,https://w3id.org/ufes/ontodiplomadigital/instancias-ficticias#iesRegistradoraLote01,MEC-RG-0001,CNPJ-FICTICIO-0011/CNPJ-FICTICIO-0012,"Rua Registral 201, Setor de Proveniencia",Curitiba,PR,30001-000,Brasil,https://w3id.org/ufes/ontodiplomadigital/instancias-ficticias#registroLote057,ReqDip00000000000000000000000000000000000000000059,PROCESSO-DIPLOMA-0059,2026-07-07,2026-07-22,2026-08-06,L-2026-1,REGISTRO-0059,57,059,Caso sintetico 059 com status ativo e modalidade semipresencial.,https://w3id.org/ufes/ontodiplomadigital/instancias-ficticias#responsavelRegistroLote057,Pessoa Fictícia-0046,CPF-FICTICIO-0258,RESPONSAVEL-REGISTRO-0059,Assinante Fictício-0156,CPF-FICTICIO-0259,Reitoria de Registro 3,Pessoa Fictícia-0026,CPF-FICTICIO-0260,Diretor Acadêmico,https://w3id.org/ufes/ontodiplomadigital/instancias-ficticias#assinaturaLote057,2026-08-06T11:27:00,PAdES,Assinatura da pessoa física emissora,,,2026-08-06T11:27:00,https://w3id.org/ufes/ontodiplomadigital/instancias-ficticias#codigoValidacaoLote057,CODIGO-VALIDACAO-FICTICIO-0563,https://w3id.org/ufes/ontodiplomadigital/instancias-ficticias#documentacaoAcademicaLote057,ReqDip00000000000000000000000000000000000000000059,Assinante Fictício-0015,CPF-FICTICIO-0047,Diretor Geral,urn:fake:pdfa:ato-designacao:lote07,https://w3id.org/ufes/ontodiplomadigital/instancias-ficticias#historicoLote057,HISTORICO-0059
CASO-0060,https://w3id.org/ufes/ontodiplomadigital/instancias-ficticias#diplomaLote058,DIPLOMA-0060,Diploma digital,Ativo,1.05,produção,2026-08-04,Portal Público Fictício de Consulta de Diplomas,https://consulta-diploma.exemplo.gov.br,https://w3id.org/ufes/ontodiplomadigital/instancias-ficticias#diplomadoLote058,Pessoa Fictícia-0547,Brasileira,https://w3id.org/ufes/ontodiplomadigital/instancias-ficticias#localNaturalidadeBr3106200,3106200,Belo Horizonte,MG,,CPF-FICTICIO-0261,https://w3id.org/ufes/ontodiplomadigital/instancias-ficticias#cursoLote058,CURSO-0060,Bacharelado em Preservacao Digital,CURSO-FAKE-0060,3200,2026-07-03,Bacharelado,Bacharel,,preservacao e acesso,Presencial,,,,,,,https://w3id.org/ufes/ontodiplomadigital/instancias-ficticias#enderecoCursoLote10,"Campus de Dados 10, Bloco E",,,,Vitoria,ES,31010-000,Brasil,,Instituto Superior de Preservacao Informacional,https://w3id.org/ufes/ontodiplomadigital/instancias-ficticias#iesEmissoraLote08,MEC-EM-0008,CNPJ-FICTICIO-0037/CNPJ-FICTICIO-0038,"Avenida Sintetica 108, Setor Emissor",Goiania,GO,29008-000,Brasil,Centro de Registro Interoperável,https://w3id.org/ufes/ontodiplomadigital/instancias-ficticias#iesRegistradoraLote02,MEC-RG-0002,CNPJ-FICTICIO-0015/CNPJ-FICTICIO-0016,"Rua Registral 202, Setor de Proveniencia",Fortaleza,CE,30002-000,Brasil,https://w3id.org/ufes/ontodiplomadigital/instancias-ficticias#registroLote058,ReqDip00000000000000000000000000000000000000000060,PROCESSO-DIPLOMA-0060,2026-07-10,2026-07-25,2026-08-09,L-2026-2,REGISTRO-0060,58,060,Caso sintetico 060 com status ativo e modalidade presencial.,https://w3id.org/ufes/ontodiplomadigital/instancias-ficticias#responsavelRegistroLote058,Pessoa Fictícia-0049,CPF-FICTICIO-0262,RESPONSAVEL-REGISTRO-0060,Assinante Fictício-0158,CPF-FICTICIO-0263,Reitoria de Registro 4,Pessoa Fictícia-0031,CPF-FICTICIO-0264,Diretora Acadêmica,https://w3id.org/ufes/ontodiplomadigital/instancias-ficticias#assinaturaLote058,2026-08-09T12:28:00,XAdES,Assinatura PJArquivamento Documentacao Academica,Instituto Superior de Preservacao Informacional,Autoridade Certificadora Fictícia Integridade Digital,2026-08-09T12:28:00,https://w3id.org/ufes/ontodiplomadigital/instancias-ficticias#codigoValidacaoLote058,CODIGO-VALIDACAO-FICTICIO-0564,https://w3id.org/ufes/ontodiplomadigital/instancias-ficticias#documentacaoAcademicaLote058,ReqDip00000000000000000000000000000000000000000060,Assinante Fictício-0020,CPF-FICTICIO-0052,Diretora Geral,urn:fake:pdfa:ato-designacao:lote08,https://w3id.org/ufes/ontodiplomadigital/instancias-ficticias#historicoLote058,HISTORICO-0060
CASO-0061,https://w3id.org/ufes/ontodiplomadigital/instancias-ficticias#diplomaLote059,DIPLOMA-0061,Diploma digital,Revogado,1.05,homologação,2026-08-07,GovBR Acadêmico Fictício,https://govbr-academico.exemplo.gov.br,https://w3id.org/ufes/ontodiplomadigital/instancias-ficticias#diplomadoLote059,Pessoa Fictícia-0548,Brasileira,https://w3id.org/ufes/ontodiplomadigital/instancias-ficticias#localNaturalidadeBr3304557,3304557,Rio de Janeiro,RJ,,CPF-FICTICIO-0265,https://w3id.org/ufes/ontodiplomadigital/instancias-ficticias#cursoLote059,CURSO-0061,Licenciatura em Análise Territorial de Dados,CURSO-FAKE-0061,3400,2026-07-06,Licenciatura,Licenciado,,governanca de dados,EaD,,,,,,,https://w3id.org/ufes/ontodiplomadigital/instancias-ficticias#enderecoCursoLote06,"Campus de Dados 06, Bloco A",,,,Sao Paulo,SP,31006-000,Brasil,,Universidade do Patrimonio Digital,https://w3id.org/ufes/ontodiplomadigital/instancias-ficticias#iesEmissoraLote09,MEC-EM-0009,CNPJ-FICTICIO-0041/CNPJ-FICTICIO-0042,"Avenida Sintetica 109, Setor Emissor",Sao Paulo,SP,29009-000,Brasil,Instituto Nacional de Validação Acadêmica,https://w3id.org/ufes/ontodiplomadigital/instancias-ficticias#iesRegistradoraLote03,MEC-RG-0003,CNPJ-FICTICIO-0019/CNPJ-FICTICIO-0020,"Rua Registral 203, Setor de Proveniencia",Goiania,GO,30003-000,Brasil,https://w3id.org/ufes/ontodiplomadigital/instancias-ficticias#registroLote059,ReqDip00000000000000000000000000000000000000000061,PROCESSO-DIPLOMA-0061,2026-07-13,2026-07-28,2026-08-12,L-2026-3,REGISTRO-0061,59,061,Caso sintetico 061 com status revogado e modalidade ead.,https://w3id.org/ufes/ontodiplomadigital/instancias-ficticias#responsavelRegistroLote059,Pessoa Fictícia-0053,CPF-FICTICIO-0266,RESPONSAVEL-REGISTRO-0061,Assinante Fictício-0160,CPF-FICTICIO-0267,Reitoria de Registro 5,Assinante Fictício-0005,CPF-FICTICIO-0268,Secretario Geral Acadêmico,https://w3id.org/ufes/ontodiplomadigital/instancias-ficticias#assinaturaLote059,2026-08-12T13:29:00,CAdES,Assinatura da pessoa jurídica registradora,Instituto Nacional de Validação Acadêmica,,2026-08-12T13:29:00,https://w3id.org/ufes/ontodiplomadigital/instancias-ficticias#codigoValidacaoLote059,CODIGO-VALIDACAO-FICTICIO-0565,https://w3id.org/ufes/ontodiplomadigital/instancias-ficticias#documentacaoAcademicaLote059,ReqDip00000000000000000000000000000000000000000061,Assinante Fictício-0025,CPF-FICTICIO-0057,Procurador Institucional,urn:fake:pdfa:ato-designacao:lote09,https://w3id.org/ufes/ontodiplomadigital/instancias-ficticias#historicoLote059,HISTORICO-0061
CASO-0062,https://w3id.org/ufes/ontodiplomadigital/instancias-ficticias#diplomaLote060,DIPLOMA-0062,Diploma digital,Anulado,1.05,produção,2026-08-10,Portal Público Fictício de Consulta de Diplomas,https://consulta-diploma.exemplo.gov.br,https://w3id.org/ufes/ontodiplomadigital/instancias-ficticias#diplomadoLote060,Pessoa Fictícia-0549,Brasileira,https://w3id.org/ufes/ontodiplomadigital/instancias-ficticias#localNaturalidadeBr2927408,2927408,Salvador,BA,,CPF-FICTICIO-0269,https://w3id.org/ufes/ontodiplomadigital/instancias-ficticias#cursoLote060,CURSO-0062,Tecnologia em Memoria Institucional,,2400,2026-07-09,Tecnologia,Tecnólogo,Especialista em Memoria Institucional,tratamento documental,Semipresencial,Processos de registro academico,2026-07-09,EMEC-FAKE-2026-0062,Análise de regularidade do curso 062,2026-02-14,2026-01-30,https://w3id.org/ufes/ontodiplomadigital/instancias-ficticias#enderecoCursoLote12,"Campus de Dados 12, Bloco B",,,,Salvador,BA,31012-000,Brasil,,Centro Universitario de Modelagem Conceitual,https://w3id.org/ufes/ontodiplomadigital/instancias-ficticias#iesEmissoraLote10,MEC-EM-0010,CNPJ-FICTICIO-0043/CNPJ-FICTICIO-0044,"Avenida Sintetica 110, Setor Emissor",Rio de Janeiro,RJ,29010-000,Brasil,Universidade Curadora de Diplomas,https://w3id.org/ufes/ontodiplomadigital/instancias-ficticias#iesRegistradoraLote04,MEC-RG-0004,CNPJ-FICTICIO-0023/CNPJ-FICTICIO-0024,"Rua Registral 204, Setor de Proveniencia",Sao Paulo,SP,30004-000,Brasil,https://w3id.org/ufes/ontodiplomadigital/instancias-ficticias#registroLote060,ReqDip00000000000000000000000000000000000000000062,PROCESSO-DIPLOMA-0062,2026-07-16,2026-07-31,2026-08-15,L-2026-4,REGISTRO-0062,60,062,Caso sintetico 062 com status anulado e modalidade semipresencial.,https://w3id.org/ufes/ontodiplomadigital/instancias-ficticias#responsavelRegistroLote060,Pessoa Fictícia-0056,CPF-FICTICIO-0270,RESPONSAVEL-REGISTRO-0062,Assinante Fictício-0162 | Assinante Fictício-0163,CPF-FICTICIO-0271 | CPF-FICTICIO-0272,Reitoria de Registro 6 | Secretaria Acadêmica Integrada,Assinante Fictício-0010,CPF-FICTICIO-0273,Secretaria Geral Acadêmica,https://w3id.org/ufes/ontodiplomadigital/instancias-ficticias#assinaturaLote060,2026-08-15T14:30:00,PAdES,Assinatura da pessoa jurídica emissora,Centro Universitario de Modelagem Conceitual,,2026-08-15T14:30:00,https://w3id.org/ufes/ontodiplomadigital/instancias-ficticias#codigoValidacaoLote060,CODIGO-VALIDACAO-FICTICIO-0566,https://w3id.org/ufes/ontodiplomadigital/instancias-ficticias#documentacaoAcademicaLote060,ReqDip00000000000000000000000000000000000000000062,Assinante Fictício-0030,CPF-FICTICIO-0063,Procuradora Institucional,urn:fake:pdfa:ato-designacao:lote10,https://w3id.org/ufes/ontodiplomadigital/instancias-ficticias#historicoLote060,HISTORICO-0062
CASO-0063,https://w3id.org/ufes/ontodiplomadigital/instancias-ficticias#diplomaLote061,DIPLOMA-0063,Diploma digital,Ativo,1.05,homologação,2026-08-13,GovBR Acadêmico Fictício,https://govbr-academico.exemplo.gov.br,https://w3id.org/ufes/ontodiplomadigital/instancias-ficticias#diplomadoLote061,Pessoa Fictícia-0550,Brasileira,https://w3id.org/ufes/ontodiplomadigital/instancias-ficticias#localNaturalidadeBr2408102,2408102,Natal,RN,,CPF-FICTICIO-0274,https://w3id.org/ufes/ontodiplomadigital/instancias-ficticias#cursoLote061,CURSO-0063,Bacharelado em Ciência de Dados Publicos,CURSO-FAKE-0063,2600,2026-07-12,Bacharelado,Bacharel,,interoperabilidade semantica,Presencial,,,,,,,https://w3id.org/ufes/ontodiplomadigital/instancias-ficticias#enderecoCursoLote11,"Campus de Dados 11, Bloco A",,,,Belo Horizonte,MG,31011-000,Brasil,,Universidade Aberta do Conhecimento,https://w3id.org/ufes/ontodiplomadigital/instancias-ficticias#iesEmissoraLote01,MEC-EM-0001,CNPJ-FICTICIO-0009/CNPJ-FICTICIO-0010,"Avenida Sintetica 101, Setor Emissor",Vitoria,ES,29001-000,Brasil,Centro Registral de Conhecimento Aplicado,https://w3id.org/ufes/ontodiplomadigital/instancias-ficticias#iesRegistradoraLote05,MEC-RG-0005,CNPJ-FICTICIO-0027/CNPJ-FICTICIO-0028,"Rua Registral 205, Setor de Proveniencia",Rio de Janeiro,RJ,30005-000,Brasil,https://w3id.org/ufes/ontodiplomadigital/instancias-ficticias#registroLote061,ReqDip00000000000000000000000000000000000000000063,PROCESSO-DIPLOMA-0063,2026-07-19,2026-08-03,2026-08-18,L-2026-5,REGISTRO-0063,61,063,Caso sintetico 063 com status ativo e modalidade presencial.,https://w3id.org/ufes/ontodiplomadigital/instancias-ficticias#responsavelRegistroLote061,Pessoa Fictícia-0013,CPF-FICTICIO-0275,RESPONSAVEL-REGISTRO-0063,Assinante Fictício-0165,CPF-FICTICIO-0276,Reitoria de Registro 7,Assinante Fictício-0015,CPF-FICTICIO-0277,Pro-Reitor de Graduacao,https://w3id.org/ufes/ontodiplomadigital/instancias-ficticias#assinaturaLote061,2026-08-18T15:31:00,XAdES,Assinatura PFResponsavel Registro,,,2026-08-18T15:31:00,https://w3id.org/ufes/ontodiplomadigital/instancias-ficticias#codigoValidacaoLote061,CODIGO-VALIDACAO-FICTICIO-0567,https://w3id.org/ufes/ontodiplomadigital/instancias-ficticias#documentacaoAcademicaLote061,ReqDip00000000000000000000000000000000000000000063,Pessoa Fictícia-0016,CPF-FICTICIO-0016,Diretor Geral,urn:fake:pdfa:ato-designacao:lote01,https://w3id.org/ufes/ontodiplomadigital/instancias-ficticias#historicoLote061,HISTORICO-0063
CASO-0064,https://w3id.org/ufes/ontodiplomadigital/instancias-ficticias#diplomaLote062,DIPLOMA-0064,Diploma digital,Ativo,1.05,produção,2026-08-16,Portal Público Fictício de Consulta de Diplomas,https://consulta-diploma.exemplo.gov.br,https://w3id.org/ufes/ontodiplomadigital/instancias-ficticias#diplomadoLote062,Pessoa Fictícia-0551,Brasileira,https://w3id.org/ufes/ontodiplomadigital/instancias-ficticias#localNaturalidadeBr4106902,4106902,Curitiba,PR,,CPF-FICTICIO-0278,https://w3id.org/ufes/ontodiplomadigital/instancias-ficticias#cursoLote062,CURSO-0064,Licenciatura em Curadoria Digital,CURSO-FAKE-0064,2800,2026-07-15,Licenciatura,Licenciado,,curadoria digital,EaD,,,,,,,https://w3id.org/ufes/ontodiplomadigital/instancias-ficticias#enderecoCursoLote02,"Campus de Dados 02, Bloco B",,,,Recife,PE,31002-000,Brasil,,Centro Universitario Horizonte Semântico,https://w3id.org/ufes/ontodiplomadigital/instancias-ficticias#iesEmissoraLote02,MEC-EM-0002,CNPJ-FICTICIO-0013/CNPJ-FICTICIO-0014,"Avenida Sintetica 102, Setor Emissor",Belo Horizonte,MG,29002-000,Brasil,Universidade Federal de Registro Semântico,https://w3id.org/ufes/ontodiplomadigital/instancias-ficticias#iesRegistradoraLote06,MEC-RG-0006,CNPJ-FICTICIO-0031/CNPJ-FICTICIO-0032,"Rua Registral 206, Setor de Proveniencia",Florianopolis,SC,30006-000,Brasil,https://w3id.org/ufes/ontodiplomadigital/instancias-ficticias#registroLote062,ReqDip00000000000000000000000000000000000000000064,PROCESSO-DIPLOMA-0064,2026-07-22,2026-08-06,2026-08-21,L-2026-6,REGISTRO-0064,62,064,Caso sintetico 064 com status ativo e modalidade ead.,https://w3id.org/ufes/ontodiplomadigital/instancias-ficticias#responsavelRegistroLote062,Pessoa Fictícia-0018,CPF-FICTICIO-0279,RESPONSAVEL-REGISTRO-0064,Assinante Fictício-0167,CPF-FICTICIO-0280,Reitoria de Registro 8,Assinante Fictício-0020,CPF-FICTICIO-0281,Pro-Reitora de Graduacao,https://w3id.org/ufes/ontodiplomadigital/instancias-ficticias#assinaturaLote062,2026-08-21T16:32:00,CAdES,Assinatura da pessoa física emissora,,,2026-08-21T16:32:00,https://w3id.org/ufes/ontodiplomadigital/instancias-ficticias#codigoValidacaoLote062,CODIGO-VALIDACAO-FICTICIO-0568,https://w3id.org/ufes/ontodiplomadigital/instancias-ficticias#documentacaoAcademicaLote062,ReqDip00000000000000000000000000000000000000000064,Pessoa Fictícia-0021,CPF-FICTICIO-0021,Diretora Geral,urn:fake:pdfa:ato-designacao:lote02,https://w3id.org/ufes/ontodiplomadigital/instancias-ficticias#historicoLote062,HISTORICO-0064
CASO-0065,https://w3id.org/ufes/ontodiplomadigital/instancias-ficticias#diplomaLote063,DIPLOMA-0065,Diploma digital,Ativo,1.05,homologação,2026-08-19,GovBR Acadêmico Fictício,https://govbr-academico.exemplo.gov.br,https://w3id.org/ufes/ontodiplomadigital/instancias-ficticias#diplomadoLote063,Pessoa Fictícia-0552,Brasileira,https://w3id.org/ufes/ontodiplomadigital/instancias-ficticias#localNaturalidadeBr3550308,3550308,São Paulo,SP,,CPF-FICTICIO-0282,https://w3id.org/ufes/ontodiplomadigital/instancias-ficticias#cursoLote063,CURSO-0065,Tecnologia em Arquivologia Aplicada,CURSO-FAKE-0065,3000,2026-07-18,Tecnologia,Tecnólogo,,organizacao do conhecimento,Semipresencial,Análise semantica aplicada,2026-07-18,,,,,https://w3id.org/ufes/ontodiplomadigital/instancias-ficticias#enderecoCursoLote01,"Campus de Dados 01, Bloco A",,,,Brasilia,DF,31001-000,Brasil,,Instituto Federal de Curadoria Digital,https://w3id.org/ufes/ontodiplomadigital/instancias-ficticias#iesEmissoraLote03,MEC-EM-0003,CNPJ-FICTICIO-0017/CNPJ-FICTICIO-0018,"Avenida Sintetica 103, Setor Emissor",Salvador,BA,29003-000,Brasil,Instituto de Segurança Documental,https://w3id.org/ufes/ontodiplomadigital/instancias-ficticias#iesRegistradoraLote07,MEC-RG-0007,CNPJ-FICTICIO-0035/CNPJ-FICTICIO-0036,"Rua Registral 207, Setor de Proveniencia",Belem,PA,30007-000,Brasil,https://w3id.org/ufes/ontodiplomadigital/instancias-ficticias#registroLote063,ReqDip00000000000000000000000000000000000000000065,PROCESSO-DIPLOMA-0065,2026-07-25,2026-08-09,2026-08-24,L-2026-7,REGISTRO-0065,63,065,Caso sintetico 065 com status ativo e modalidade semipresencial.,https://w3id.org/ufes/ontodiplomadigital/instancias-ficticias#responsavelRegistroLote063,Pessoa Fictícia-0023,CPF-FICTICIO-0283,RESPONSAVEL-REGISTRO-0065,Assinante Fictício-0169,CPF-FICTICIO-0284,Reitoria de Registro 9,Assinante Fictício-0025,CPF-FICTICIO-0285,Reitor,https://w3id.org/ufes/ontodiplomadigital/instancias-ficticias#assinaturaLote063,2026-08-24T08:33:00,PAdES,Assinatura PJArquivamento Documentacao Academica,Instituto Federal de Curadoria Digital,,2026-08-24T08:33:00,https://w3id.org/ufes/ontodiplomadigital/instancias-ficticias#codigoValidacaoLote063,CODIGO-VALIDACAO-FICTICIO-0569,https://w3id.org/ufes/ontodiplomadigital/instancias-ficticias#documentacaoAcademicaLote063,ReqDip00000000000000000000000000000000000000000065,Pessoa Fictícia-0026,CPF-FICTICIO-0026,Procurador Institucional,urn:fake:pdfa:ato-designacao:lote03,https://w3id.org/ufes/ontodiplomadigital/instancias-ficticias#historicoLote063,HISTORICO-0065
CASO-0066,https://w3id.org/ufes/ontodiplomadigital/instancias-ficticias#diplomaLote064,DIPLOMA-0066,Diploma digital,Revogado,1.05,produção,2026-08-22,Portal Público Fictício de Consulta de Diplomas,https://consulta-diploma.exemplo.gov.br,https://w3id.org/ufes/ontodiplomadigital/instancias-ficticias#diplomadoLote064,Pessoa Fictícia-0553,Brasileira,https://w3id.org/ufes/ontodiplomadigital/instancias-ficticias#localNaturalidadeBr1501402,1501402,Belém,PA,,CPF-FICTICIO-0286,https://w3id.org/ufes/ontodiplomadigital/instancias-ficticias#cursoLote064,CURSO-0066,Bacharelado em Biblioteconomia Analitica,,3200,2026-07-21,Bacharelado,Bacharel,,preservacao e acesso,Presencial,,,EMEC-FAKE-2026-0066,Análise de regularidade do curso 066,2026-02-26,2026-02-11,https://w3id.org/ufes/ontodiplomadigital/instancias-ficticias#enderecoCursoLote04,"Campus de Dados 04, Bloco D",,,,Fortaleza,CE,31004-000,Brasil,,Universidade Metropolitana da Informação,https://w3id.org/ufes/ontodiplomadigital/instancias-ficticias#iesEmissoraLote04,MEC-EM-0004,CNPJ-FICTICIO-0021/CNPJ-FICTICIO-0022,"Avenida Sintetica 104, Setor Emissor",Brasilia,DF,29004-000,Brasil,Centro Universitario de Rastreabilidade Acadêmica,https://w3id.org/ufes/ontodiplomadigital/instancias-ficticias#iesRegistradoraLote08,MEC-RG-0008,CNPJ-FICTICIO-0039/CNPJ-FICTICIO-0040,"Rua Registral 208, Setor de Proveniencia",Vitoria,ES,30008-000,Brasil,https://w3id.org/ufes/ontodiplomadigital/instancias-ficticias#registroLote064,ReqDip00000000000000000000000000000000000000000066,PROCESSO-DIPLOMA-0066,2026-07-28,2026-08-12,2026-08-27,L-2026-1,REGISTRO-0066,64,066,Caso sintetico 066 com status revogado e modalidade presencial.,https://w3id.org/ufes/ontodiplomadigital/instancias-ficticias#responsavelRegistroLote064,Pessoa Fictícia-0028,CPF-FICTICIO-0287,RESPONSAVEL-REGISTRO-0066,Assinante Fictício-0171,CPF-FICTICIO-0288,Reitoria de Registro 1,Assinante Fictício-0030,CPF-FICTICIO-0289,Reitora,https://w3id.org/ufes/ontodiplomadigital/instancias-ficticias#assinaturaLote064,2026-08-27T09:34:00,XAdES,Assinatura da pessoa jurídica registradora,Centro Universitario de Rastreabilidade Acadêmica,,2026-08-27T09:34:00,https://w3id.org/ufes/ontodiplomadigital/instancias-ficticias#codigoValidacaoLote064,CODIGO-VALIDACAO-FICTICIO-0570,https://w3id.org/ufes/ontodiplomadigital/instancias-ficticias#documentacaoAcademicaLote064,ReqDip00000000000000000000000000000000000000000066,Pessoa Fictícia-0031,CPF-FICTICIO-0031,Procuradora Institucional,urn:fake:pdfa:ato-designacao:lote04,https://w3id.org/ufes/ontodiplomadigital/instancias-ficticias#historicoLote064,HISTORICO-0066
CASO-0067,https://w3id.org/ufes/ontodiplomadigital/instancias-ficticias#diplomaLote065,DIPLOMA-0067,Diploma digital,Anulado,1.05,homologação,2026-08-25,GovBR Acadêmico Fictício,https://govbr-academico.exemplo.gov.br,https://w3id.org/ufes/ontodiplomadigital/instancias-ficticias#diplomadoLote065,Pessoa Fictícia-0554,Angolana,https://w3id.org/ufes/ontodiplomadigital/instancias-ficticias#localNaturalidadeEstrangeiraLuanda,,,,Luanda,CPF-FICTICIO-0290,https://w3id.org/ufes/ontodiplomadigital/instancias-ficticias#cursoLote065,CURSO-0067,Licenciatura em Gestão da Informação,CURSO-FAKE-0067,3400,2026-07-24,Licenciatura,Licenciado,,governanca de dados,EaD,,,,,,,https://w3id.org/ufes/ontodiplomadigital/instancias-ficticias#enderecoCursoLote11,"Campus de Dados 11, Bloco A",,,,Belo Horizonte,MG,31011-000,Brasil,,Faculdade Nacional de Dados Ligados,https://w3id.org/ufes/ontodiplomadigital/instancias-ficticias#iesEmissoraLote05,MEC-EM-0005,CNPJ-FICTICIO-0025/CNPJ-FICTICIO-0026,"Avenida Sintetica 105, Setor Emissor",Recife,PE,29005-000,Brasil,Universidade Registradora do Brasil Digital,https://w3id.org/ufes/ontodiplomadigital/instancias-ficticias#iesRegistradoraLote01,MEC-RG-0001,CNPJ-FICTICIO-0011/CNPJ-FICTICIO-0012,"Rua Registral 201, Setor de Proveniencia",Curitiba,PR,30001-000,Brasil,https://w3id.org/ufes/ontodiplomadigital/instancias-ficticias#registroLote065,ReqDip00000000000000000000000000000000000000000067,PROCESSO-DIPLOMA-0067,2026-07-31,2026-08-15,2026-08-30,L-2026-2,REGISTRO-0067,65,067,Caso sintetico 067 com status anulado e modalidade ead.,https://w3id.org/ufes/ontodiplomadigital/instancias-ficticias#responsavelRegistroLote065,Pessoa Fictícia-0033,CPF-FICTICIO-0291,RESPONSAVEL-REGISTRO-0067,Assinante Fictício-0173 | Assinante Fictício-0174,CPF-FICTICIO-0292 | CPF-FICTICIO-0293,Reitoria de Registro 2 | Secretaria Acadêmica Integrada,Pessoa Fictícia-0006,CPF-FICTICIO-0294,Diretor Acadêmico,https://w3id.org/ufes/ontodiplomadigital/instancias-ficticias#assinaturaLote065,2026-08-30T10:35:00,CAdES,Assinatura da pessoa jurídica emissora,Faculdade Nacional de Dados Ligados,,2026-08-30T10:35:00,https://w3id.org/ufes/ontodiplomadigital/instancias-ficticias#codigoValidacaoLote065,CODIGO-VALIDACAO-FICTICIO-0571,https://w3id.org/ufes/ontodiplomadigital/instancias-ficticias#documentacaoAcademicaLote065,ReqDip00000000000000000000000000000000000000000067,Assinante Fictício-0005,CPF-FICTICIO-0037,Reitor,urn:fake:pdfa:ato-designacao:lote05,https://w3id.org/ufes/ontodiplomadigital/instancias-ficticias#historicoLote065,HISTORICO-0067
CASO-0068,https://w3id.org/ufes/ontodiplomadigital/instancias-ficticias#diplomaLote066,DIPLOMA-0068,Diploma digital,Ativo,1.05,produção,2026-08-28,Portal Público Fictício de Consulta de Diplomas,https://consulta-diploma.exemplo.gov.br,https://w3id.org/ufes/ontodiplomadigital/instancias-ficticias#diplomadoLote066,Pessoa Fictícia-0555,Brasileira,https://w3id.org/ufes/ontodiplomadigital/instancias-ficticias#localNaturalidadeBr2211001,2211001,Teresina,PI,,CPF-FICTICIO-0295,https://w3id.org/ufes/ontodiplomadigital/instancias-ficticias#cursoLote066,CURSO-0068,Tecnologia em Humanidades Digitais,,2400,2026-07-27,Tecnologia,Tecnólogo,Especialista em Humanidades Digitais,tratamento documental,Semipresencial,Processos de registro academico,2026-07-27,EMEC-FAKE-2026-0068,Análise de regularidade do curso 068,2026-03-04,2026-02-17,https://w3id.org/ufes/ontodiplomadigital/instancias-ficticias#enderecoCursoLote06,"Campus de Dados 06, Bloco A",,,,Sao Paulo,SP,31006-000,Brasil,,Universidade de Estudos Documentais,https://w3id.org/ufes/ontodiplomadigital/instancias-ficticias#iesEmissoraLote06,MEC-EM-0006,CNPJ-FICTICIO-0029/CNPJ-FICTICIO-0030,"Avenida Sintetica 106, Setor Emissor",Curitiba,PR,29006-000,Brasil,Centro de Registro Interoperável,https://w3id.org/ufes/ontodiplomadigital/instancias-ficticias#iesRegistradoraLote02,MEC-RG-0002,CNPJ-FICTICIO-0015/CNPJ-FICTICIO-0016,"Rua Registral 202, Setor de Proveniencia",Fortaleza,CE,30002-000,Brasil,https://w3id.org/ufes/ontodiplomadigital/instancias-ficticias#registroLote066,ReqDip00000000000000000000000000000000000000000068,PROCESSO-DIPLOMA-0068,2026-08-03,2026-08-18,2026-09-02,L-2026-3,REGISTRO-0068,66,068,Caso sintetico 068 com status ativo e modalidade semipresencial.,https://w3id.org/ufes/ontodiplomadigital/instancias-ficticias#responsavelRegistroLote066,Pessoa Fictícia-0037,CPF-FICTICIO-0296,RESPONSAVEL-REGISTRO-0068,Assinante Fictício-0176,CPF-FICTICIO-0297,Reitoria de Registro 3,Pessoa Fictícia-0011,CPF-FICTICIO-0298,Diretora Acadêmica,https://w3id.org/ufes/ontodiplomadigital/instancias-ficticias#assinaturaLote066,2026-09-02T11:36:00,PAdES,Assinatura PFResponsavel Registro,,,2026-09-02T11:36:00,https://w3id.org/ufes/ontodiplomadigital/instancias-ficticias#codigoValidacaoLote066,CODIGO-VALIDACAO-FICTICIO-0572,https://w3id.org/ufes/ontodiplomadigital/instancias-ficticias#documentacaoAcademicaLote066,ReqDip00000000000000000000000000000000000000000068,Assinante Fictício-0010,CPF-FICTICIO-0042,Reitora,urn:fake:pdfa:ato-designacao:lote06,https://w3id.org/ufes/ontodiplomadigital/instancias-ficticias#historicoLote066,HISTORICO-0068
CASO-0069,https://w3id.org/ufes/ontodiplomadigital/instancias-ficticias#diplomaLote067,DIPLOMA-0069,Diploma digital,Ativo,1.05,homologação,2026-08-31,GovBR Acadêmico Fictício,https://govbr-academico.exemplo.gov.br,https://w3id.org/ufes/ontodiplomadigital/instancias-ficticias#diplomadoLote067,Pessoa Fictícia-0556,Brasileira,https://w3id.org/ufes/ontodiplomadigital/instancias-ficticias#localNaturalidadeBr3304557,3304557,Rio de Janeiro,RJ,,CPF-FICTICIO-0299,https://w3id.org/ufes/ontodiplomadigital/instancias-ficticias#cursoLote067,CURSO-0069,Bacharelado em Documentacao Tecnica,CURSO-FAKE-0069,2600,2026-07-30,Bacharelado,Bacharel,,interoperabilidade semantica,Presencial,,,,,,,https://w3id.org/ufes/ontodiplomadigital/instancias-ficticias#enderecoCursoCaso1,"Campus Integracao, Bloco A",,,,Vila Semântica,ES,29001-111,Brasil,,Centro Acadêmico de Interoperabilidade,https://w3id.org/ufes/ontodiplomadigital/instancias-ficticias#iesEmissoraLote07,MEC-EM-0007,CNPJ-FICTICIO-0033/CNPJ-FICTICIO-0034,"Avenida Sintetica 107, Setor Emissor",Fortaleza,CE,29007-000,Brasil,Instituto Nacional de Validação Acadêmica,https://w3id.org/ufes/ontodiplomadigital/instancias-ficticias#iesRegistradoraLote03,MEC-RG-0003,CNPJ-FICTICIO-0019/CNPJ-FICTICIO-0020,"Rua Registral 203, Setor de Proveniencia",Goiania,GO,30003-000,Brasil,https://w3id.org/ufes/ontodiplomadigital/instancias-ficticias#registroLote067,ReqDip00000000000000000000000000000000000000000069,PROCESSO-DIPLOMA-0069,2026-08-06,2026-08-21,2026-09-05,L-2026-4,REGISTRO-0069,67,069,Caso sintetico 069 com status ativo e modalidade presencial.,https://w3id.org/ufes/ontodiplomadigital/instancias-ficticias#responsavelRegistroLote067,Pessoa Fictícia-0040,CPF-FICTICIO-0300,RESPONSAVEL-REGISTRO-0069,Assinante Fictício-0178,CPF-FICTICIO-0301,Reitoria de Registro 4,Pessoa Fictícia-0016,CPF-FICTICIO-0302,Secretario Geral Acadêmico,https://w3id.org/ufes/ontodiplomadigital/instancias-ficticias#assinaturaLote067,2026-09-05T12:37:00,XAdES,Assinatura da pessoa física emissora,,,2026-09-05T12:37:00,https://w3id.org/ufes/ontodiplomadigital/instancias-ficticias#codigoValidacaoLote067,CODIGO-VALIDACAO-FICTICIO-0573,https://w3id.org/ufes/ontodiplomadigital/instancias-ficticias#documentacaoAcademicaLote067,ReqDip00000000000000000000000000000000000000000069,Assinante Fictício-0015,CPF-FICTICIO-0047,Diretor Geral,urn:fake:pdfa:ato-designacao:lote07,https://w3id.org/ufes/ontodiplomadigital/instancias-ficticias#historicoLote067,HISTORICO-0069
CASO-0070,https://w3id.org/ufes/ontodiplomadigital/instancias-ficticias#diplomaLote068,DIPLOMA-0070,Diploma digital,Ativo,1.05,produção,2026-09-03,Portal Público Fictício de Consulta de Diplomas,https://consulta-diploma.exemplo.gov.br,https://w3id.org/ufes/ontodiplomadigital/instancias-ficticias#diplomadoLote068,Pessoa Fictícia-0557,Argentina,https://w3id.org/ufes/ontodiplomadigital/instancias-ficticias#localNaturalidadeEstrangeiraBuenosAires,,,,Buenos Aires,CPF-FICTICIO-0303,https://w3id.org/ufes/ontodiplomadigital/instancias-ficticias#cursoLote068,CURSO-0070,Licenciatura em Governanca Informacional,,2800,2026-08-02,Licenciatura,Licenciado,,curadoria digital,EaD,,,EMEC-FAKE-2026-0070,Análise de regularidade do curso 070,2026-03-10,2026-02-23,https://w3id.org/ufes/ontodiplomadigital/instancias-ficticias#enderecoCursoLote08,"Campus de Dados 08, Bloco C",,,,Florianopolis,SC,31008-000,Brasil,,Instituto Superior de Preservacao Informacional,https://w3id.org/ufes/ontodiplomadigital/instancias-ficticias#iesEmissoraLote08,MEC-EM-0008,CNPJ-FICTICIO-0037/CNPJ-FICTICIO-0038,"Avenida Sintetica 108, Setor Emissor",Goiania,GO,29008-000,Brasil,Universidade Curadora de Diplomas,https://w3id.org/ufes/ontodiplomadigital/instancias-ficticias#iesRegistradoraLote04,MEC-RG-0004,CNPJ-FICTICIO-0023/CNPJ-FICTICIO-0024,"Rua Registral 204, Setor de Proveniencia",Sao Paulo,SP,30004-000,Brasil,https://w3id.org/ufes/ontodiplomadigital/instancias-ficticias#registroLote068,ReqDip00000000000000000000000000000000000000000070,PROCESSO-DIPLOMA-0070,2026-08-09,2026-08-24,2026-09-08,L-2026-5,REGISTRO-0070,68,070,Caso sintetico 070 com status ativo e modalidade ead.,https://w3id.org/ufes/ontodiplomadigital/instancias-ficticias#responsavelRegistroLote068,Pessoa Fictícia-0043,CPF-FICTICIO-0304,RESPONSAVEL-REGISTRO-0070,Assinante Fictício-0180,CPF-FICTICIO-0305,Reitoria de Registro 5,Pessoa Fictícia-0021,CPF-FICTICIO-0306,Secretaria Geral Acadêmica,https://w3id.org/ufes/ontodiplomadigital/instancias-ficticias#assinaturaLote068,2026-09-08T13:38:00,CAdES,Assinatura PJArquivamento Documentacao Academica,Instituto Superior de Preservacao Informacional,,2026-09-08T13:38:00,https://w3id.org/ufes/ontodiplomadigital/instancias-ficticias#codigoValidacaoLote068,CODIGO-VALIDACAO-FICTICIO-0574,https://w3id.org/ufes/ontodiplomadigital/instancias-ficticias#documentacaoAcademicaLote068,ReqDip00000000000000000000000000000000000000000070,Assinante Fictício-0020,CPF-FICTICIO-0052,Diretora Geral,urn:fake:pdfa:ato-designacao:lote08,https://w3id.org/ufes/ontodiplomadigital/instancias-ficticias#historicoLote068,HISTORICO-0070
CASO-0071,https://w3id.org/ufes/ontodiplomadigital/instancias-ficticias#diplomaLote069,DIPLOMA-0071,Diploma digital,Revogado,1.05,homologação,2026-09-06,GovBR Acadêmico Fictício,https://govbr-academico.exemplo.gov.br,https://w3id.org/ufes/ontodiplomadigital/instancias-ficticias#diplomadoLote069,Pessoa Fictícia-0558,Brasileira,https://w3id.org/ufes/ontodiplomadigital/instancias-ficticias#localNaturalidadeBr4314902,4314902,Porto Alegre,RS,,CPF-FICTICIO-0307,https://w3id.org/ufes/ontodiplomadigital/instancias-ficticias#cursoLote069,CURSO-0071,Tecnologia em Interoperabilidade Semântica,CURSO-FAKE-0071,3000,2026-08-05,Tecnologia,Tecnólogo,,organizacao do conhecimento,Semipresencial,Análise semantica aplicada,2026-08-05,,,,,https://w3id.org/ufes/ontodiplomadigital/instancias-ficticias#enderecoCursoLote09,"Campus de Dados 09, Bloco D",,,,Belem,PA,31009-000,Brasil,,Universidade do Patrimonio Digital,https://w3id.org/ufes/ontodiplomadigital/instancias-ficticias#iesEmissoraLote09,MEC-EM-0009,CNPJ-FICTICIO-0041/CNPJ-FICTICIO-0042,"Avenida Sintetica 109, Setor Emissor",Sao Paulo,SP,29009-000,Brasil,Centro Registral de Conhecimento Aplicado,https://w3id.org/ufes/ontodiplomadigital/instancias-ficticias#iesRegistradoraLote05,MEC-RG-0005,CNPJ-FICTICIO-0027/CNPJ-FICTICIO-0028,"Rua Registral 205, Setor de Proveniencia",Rio de Janeiro,RJ,30005-000,Brasil,https://w3id.org/ufes/ontodiplomadigital/instancias-ficticias#registroLote069,ReqDip00000000000000000000000000000000000000000071,PROCESSO-DIPLOMA-0071,2026-08-12,2026-08-27,2026-09-11,L-2026-6,REGISTRO-0071,69,071,Caso sintetico 071 com status revogado e modalidade semipresencial.,https://w3id.org/ufes/ontodiplomadigital/instancias-ficticias#responsavelRegistroLote069,Pessoa Fictícia-0046,CPF-FICTICIO-0308,RESPONSAVEL-REGISTRO-0071,Assinante Fictício-0182,CPF-FICTICIO-0309,Reitoria de Registro 6,Pessoa Fictícia-0026,CPF-FICTICIO-0310,Pro-Reitor de Graduacao,https://w3id.org/ufes/ontodiplomadigital/instancias-ficticias#assinaturaLote069,2026-09-11T14:39:00,PAdES,Assinatura da pessoa jurídica registradora,Centro Registral de Conhecimento Aplicado,,2026-09-11T14:39:00,https://w3id.org/ufes/ontodiplomadigital/instancias-ficticias#codigoValidacaoLote069,CODIGO-VALIDACAO-FICTICIO-0575,https://w3id.org/ufes/ontodiplomadigital/instancias-ficticias#documentacaoAcademicaLote069,ReqDip00000000000000000000000000000000000000000071,Assinante Fictício-0025,CPF-FICTICIO-0057,Procurador Institucional,urn:fake:pdfa:ato-designacao:lote09,https://w3id.org/ufes/ontodiplomadigital/instancias-ficticias#historicoLote069,HISTORICO-0071
CASO-0072,https://w3id.org/ufes/ontodiplomadigital/instancias-ficticias#diplomaLote070,DIPLOMA-0072,Diploma digital,Anulado,1.05,produção,2026-09-09,Portal Público Fictício de Consulta de Diplomas,https://consulta-diploma.exemplo.gov.br,https://w3id.org/ufes/ontodiplomadigital/instancias-ficticias#diplomadoLote070,Pessoa Fictícia-0559,Francesa,https://w3id.org/ufes/ontodiplomadigital/instancias-ficticias#localNaturalidadeEstrangeiraParis,,,,Paris,CPF-FICTICIO-0311,https://w3id.org/ufes/ontodiplomadigital/instancias-ficticias#cursoLote070,CURSO-0072,Bacharelado em Preservacao Digital,CURSO-FAKE-0072,3200,2026-08-08,Bacharelado,Bacharel,,preservacao e acesso,Presencial,,,,,,,https://w3id.org/ufes/ontodiplomadigital/instancias-ficticias#enderecoCursoLote10,"Campus de Dados 10, Bloco E",,,,Vitoria,ES,31010-000,Brasil,,Centro Universitario de Modelagem Conceitual,https://w3id.org/ufes/ontodiplomadigital/instancias-ficticias#iesEmissoraLote10,MEC-EM-0010,CNPJ-FICTICIO-0043/CNPJ-FICTICIO-0044,"Avenida Sintetica 110, Setor Emissor",Rio de Janeiro,RJ,29010-000,Brasil,Universidade Federal de Registro Semântico,https://w3id.org/ufes/ontodiplomadigital/instancias-ficticias#iesRegistradoraLote06,MEC-RG-0006,CNPJ-FICTICIO-0031/CNPJ-FICTICIO-0032,"Rua Registral 206, Setor de Proveniencia",Florianopolis,SC,30006-000,Brasil,https://w3id.org/ufes/ontodiplomadigital/instancias-ficticias#registroLote070,ReqDip00000000000000000000000000000000000000000072,PROCESSO-DIPLOMA-0072,2026-08-15,2026-08-30,2026-09-14,L-2026-7,REGISTRO-0072,70,072,Caso sintetico 072 com status anulado e modalidade presencial.,https://w3id.org/ufes/ontodiplomadigital/instancias-ficticias#responsavelRegistroLote070,Pessoa Fictícia-0049,CPF-FICTICIO-0312,RESPONSAVEL-REGISTRO-0072,Assinante Fictício-0184 | Assinante Fictício-0185,CPF-FICTICIO-0313 | CPF-FICTICIO-0314,Reitoria de Registro 7 | Secretaria Acadêmica Integrada,Pessoa Fictícia-0031,CPF-FICTICIO-0315,Pro-Reitora de Graduacao,https://w3id.org/ufes/ontodiplomadigital/instancias-ficticias#assinaturaLote070,2026-09-14T15:40:00,XAdES,Assinatura da pessoa jurídica emissora,Centro Universitario de Modelagem Conceitual,Autoridade Certificadora Fictícia Integridade Digital,2026-09-14T15:40:00,https://w3id.org/ufes/ontodiplomadigital/instancias-ficticias#codigoValidacaoLote070,CODIGO-VALIDACAO-FICTICIO-0576,https://w3id.org/ufes/ontodiplomadigital/instancias-ficticias#documentacaoAcademicaLote070,ReqDip00000000000000000000000000000000000000000072,Assinante Fictício-0030,CPF-FICTICIO-0063,Procuradora Institucional,urn:fake:pdfa:ato-designacao:lote10,https://w3id.org/ufes/ontodiplomadigital/instancias-ficticias#historicoLote070,HISTORICO-0072
CASO-0073,https://w3id.org/ufes/ontodiplomadigital/instancias-ficticias#diplomaLote071,DIPLOMA-0073,Diploma digital,Ativo,1.05,homologação,2026-09-12,GovBR Acadêmico Fictício,https://govbr-academico.exemplo.gov.br,https://w3id.org/ufes/ontodiplomadigital/instancias-ficticias#diplomadoLote071,Pessoa Fictícia-0560,Brasileira,https://w3id.org/ufes/ontodiplomadigital/instancias-ficticias#localNaturalidadeBr1501402,1501402,Belém,PA,,CPF-FICTICIO-0316,https://w3id.org/ufes/ontodiplomadigital/instancias-ficticias#cursoLote071,CURSO-0073,Licenciatura em Análise Territorial de Dados,CURSO-FAKE-0073,3400,2026-08-11,Licenciatura,Licenciado,,governanca de dados,EaD,,,,,,,https://w3id.org/ufes/ontodiplomadigital/instancias-ficticias#enderecoCursoLote04,"Campus de Dados 04, Bloco D",,,,Fortaleza,CE,31004-000,Brasil,,Universidade Aberta do Conhecimento,https://w3id.org/ufes/ontodiplomadigital/instancias-ficticias#iesEmissoraLote01,MEC-EM-0001,CNPJ-FICTICIO-0009/CNPJ-FICTICIO-0010,"Avenida Sintetica 101, Setor Emissor",Vitoria,ES,29001-000,Brasil,Instituto de Segurança Documental,https://w3id.org/ufes/ontodiplomadigital/instancias-ficticias#iesRegistradoraLote07,MEC-RG-0007,CNPJ-FICTICIO-0035/CNPJ-FICTICIO-0036,"Rua Registral 207, Setor de Proveniencia",Belem,PA,30007-000,Brasil,https://w3id.org/ufes/ontodiplomadigital/instancias-ficticias#registroLote071,ReqDip00000000000000000000000000000000000000000073,PROCESSO-DIPLOMA-0073,2026-08-18,2026-09-02,2026-09-17,L-2026-1,REGISTRO-0073,71,073,Caso sintetico 073 com status ativo e modalidade ead.,https://w3id.org/ufes/ontodiplomadigital/instancias-ficticias#responsavelRegistroLote071,Pessoa Fictícia-0053,CPF-FICTICIO-0317,RESPONSAVEL-REGISTRO-0073,Assinante Fictício-0187,CPF-FICTICIO-0318,Reitoria de Registro 8,Assinante Fictício-0005,CPF-FICTICIO-0319,Reitor,https://w3id.org/ufes/ontodiplomadigital/instancias-ficticias#assinaturaLote071,2026-09-17T16:41:00,CAdES,Assinatura PFResponsavel Registro,,,2026-09-17T16:41:00,https://w3id.org/ufes/ontodiplomadigital/instancias-ficticias#codigoValidacaoLote071,CODIGO-VALIDACAO-FICTICIO-0577,https://w3id.org/ufes/ontodiplomadigital/instancias-ficticias#documentacaoAcademicaLote071,ReqDip00000000000000000000000000000000000000000073,Pessoa Fictícia-0016,CPF-FICTICIO-0016,Diretor Geral,urn:fake:pdfa:ato-designacao:lote01,https://w3id.org/ufes/ontodiplomadigital/instancias-ficticias#historicoLote071,HISTORICO-0073
CASO-0074,https://w3id.org/ufes/ontodiplomadigital/instancias-ficticias#diplomaLote072,DIPLOMA-0074,Diploma digital,Ativo,1.05,produção,2026-09-15,Portal Público Fictício de Consulta de Diplomas,https://consulta-diploma.exemplo.gov.br,https://w3id.org/ufes/ontodiplomadigital/instancias-ficticias#diplomadoLote072,Pessoa Fictícia-0561,Brasileira,https://w3id.org/ufes/ontodiplomadigital/instancias-ficticias#localNaturalidadeBr4314902,4314902,Porto Alegre,RS,,CPF-FICTICIO-0320,https://w3id.org/ufes/ontodiplomadigital/instancias-ficticias#cursoLote072,CURSO-0074,Tecnologia em Memoria Institucional,,2400,2026-08-14,Tecnologia,Tecnólogo,Especialista em Memoria Institucional,tratamento documental,Semipresencial,Processos de registro academico,2026-08-14,EMEC-FAKE-2026-0074,Análise de regularidade do curso 074,2026-03-22,2026-03-07,https://w3id.org/ufes/ontodiplomadigital/instancias-ficticias#enderecoCursoLote12,"Campus de Dados 12, Bloco B",,,,Salvador,BA,31012-000,Brasil,,Centro Universitario Horizonte Semântico,https://w3id.org/ufes/ontodiplomadigital/instancias-ficticias#iesEmissoraLote02,MEC-EM-0002,CNPJ-FICTICIO-0013/CNPJ-FICTICIO-0014,"Avenida Sintetica 102, Setor Emissor",Belo Horizonte,MG,29002-000,Brasil,Centro Universitario de Rastreabilidade Acadêmica,https://w3id.org/ufes/ontodiplomadigital/instancias-ficticias#iesRegistradoraLote08,MEC-RG-0008,CNPJ-FICTICIO-0039/CNPJ-FICTICIO-0040,"Rua Registral 208, Setor de Proveniencia",Vitoria,ES,30008-000,Brasil,https://w3id.org/ufes/ontodiplomadigital/instancias-ficticias#registroLote072,ReqDip00000000000000000000000000000000000000000074,PROCESSO-DIPLOMA-0074,2026-08-21,2026-09-05,2026-09-20,L-2026-2,REGISTRO-0074,72,074,Caso sintetico 074 com status ativo e modalidade semipresencial.,https://w3id.org/ufes/ontodiplomadigital/instancias-ficticias#responsavelRegistroLote072,Pessoa Fictícia-0056,CPF-FICTICIO-0321,RESPONSAVEL-REGISTRO-0074,Assinante Fictício-0189,CPF-FICTICIO-0322,Reitoria de Registro 9,Assinante Fictício-0010,CPF-FICTICIO-0323,Reitora,https://w3id.org/ufes/ontodiplomadigital/instancias-ficticias#assinaturaLote072,2026-09-20T08:42:00,PAdES,Assinatura da pessoa física emissora,,,2026-09-20T08:42:00,https://w3id.org/ufes/ontodiplomadigital/instancias-ficticias#codigoValidacaoLote072,CODIGO-VALIDACAO-FICTICIO-0578,https://w3id.org/ufes/ontodiplomadigital/instancias-ficticias#documentacaoAcademicaLote072,ReqDip00000000000000000000000000000000000000000074,Pessoa Fictícia-0021,CPF-FICTICIO-0021,Diretora Geral,urn:fake:pdfa:ato-designacao:lote02,https://w3id.org/ufes/ontodiplomadigital/instancias-ficticias#historicoLote072,HISTORICO-0074
CASO-0075,https://w3id.org/ufes/ontodiplomadigital/instancias-ficticias#diplomaLote073,DIPLOMA-0075,Diploma digital,Ativo,1.05,homologação,2026-09-18,GovBR Acadêmico Fictício,https://govbr-academico.exemplo.gov.br,https://w3id.org/ufes/ontodiplomadigital/instancias-ficticias#diplomadoLote073,Pessoa Fictícia-0562,Brasileira,https://w3id.org/ufes/ontodiplomadigital/instancias-ficticias#localNaturalidadeBr5300108,5300108,Brasília,DF,,CPF-FICTICIO-0324,https://w3id.org/ufes/ontodiplomadigital/instancias-ficticias#cursoLote073,CURSO-0075,Bacharelado em Ciência de Dados Publicos,CURSO-FAKE-0075,2600,2026-08-17,Bacharelado,Bacharel,,interoperabilidade semantica,Presencial,,,,,,,https://w3id.org/ufes/ontodiplomadigital/instancias-ficticias#enderecoCursoLote08,"Campus de Dados 08, Bloco C",,,,Florianopolis,SC,31008-000,Brasil,,Instituto Federal de Curadoria Digital,https://w3id.org/ufes/ontodiplomadigital/instancias-ficticias#iesEmissoraLote03,MEC-EM-0003,CNPJ-FICTICIO-0017/CNPJ-FICTICIO-0018,"Avenida Sintetica 103, Setor Emissor",Salvador,BA,29003-000,Brasil,Universidade Registradora do Brasil Digital,https://w3id.org/ufes/ontodiplomadigital/instancias-ficticias#iesRegistradoraLote01,MEC-RG-0001,CNPJ-FICTICIO-0011/CNPJ-FICTICIO-0012,"Rua Registral 201, Setor de Proveniencia",Curitiba,PR,30001-000,Brasil,https://w3id.org/ufes/ontodiplomadigital/instancias-ficticias#registroLote073,ReqDip00000000000000000000000000000000000000000075,PROCESSO-DIPLOMA-0075,2026-08-24,2026-09-08,2026-09-23,L-2026-3,REGISTRO-0075,73,075,Caso sintetico 075 com status ativo e modalidade presencial.,https://w3id.org/ufes/ontodiplomadigital/instancias-ficticias#responsavelRegistroLote073,Pessoa Fictícia-0013,CPF-FICTICIO-0325,RESPONSAVEL-REGISTRO-0075,Assinante Fictício-0191,CPF-FICTICIO-0326,Reitoria de Registro 1,Assinante Fictício-0015,CPF-FICTICIO-0327,Diretor Acadêmico,https://w3id.org/ufes/ontodiplomadigital/instancias-ficticias#assinaturaLote073,2026-09-23T09:43:00,XAdES,Assinatura PJArquivamento Documentacao Academica,Instituto Federal de Curadoria Digital,,2026-09-23T09:43:00,https://w3id.org/ufes/ontodiplomadigital/instancias-ficticias#codigoValidacaoLote073,CODIGO-VALIDACAO-FICTICIO-0579,https://w3id.org/ufes/ontodiplomadigital/instancias-ficticias#documentacaoAcademicaLote073,ReqDip00000000000000000000000000000000000000000075,Pessoa Fictícia-0026,CPF-FICTICIO-0026,Procurador Institucional,urn:fake:pdfa:ato-designacao:lote03,https://w3id.org/ufes/ontodiplomadigital/instancias-ficticias#historicoLote073,HISTORICO-0075
CASO-0076,https://w3id.org/ufes/ontodiplomadigital/instancias-ficticias#diplomaLote074,DIPLOMA-0076,Diploma digital,Revogado,1.05,produção,2026-09-21,Portal Público Fictício de Consulta de Diplomas,https://consulta-diploma.exemplo.gov.br,https://w3id.org/ufes/ontodiplomadigital/instancias-ficticias#diplomadoLote074,Pessoa Fictícia-0563,Brasileira,https://w3id.org/ufes/ontodiplomadigital/instancias-ficticias#localNaturalidadeBr3304557,3304557,Rio de Janeiro,RJ,,CPF-FICTICIO-0328,https://w3id.org/ufes/ontodiplomadigital/instancias-ficticias#cursoLote074,CURSO-0076,Licenciatura em Curadoria Digital,CURSO-FAKE-0076,2800,2026-08-20,Licenciatura,Licenciado,,curadoria digital,EaD,,,,,,,https://w3id.org/ufes/ontodiplomadigital/instancias-ficticias#enderecoCursoLote02,"Campus de Dados 02, Bloco B",,,,Recife,PE,31002-000,Brasil,,Universidade Metropolitana da Informação,https://w3id.org/ufes/ontodiplomadigital/instancias-ficticias#iesEmissoraLote04,MEC-EM-0004,CNPJ-FICTICIO-0021/CNPJ-FICTICIO-0022,"Avenida Sintetica 104, Setor Emissor",Brasilia,DF,29004-000,Brasil,Centro de Registro Interoperável,https://w3id.org/ufes/ontodiplomadigital/instancias-ficticias#iesRegistradoraLote02,MEC-RG-0002,CNPJ-FICTICIO-0015/CNPJ-FICTICIO-0016,"Rua Registral 202, Setor de Proveniencia",Fortaleza,CE,30002-000,Brasil,https://w3id.org/ufes/ontodiplomadigital/instancias-ficticias#registroLote074,ReqDip00000000000000000000000000000000000000000076,PROCESSO-DIPLOMA-0076,2026-08-27,2026-09-11,2026-09-26,L-2026-4,REGISTRO-0076,74,076,Caso sintetico 076 com status revogado e modalidade ead.,https://w3id.org/ufes/ontodiplomadigital/instancias-ficticias#responsavelRegistroLote074,Pessoa Fictícia-0018,CPF-FICTICIO-0329,RESPONSAVEL-REGISTRO-0076,Assinante Fictício-0193,CPF-FICTICIO-0330,Reitoria de Registro 2,Assinante Fictício-0020,CPF-FICTICIO-0331,Diretora Acadêmica,https://w3id.org/ufes/ontodiplomadigital/instancias-ficticias#assinaturaLote074,2026-09-26T10:44:00,CAdES,Assinatura da pessoa jurídica registradora,Centro de Registro Interoperável,,2026-09-26T10:44:00,https://w3id.org/ufes/ontodiplomadigital/instancias-ficticias#codigoValidacaoLote074,CODIGO-VALIDACAO-FICTICIO-0580,https://w3id.org/ufes/ontodiplomadigital/instancias-ficticias#documentacaoAcademicaLote074,ReqDip00000000000000000000000000000000000000000076,Pessoa Fictícia-0031,CPF-FICTICIO-0031,Procuradora Institucional,urn:fake:pdfa:ato-designacao:lote04,https://w3id.org/ufes/ontodiplomadigital/instancias-ficticias#historicoLote074,HISTORICO-0076
CASO-0077,https://w3id.org/ufes/ontodiplomadigital/instancias-ficticias#diplomaLote075,DIPLOMA-0077,Diploma digital,Anulado,1.05,homologação,2026-09-24,GovBR Acadêmico Fictício,https://govbr-academico.exemplo.gov.br,https://w3id.org/ufes/ontodiplomadigital/instancias-ficticias#diplomadoLote075,Pessoa Fictícia-0564,Canadense,https://w3id.org/ufes/ontodiplomadigital/instancias-ficticias#localNaturalidadeEstrangeiraToronto,,,,Toronto,CPF-FICTICIO-0332,https://w3id.org/ufes/ontodiplomadigital/instancias-ficticias#cursoLote075,CURSO-0077,Tecnologia em Arquivologia Aplicada,CURSO-FAKE-0077,3000,2026-08-23,Tecnologia,Tecnólogo,,organizacao do conhecimento,Semipresencial,Análise semantica aplicada,2026-08-23,,,,,https://w3id.org/ufes/ontodiplomadigital/instancias-ficticias#enderecoCursoLote02,"Campus de Dados 02, Bloco B",,,,Recife,PE,31002-000,Brasil,,Faculdade Nacional de Dados Ligados,https://w3id.org/ufes/ontodiplomadigital/instancias-ficticias#iesEmissoraLote05,MEC-EM-0005,CNPJ-FICTICIO-0025/CNPJ-FICTICIO-0026,"Avenida Sintetica 105, Setor Emissor",Recife,PE,29005-000,Brasil,Instituto Nacional de Validação Acadêmica,https://w3id.org/ufes/ontodiplomadigital/instancias-ficticias#iesRegistradoraLote03,MEC-RG-0003,CNPJ-FICTICIO-0019/CNPJ-FICTICIO-0020,"Rua Registral 203, Setor de Proveniencia",Goiania,GO,30003-000,Brasil,https://w3id.org/ufes/ontodiplomadigital/instancias-ficticias#registroLote075,ReqDip00000000000000000000000000000000000000000077,PROCESSO-DIPLOMA-0077,2026-08-30,2026-09-14,2026-09-29,L-2026-5,REGISTRO-0077,75,077,Caso sintetico 077 com status anulado e modalidade semipresencial.,https://w3id.org/ufes/ontodiplomadigital/instancias-ficticias#responsavelRegistroLote075,Pessoa Fictícia-0023,CPF-FICTICIO-0333,RESPONSAVEL-REGISTRO-0077,Assinante Fictício-0195 | Assinante Fictício-0196,CPF-FICTICIO-0334 | CPF-FICTICIO-0335,Reitoria de Registro 3 | Secretaria Acadêmica Integrada,Assinante Fictício-0025,CPF-FICTICIO-0336,Secretario Geral Acadêmico,https://w3id.org/ufes/ontodiplomadigital/instancias-ficticias#assinaturaLote075,2026-09-29T11:45:00,PAdES,Assinatura da pessoa jurídica emissora,Faculdade Nacional de Dados Ligados,,2026-09-29T11:45:00,https://w3id.org/ufes/ontodiplomadigital/instancias-ficticias#codigoValidacaoLote075,CODIGO-VALIDACAO-FICTICIO-0581,https://w3id.org/ufes/ontodiplomadigital/instancias-ficticias#documentacaoAcademicaLote075,ReqDip00000000000000000000000000000000000000000077,Assinante Fictício-0005,CPF-FICTICIO-0037,Reitor,urn:fake:pdfa:ato-designacao:lote05,https://w3id.org/ufes/ontodiplomadigital/instancias-ficticias#historicoLote075,HISTORICO-0077
CASO-0078,https://w3id.org/ufes/ontodiplomadigital/instancias-ficticias#diplomaLote076,DIPLOMA-0078,Diploma digital,Ativo,1.05,produção,2026-09-27,Portal Público Fictício de Consulta de Diplomas,https://consulta-diploma.exemplo.gov.br,https://w3id.org/ufes/ontodiplomadigital/instancias-ficticias#diplomadoLote076,Pessoa Fictícia-0565,Brasileira,https://w3id.org/ufes/ontodiplomadigital/instancias-ficticias#localNaturalidadeBr1100205,1100205,Porto Velho,RO,,CPF-FICTICIO-0337,https://w3id.org/ufes/ontodiplomadigital/instancias-ficticias#cursoLote076,CURSO-0078,Bacharelado em Biblioteconomia Analitica,,3200,2026-08-26,Bacharelado,Bacharel,,preservacao e acesso,Presencial,,,EMEC-FAKE-2026-0078,Análise de regularidade do curso 078,2026-04-03,2026-03-19,https://w3id.org/ufes/ontodiplomadigital/instancias-ficticias#enderecoCursoLote04,"Campus de Dados 04, Bloco D",,,,Fortaleza,CE,31004-000,Brasil,,Universidade de Estudos Documentais,https://w3id.org/ufes/ontodiplomadigital/instancias-ficticias#iesEmissoraLote06,MEC-EM-0006,CNPJ-FICTICIO-0029/CNPJ-FICTICIO-0030,"Avenida Sintetica 106, Setor Emissor",Curitiba,PR,29006-000,Brasil,Universidade Curadora de Diplomas,https://w3id.org/ufes/ontodiplomadigital/instancias-ficticias#iesRegistradoraLote04,MEC-RG-0004,CNPJ-FICTICIO-0023/CNPJ-FICTICIO-0024,"Rua Registral 204, Setor de Proveniencia",Sao Paulo,SP,30004-000,Brasil,https://w3id.org/ufes/ontodiplomadigital/instancias-ficticias#registroLote076,ReqDip00000000000000000000000000000000000000000078,PROCESSO-DIPLOMA-0078,2026-09-02,2026-09-17,2026-10-02,L-2026-6,REGISTRO-0078,76,078,Caso sintetico 078 com status ativo e modalidade presencial.,https://w3id.org/ufes/ontodiplomadigital/instancias-ficticias#responsavelRegistroLote076,Pessoa Fictícia-0028,CPF-FICTICIO-0338,RESPONSAVEL-REGISTRO-0078,Assinante Fictício-0198,CPF-FICTICIO-0339,Reitoria de Registro 4,Assinante Fictício-0030,CPF-FICTICIO-0340,Secretaria Geral Acadêmica,https://w3id.org/ufes/ontodiplomadigital/instancias-ficticias#assinaturaLote076,2026-10-02T12:46:00,XAdES,Assinatura PFResponsavel Registro,,,2026-10-02T12:46:00,https://w3id.org/ufes/ontodiplomadigital/instancias-ficticias#codigoValidacaoLote076,CODIGO-VALIDACAO-FICTICIO-0582,https://w3id.org/ufes/ontodiplomadigital/instancias-ficticias#documentacaoAcademicaLote076,ReqDip00000000000000000000000000000000000000000078,Assinante Fictício-0010,CPF-FICTICIO-0042,Reitora,urn:fake:pdfa:ato-designacao:lote06,https://w3id.org/ufes/ontodiplomadigital/instancias-ficticias#historicoLote076,HISTORICO-0078
CASO-0079,https://w3id.org/ufes/ontodiplomadigital/instancias-ficticias#diplomaLote077,DIPLOMA-0079,Diploma digital,Ativo,1.05,homologação,2026-09-30,GovBR Acadêmico Fictício,https://govbr-academico.exemplo.gov.br,https://w3id.org/ufes/ontodiplomadigital/instancias-ficticias#diplomadoLote077,Pessoa Fictícia-0566,Brasileira,https://w3id.org/ufes/ontodiplomadigital/instancias-ficticias#localNaturalidadeBr5002704,5002704,Campo Grande,MS,,CPF-FICTICIO-0341,https://w3id.org/ufes/ontodiplomadigital/instancias-ficticias#cursoLote077,CURSO-0079,Licenciatura em Gestão da Informação,CURSO-FAKE-0079,3400,2026-08-29,Licenciatura,Licenciado,,governanca de dados,EaD,,,,,,,https://w3id.org/ufes/ontodiplomadigital/instancias-ficticias#enderecoCursoCaso1,"Campus Integracao, Bloco A",,,,Vila Semântica,ES,29001-111,Brasil,,Centro Acadêmico de Interoperabilidade,https://w3id.org/ufes/ontodiplomadigital/instancias-ficticias#iesEmissoraLote07,MEC-EM-0007,CNPJ-FICTICIO-0033/CNPJ-FICTICIO-0034,"Avenida Sintetica 107, Setor Emissor",Fortaleza,CE,29007-000,Brasil,Centro Registral de Conhecimento Aplicado,https://w3id.org/ufes/ontodiplomadigital/instancias-ficticias#iesRegistradoraLote05,MEC-RG-0005,CNPJ-FICTICIO-0027/CNPJ-FICTICIO-0028,"Rua Registral 205, Setor de Proveniencia",Rio de Janeiro,RJ,30005-000,Brasil,https://w3id.org/ufes/ontodiplomadigital/instancias-ficticias#registroLote077,ReqDip00000000000000000000000000000000000000000079,PROCESSO-DIPLOMA-0079,2026-09-05,2026-09-20,2026-10-05,L-2026-7,REGISTRO-0079,77,079,Caso sintetico 079 com status ativo e modalidade ead.,https://w3id.org/ufes/ontodiplomadigital/instancias-ficticias#responsavelRegistroLote077,Pessoa Fictícia-0033,CPF-FICTICIO-0342,RESPONSAVEL-REGISTRO-0079,Assinante Fictício-0200,CPF-FICTICIO-0343,Reitoria de Registro 5,Pessoa Fictícia-0006,CPF-FICTICIO-0344,Pro-Reitor de Graduacao,https://w3id.org/ufes/ontodiplomadigital/instancias-ficticias#assinaturaLote077,2026-10-05T13:47:00,CAdES,Assinatura da pessoa física emissora,,,2026-10-05T13:47:00,https://w3id.org/ufes/ontodiplomadigital/instancias-ficticias#codigoValidacaoLote077,CODIGO-VALIDACAO-FICTICIO-0583,https://w3id.org/ufes/ontodiplomadigital/instancias-ficticias#documentacaoAcademicaLote077,ReqDip00000000000000000000000000000000000000000079,Assinante Fictício-0015,CPF-FICTICIO-0047,Diretor Geral,urn:fake:pdfa:ato-designacao:lote07,https://w3id.org/ufes/ontodiplomadigital/instancias-ficticias#historicoLote077,HISTORICO-0079
CASO-0080,https://w3id.org/ufes/ontodiplomadigital/instancias-ficticias#diplomaLote078,DIPLOMA-0080,Diploma digital,Ativo,1.05,produção,2026-10-03,Portal Público Fictício de Consulta de Diplomas,https://consulta-diploma.exemplo.gov.br,https://w3id.org/ufes/ontodiplomadigital/instancias-ficticias#diplomadoLote078,Pessoa Fictícia-0567,Brasileira,https://w3id.org/ufes/ontodiplomadigital/instancias-ficticias#localNaturalidadeBr3106200,3106200,Belo Horizonte,MG,,CPF-FICTICIO-0345,https://w3id.org/ufes/ontodiplomadigital/instancias-ficticias#cursoLote078,CURSO-0080,Tecnologia em Humanidades Digitais,,2400,2026-09-01,Tecnologia,Tecnólogo,Especialista em Humanidades Digitais,tratamento documental,Semipresencial,Processos de registro academico,2026-09-01,EMEC-FAKE-2026-0080,Análise de regularidade do curso 080,2026-04-09,2026-03-25,https://w3id.org/ufes/ontodiplomadigital/instancias-ficticias#enderecoCursoLote06,"Campus de Dados 06, Bloco A",,,,Sao Paulo,SP,31006-000,Brasil,,Instituto Superior de Preservacao Informacional,https://w3id.org/ufes/ontodiplomadigital/instancias-ficticias#iesEmissoraLote08,MEC-EM-0008,CNPJ-FICTICIO-0037/CNPJ-FICTICIO-0038,"Avenida Sintetica 108, Setor Emissor",Goiania,GO,29008-000,Brasil,Universidade Federal de Registro Semântico,https://w3id.org/ufes/ontodiplomadigital/instancias-ficticias#iesRegistradoraLote06,MEC-RG-0006,CNPJ-FICTICIO-0031/CNPJ-FICTICIO-0032,"Rua Registral 206, Setor de Proveniencia",Florianopolis,SC,30006-000,Brasil,https://w3id.org/ufes/ontodiplomadigital/instancias-ficticias#registroLote078,ReqDip00000000000000000000000000000000000000000080,PROCESSO-DIPLOMA-0080,2026-09-08,2026-09-23,2026-10-08,L-2026-1,REGISTRO-0080,78,080,Caso sintetico 080 com status ativo e modalidade semipresencial.,https://w3id.org/ufes/ontodiplomadigital/instancias-ficticias#responsavelRegistroLote078,Pessoa Fictícia-0037,CPF-FICTICIO-0346,RESPONSAVEL-REGISTRO-0080,Assinante Fictício-0202,CPF-FICTICIO-0347,Reitoria de Registro 6,Pessoa Fictícia-0011,CPF-FICTICIO-0348,Pro-Reitora de Graduacao,https://w3id.org/ufes/ontodiplomadigital/instancias-ficticias#assinaturaLote078,2026-10-08T14:48:00,PAdES,Assinatura PJArquivamento Documentacao Academica,Instituto Superior de Preservacao Informacional,,2026-10-08T14:48:00,https://w3id.org/ufes/ontodiplomadigital/instancias-ficticias#codigoValidacaoLote078,CODIGO-VALIDACAO-FICTICIO-0584,https://w3id.org/ufes/ontodiplomadigital/instancias-ficticias#documentacaoAcademicaLote078,ReqDip00000000000000000000000000000000000000000080,Assinante Fictício-0020,CPF-FICTICIO-0052,Diretora Geral,urn:fake:pdfa:ato-designacao:lote08,https://w3id.org/ufes/ontodiplomadigital/instancias-ficticias#historicoLote078,HISTORICO-0080
CASO-0081,https://w3id.org/ufes/ontodiplomadigital/instancias-ficticias#diplomaLote079,DIPLOMA-0081,Diploma digital,Revogado,1.05,homologação,2026-10-06,GovBR Acadêmico Fictício,https://govbr-academico.exemplo.gov.br,https://w3id.org/ufes/ontodiplomadigital/instancias-ficticias#diplomadoLote079,Pessoa Fictícia-0568,Brasileira,https://w3id.org/ufes/ontodiplomadigital/instancias-ficticias#localNaturalidadeBr1721000,1721000,Palmas,TO,,CPF-FICTICIO-0349,https://w3id.org/ufes/ontodiplomadigital/instancias-ficticias#cursoLote079,CURSO-0081,Bacharelado em Documentacao Tecnica,CURSO-FAKE-0081,2600,2026-09-04,Bacharelado,Bacharel,,interoperabilidade semantica,Presencial,,,,,,,https://w3id.org/ufes/ontodiplomadigital/instancias-ficticias#enderecoCursoLote04,"Campus de Dados 04, Bloco D",,,,Fortaleza,CE,31004-000,Brasil,,Universidade do Patrimonio Digital,https://w3id.org/ufes/ontodiplomadigital/instancias-ficticias#iesEmissoraLote09,MEC-EM-0009,CNPJ-FICTICIO-0041/CNPJ-FICTICIO-0042,"Avenida Sintetica 109, Setor Emissor",Sao Paulo,SP,29009-000,Brasil,Instituto de Segurança Documental,https://w3id.org/ufes/ontodiplomadigital/instancias-ficticias#iesRegistradoraLote07,MEC-RG-0007,CNPJ-FICTICIO-0035/CNPJ-FICTICIO-0036,"Rua Registral 207, Setor de Proveniencia",Belem,PA,30007-000,Brasil,https://w3id.org/ufes/ontodiplomadigital/instancias-ficticias#registroLote079,ReqDip00000000000000000000000000000000000000000081,PROCESSO-DIPLOMA-0081,2026-09-11,2026-09-26,2026-10-11,L-2026-2,REGISTRO-0081,79,081,Caso sintetico 081 com status revogado e modalidade presencial.,https://w3id.org/ufes/ontodiplomadigital/instancias-ficticias#responsavelRegistroLote079,Pessoa Fictícia-0040,CPF-FICTICIO-0350,RESPONSAVEL-REGISTRO-0081,Assinante Fictício-0204,CPF-FICTICIO-0351,Reitoria de Registro 7,Pessoa Fictícia-0016,CPF-FICTICIO-0352,Reitor,https://w3id.org/ufes/ontodiplomadigital/instancias-ficticias#assinaturaLote079,2026-10-11T15:49:00,XAdES,Assinatura da pessoa jurídica registradora,Instituto de Segurança Documental,,2026-10-11T15:49:00,https://w3id.org/ufes/ontodiplomadigital/instancias-ficticias#codigoValidacaoLote079,CODIGO-VALIDACAO-FICTICIO-0585,https://w3id.org/ufes/ontodiplomadigital/instancias-ficticias#documentacaoAcademicaLote079,ReqDip00000000000000000000000000000000000000000081,Assinante Fictício-0025,CPF-FICTICIO-0057,Procurador Institucional,urn:fake:pdfa:ato-designacao:lote09,https://w3id.org/ufes/ontodiplomadigital/instancias-ficticias#historicoLote079,HISTORICO-0081
CASO-0082,https://w3id.org/ufes/ontodiplomadigital/instancias-ficticias#diplomaLote080,DIPLOMA-0082,Diploma digital,Anulado,1.05,produção,2026-10-09,Portal Público Fictício de Consulta de Diplomas,https://consulta-diploma.exemplo.gov.br,https://w3id.org/ufes/ontodiplomadigital/instancias-ficticias#diplomadoLote080,Pessoa Fictícia-0569,Brasileira,https://w3id.org/ufes/ontodiplomadigital/instancias-ficticias#localNaturalidadeBr4314902,4314902,Porto Alegre,RS,,CPF-FICTICIO-0353,https://w3id.org/ufes/ontodiplomadigital/instancias-ficticias#cursoLote080,CURSO-0082,Licenciatura em Governanca Informacional,,2800,2026-09-07,Licenciatura,Licenciado,,curadoria digital,EaD,,,EMEC-FAKE-2026-0082,Análise de regularidade do curso 082,2026-04-15,2026-03-31,https://w3id.org/ufes/ontodiplomadigital/instancias-ficticias#enderecoCursoLote08,"Campus de Dados 08, Bloco C",,,,Florianopolis,SC,31008-000,Brasil,,Centro Universitario de Modelagem Conceitual,https://w3id.org/ufes/ontodiplomadigital/instancias-ficticias#iesEmissoraLote10,MEC-EM-0010,CNPJ-FICTICIO-0043/CNPJ-FICTICIO-0044,"Avenida Sintetica 110, Setor Emissor",Rio de Janeiro,RJ,29010-000,Brasil,Centro Universitario de Rastreabilidade Acadêmica,https://w3id.org/ufes/ontodiplomadigital/instancias-ficticias#iesRegistradoraLote08,MEC-RG-0008,CNPJ-FICTICIO-0039/CNPJ-FICTICIO-0040,"Rua Registral 208, Setor de Proveniencia",Vitoria,ES,30008-000,Brasil,https://w3id.org/ufes/ontodiplomadigital/instancias-ficticias#registroLote080,ReqDip00000000000000000000000000000000000000000082,PROCESSO-DIPLOMA-0082,2026-09-14,2026-09-29,2026-10-14,L-2026-3,REGISTRO-0082,80,082,Caso sintetico 082 com status anulado e modalidade ead.,https://w3id.org/ufes/ontodiplomadigital/instancias-ficticias#responsavelRegistroLote080,Pessoa Fictícia-0043,CPF-FICTICIO-0354,RESPONSAVEL-REGISTRO-0082,Assinante Fictício-0206 | Assinante Fictício-0207,CPF-FICTICIO-0355 | CPF-FICTICIO-0356,Reitoria de Registro 8 | Secretaria Acadêmica Integrada,Pessoa Fictícia-0021,CPF-FICTICIO-0357,Reitora,https://w3id.org/ufes/ontodiplomadigital/instancias-ficticias#assinaturaLote080,2026-10-14T16:10:00,CAdES,Assinatura da pessoa jurídica emissora,Centro Universitario de Modelagem Conceitual,,2026-10-14T16:10:00,https://w3id.org/ufes/ontodiplomadigital/instancias-ficticias#codigoValidacaoLote080,CODIGO-VALIDACAO-FICTICIO-0586,https://w3id.org/ufes/ontodiplomadigital/instancias-ficticias#documentacaoAcademicaLote080,ReqDip00000000000000000000000000000000000000000082,Assinante Fictício-0030,CPF-FICTICIO-0063,Procuradora Institucional,urn:fake:pdfa:ato-designacao:lote10,https://w3id.org/ufes/ontodiplomadigital/instancias-ficticias#historicoLote080,HISTORICO-0082
CASO-0083,https://w3id.org/ufes/ontodiplomadigital/instancias-ficticias#diplomaLote081,DIPLOMA-0083,Diploma digital,Ativo,1.05,homologação,2026-10-12,GovBR Acadêmico Fictício,https://govbr-academico.exemplo.gov.br,https://w3id.org/ufes/ontodiplomadigital/instancias-ficticias#diplomadoLote081,Pessoa Fictícia-0570,Brasileira,https://w3id.org/ufes/ontodiplomadigital/instancias-ficticias#localNaturalidadeBr2408102,2408102,Natal,RN,,CPF-FICTICIO-0358,https://w3id.org/ufes/ontodiplomadigital/instancias-ficticias#cursoLote081,CURSO-0083,Tecnologia em Interoperabilidade Semântica,CURSO-FAKE-0083,3000,2026-09-10,Tecnologia,Tecnólogo,,organizacao do conhecimento,Semipresencial,Análise semantica aplicada,2026-09-10,,,,,https://w3id.org/ufes/ontodiplomadigital/instancias-ficticias#enderecoCursoLote01,"Campus de Dados 01, Bloco A",,,,Brasilia,DF,31001-000,Brasil,,Universidade Aberta do Conhecimento,https://w3id.org/ufes/ontodiplomadigital/instancias-ficticias#iesEmissoraLote01,MEC-EM-0001,CNPJ-FICTICIO-0009/CNPJ-FICTICIO-0010,"Avenida Sintetica 101, Setor Emissor",Vitoria,ES,29001-000,Brasil,Universidade Registradora do Brasil Digital,https://w3id.org/ufes/ontodiplomadigital/instancias-ficticias#iesRegistradoraLote01,MEC-RG-0001,CNPJ-FICTICIO-0011/CNPJ-FICTICIO-0012,"Rua Registral 201, Setor de Proveniencia",Curitiba,PR,30001-000,Brasil,https://w3id.org/ufes/ontodiplomadigital/instancias-ficticias#registroLote081,ReqDip00000000000000000000000000000000000000000083,PROCESSO-DIPLOMA-0083,2026-09-17,2026-10-02,2026-10-17,L-2026-4,REGISTRO-0083,81,083,Caso sintetico 083 com status ativo e modalidade semipresencial.,https://w3id.org/ufes/ontodiplomadigital/instancias-ficticias#responsavelRegistroLote081,Pessoa Fictícia-0046,CPF-FICTICIO-0359,RESPONSAVEL-REGISTRO-0083,Assinante Fictício-0209,CPF-FICTICIO-0360,Reitoria de Registro 9,Pessoa Fictícia-0026,CPF-FICTICIO-0361,Diretor Acadêmico,https://w3id.org/ufes/ontodiplomadigital/instancias-ficticias#assinaturaLote081,2026-10-17T08:11:00,PAdES,Assinatura PFResponsavel Registro,,,2026-10-17T08:11:00,https://w3id.org/ufes/ontodiplomadigital/instancias-ficticias#codigoValidacaoLote081,CODIGO-VALIDACAO-FICTICIO-0587,https://w3id.org/ufes/ontodiplomadigital/instancias-ficticias#documentacaoAcademicaLote081,ReqDip00000000000000000000000000000000000000000083,Pessoa Fictícia-0016,CPF-FICTICIO-0016,Diretor Geral,urn:fake:pdfa:ato-designacao:lote01,https://w3id.org/ufes/ontodiplomadigital/instancias-ficticias#historicoLote081,HISTORICO-0083
CASO-0084,https://w3id.org/ufes/ontodiplomadigital/instancias-ficticias#diplomaLote082,DIPLOMA-0084,Diploma digital,Ativo,1.05,produção,2026-10-15,Portal Público Fictício de Consulta de Diplomas,https://consulta-diploma.exemplo.gov.br,https://w3id.org/ufes/ontodiplomadigital/instancias-ficticias#diplomadoLote082,Pessoa Fictícia-0571,Brasileira,https://w3id.org/ufes/ontodiplomadigital/instancias-ficticias#localNaturalidadeBr1302603,1302603,Manaus,AM,,CPF-FICTICIO-0362,https://w3id.org/ufes/ontodiplomadigital/instancias-ficticias#cursoLote082,CURSO-0084,Bacharelado em Preservacao Digital,CURSO-FAKE-0084,3200,2026-09-13,Bacharelado,Bacharel,,preservacao e acesso,Presencial,,,,,,,https://w3id.org/ufes/ontodiplomadigital/instancias-ficticias#enderecoCursoLote10,"Campus de Dados 10, Bloco E",,,,Vitoria,ES,31010-000,Brasil,,Centro Universitario Horizonte Semântico,https://w3id.org/ufes/ontodiplomadigital/instancias-ficticias#iesEmissoraLote02,MEC-EM-0002,CNPJ-FICTICIO-0013/CNPJ-FICTICIO-0014,"Avenida Sintetica 102, Setor Emissor",Belo Horizonte,MG,29002-000,Brasil,Centro de Registro Interoperável,https://w3id.org/ufes/ontodiplomadigital/instancias-ficticias#iesRegistradoraLote02,MEC-RG-0002,CNPJ-FICTICIO-0015/CNPJ-FICTICIO-0016,"Rua Registral 202, Setor de Proveniencia",Fortaleza,CE,30002-000,Brasil,https://w3id.org/ufes/ontodiplomadigital/instancias-ficticias#registroLote082,ReqDip00000000000000000000000000000000000000000084,PROCESSO-DIPLOMA-0084,2026-09-20,2026-10-05,2026-10-20,L-2026-5,REGISTRO-0084,82,084,Caso sintetico 084 com status ativo e modalidade presencial.,https://w3id.org/ufes/ontodiplomadigital/instancias-ficticias#responsavelRegistroLote082,Pessoa Fictícia-0049,CPF-FICTICIO-0363,RESPONSAVEL-REGISTRO-0084,Assinante Fictício-0211,CPF-FICTICIO-0364,Reitoria de Registro 1,Pessoa Fictícia-0031,CPF-FICTICIO-0365,Diretora Acadêmica,https://w3id.org/ufes/ontodiplomadigital/instancias-ficticias#assinaturaLote082,2026-10-20T09:12:00,XAdES,Assinatura da pessoa física emissora,,Autoridade Certificadora Fictícia Integridade Digital,2026-10-20T09:12:00,https://w3id.org/ufes/ontodiplomadigital/instancias-ficticias#codigoValidacaoLote082,CODIGO-VALIDACAO-FICTICIO-0588,https://w3id.org/ufes/ontodiplomadigital/instancias-ficticias#documentacaoAcademicaLote082,ReqDip00000000000000000000000000000000000000000084,Pessoa Fictícia-0021,CPF-FICTICIO-0021,Diretora Geral,urn:fake:pdfa:ato-designacao:lote02,https://w3id.org/ufes/ontodiplomadigital/instancias-ficticias#historicoLote082,HISTORICO-0084
CASO-0085,https://w3id.org/ufes/ontodiplomadigital/instancias-ficticias#diplomaLote083,DIPLOMA-0085,Diploma digital,Ativo,1.05,homologação,2026-10-18,GovBR Acadêmico Fictício,https://govbr-academico.exemplo.gov.br,https://w3id.org/ufes/ontodiplomadigital/instancias-ficticias#diplomadoLote083,Pessoa Fictícia-0572,Brasileira,https://w3id.org/ufes/ontodiplomadigital/instancias-ficticias#localNaturalidadeBr3550308,3550308,São Paulo,SP,,CPF-FICTICIO-0366,https://w3id.org/ufes/ontodiplomadigital/instancias-ficticias#cursoLote083,CURSO-0085,Licenciatura em Análise Territorial de Dados,CURSO-FAKE-0085,3400,2026-09-16,Licenciatura,Licenciado,,governanca de dados,EaD,,,,,,,https://w3id.org/ufes/ontodiplomadigital/instancias-ficticias#enderecoCursoLote09,"Campus de Dados 09, Bloco D",,,,Belem,PA,31009-000,Brasil,,Instituto Federal de Curadoria Digital,https://w3id.org/ufes/ontodiplomadigital/instancias-ficticias#iesEmissoraLote03,MEC-EM-0003,CNPJ-FICTICIO-0017/CNPJ-FICTICIO-0018,"Avenida Sintetica 103, Setor Emissor",Salvador,BA,29003-000,Brasil,Instituto Nacional de Validação Acadêmica,https://w3id.org/ufes/ontodiplomadigital/instancias-ficticias#iesRegistradoraLote03,MEC-RG-0003,CNPJ-FICTICIO-0019/CNPJ-FICTICIO-0020,"Rua Registral 203, Setor de Proveniencia",Goiania,GO,30003-000,Brasil,https://w3id.org/ufes/ontodiplomadigital/instancias-ficticias#registroLote083,ReqDip00000000000000000000000000000000000000000085,PROCESSO-DIPLOMA-0085,2026-09-23,2026-10-08,2026-10-23,L-2026-6,REGISTRO-0085,83,085,Caso sintetico 085 com status ativo e modalidade ead.,https://w3id.org/ufes/ontodiplomadigital/instancias-ficticias#responsavelRegistroLote083,Pessoa Fictícia-0053,CPF-FICTICIO-0367,RESPONSAVEL-REGISTRO-0085,Assinante Fictício-0213,CPF-FICTICIO-0368,Reitoria de Registro 2,Assinante Fictício-0005,CPF-FICTICIO-0369,Secretario Geral Acadêmico,https://w3id.org/ufes/ontodiplomadigital/instancias-ficticias#assinaturaLote083,2026-10-23T10:13:00,CAdES,Assinatura PJArquivamento Documentacao Academica,Instituto Federal de Curadoria Digital,,2026-10-23T10:13:00,https://w3id.org/ufes/ontodiplomadigital/instancias-ficticias#codigoValidacaoLote083,CODIGO-VALIDACAO-FICTICIO-0589,https://w3id.org/ufes/ontodiplomadigital/instancias-ficticias#documentacaoAcademicaLote083,ReqDip00000000000000000000000000000000000000000085,Pessoa Fictícia-0026,CPF-FICTICIO-0026,Procurador Institucional,urn:fake:pdfa:ato-designacao:lote03,https://w3id.org/ufes/ontodiplomadigital/instancias-ficticias#historicoLote083,HISTORICO-0085
CASO-0086,https://w3id.org/ufes/ontodiplomadigital/instancias-ficticias#diplomaLote084,DIPLOMA-0086,Diploma digital,Revogado,1.05,produção,2026-10-21,Portal Público Fictício de Consulta de Diplomas,https://consulta-diploma.exemplo.gov.br,https://w3id.org/ufes/ontodiplomadigital/instancias-ficticias#diplomadoLote084,Pessoa Fictícia-0573,Brasileira,https://w3id.org/ufes/ontodiplomadigital/instancias-ficticias#localNaturalidadeBr2211001,2211001,Teresina,PI,,CPF-FICTICIO-0370,https://w3id.org/ufes/ontodiplomadigital/instancias-ficticias#cursoLote084,CURSO-0086,Tecnologia em Memoria Institucional,,2400,2026-09-19,Tecnologia,Tecnólogo,Especialista em Memoria Institucional,tratamento documental,Semipresencial,Processos de registro academico,2026-09-19,EMEC-FAKE-2026-0086,Análise de regularidade do curso 086,2026-04-27,2026-04-12,https://w3id.org/ufes/ontodiplomadigital/instancias-ficticias#enderecoCursoLote12,"Campus de Dados 12, Bloco B",,,,Salvador,BA,31012-000,Brasil,,Universidade Metropolitana da Informação,https://w3id.org/ufes/ontodiplomadigital/instancias-ficticias#iesEmissoraLote04,MEC-EM-0004,CNPJ-FICTICIO-0021/CNPJ-FICTICIO-0022,"Avenida Sintetica 104, Setor Emissor",Brasilia,DF,29004-000,Brasil,Universidade Curadora de Diplomas,https://w3id.org/ufes/ontodiplomadigital/instancias-ficticias#iesRegistradoraLote04,MEC-RG-0004,CNPJ-FICTICIO-0023/CNPJ-FICTICIO-0024,"Rua Registral 204, Setor de Proveniencia",Sao Paulo,SP,30004-000,Brasil,https://w3id.org/ufes/ontodiplomadigital/instancias-ficticias#registroLote084,ReqDip00000000000000000000000000000000000000000086,PROCESSO-DIPLOMA-0086,2026-09-26,2026-10-11,2026-10-26,L-2026-7,REGISTRO-0086,84,086,Caso sintetico 086 com status revogado e modalidade semipresencial.,https://w3id.org/ufes/ontodiplomadigital/instancias-ficticias#responsavelRegistroLote084,Pessoa Fictícia-0056,CPF-FICTICIO-0371,RESPONSAVEL-REGISTRO-0086,Assinante Fictício-0215,CPF-FICTICIO-0372,Reitoria de Registro 3,Assinante Fictício-0010,CPF-FICTICIO-0373,Secretaria Geral Acadêmica,https://w3id.org/ufes/ontodiplomadigital/instancias-ficticias#assinaturaLote084,2026-10-26T11:14:00,PAdES,Assinatura da pessoa jurídica registradora,Universidade Curadora de Diplomas,,2026-10-26T11:14:00,https://w3id.org/ufes/ontodiplomadigital/instancias-ficticias#codigoValidacaoLote084,CODIGO-VALIDACAO-FICTICIO-0590,https://w3id.org/ufes/ontodiplomadigital/instancias-ficticias#documentacaoAcademicaLote084,ReqDip00000000000000000000000000000000000000000086,Pessoa Fictícia-0031,CPF-FICTICIO-0031,Procuradora Institucional,urn:fake:pdfa:ato-designacao:lote04,https://w3id.org/ufes/ontodiplomadigital/instancias-ficticias#historicoLote084,HISTORICO-0086
CASO-0087,https://w3id.org/ufes/ontodiplomadigital/instancias-ficticias#diplomaLote085,DIPLOMA-0087,Diploma digital,Anulado,1.05,homologação,2026-10-24,GovBR Acadêmico Fictício,https://govbr-academico.exemplo.gov.br,https://w3id.org/ufes/ontodiplomadigital/instancias-ficticias#diplomadoLote085,Pessoa Fictícia-0574,Brasileira,https://w3id.org/ufes/ontodiplomadigital/instancias-ficticias#localNaturalidadeBr5300108,5300108,Brasília,DF,,CPF-FICTICIO-0374,https://w3id.org/ufes/ontodiplomadigital/instancias-ficticias#cursoLote085,CURSO-0087,Bacharelado em Ciência de Dados Publicos,CURSO-FAKE-0087,2600,2026-09-22,Bacharelado,Bacharel,,interoperabilidade semantica,Presencial,,,,,,,https://w3id.org/ufes/ontodiplomadigital/instancias-ficticias#enderecoCursoLote06,"Campus de Dados 06, Bloco A",,,,Sao Paulo,SP,31006-000,Brasil,,Faculdade Nacional de Dados Ligados,https://w3id.org/ufes/ontodiplomadigital/instancias-ficticias#iesEmissoraLote05,MEC-EM-0005,CNPJ-FICTICIO-0025/CNPJ-FICTICIO-0026,"Avenida Sintetica 105, Setor Emissor",Recife,PE,29005-000,Brasil,Centro Registral de Conhecimento Aplicado,https://w3id.org/ufes/ontodiplomadigital/instancias-ficticias#iesRegistradoraLote05,MEC-RG-0005,CNPJ-FICTICIO-0027/CNPJ-FICTICIO-0028,"Rua Registral 205, Setor de Proveniencia",Rio de Janeiro,RJ,30005-000,Brasil,https://w3id.org/ufes/ontodiplomadigital/instancias-ficticias#registroLote085,ReqDip00000000000000000000000000000000000000000087,PROCESSO-DIPLOMA-0087,2026-09-29,2026-10-14,2026-10-29,L-2026-1,REGISTRO-0087,85,087,Caso sintetico 087 com status anulado e modalidade presencial.,https://w3id.org/ufes/ontodiplomadigital/instancias-ficticias#responsavelRegistroLote085,Pessoa Fictícia-0013,CPF-FICTICIO-0375,RESPONSAVEL-REGISTRO-0087,Assinante Fictício-0217 | Assinante Fictício-0218,CPF-FICTICIO-0376 | CPF-FICTICIO-0377,Reitoria de Registro 4 | Secretaria Acadêmica Integrada,Assinante Fictício-0015,CPF-FICTICIO-0378,Pro-Reitor de Graduacao,https://w3id.org/ufes/ontodiplomadigital/instancias-ficticias#assinaturaLote085,2026-10-29T12:15:00,XAdES,Assinatura da pessoa jurídica emissora,Faculdade Nacional de Dados Ligados,,2026-10-29T12:15:00,https://w3id.org/ufes/ontodiplomadigital/instancias-ficticias#codigoValidacaoLote085,CODIGO-VALIDACAO-FICTICIO-0591,https://w3id.org/ufes/ontodiplomadigital/instancias-ficticias#documentacaoAcademicaLote085,ReqDip00000000000000000000000000000000000000000087,Assinante Fictício-0005,CPF-FICTICIO-0037,Reitor,urn:fake:pdfa:ato-designacao:lote05,https://w3id.org/ufes/ontodiplomadigital/instancias-ficticias#historicoLote085,HISTORICO-0087
CASO-0088,https://w3id.org/ufes/ontodiplomadigital/instancias-ficticias#diplomaLote086,DIPLOMA-0088,Diploma digital,Ativo,1.05,produção,2026-10-27,Portal Público Fictício de Consulta de Diplomas,https://consulta-diploma.exemplo.gov.br,https://w3id.org/ufes/ontodiplomadigital/instancias-ficticias#diplomadoLote086,Pessoa Fictícia-0575,Brasileira,https://w3id.org/ufes/ontodiplomadigital/instancias-ficticias#localNaturalidadeBr2211001,2211001,Teresina,PI,,CPF-FICTICIO-0379,https://w3id.org/ufes/ontodiplomadigital/instancias-ficticias#cursoLote086,CURSO-0088,Licenciatura em Curadoria Digital,CURSO-FAKE-0088,2800,2026-09-25,Licenciatura,Licenciado,,curadoria digital,EaD,,,,,,,https://w3id.org/ufes/ontodiplomadigital/instancias-ficticias#enderecoCursoLote02,"Campus de Dados 02, Bloco B",,,,Recife,PE,31002-000,Brasil,,Universidade de Estudos Documentais,https://w3id.org/ufes/ontodiplomadigital/instancias-ficticias#iesEmissoraLote06,MEC-EM-0006,CNPJ-FICTICIO-0029/CNPJ-FICTICIO-0030,"Avenida Sintetica 106, Setor Emissor",Curitiba,PR,29006-000,Brasil,Universidade Federal de Registro Semântico,https://w3id.org/ufes/ontodiplomadigital/instancias-ficticias#iesRegistradoraLote06,MEC-RG-0006,CNPJ-FICTICIO-0031/CNPJ-FICTICIO-0032,"Rua Registral 206, Setor de Proveniencia",Florianopolis,SC,30006-000,Brasil,https://w3id.org/ufes/ontodiplomadigital/instancias-ficticias#registroLote086,ReqDip00000000000000000000000000000000000000000088,PROCESSO-DIPLOMA-0088,2026-10-02,2026-10-17,2026-11-01,L-2026-2,REGISTRO-0088,86,088,Caso sintetico 088 com status ativo e modalidade ead.,https://w3id.org/ufes/ontodiplomadigital/instancias-ficticias#responsavelRegistroLote086,Pessoa Fictícia-0018,CPF-FICTICIO-0380,RESPONSAVEL-REGISTRO-0088,Assinante Fictício-0220,CPF-FICTICIO-0381,Reitoria de Registro 5,Assinante Fictício-0020,CPF-FICTICIO-0382,Pro-Reitora de Graduacao,https://w3id.org/ufes/ontodiplomadigital/instancias-ficticias#assinaturaLote086,2026-11-01T13:16:00,CAdES,Assinatura PFResponsavel Registro,,,2026-11-01T13:16:00,https://w3id.org/ufes/ontodiplomadigital/instancias-ficticias#codigoValidacaoLote086,CODIGO-VALIDACAO-FICTICIO-0592,https://w3id.org/ufes/ontodiplomadigital/instancias-ficticias#documentacaoAcademicaLote086,ReqDip00000000000000000000000000000000000000000088,Assinante Fictício-0010,CPF-FICTICIO-0042,Reitora,urn:fake:pdfa:ato-designacao:lote06,https://w3id.org/ufes/ontodiplomadigital/instancias-ficticias#historicoLote086,HISTORICO-0088
CASO-0089,https://w3id.org/ufes/ontodiplomadigital/instancias-ficticias#diplomaLote087,DIPLOMA-0089,Diploma digital,Ativo,1.05,homologação,2026-10-30,GovBR Acadêmico Fictício,https://govbr-academico.exemplo.gov.br,https://w3id.org/ufes/ontodiplomadigital/instancias-ficticias#diplomadoLote087,Pessoa Fictícia-0576,Brasileira,https://w3id.org/ufes/ontodiplomadigital/instancias-ficticias#localNaturalidadeBr1600303,1600303,Macapá,AP,,CPF-FICTICIO-0383,https://w3id.org/ufes/ontodiplomadigital/instancias-ficticias#cursoLote087,CURSO-0089,Tecnologia em Arquivologia Aplicada,CURSO-FAKE-0089,3000,2026-09-28,Tecnologia,Tecnólogo,,organizacao do conhecimento,Semipresencial,Análise semantica aplicada,2026-09-28,,,,,https://w3id.org/ufes/ontodiplomadigital/instancias-ficticias#enderecoCursoLote07,"Campus de Dados 07, Bloco B",,,,Rio de Janeiro,RJ,31007-000,Brasil,,Centro Acadêmico de Interoperabilidade,https://w3id.org/ufes/ontodiplomadigital/instancias-ficticias#iesEmissoraLote07,MEC-EM-0007,CNPJ-FICTICIO-0033/CNPJ-FICTICIO-0034,"Avenida Sintetica 107, Setor Emissor",Fortaleza,CE,29007-000,Brasil,Instituto de Segurança Documental,https://w3id.org/ufes/ontodiplomadigital/instancias-ficticias#iesRegistradoraLote07,MEC-RG-0007,CNPJ-FICTICIO-0035/CNPJ-FICTICIO-0036,"Rua Registral 207, Setor de Proveniencia",Belem,PA,30007-000,Brasil,https://w3id.org/ufes/ontodiplomadigital/instancias-ficticias#registroLote087,ReqDip00000000000000000000000000000000000000000089,PROCESSO-DIPLOMA-0089,2026-10-05,2026-10-20,2026-11-04,L-2026-3,REGISTRO-0089,87,089,Caso sintetico 089 com status ativo e modalidade semipresencial.,https://w3id.org/ufes/ontodiplomadigital/instancias-ficticias#responsavelRegistroLote087,Pessoa Fictícia-0023,CPF-FICTICIO-0384,RESPONSAVEL-REGISTRO-0089,Assinante Fictício-0222,CPF-FICTICIO-0385,Reitoria de Registro 6,Assinante Fictício-0025,CPF-FICTICIO-0386,Reitor,https://w3id.org/ufes/ontodiplomadigital/instancias-ficticias#assinaturaLote087,2026-11-04T14:17:00,PAdES,Assinatura da pessoa física emissora,,,2026-11-04T14:17:00,https://w3id.org/ufes/ontodiplomadigital/instancias-ficticias#codigoValidacaoLote087,CODIGO-VALIDACAO-FICTICIO-0593,https://w3id.org/ufes/ontodiplomadigital/instancias-ficticias#documentacaoAcademicaLote087,ReqDip00000000000000000000000000000000000000000089,Assinante Fictício-0015,CPF-FICTICIO-0047,Diretor Geral,urn:fake:pdfa:ato-designacao:lote07,https://w3id.org/ufes/ontodiplomadigital/instancias-ficticias#historicoLote087,HISTORICO-0089
CASO-0090,https://w3id.org/ufes/ontodiplomadigital/instancias-ficticias#diplomaLote088,DIPLOMA-0090,Diploma digital,Ativo,1.05,produção,2026-11-02,Portal Público Fictício de Consulta de Diplomas,https://consulta-diploma.exemplo.gov.br,https://w3id.org/ufes/ontodiplomadigital/instancias-ficticias#diplomadoLote088,Pessoa Fictícia-0577,Moçambicana,https://w3id.org/ufes/ontodiplomadigital/instancias-ficticias#localNaturalidadeEstrangeiraMaputo,,,,Maputo,CPF-FICTICIO-0387,https://w3id.org/ufes/ontodiplomadigital/instancias-ficticias#cursoLote088,CURSO-0090,Bacharelado em Biblioteconomia Analitica,,3200,2026-10-01,Bacharelado,Bacharel,,preservacao e acesso,Presencial,,,EMEC-FAKE-2026-0090,Análise de regularidade do curso 090,2026-05-09,2026-04-24,https://w3id.org/ufes/ontodiplomadigital/instancias-ficticias#enderecoCursoLote04,"Campus de Dados 04, Bloco D",,,,Fortaleza,CE,31004-000,Brasil,,Instituto Superior de Preservacao Informacional,https://w3id.org/ufes/ontodiplomadigital/instancias-ficticias#iesEmissoraLote08,MEC-EM-0008,CNPJ-FICTICIO-0037/CNPJ-FICTICIO-0038,"Avenida Sintetica 108, Setor Emissor",Goiania,GO,29008-000,Brasil,Centro Universitario de Rastreabilidade Acadêmica,https://w3id.org/ufes/ontodiplomadigital/instancias-ficticias#iesRegistradoraLote08,MEC-RG-0008,CNPJ-FICTICIO-0039/CNPJ-FICTICIO-0040,"Rua Registral 208, Setor de Proveniencia",Vitoria,ES,30008-000,Brasil,https://w3id.org/ufes/ontodiplomadigital/instancias-ficticias#registroLote088,ReqDip00000000000000000000000000000000000000000090,PROCESSO-DIPLOMA-0090,2026-10-08,2026-10-23,2026-11-07,L-2026-4,REGISTRO-0090,88,090,Caso sintetico 090 com status ativo e modalidade presencial.,https://w3id.org/ufes/ontodiplomadigital/instancias-ficticias#responsavelRegistroLote088,Pessoa Fictícia-0028,CPF-FICTICIO-0388,RESPONSAVEL-REGISTRO-0090,Assinante Fictício-0224,CPF-FICTICIO-0389,Reitoria de Registro 7,Assinante Fictício-0030,CPF-FICTICIO-0390,Reitora,https://w3id.org/ufes/ontodiplomadigital/instancias-ficticias#assinaturaLote088,2026-11-07T15:18:00,XAdES,Assinatura PJArquivamento Documentacao Academica,Instituto Superior de Preservacao Informacional,,2026-11-07T15:18:00,https://w3id.org/ufes/ontodiplomadigital/instancias-ficticias#codigoValidacaoLote088,CODIGO-VALIDACAO-FICTICIO-0594,https://w3id.org/ufes/ontodiplomadigital/instancias-ficticias#documentacaoAcademicaLote088,ReqDip00000000000000000000000000000000000000000090,Assinante Fictício-0020,CPF-FICTICIO-0052,Diretora Geral,urn:fake:pdfa:ato-designacao:lote08,https://w3id.org/ufes/ontodiplomadigital/instancias-ficticias#historicoLote088,HISTORICO-0090
CASO-0091,https://w3id.org/ufes/ontodiplomadigital/instancias-ficticias#diplomaLote089,DIPLOMA-0091,Diploma digital,Revogado,1.05,homologação,2026-11-05,GovBR Acadêmico Fictício,https://govbr-academico.exemplo.gov.br,https://w3id.org/ufes/ontodiplomadigital/instancias-ficticias#diplomadoLote089,Pessoa Fictícia-0578,Brasileira,https://w3id.org/ufes/ontodiplomadigital/instancias-ficticias#localNaturalidadeBr3106200,3106200,Belo Horizonte,MG,,CPF-FICTICIO-0391,https://w3id.org/ufes/ontodiplomadigital/instancias-ficticias#cursoLote089,CURSO-0091,Licenciatura em Gestão da Informação,CURSO-FAKE-0091,3400,2026-10-04,Licenciatura,Licenciado,,governanca de dados,EaD,,,,,,,https://w3id.org/ufes/ontodiplomadigital/instancias-ficticias#enderecoCursoLote11,"Campus de Dados 11, Bloco A",,,,Belo Horizonte,MG,31011-000,Brasil,,Universidade do Patrimonio Digital,https://w3id.org/ufes/ontodiplomadigital/instancias-ficticias#iesEmissoraLote09,MEC-EM-0009,CNPJ-FICTICIO-0041/CNPJ-FICTICIO-0042,"Avenida Sintetica 109, Setor Emissor",Sao Paulo,SP,29009-000,Brasil,Universidade Registradora do Brasil Digital,https://w3id.org/ufes/ontodiplomadigital/instancias-ficticias#iesRegistradoraLote01,MEC-RG-0001,CNPJ-FICTICIO-0011/CNPJ-FICTICIO-0012,"Rua Registral 201, Setor de Proveniencia",Curitiba,PR,30001-000,Brasil,https://w3id.org/ufes/ontodiplomadigital/instancias-ficticias#registroLote089,ReqDip00000000000000000000000000000000000000000091,PROCESSO-DIPLOMA-0091,2026-10-11,2026-10-26,2026-11-10,L-2026-5,REGISTRO-0091,89,091,Caso sintetico 091 com status revogado e modalidade ead.,https://w3id.org/ufes/ontodiplomadigital/instancias-ficticias#responsavelRegistroLote089,Pessoa Fictícia-0033,CPF-FICTICIO-0392,RESPONSAVEL-REGISTRO-0091,Assinante Fictício-0226,CPF-FICTICIO-0393,Reitoria de Registro 8,Pessoa Fictícia-0006,CPF-FICTICIO-0394,Diretor Acadêmico,https://w3id.org/ufes/ontodiplomadigital/instancias-ficticias#assinaturaLote089,2026-11-10T16:19:00,CAdES,Assinatura da pessoa jurídica registradora,Universidade Registradora do Brasil Digital,,2026-11-10T16:19:00,https://w3id.org/ufes/ontodiplomadigital/instancias-ficticias#codigoValidacaoLote089,CODIGO-VALIDACAO-FICTICIO-0595,https://w3id.org/ufes/ontodiplomadigital/instancias-ficticias#documentacaoAcademicaLote089,ReqDip00000000000000000000000000000000000000000091,Assinante Fictício-0025,CPF-FICTICIO-0057,Procurador Institucional,urn:fake:pdfa:ato-designacao:lote09,https://w3id.org/ufes/ontodiplomadigital/instancias-ficticias#historicoLote089,HISTORICO-0091
CASO-0092,https://w3id.org/ufes/ontodiplomadigital/instancias-ficticias#diplomaLote090,DIPLOMA-0092,Diploma digital,Anulado,1.05,produção,2026-11-08,Portal Público Fictício de Consulta de Diplomas,https://consulta-diploma.exemplo.gov.br,https://w3id.org/ufes/ontodiplomadigital/instancias-ficticias#diplomadoLote090,Pessoa Fictícia-0579,Brasileira,https://w3id.org/ufes/ontodiplomadigital/instancias-ficticias#localNaturalidadeBr3204807,3204807,São José do Calçado,ES,,CPF-FICTICIO-0395,https://w3id.org/ufes/ontodiplomadigital/instancias-ficticias#cursoLote090,CURSO-0092,Tecnologia em Humanidades Digitais,,2400,2026-10-07,Tecnologia,Tecnólogo,Especialista em Humanidades Digitais,tratamento documental,Semipresencial,Processos de registro academico,2026-10-07,EMEC-FAKE-2026-0092,Análise de regularidade do curso 092,2026-05-15,2026-04-30,https://w3id.org/ufes/ontodiplomadigital/instancias-ficticias#enderecoCursoLote06,"Campus de Dados 06, Bloco A",,,,Sao Paulo,SP,31006-000,Brasil,,Centro Universitario de Modelagem Conceitual,https://w3id.org/ufes/ontodiplomadigital/instancias-ficticias#iesEmissoraLote10,MEC-EM-0010,CNPJ-FICTICIO-0043/CNPJ-FICTICIO-0044,"Avenida Sintetica 110, Setor Emissor",Rio de Janeiro,RJ,29010-000,Brasil,Centro de Registro Interoperável,https://w3id.org/ufes/ontodiplomadigital/instancias-ficticias#iesRegistradoraLote02,MEC-RG-0002,CNPJ-FICTICIO-0015/CNPJ-FICTICIO-0016,"Rua Registral 202, Setor de Proveniencia",Fortaleza,CE,30002-000,Brasil,https://w3id.org/ufes/ontodiplomadigital/instancias-ficticias#registroLote090,ReqDip00000000000000000000000000000000000000000092,PROCESSO-DIPLOMA-0092,2026-10-14,2026-10-29,2026-11-13,L-2026-6,REGISTRO-0092,90,092,Caso sintetico 092 com status anulado e modalidade semipresencial.,https://w3id.org/ufes/ontodiplomadigital/instancias-ficticias#responsavelRegistroLote090,Pessoa Fictícia-0037,CPF-FICTICIO-0396,RESPONSAVEL-REGISTRO-0092,Assinante Fictício-0228 | Assinante Fictício-0229,CPF-FICTICIO-0397 | CPF-FICTICIO-0398,Reitoria de Registro 9 | Secretaria Acadêmica Integrada,Pessoa Fictícia-0011,CPF-FICTICIO-0399,Diretora Acadêmica,https://w3id.org/ufes/ontodiplomadigital/instancias-ficticias#assinaturaLote090,2026-11-13T08:20:00,PAdES,Assinatura da pessoa jurídica emissora,Centro Universitario de Modelagem Conceitual,,2026-11-13T08:20:00,https://w3id.org/ufes/ontodiplomadigital/instancias-ficticias#codigoValidacaoLote090,CODIGO-VALIDACAO-FICTICIO-0596,https://w3id.org/ufes/ontodiplomadigital/instancias-ficticias#documentacaoAcademicaLote090,ReqDip00000000000000000000000000000000000000000092,Assinante Fictício-0030,CPF-FICTICIO-0063,Procuradora Institucional,urn:fake:pdfa:ato-designacao:lote10,https://w3id.org/ufes/ontodiplomadigital/instancias-ficticias#historicoLote090,HISTORICO-0092
CASO-0093,https://w3id.org/ufes/ontodiplomadigital/instancias-ficticias#diplomaLote091,DIPLOMA-0093,Diploma digital,Ativo,1.05,homologação,2026-11-11,GovBR Acadêmico Fictício,https://govbr-academico.exemplo.gov.br,https://w3id.org/ufes/ontodiplomadigital/instancias-ficticias#diplomadoLote091,Pessoa Fictícia-0580,Brasileira,https://w3id.org/ufes/ontodiplomadigital/instancias-ficticias#localNaturalidadeBr3106200,3106200,Belo Horizonte,MG,,CPF-FICTICIO-0400,https://w3id.org/ufes/ontodiplomadigital/instancias-ficticias#cursoLote091,CURSO-0093,Bacharelado em Documentacao Tecnica,CURSO-FAKE-0093,2600,2026-10-10,Bacharelado,Bacharel,,interoperabilidade semantica,Presencial,,,,,,,https://w3id.org/ufes/ontodiplomadigital/instancias-ficticias#enderecoCursoLote10,"Campus de Dados 10, Bloco E",,,,Vitoria,ES,31010-000,Brasil,,Universidade Aberta do Conhecimento,https://w3id.org/ufes/ontodiplomadigital/instancias-ficticias#iesEmissoraLote01,MEC-EM-0001,CNPJ-FICTICIO-0009/CNPJ-FICTICIO-0010,"Avenida Sintetica 101, Setor Emissor",Vitoria,ES,29001-000,Brasil,Instituto Nacional de Validação Acadêmica,https://w3id.org/ufes/ontodiplomadigital/instancias-ficticias#iesRegistradoraLote03,MEC-RG-0003,CNPJ-FICTICIO-0019/CNPJ-FICTICIO-0020,"Rua Registral 203, Setor de Proveniencia",Goiania,GO,30003-000,Brasil,https://w3id.org/ufes/ontodiplomadigital/instancias-ficticias#registroLote091,ReqDip00000000000000000000000000000000000000000093,PROCESSO-DIPLOMA-0093,2026-10-17,2026-11-01,2026-11-16,L-2026-7,REGISTRO-0093,91,093,Caso sintetico 093 com status ativo e modalidade presencial.,https://w3id.org/ufes/ontodiplomadigital/instancias-ficticias#responsavelRegistroLote091,Pessoa Fictícia-0040,CPF-FICTICIO-0401,RESPONSAVEL-REGISTRO-0093,Assinante Fictício-0231,CPF-FICTICIO-0402,Reitoria de Registro 1,Pessoa Fictícia-0016,CPF-FICTICIO-0403,Secretario Geral Acadêmico,https://w3id.org/ufes/ontodiplomadigital/instancias-ficticias#assinaturaLote091,2026-11-16T09:21:00,XAdES,Assinatura PFResponsavel Registro,,,2026-11-16T09:21:00,https://w3id.org/ufes/ontodiplomadigital/instancias-ficticias#codigoValidacaoLote091,CODIGO-VALIDACAO-FICTICIO-0597,https://w3id.org/ufes/ontodiplomadigital/instancias-ficticias#documentacaoAcademicaLote091,ReqDip00000000000000000000000000000000000000000093,Pessoa Fictícia-0016,CPF-FICTICIO-0016,Diretor Geral,urn:fake:pdfa:ato-designacao:lote01,https://w3id.org/ufes/ontodiplomadigital/instancias-ficticias#historicoLote091,HISTORICO-0093
CASO-0094,https://w3id.org/ufes/ontodiplomadigital/instancias-ficticias#diplomaLote092,DIPLOMA-0094,Diploma digital,Ativo,1.05,produção,2026-11-14,Portal Público Fictício de Consulta de Diplomas,https://consulta-diploma.exemplo.gov.br,https://w3id.org/ufes/ontodiplomadigital/instancias-ficticias#diplomadoLote092,Pessoa Fictícia-0581,Brasileira,https://w3id.org/ufes/ontodiplomadigital/instancias-ficticias#localNaturalidadeBr3550308,3550308,São Paulo,SP,,CPF-FICTICIO-0404,https://w3id.org/ufes/ontodiplomadigital/instancias-ficticias#cursoLote092,CURSO-0094,Licenciatura em Governanca Informacional,,2800,2026-10-13,Licenciatura,Licenciado,,curadoria digital,EaD,,,EMEC-FAKE-2026-0094,Análise de regularidade do curso 094,2026-05-21,2026-05-06,https://w3id.org/ufes/ontodiplomadigital/instancias-ficticias#enderecoCursoLote08,"Campus de Dados 08, Bloco C",,,,Florianopolis,SC,31008-000,Brasil,,Centro Universitario Horizonte Semântico,https://w3id.org/ufes/ontodiplomadigital/instancias-ficticias#iesEmissoraLote02,MEC-EM-0002,CNPJ-FICTICIO-0013/CNPJ-FICTICIO-0014,"Avenida Sintetica 102, Setor Emissor",Belo Horizonte,MG,29002-000,Brasil,Universidade Curadora de Diplomas,https://w3id.org/ufes/ontodiplomadigital/instancias-ficticias#iesRegistradoraLote04,MEC-RG-0004,CNPJ-FICTICIO-0023/CNPJ-FICTICIO-0024,"Rua Registral 204, Setor de Proveniencia",Sao Paulo,SP,30004-000,Brasil,https://w3id.org/ufes/ontodiplomadigital/instancias-ficticias#registroLote092,ReqDip00000000000000000000000000000000000000000094,PROCESSO-DIPLOMA-0094,2026-10-20,2026-11-04,2026-11-19,L-2026-1,REGISTRO-0094,92,094,Caso sintetico 094 com status ativo e modalidade ead.,https://w3id.org/ufes/ontodiplomadigital/instancias-ficticias#responsavelRegistroLote092,Pessoa Fictícia-0043,CPF-FICTICIO-0405,RESPONSAVEL-REGISTRO-0094,Assinante Fictício-0233,CPF-FICTICIO-0406,Reitoria de Registro 2,Pessoa Fictícia-0021,CPF-FICTICIO-0407,Secretaria Geral Acadêmica,https://w3id.org/ufes/ontodiplomadigital/instancias-ficticias#assinaturaLote092,2026-11-19T10:22:00,CAdES,Assinatura da pessoa física emissora,,,2026-11-19T10:22:00,https://w3id.org/ufes/ontodiplomadigital/instancias-ficticias#codigoValidacaoLote092,CODIGO-VALIDACAO-FICTICIO-0598,https://w3id.org/ufes/ontodiplomadigital/instancias-ficticias#documentacaoAcademicaLote092,ReqDip00000000000000000000000000000000000000000094,Pessoa Fictícia-0021,CPF-FICTICIO-0021,Diretora Geral,urn:fake:pdfa:ato-designacao:lote02,https://w3id.org/ufes/ontodiplomadigital/instancias-ficticias#historicoLote092,HISTORICO-0094
CASO-0095,https://w3id.org/ufes/ontodiplomadigital/instancias-ficticias#diplomaLote093,DIPLOMA-0095,Diploma digital,Ativo,1.05,homologação,2026-11-17,GovBR Acadêmico Fictício,https://govbr-academico.exemplo.gov.br,https://w3id.org/ufes/ontodiplomadigital/instancias-ficticias#diplomadoLote093,Pessoa Fictícia-0582,Brasileira,https://w3id.org/ufes/ontodiplomadigital/instancias-ficticias#localNaturalidadeBr4314902,4314902,Porto Alegre,RS,,CPF-FICTICIO-0408,https://w3id.org/ufes/ontodiplomadigital/instancias-ficticias#cursoLote093,CURSO-0095,Tecnologia em Interoperabilidade Semântica,CURSO-FAKE-0095,3000,2026-10-16,Tecnologia,Tecnólogo,,organizacao do conhecimento,Semipresencial,Análise semantica aplicada,2026-10-16,,,,,https://w3id.org/ufes/ontodiplomadigital/instancias-ficticias#enderecoCursoLote03,"Campus de Dados 03, Bloco C",,,,Curitiba,PR,31003-000,Brasil,,Instituto Federal de Curadoria Digital,https://w3id.org/ufes/ontodiplomadigital/instancias-ficticias#iesEmissoraLote03,MEC-EM-0003,CNPJ-FICTICIO-0017/CNPJ-FICTICIO-0018,"Avenida Sintetica 103, Setor Emissor",Salvador,BA,29003-000,Brasil,Centro Registral de Conhecimento Aplicado,https://w3id.org/ufes/ontodiplomadigital/instancias-ficticias#iesRegistradoraLote05,MEC-RG-0005,CNPJ-FICTICIO-0027/CNPJ-FICTICIO-0028,"Rua Registral 205, Setor de Proveniencia",Rio de Janeiro,RJ,30005-000,Brasil,https://w3id.org/ufes/ontodiplomadigital/instancias-ficticias#registroLote093,ReqDip00000000000000000000000000000000000000000095,PROCESSO-DIPLOMA-0095,2026-10-23,2026-11-07,2026-11-22,L-2026-2,REGISTRO-0095,93,095,Caso sintetico 095 com status ativo e modalidade semipresencial.,https://w3id.org/ufes/ontodiplomadigital/instancias-ficticias#responsavelRegistroLote093,Pessoa Fictícia-0046,CPF-FICTICIO-0409,RESPONSAVEL-REGISTRO-0095,Assinante Fictício-0235,CPF-FICTICIO-0410,Reitoria de Registro 3,Pessoa Fictícia-0026,CPF-FICTICIO-0411,Pro-Reitor de Graduacao,https://w3id.org/ufes/ontodiplomadigital/instancias-ficticias#assinaturaLote093,2026-11-22T11:23:00,PAdES,Assinatura PJArquivamento Documentacao Academica,Instituto Federal de Curadoria Digital,,2026-11-22T11:23:00,https://w3id.org/ufes/ontodiplomadigital/instancias-ficticias#codigoValidacaoLote093,CODIGO-VALIDACAO-FICTICIO-0599,https://w3id.org/ufes/ontodiplomadigital/instancias-ficticias#documentacaoAcademicaLote093,ReqDip00000000000000000000000000000000000000000095,Pessoa Fictícia-0026,CPF-FICTICIO-0026,Procurador Institucional,urn:fake:pdfa:ato-designacao:lote03,https://w3id.org/ufes/ontodiplomadigital/instancias-ficticias#historicoLote093,HISTORICO-0095
CASO-0096,https://w3id.org/ufes/ontodiplomadigital/instancias-ficticias#diplomaLote094,DIPLOMA-0096,Diploma digital,Revogado,1.05,produção,2026-11-20,Portal Público Fictício de Consulta de Diplomas,https://consulta-diploma.exemplo.gov.br,https://w3id.org/ufes/ontodiplomadigital/instancias-ficticias#diplomadoLote094,Pessoa Fictícia-0583,Alemã,https://w3id.org/ufes/ontodiplomadigital/instancias-ficticias#localNaturalidadeEstrangeiraBerlim,,,,Berlim,CPF-FICTICIO-0412,https://w3id.org/ufes/ontodiplomadigital/instancias-ficticias#cursoLote094,CURSO-0096,Bacharelado em Preservacao Digital,CURSO-FAKE-0096,3200,2026-10-19,Bacharelado,Bacharel,,preservacao e acesso,Presencial,,,,,,,https://w3id.org/ufes/ontodiplomadigital/instancias-ficticias#enderecoCursoLote10,"Campus de Dados 10, Bloco E",,,,Vitoria,ES,31010-000,Brasil,,Universidade Metropolitana da Informação,https://w3id.org/ufes/ontodiplomadigital/instancias-ficticias#iesEmissoraLote04,MEC-EM-0004,CNPJ-FICTICIO-0021/CNPJ-FICTICIO-0022,"Avenida Sintetica 104, Setor Emissor",Brasilia,DF,29004-000,Brasil,Universidade Federal de Registro Semântico,https://w3id.org/ufes/ontodiplomadigital/instancias-ficticias#iesRegistradoraLote06,MEC-RG-0006,CNPJ-FICTICIO-0031/CNPJ-FICTICIO-0032,"Rua Registral 206, Setor de Proveniencia",Florianopolis,SC,30006-000,Brasil,https://w3id.org/ufes/ontodiplomadigital/instancias-ficticias#registroLote094,ReqDip00000000000000000000000000000000000000000096,PROCESSO-DIPLOMA-0096,2026-10-26,2026-11-10,2026-11-25,L-2026-3,REGISTRO-0096,94,096,Caso sintetico 096 com status revogado e modalidade presencial.,https://w3id.org/ufes/ontodiplomadigital/instancias-ficticias#responsavelRegistroLote094,Pessoa Fictícia-0049,CPF-FICTICIO-0413,RESPONSAVEL-REGISTRO-0096,Assinante Fictício-0237,CPF-FICTICIO-0414,Reitoria de Registro 4,Pessoa Fictícia-0031,CPF-FICTICIO-0415,Pro-Reitora de Graduacao,https://w3id.org/ufes/ontodiplomadigital/instancias-ficticias#assinaturaLote094,2026-11-25T12:24:00,XAdES,Assinatura da pessoa jurídica registradora,Universidade Federal de Registro Semântico,Autoridade Certificadora Fictícia Integridade Digital,2026-11-25T12:24:00,https://w3id.org/ufes/ontodiplomadigital/instancias-ficticias#codigoValidacaoLote094,CODIGO-VALIDACAO-FICTICIO-0600,https://w3id.org/ufes/ontodiplomadigital/instancias-ficticias#documentacaoAcademicaLote094,ReqDip00000000000000000000000000000000000000000096,Pessoa Fictícia-0031,CPF-FICTICIO-0031,Procuradora Institucional,urn:fake:pdfa:ato-designacao:lote04,https://w3id.org/ufes/ontodiplomadigital/instancias-ficticias#historicoLote094,HISTORICO-0096
CASO-0097,https://w3id.org/ufes/ontodiplomadigital/instancias-ficticias#diplomaLote095,DIPLOMA-0097,Diploma digital,Anulado,1.05,homologação,2026-11-23,GovBR Acadêmico Fictício,https://govbr-academico.exemplo.gov.br,https://w3id.org/ufes/ontodiplomadigital/instancias-ficticias#diplomadoLote095,Pessoa Fictícia-0584,Brasileira,https://w3id.org/ufes/ontodiplomadigital/instancias-ficticias#localNaturalidadeBr1302603,1302603,Manaus,AM,,CPF-FICTICIO-0416,https://w3id.org/ufes/ontodiplomadigital/instancias-ficticias#cursoLote095,CURSO-0097,Licenciatura em Análise Territorial de Dados,CURSO-FAKE-0097,3400,2026-10-22,Licenciatura,Licenciado,,governanca de dados,EaD,,,,,,,https://w3id.org/ufes/ontodiplomadigital/instancias-ficticias#enderecoCursoLote07,"Campus de Dados 07, Bloco B",,,,Rio de Janeiro,RJ,31007-000,Brasil,,Faculdade Nacional de Dados Ligados,https://w3id.org/ufes/ontodiplomadigital/instancias-ficticias#iesEmissoraLote05,MEC-EM-0005,CNPJ-FICTICIO-0025/CNPJ-FICTICIO-0026,"Avenida Sintetica 105, Setor Emissor",Recife,PE,29005-000,Brasil,Instituto de Segurança Documental,https://w3id.org/ufes/ontodiplomadigital/instancias-ficticias#iesRegistradoraLote07,MEC-RG-0007,CNPJ-FICTICIO-0035/CNPJ-FICTICIO-0036,"Rua Registral 207, Setor de Proveniencia",Belem,PA,30007-000,Brasil,https://w3id.org/ufes/ontodiplomadigital/instancias-ficticias#registroLote095,ReqDip00000000000000000000000000000000000000000097,PROCESSO-DIPLOMA-0097,2026-10-29,2026-11-13,2026-11-28,L-2026-4,REGISTRO-0097,95,097,Caso sintetico 097 com status anulado e modalidade ead.,https://w3id.org/ufes/ontodiplomadigital/instancias-ficticias#responsavelRegistroLote095,Pessoa Fictícia-0053,CPF-FICTICIO-0417,RESPONSAVEL-REGISTRO-0097,Assinante Fictício-0239 | Assinante Fictício-0240,CPF-FICTICIO-0418 | CPF-FICTICIO-0419,Reitoria de Registro 5 | Secretaria Acadêmica Integrada,Assinante Fictício-0005,CPF-FICTICIO-0420,Reitor,https://w3id.org/ufes/ontodiplomadigital/instancias-ficticias#assinaturaLote095,2026-11-28T13:25:00,CAdES,Assinatura da pessoa jurídica emissora,Faculdade Nacional de Dados Ligados,,2026-11-28T13:25:00,https://w3id.org/ufes/ontodiplomadigital/instancias-ficticias#codigoValidacaoLote095,CODIGO-VALIDACAO-FICTICIO-0601,https://w3id.org/ufes/ontodiplomadigital/instancias-ficticias#documentacaoAcademicaLote095,ReqDip00000000000000000000000000000000000000000097,Assinante Fictício-0005,CPF-FICTICIO-0037,Reitor,urn:fake:pdfa:ato-designacao:lote05,https://w3id.org/ufes/ontodiplomadigital/instancias-ficticias#historicoLote095,HISTORICO-0097
CASO-0098,https://w3id.org/ufes/ontodiplomadigital/instancias-ficticias#diplomaLote096,DIPLOMA-0098,Diploma digital,Ativo,1.05,produção,2026-11-26,Portal Público Fictício de Consulta de Diplomas,https://consulta-diploma.exemplo.gov.br,https://w3id.org/ufes/ontodiplomadigital/instancias-ficticias#diplomadoLote096,Pessoa Fictícia-0585,Brasileira,https://w3id.org/ufes/ontodiplomadigital/instancias-ficticias#localNaturalidadeBr5103403,5103403,Cuiabá,MT,,CPF-FICTICIO-0421,https://w3id.org/ufes/ontodiplomadigital/instancias-ficticias#cursoLote096,CURSO-0098,Tecnologia em Memoria Institucional,,2400,2026-10-25,Tecnologia,Tecnólogo,Especialista em Memoria Institucional,tratamento documental,Semipresencial,Processos de registro academico,2026-10-25,EMEC-FAKE-2026-0098,Análise de regularidade do curso 098,2026-06-02,2026-05-18,https://w3id.org/ufes/ontodiplomadigital/instancias-ficticias#enderecoCursoLote12,"Campus de Dados 12, Bloco B",,,,Salvador,BA,31012-000,Brasil,,Universidade de Estudos Documentais,https://w3id.org/ufes/ontodiplomadigital/instancias-ficticias#iesEmissoraLote06,MEC-EM-0006,CNPJ-FICTICIO-0029/CNPJ-FICTICIO-0030,"Avenida Sintetica 106, Setor Emissor",Curitiba,PR,29006-000,Brasil,Centro Universitario de Rastreabilidade Acadêmica,https://w3id.org/ufes/ontodiplomadigital/instancias-ficticias#iesRegistradoraLote08,MEC-RG-0008,CNPJ-FICTICIO-0039/CNPJ-FICTICIO-0040,"Rua Registral 208, Setor de Proveniencia",Vitoria,ES,30008-000,Brasil,https://w3id.org/ufes/ontodiplomadigital/instancias-ficticias#registroLote096,ReqDip00000000000000000000000000000000000000000098,PROCESSO-DIPLOMA-0098,2026-11-01,2026-11-16,2026-12-01,L-2026-5,REGISTRO-0098,96,098,Caso sintetico 098 com status ativo e modalidade semipresencial.,https://w3id.org/ufes/ontodiplomadigital/instancias-ficticias#responsavelRegistroLote096,Pessoa Fictícia-0056,CPF-FICTICIO-0422,RESPONSAVEL-REGISTRO-0098,Assinante Fictício-0242,CPF-FICTICIO-0423,Reitoria de Registro 6,Assinante Fictício-0010,CPF-FICTICIO-0424,Reitora,https://w3id.org/ufes/ontodiplomadigital/instancias-ficticias#assinaturaLote096,2026-12-01T14:26:00,PAdES,Assinatura PFResponsavel Registro,,,2026-12-01T14:26:00,https://w3id.org/ufes/ontodiplomadigital/instancias-ficticias#codigoValidacaoLote096,CODIGO-VALIDACAO-FICTICIO-0602,https://w3id.org/ufes/ontodiplomadigital/instancias-ficticias#documentacaoAcademicaLote096,ReqDip00000000000000000000000000000000000000000098,Assinante Fictício-0010,CPF-FICTICIO-0042,Reitora,urn:fake:pdfa:ato-designacao:lote06,https://w3id.org/ufes/ontodiplomadigital/instancias-ficticias#historicoLote096,HISTORICO-0098
CASO-0099,https://w3id.org/ufes/ontodiplomadigital/instancias-ficticias#diplomaLote097,DIPLOMA-0099,Diploma digital,Ativo,1.05,homologação,2026-11-29,GovBR Acadêmico Fictício,https://govbr-academico.exemplo.gov.br,https://w3id.org/ufes/ontodiplomadigital/instancias-ficticias#diplomadoLote097,Pessoa Fictícia-0586,Brasileira,https://w3id.org/ufes/ontodiplomadigital/instancias-ficticias#localNaturalidadeBr2304400,2304400,Fortaleza,CE,,CPF-FICTICIO-0425,https://w3id.org/ufes/ontodiplomadigital/instancias-ficticias#cursoLote097,CURSO-0099,Bacharelado em Ciência de Dados Publicos,CURSO-FAKE-0099,2600,2026-10-28,Bacharelado,Bacharel,,interoperabilidade semantica,Presencial,,,,,,,https://w3id.org/ufes/ontodiplomadigital/instancias-ficticias#enderecoCursoLote06,"Campus de Dados 06, Bloco A",,,,Sao Paulo,SP,31006-000,Brasil,,Centro Acadêmico de Interoperabilidade,https://w3id.org/ufes/ontodiplomadigital/instancias-ficticias#iesEmissoraLote07,MEC-EM-0007,CNPJ-FICTICIO-0033/CNPJ-FICTICIO-0034,"Avenida Sintetica 107, Setor Emissor",Fortaleza,CE,29007-000,Brasil,Universidade Registradora do Brasil Digital,https://w3id.org/ufes/ontodiplomadigital/instancias-ficticias#iesRegistradoraLote01,MEC-RG-0001,CNPJ-FICTICIO-0011/CNPJ-FICTICIO-0012,"Rua Registral 201, Setor de Proveniencia",Curitiba,PR,30001-000,Brasil,https://w3id.org/ufes/ontodiplomadigital/instancias-ficticias#registroLote097,ReqDip00000000000000000000000000000000000000000099,PROCESSO-DIPLOMA-0099,2026-11-04,2026-11-19,2026-12-04,L-2026-6,REGISTRO-0099,97,099,Caso sintetico 099 com status ativo e modalidade presencial.,https://w3id.org/ufes/ontodiplomadigital/instancias-ficticias#responsavelRegistroLote097,Pessoa Fictícia-0013,CPF-FICTICIO-0426,RESPONSAVEL-REGISTRO-0099,Assinante Fictício-0244,CPF-FICTICIO-0427,Reitoria de Registro 7,Assinante Fictício-0015,CPF-FICTICIO-0428,Diretor Acadêmico,https://w3id.org/ufes/ontodiplomadigital/instancias-ficticias#assinaturaLote097,2026-12-04T15:27:00,XAdES,Assinatura da pessoa física emissora,,,2026-12-04T15:27:00,https://w3id.org/ufes/ontodiplomadigital/instancias-ficticias#codigoValidacaoLote097,CODIGO-VALIDACAO-FICTICIO-0603,https://w3id.org/ufes/ontodiplomadigital/instancias-ficticias#documentacaoAcademicaLote097,ReqDip00000000000000000000000000000000000000000099,Assinante Fictício-0015,CPF-FICTICIO-0047,Diretor Geral,urn:fake:pdfa:ato-designacao:lote07,https://w3id.org/ufes/ontodiplomadigital/instancias-ficticias#historicoLote097,HISTORICO-0099
CASO-0100,https://w3id.org/ufes/ontodiplomadigital/instancias-ficticias#diplomaLote098,DIPLOMA-0100,Diploma digital,Ativo,1.05,produção,2026-12-02,Portal Público Fictício de Consulta de Diplomas,https://consulta-diploma.exemplo.gov.br,https://w3id.org/ufes/ontodiplomadigital/instancias-ficticias#diplomadoLote098,Pessoa Fictícia-0245,Brasileira,https://w3id.org/ufes/ontodiplomadigital/instancias-ficticias#localNaturalidadeBr3304557,3304557,Rio de Janeiro,RJ,,CPF-FICTICIO-0429,https://w3id.org/ufes/ontodiplomadigital/instancias-ficticias#cursoLote098,CURSO-0100,Licenciatura em Curadoria Digital,CURSO-FAKE-0100,2800,2026-10-31,Licenciatura,Licenciado,,curadoria digital,EaD,,,,,,,https://w3id.org/ufes/ontodiplomadigital/instancias-ficticias#enderecoCursoLote02,"Campus de Dados 02, Bloco B",,,,Recife,PE,31002-000,Brasil,,Instituto Superior de Preservacao Informacional,https://w3id.org/ufes/ontodiplomadigital/instancias-ficticias#iesEmissoraLote08,MEC-EM-0008,CNPJ-FICTICIO-0037/CNPJ-FICTICIO-0038,"Avenida Sintetica 108, Setor Emissor",Goiania,GO,29008-000,Brasil,Centro de Registro Interoperável,https://w3id.org/ufes/ontodiplomadigital/instancias-ficticias#iesRegistradoraLote02,MEC-RG-0002,CNPJ-FICTICIO-0015/CNPJ-FICTICIO-0016,"Rua Registral 202, Setor de Proveniencia",Fortaleza,CE,30002-000,Brasil,https://w3id.org/ufes/ontodiplomadigital/instancias-ficticias#registroLote098,ReqDip00000000000000000000000000000000000000000100,PROCESSO-DIPLOMA-0100,2026-11-07,2026-11-22,2026-12-07,L-2026-7,REGISTRO-0100,98,100,Caso sintetico 100 com status ativo e modalidade ead.,https://w3id.org/ufes/ontodiplomadigital/instancias-ficticias#responsavelRegistroLote098,Pessoa Fictícia-0018,CPF-FICTICIO-0430,RESPONSAVEL-REGISTRO-0100,Assinante Fictício-0246,CPF-FICTICIO-0431,Reitoria de Registro 8,Assinante Fictício-0020,CPF-FICTICIO-0432,Diretora Acadêmica,https://w3id.org/ufes/ontodiplomadigital/instancias-ficticias#assinaturaLote098,2026-12-07T16:28:00,CAdES,Assinatura PJArquivamento Documentacao Academica,Instituto Superior de Preservacao Informacional,,2026-12-07T16:28:00,https://w3id.org/ufes/ontodiplomadigital/instancias-ficticias#codigoValidacaoLote098,CODIGO-VALIDACAO-FICTICIO-0604,https://w3id.org/ufes/ontodiplomadigital/instancias-ficticias#documentacaoAcademicaLote098,ReqDip00000000000000000000000000000000000000000100,Assinante Fictício-0020,CPF-FICTICIO-0052,Diretora Geral,urn:fake:pdfa:ato-designacao:lote08,https://w3id.org/ufes/ontodiplomadigital/instancias-ficticias#historicoLote098,HISTORICO-0100
CASO-0101,https://w3id.org/ufes/ontodiplomadigital/instancias-ficticias#diplomaLote099,DIPLOMA-0101,Diploma digital,Revogado,1.05,homologação,2026-12-05,GovBR Acadêmico Fictício,https://govbr-academico.exemplo.gov.br,https://w3id.org/ufes/ontodiplomadigital/instancias-ficticias#diplomadoLote099,Pessoa Fictícia-0247,Brasileira,https://w3id.org/ufes/ontodiplomadigital/instancias-ficticias#localNaturalidadeBr4205407,4205407,Florianópolis,SC,,CPF-FICTICIO-0433,https://w3id.org/ufes/ontodiplomadigital/instancias-ficticias#cursoLote099,CURSO-0101,Tecnologia em Arquivologia Aplicada,CURSO-FAKE-0101,3000,2026-11-03,Tecnologia,Tecnólogo,,organizacao do conhecimento,Semipresencial,Análise semantica aplicada,2026-11-03,,,,,https://w3id.org/ufes/ontodiplomadigital/instancias-ficticias#enderecoCursoLote11,"Campus de Dados 11, Bloco A",,,,Belo Horizonte,MG,31011-000,Brasil,,Universidade do Patrimonio Digital,https://w3id.org/ufes/ontodiplomadigital/instancias-ficticias#iesEmissoraLote09,MEC-EM-0009,CNPJ-FICTICIO-0041/CNPJ-FICTICIO-0042,"Avenida Sintetica 109, Setor Emissor",Sao Paulo,SP,29009-000,Brasil,Instituto Nacional de Validação Acadêmica,https://w3id.org/ufes/ontodiplomadigital/instancias-ficticias#iesRegistradoraLote03,MEC-RG-0003,CNPJ-FICTICIO-0019/CNPJ-FICTICIO-0020,"Rua Registral 203, Setor de Proveniencia",Goiania,GO,30003-000,Brasil,https://w3id.org/ufes/ontodiplomadigital/instancias-ficticias#registroLote099,ReqDip00000000000000000000000000000000000000000101,PROCESSO-DIPLOMA-0101,2026-11-10,2026-11-25,2026-12-10,L-2026-1,REGISTRO-0101,99,101,Caso sintetico 101 com status revogado e modalidade semipresencial.,https://w3id.org/ufes/ontodiplomadigital/instancias-ficticias#responsavelRegistroLote099,Pessoa Fictícia-0023,CPF-FICTICIO-0434,RESPONSAVEL-REGISTRO-0101,Assinante Fictício-0248,CPF-FICTICIO-0435,Reitoria de Registro 9,Assinante Fictício-0025,CPF-FICTICIO-0436,Secretario Geral Acadêmico,https://w3id.org/ufes/ontodiplomadigital/instancias-ficticias#assinaturaLote099,2026-12-10T08:29:00,PAdES,Assinatura da pessoa jurídica registradora,Instituto Nacional de Validação Acadêmica,,2026-12-10T08:29:00,https://w3id.org/ufes/ontodiplomadigital/instancias-ficticias#codigoValidacaoLote099,CODIGO-VALIDACAO-FICTICIO-0605,https://w3id.org/ufes/ontodiplomadigital/instancias-ficticias#documentacaoAcademicaLote099,ReqDip00000000000000000000000000000000000000000101,Assinante Fictício-0025,CPF-FICTICIO-0057,Procurador Institucional,urn:fake:pdfa:ato-designacao:lote09,https://w3id.org/ufes/ontodiplomadigital/instancias-ficticias#historicoLote099,HISTORICO-0101
CASO-0102,https://w3id.org/ufes/ontodiplomadigital/instancias-ficticias#diplomaLote100,DIPLOMA-0102,Diploma digital,Anulado,1.05,produção,2026-12-08,Portal Público Fictício de Consulta de Diplomas,https://consulta-diploma.exemplo.gov.br,https://w3id.org/ufes/ontodiplomadigital/instancias-ficticias#diplomadoLote100,Pessoa Fictícia-0249,Brasileira,https://w3id.org/ufes/ontodiplomadigital/instancias-ficticias#localNaturalidadeBr3550308,3550308,São Paulo,SP,,CPF-FICTICIO-0437,https://w3id.org/ufes/ontodiplomadigital/instancias-ficticias#cursoLote100,CURSO-0102,Bacharelado em Biblioteconomia Analitica,,3200,2026-11-06,Bacharelado,Bacharel,,preservacao e acesso,Presencial,,,EMEC-FAKE-2026-0102,Análise de regularidade do curso 102,2026-06-14,2026-05-30,https://w3id.org/ufes/ontodiplomadigital/instancias-ficticias#enderecoCursoLote04,"Campus de Dados 04, Bloco D",,,,Fortaleza,CE,31004-000,Brasil,,Centro Universitario de Modelagem Conceitual,https://w3id.org/ufes/ontodiplomadigital/instancias-ficticias#iesEmissoraLote10,MEC-EM-0010,CNPJ-FICTICIO-0043/CNPJ-FICTICIO-0044,"Avenida Sintetica 110, Setor Emissor",Rio de Janeiro,RJ,29010-000,Brasil,Universidade Curadora de Diplomas,https://w3id.org/ufes/ontodiplomadigital/instancias-ficticias#iesRegistradoraLote04,MEC-RG-0004,CNPJ-FICTICIO-0023/CNPJ-FICTICIO-0024,"Rua Registral 204, Setor de Proveniencia",Sao Paulo,SP,30004-000,Brasil,https://w3id.org/ufes/ontodiplomadigital/instancias-ficticias#registroLote100,ReqDip00000000000000000000000000000000000000000102,PROCESSO-DIPLOMA-0102,2026-11-13,2026-11-28,2026-12-13,L-2026-2,REGISTRO-0102,100,102,Caso sintetico 102 com status anulado e modalidade presencial.,https://w3id.org/ufes/ontodiplomadigital/instancias-ficticias#responsavelRegistroLote100,Pessoa Fictícia-0028,CPF-FICTICIO-0438,RESPONSAVEL-REGISTRO-0102,Assinante Fictício-0250 | Assinante Fictício-0251,CPF-FICTICIO-0439 | CPF-FICTICIO-0440,Reitoria de Registro 1 | Secretaria Acadêmica Integrada,Assinante Fictício-0030,CPF-FICTICIO-0441,Secretaria Geral Acadêmica,https://w3id.org/ufes/ontodiplomadigital/instancias-ficticias#assinaturaLote100,2026-12-13T09:30:00,XAdES,Assinatura da pessoa jurídica emissora,Centro Universitario de Modelagem Conceitual,,2026-12-13T09:30:00,https://w3id.org/ufes/ontodiplomadigital/instancias-ficticias#codigoValidacaoLote100,CODIGO-VALIDACAO-FICTICIO-0606,https://w3id.org/ufes/ontodiplomadigital/instancias-ficticias#documentacaoAcademicaLote100,ReqDip00000000000000000000000000000000000000000102,Assinante Fictício-0030,CPF-FICTICIO-0063,Procuradora Institucional,urn:fake:pdfa:ato-designacao:lote10,https://w3id.org/ufes/ontodiplomadigital/instancias-ficticias#historicoLote100,HISTORICO-0102
CASO-0103,https://w3id.org/ufes/ontodiplomadigital/instancias-ficticias#diplomaLote101,DIPLOMA-0103,Diploma digital,Ativo,1.05,homologação,2026-12-11,GovBR Acadêmico Fictício,https://govbr-academico.exemplo.gov.br,https://w3id.org/ufes/ontodiplomadigital/instancias-ficticias#diplomadoLote101,Pessoa Fictícia-0252,Brasileira,https://w3id.org/ufes/ontodiplomadigital/instancias-ficticias#localNaturalidadeBr3204807,3204807,São José do Calçado,ES,,CPF-FICTICIO-0442,https://w3id.org/ufes/ontodiplomadigital/instancias-ficticias#cursoLote101,CURSO-0103,Licenciatura em Gestão da Informação,CURSO-FAKE-0103,3400,2026-11-09,Licenciatura,Licenciado,,governanca de dados,EaD,,,,,,,https://w3id.org/ufes/ontodiplomadigital/instancias-ficticias#enderecoCursoCaso1,"Campus Integracao, Bloco A",,,,Vila Semântica,ES,29001-111,Brasil,,Universidade Aberta do Conhecimento,https://w3id.org/ufes/ontodiplomadigital/instancias-ficticias#iesEmissoraLote01,MEC-EM-0001,CNPJ-FICTICIO-0009/CNPJ-FICTICIO-0010,"Avenida Sintetica 101, Setor Emissor",Vitoria,ES,29001-000,Brasil,Centro Registral de Conhecimento Aplicado,https://w3id.org/ufes/ontodiplomadigital/instancias-ficticias#iesRegistradoraLote05,MEC-RG-0005,CNPJ-FICTICIO-0027/CNPJ-FICTICIO-0028,"Rua Registral 205, Setor de Proveniencia",Rio de Janeiro,RJ,30005-000,Brasil,https://w3id.org/ufes/ontodiplomadigital/instancias-ficticias#registroLote101,ReqDip00000000000000000000000000000000000000000103,PROCESSO-DIPLOMA-0103,2026-11-16,2026-12-01,2026-12-16,L-2026-3,REGISTRO-0103,101,103,Caso sintetico 103 com status ativo e modalidade ead.,https://w3id.org/ufes/ontodiplomadigital/instancias-ficticias#responsavelRegistroLote101,Pessoa Fictícia-0033,CPF-FICTICIO-0443,RESPONSAVEL-REGISTRO-0103,Assinante Fictício-0253,CPF-FICTICIO-0444,Reitoria de Registro 2,Pessoa Fictícia-0006,CPF-FICTICIO-0445,Pro-Reitor de Graduacao,https://w3id.org/ufes/ontodiplomadigital/instancias-ficticias#assinaturaLote101,2026-12-16T10:31:00,CAdES,Assinatura PFResponsavel Registro,,,2026-12-16T10:31:00,https://w3id.org/ufes/ontodiplomadigital/instancias-ficticias#codigoValidacaoLote101,CODIGO-VALIDACAO-FICTICIO-0607,https://w3id.org/ufes/ontodiplomadigital/instancias-ficticias#documentacaoAcademicaLote101,ReqDip00000000000000000000000000000000000000000103,Pessoa Fictícia-0016,CPF-FICTICIO-0016,Diretor Geral,urn:fake:pdfa:ato-designacao:lote01,https://w3id.org/ufes/ontodiplomadigital/instancias-ficticias#historicoLote101,HISTORICO-0103
CASO-0104,https://w3id.org/ufes/ontodiplomadigital/instancias-ficticias#diplomaLote102,DIPLOMA-0104,Diploma digital,Ativo,1.05,produção,2026-12-14,Portal Público Fictício de Consulta de Diplomas,https://consulta-diploma.exemplo.gov.br,https://w3id.org/ufes/ontodiplomadigital/instancias-ficticias#diplomadoLote102,Pessoa Fictícia-0254,Brasileira,https://w3id.org/ufes/ontodiplomadigital/instancias-ficticias#localNaturalidadeBr3550308,3550308,São Paulo,SP,,CPF-FICTICIO-0446,https://w3id.org/ufes/ontodiplomadigital/instancias-ficticias#cursoLote102,CURSO-0104,Tecnologia em Humanidades Digitais,,2400,2026-11-12,Tecnologia,Tecnólogo,Especialista em Humanidades Digitais,tratamento documental,Semipresencial,Processos de registro academico,2026-11-12,EMEC-FAKE-2026-0104,Análise de regularidade do curso 104,2026-06-20,2026-06-05,https://w3id.org/ufes/ontodiplomadigital/instancias-ficticias#enderecoCursoLote06,"Campus de Dados 06, Bloco A",,,,Sao Paulo,SP,31006-000,Brasil,,Centro Universitario Horizonte Semântico,https://w3id.org/ufes/ontodiplomadigital/instancias-ficticias#iesEmissoraLote02,MEC-EM-0002,CNPJ-FICTICIO-0013/CNPJ-FICTICIO-0014,"Avenida Sintetica 102, Setor Emissor",Belo Horizonte,MG,29002-000,Brasil,Universidade Federal de Registro Semântico,https://w3id.org/ufes/ontodiplomadigital/instancias-ficticias#iesRegistradoraLote06,MEC-RG-0006,CNPJ-FICTICIO-0031/CNPJ-FICTICIO-0032,"Rua Registral 206, Setor de Proveniencia",Florianopolis,SC,30006-000,Brasil,https://w3id.org/ufes/ontodiplomadigital/instancias-ficticias#registroLote102,ReqDip00000000000000000000000000000000000000000104,PROCESSO-DIPLOMA-0104,2026-11-19,2026-12-04,2026-12-19,L-2026-4,REGISTRO-0104,102,104,Caso sintetico 104 com status ativo e modalidade semipresencial.,https://w3id.org/ufes/ontodiplomadigital/instancias-ficticias#responsavelRegistroLote102,Pessoa Fictícia-0037,CPF-FICTICIO-0447,RESPONSAVEL-REGISTRO-0104,Assinante Fictício-0255,CPF-FICTICIO-0448,Reitoria de Registro 3,Pessoa Fictícia-0011,CPF-FICTICIO-0449,Pro-Reitora de Graduacao,https://w3id.org/ufes/ontodiplomadigital/instancias-ficticias#assinaturaLote102,2026-12-19T11:32:00,PAdES,Assinatura da pessoa física emissora,,,2026-12-19T11:32:00,https://w3id.org/ufes/ontodiplomadigital/instancias-ficticias#codigoValidacaoLote102,CODIGO-VALIDACAO-FICTICIO-0608,https://w3id.org/ufes/ontodiplomadigital/instancias-ficticias#documentacaoAcademicaLote102,ReqDip00000000000000000000000000000000000000000104,Pessoa Fictícia-0021,CPF-FICTICIO-0021,Diretora Geral,urn:fake:pdfa:ato-designacao:lote02,https://w3id.org/ufes/ontodiplomadigital/instancias-ficticias#historicoLote102,HISTORICO-0104
CASO-0105,https://w3id.org/ufes/ontodiplomadigital/instancias-ficticias#diplomaLote103,DIPLOMA-0105,Diploma digital,Ativo,1.05,homologação,2026-12-17,GovBR Acadêmico Fictício,https://govbr-academico.exemplo.gov.br,https://w3id.org/ufes/ontodiplomadigital/instancias-ficticias#diplomadoLote103,Pessoa Fictícia-0256,Brasileira,https://w3id.org/ufes/ontodiplomadigital/instancias-ficticias#localNaturalidadeBr2927408,2927408,Salvador,BA,,CPF-FICTICIO-0450,https://w3id.org/ufes/ontodiplomadigital/instancias-ficticias#cursoLote103,CURSO-0105,Bacharelado em Documentacao Tecnica,CURSO-FAKE-0105,2600,2026-11-15,Bacharelado,Bacharel,,interoperabilidade semantica,Presencial,,,,,,,https://w3id.org/ufes/ontodiplomadigital/instancias-ficticias#enderecoCursoLote11,"Campus de Dados 11, Bloco A",,,,Belo Horizonte,MG,31011-000,Brasil,,Instituto Federal de Curadoria Digital,https://w3id.org/ufes/ontodiplomadigital/instancias-ficticias#iesEmissoraLote03,MEC-EM-0003,CNPJ-FICTICIO-0017/CNPJ-FICTICIO-0018,"Avenida Sintetica 103, Setor Emissor",Salvador,BA,29003-000,Brasil,Instituto de Segurança Documental,https://w3id.org/ufes/ontodiplomadigital/instancias-ficticias#iesRegistradoraLote07,MEC-RG-0007,CNPJ-FICTICIO-0035/CNPJ-FICTICIO-0036,"Rua Registral 207, Setor de Proveniencia",Belem,PA,30007-000,Brasil,https://w3id.org/ufes/ontodiplomadigital/instancias-ficticias#registroLote103,ReqDip00000000000000000000000000000000000000000105,PROCESSO-DIPLOMA-0105,2026-11-22,2026-12-07,2026-12-22,L-2026-5,REGISTRO-0105,103,105,Caso sintetico 105 com status ativo e modalidade presencial.,https://w3id.org/ufes/ontodiplomadigital/instancias-ficticias#responsavelRegistroLote103,Pessoa Fictícia-0040,CPF-FICTICIO-0451,RESPONSAVEL-REGISTRO-0105,Assinante Fictício-0257,CPF-FICTICIO-0452,Reitoria de Registro 4,Pessoa Fictícia-0016,CPF-FICTICIO-0453,Reitor,https://w3id.org/ufes/ontodiplomadigital/instancias-ficticias#assinaturaLote103,2026-12-22T12:33:00,XAdES,Assinatura PJArquivamento Documentacao Academica,Instituto Federal de Curadoria Digital,,2026-12-22T12:33:00,https://w3id.org/ufes/ontodiplomadigital/instancias-ficticias#codigoValidacaoLote103,CODIGO-VALIDACAO-FICTICIO-0609,https://w3id.org/ufes/ontodiplomadigital/instancias-ficticias#documentacaoAcademicaLote103,ReqDip00000000000000000000000000000000000000000105,Pessoa Fictícia-0026,CPF-FICTICIO-0026,Procurador Institucional,urn:fake:pdfa:ato-designacao:lote03,https://w3id.org/ufes/ontodiplomadigital/instancias-ficticias#historicoLote103,HISTORICO-0105
CASO-0106,https://w3id.org/ufes/ontodiplomadigital/instancias-ficticias#diplomaLote104,DIPLOMA-0106,Diploma digital,Revogado,1.05,produção,2026-12-20,Portal Público Fictício de Consulta de Diplomas,https://consulta-diploma.exemplo.gov.br,https://w3id.org/ufes/ontodiplomadigital/instancias-ficticias#diplomadoLote104,Pessoa Fictícia-0258,Brasileira,https://w3id.org/ufes/ontodiplomadigital/instancias-ficticias#localNaturalidadeBr5208707,5208707,Goiânia,GO,,CPF-FICTICIO-0454,https://w3id.org/ufes/ontodiplomadigital/instancias-ficticias#cursoLote104,CURSO-0106,Licenciatura em Governanca Informacional,,2800,2026-11-18,Licenciatura,Licenciado,,curadoria digital,EaD,,,EMEC-FAKE-2026-0106,Análise de regularidade do curso 106,2026-06-26,2026-06-11,https://w3id.org/ufes/ontodiplomadigital/instancias-ficticias#enderecoCursoLote08,"Campus de Dados 08, Bloco C",,,,Florianopolis,SC,31008-000,Brasil,,Universidade Metropolitana da Informação,https://w3id.org/ufes/ontodiplomadigital/instancias-ficticias#iesEmissoraLote04,MEC-EM-0004,CNPJ-FICTICIO-0021/CNPJ-FICTICIO-0022,"Avenida Sintetica 104, Setor Emissor",Brasilia,DF,29004-000,Brasil,Centro Universitario de Rastreabilidade Acadêmica,https://w3id.org/ufes/ontodiplomadigital/instancias-ficticias#iesRegistradoraLote08,MEC-RG-0008,CNPJ-FICTICIO-0039/CNPJ-FICTICIO-0040,"Rua Registral 208, Setor de Proveniencia",Vitoria,ES,30008-000,Brasil,https://w3id.org/ufes/ontodiplomadigital/instancias-ficticias#registroLote104,ReqDip00000000000000000000000000000000000000000106,PROCESSO-DIPLOMA-0106,2026-11-25,2026-12-10,2026-12-25,L-2026-6,REGISTRO-0106,104,106,Caso sintetico 106 com status revogado e modalidade ead.,https://w3id.org/ufes/ontodiplomadigital/instancias-ficticias#responsavelRegistroLote104,Pessoa Fictícia-0043,CPF-FICTICIO-0455,RESPONSAVEL-REGISTRO-0106,Assinante Fictício-0259,CPF-FICTICIO-0456,Reitoria de Registro 5,Pessoa Fictícia-0021,CPF-FICTICIO-0457,Reitora,https://w3id.org/ufes/ontodiplomadigital/instancias-ficticias#assinaturaLote104,2026-12-25T13:34:00,CAdES,Assinatura da pessoa jurídica registradora,Centro Universitario de Rastreabilidade Acadêmica,,2026-12-25T13:34:00,https://w3id.org/ufes/ontodiplomadigital/instancias-ficticias#codigoValidacaoLote104,CODIGO-VALIDACAO-FICTICIO-0610,https://w3id.org/ufes/ontodiplomadigital/instancias-ficticias#documentacaoAcademicaLote104,ReqDip00000000000000000000000000000000000000000106,Pessoa Fictícia-0031,CPF-FICTICIO-0031,Procuradora Institucional,urn:fake:pdfa:ato-designacao:lote04,https://w3id.org/ufes/ontodiplomadigital/instancias-ficticias#historicoLote104,HISTORICO-0106
CASO-0107,https://w3id.org/ufes/ontodiplomadigital/instancias-ficticias#diplomaLote105,DIPLOMA-0107,Diploma digital,Anulado,1.05,homologação,2026-12-23,GovBR Acadêmico Fictício,https://govbr-academico.exemplo.gov.br,https://w3id.org/ufes/ontodiplomadigital/instancias-ficticias#diplomadoLote105,Pessoa Fictícia-0260,Brasileira,https://w3id.org/ufes/ontodiplomadigital/instancias-ficticias#localNaturalidadeBr2927408,2927408,Salvador,BA,,CPF-FICTICIO-0458,https://w3id.org/ufes/ontodiplomadigital/instancias-ficticias#cursoLote105,CURSO-0107,Tecnologia em Interoperabilidade Semântica,CURSO-FAKE-0107,3000,2026-11-21,Tecnologia,Tecnólogo,,organizacao do conhecimento,Semipresencial,Análise semantica aplicada,2026-11-21,,,,,https://w3id.org/ufes/ontodiplomadigital/instancias-ficticias#enderecoCursoLote08,"Campus de Dados 08, Bloco C",,,,Florianopolis,SC,31008-000,Brasil,,Faculdade Nacional de Dados Ligados,https://w3id.org/ufes/ontodiplomadigital/instancias-ficticias#iesEmissoraLote05,MEC-EM-0005,CNPJ-FICTICIO-0025/CNPJ-FICTICIO-0026,"Avenida Sintetica 105, Setor Emissor",Recife,PE,29005-000,Brasil,Universidade Registradora do Brasil Digital,https://w3id.org/ufes/ontodiplomadigital/instancias-ficticias#iesRegistradoraLote01,MEC-RG-0001,CNPJ-FICTICIO-0011/CNPJ-FICTICIO-0012,"Rua Registral 201, Setor de Proveniencia",Curitiba,PR,30001-000,Brasil,https://w3id.org/ufes/ontodiplomadigital/instancias-ficticias#registroLote105,ReqDip00000000000000000000000000000000000000000107,PROCESSO-DIPLOMA-0107,2026-11-28,2026-12-13,2026-12-28,L-2026-7,REGISTRO-0107,105,107,Caso sintetico 107 com status anulado e modalidade semipresencial.,https://w3id.org/ufes/ontodiplomadigital/instancias-ficticias#responsavelRegistroLote105,Pessoa Fictícia-0046,CPF-FICTICIO-0459,RESPONSAVEL-REGISTRO-0107,Assinante Fictício-0261 | Assinante Fictício-0262,CPF-FICTICIO-0460 | CPF-FICTICIO-0461,Reitoria de Registro 6 | Secretaria Acadêmica Integrada,Pessoa Fictícia-0026,CPF-FICTICIO-0462,Diretor Acadêmico,https://w3id.org/ufes/ontodiplomadigital/instancias-ficticias#assinaturaLote105,2026-12-28T14:35:00,PAdES,Assinatura da pessoa jurídica emissora,Faculdade Nacional de Dados Ligados,,2026-12-28T14:35:00,https://w3id.org/ufes/ontodiplomadigital/instancias-ficticias#codigoValidacaoLote105,CODIGO-VALIDACAO-FICTICIO-0611,https://w3id.org/ufes/ontodiplomadigital/instancias-ficticias#documentacaoAcademicaLote105,ReqDip00000000000000000000000000000000000000000107,Assinante Fictício-0005,CPF-FICTICIO-0037,Reitor,urn:fake:pdfa:ato-designacao:lote05,https://w3id.org/ufes/ontodiplomadigital/instancias-ficticias#historicoLote105,HISTORICO-0107
CASO-0108,https://w3id.org/ufes/ontodiplomadigital/instancias-ficticias#diplomaLote106,DIPLOMA-0108,Diploma digital,Ativo,1.05,produção,2026-12-26,Portal Público Fictício de Consulta de Diplomas,https://consulta-diploma.exemplo.gov.br,https://w3id.org/ufes/ontodiplomadigital/instancias-ficticias#diplomadoLote106,Pessoa Fictícia-0263,Brasileira,https://w3id.org/ufes/ontodiplomadigital/instancias-ficticias#localNaturalidadeBr2611606,2611606,Recife,PE,,CPF-FICTICIO-0463,https://w3id.org/ufes/ontodiplomadigital/instancias-ficticias#cursoLote106,CURSO-0108,Bacharelado em Preservacao Digital,CURSO-FAKE-0108,3200,2026-11-24,Bacharelado,Bacharel,,preservacao e acesso,Presencial,,,,,,,https://w3id.org/ufes/ontodiplomadigital/instancias-ficticias#enderecoCursoLote10,"Campus de Dados 10, Bloco E",,,,Vitoria,ES,31010-000,Brasil,,Universidade de Estudos Documentais,https://w3id.org/ufes/ontodiplomadigital/instancias-ficticias#iesEmissoraLote06,MEC-EM-0006,CNPJ-FICTICIO-0029/CNPJ-FICTICIO-0030,"Avenida Sintetica 106, Setor Emissor",Curitiba,PR,29006-000,Brasil,Centro de Registro Interoperável,https://w3id.org/ufes/ontodiplomadigital/instancias-ficticias#iesRegistradoraLote02,MEC-RG-0002,CNPJ-FICTICIO-0015/CNPJ-FICTICIO-0016,"Rua Registral 202, Setor de Proveniencia",Fortaleza,CE,30002-000,Brasil,https://w3id.org/ufes/ontodiplomadigital/instancias-ficticias#registroLote106,ReqDip00000000000000000000000000000000000000000108,PROCESSO-DIPLOMA-0108,2026-12-01,2026-12-16,2026-12-31,L-2026-1,REGISTRO-0108,106,108,Caso sintetico 108 com status ativo e modalidade presencial.,https://w3id.org/ufes/ontodiplomadigital/instancias-ficticias#responsavelRegistroLote106,Pessoa Fictícia-0049,CPF-FICTICIO-0464,RESPONSAVEL-REGISTRO-0108,Assinante Fictício-0264,CPF-FICTICIO-0465,Reitoria de Registro 7,Pessoa Fictícia-0031,CPF-FICTICIO-0466,Diretora Acadêmica,https://w3id.org/ufes/ontodiplomadigital/instancias-ficticias#assinaturaLote106,2026-12-31T15:36:00,XAdES,Assinatura PFResponsavel Registro,,Autoridade Certificadora Fictícia Integridade Digital,2026-12-31T15:36:00,https://w3id.org/ufes/ontodiplomadigital/instancias-ficticias#codigoValidacaoLote106,CODIGO-VALIDACAO-FICTICIO-0612,https://w3id.org/ufes/ontodiplomadigital/instancias-ficticias#documentacaoAcademicaLote106,ReqDip00000000000000000000000000000000000000000108,Assinante Fictício-0010,CPF-FICTICIO-0042,Reitora,urn:fake:pdfa:ato-designacao:lote06,https://w3id.org/ufes/ontodiplomadigital/instancias-ficticias#historicoLote106,HISTORICO-0108
CASO-0109,https://w3id.org/ufes/ontodiplomadigital/instancias-ficticias#diplomaLote107,DIPLOMA-0109,Diploma digital,Ativo,1.05,homologação,2026-12-29,GovBR Acadêmico Fictício,https://govbr-academico.exemplo.gov.br,https://w3id.org/ufes/ontodiplomadigital/instancias-ficticias#diplomadoLote107,Pessoa Fictícia-0265,Brasileira,https://w3id.org/ufes/ontodiplomadigital/instancias-ficticias#localNaturalidadeBr4205407,4205407,Florianópolis,SC,,CPF-FICTICIO-0467,https://w3id.org/ufes/ontodiplomadigital/instancias-ficticias#cursoLote107,CURSO-0109,Licenciatura em Análise Territorial de Dados,CURSO-FAKE-0109,3400,2026-11-27,Licenciatura,Licenciado,,governanca de dados,EaD,,,,,,,https://w3id.org/ufes/ontodiplomadigital/instancias-ficticias#enderecoCursoLote05,"Campus de Dados 05, Bloco E",,,,Goiania,GO,31005-000,Brasil,,Centro Acadêmico de Interoperabilidade,https://w3id.org/ufes/ontodiplomadigital/instancias-ficticias#iesEmissoraLote07,MEC-EM-0007,CNPJ-FICTICIO-0033/CNPJ-FICTICIO-0034,"Avenida Sintetica 107, Setor Emissor",Fortaleza,CE,29007-000,Brasil,Instituto Nacional de Validação Acadêmica,https://w3id.org/ufes/ontodiplomadigital/instancias-ficticias#iesRegistradoraLote03,MEC-RG-0003,CNPJ-FICTICIO-0019/CNPJ-FICTICIO-0020,"Rua Registral 203, Setor de Proveniencia",Goiania,GO,30003-000,Brasil,https://w3id.org/ufes/ontodiplomadigital/instancias-ficticias#registroLote107,ReqDip00000000000000000000000000000000000000000109,PROCESSO-DIPLOMA-0109,2026-12-04,2026-12-19,2027-01-03,L-2027-2,REGISTRO-0109,107,109,Caso sintetico 109 com status ativo e modalidade ead.,https://w3id.org/ufes/ontodiplomadigital/instancias-ficticias#responsavelRegistroLote107,Pessoa Fictícia-0053,CPF-FICTICIO-0468,RESPONSAVEL-REGISTRO-0109,Assinante Fictício-0266,CPF-FICTICIO-0469,Reitoria de Registro 8,Assinante Fictício-0005,CPF-FICTICIO-0470,Secretario Geral Acadêmico,https://w3id.org/ufes/ontodiplomadigital/instancias-ficticias#assinaturaLote107,2027-01-03T16:37:00,CAdES,Assinatura da pessoa física emissora,,,2027-01-03T16:37:00,https://w3id.org/ufes/ontodiplomadigital/instancias-ficticias#codigoValidacaoLote107,CODIGO-VALIDACAO-FICTICIO-0613,https://w3id.org/ufes/ontodiplomadigital/instancias-ficticias#documentacaoAcademicaLote107,ReqDip00000000000000000000000000000000000000000109,Assinante Fictício-0015,CPF-FICTICIO-0047,Diretor Geral,urn:fake:pdfa:ato-designacao:lote07,https://w3id.org/ufes/ontodiplomadigital/instancias-ficticias#historicoLote107,HISTORICO-0109
CASO-0110,https://w3id.org/ufes/ontodiplomadigital/instancias-ficticias#diplomaLote108,DIPLOMA-0110,Diploma digital,Ativo,1.05,produção,2027-01-01,Portal Público Fictício de Consulta de Diplomas,https://consulta-diploma.exemplo.gov.br,https://w3id.org/ufes/ontodiplomadigital/instancias-ficticias#diplomadoLote108,Pessoa Fictícia-0267,Brasileira,https://w3id.org/ufes/ontodiplomadigital/instancias-ficticias#localNaturalidadeBr2927408,2927408,Salvador,BA,,CPF-FICTICIO-0471,https://w3id.org/ufes/ontodiplomadigital/instancias-ficticias#cursoLote108,CURSO-0110,Tecnologia em Memoria Institucional,,2400,2026-11-30,Tecnologia,Tecnólogo,Especialista em Memoria Institucional,tratamento documental,Semipresencial,Processos de registro academico,2026-11-30,EMEC-FAKE-2027-0110,Análise de regularidade do curso 110,2026-07-08,2026-06-23,https://w3id.org/ufes/ontodiplomadigital/instancias-ficticias#enderecoCursoLote12,"Campus de Dados 12, Bloco B",,,,Salvador,BA,31012-000,Brasil,,Instituto Superior de Preservacao Informacional,https://w3id.org/ufes/ontodiplomadigital/instancias-ficticias#iesEmissoraLote08,MEC-EM-0008,CNPJ-FICTICIO-0037/CNPJ-FICTICIO-0038,"Avenida Sintetica 108, Setor Emissor",Goiania,GO,29008-000,Brasil,Universidade Curadora de Diplomas,https://w3id.org/ufes/ontodiplomadigital/instancias-ficticias#iesRegistradoraLote04,MEC-RG-0004,CNPJ-FICTICIO-0023/CNPJ-FICTICIO-0024,"Rua Registral 204, Setor de Proveniencia",Sao Paulo,SP,30004-000,Brasil,https://w3id.org/ufes/ontodiplomadigital/instancias-ficticias#registroLote108,ReqDip00000000000000000000000000000000000000000110,PROCESSO-DIPLOMA-0110,2026-12-07,2026-12-22,2027-01-06,L-2027-3,REGISTRO-0110,108,110,Caso sintetico 110 com status ativo e modalidade semipresencial.,https://w3id.org/ufes/ontodiplomadigital/instancias-ficticias#responsavelRegistroLote108,Pessoa Fictícia-0056,CPF-FICTICIO-0472,RESPONSAVEL-REGISTRO-0110,Assinante Fictício-0268,CPF-FICTICIO-0473,Reitoria de Registro 9,Assinante Fictício-0010,CPF-FICTICIO-0474,Secretaria Geral Acadêmica,https://w3id.org/ufes/ontodiplomadigital/instancias-ficticias#assinaturaLote108,2027-01-06T08:38:00,PAdES,Assinatura PJArquivamento Documentacao Academica,Instituto Superior de Preservacao Informacional,,2027-01-06T08:38:00,https://w3id.org/ufes/ontodiplomadigital/instancias-ficticias#codigoValidacaoLote108,CODIGO-VALIDACAO-FICTICIO-0614,https://w3id.org/ufes/ontodiplomadigital/instancias-ficticias#documentacaoAcademicaLote108,ReqDip00000000000000000000000000000000000000000110,Assinante Fictício-0020,CPF-FICTICIO-0052,Diretora Geral,urn:fake:pdfa:ato-designacao:lote08,https://w3id.org/ufes/ontodiplomadigital/instancias-ficticias#historicoLote108,HISTORICO-0110
CASO-0111,https://w3id.org/ufes/ontodiplomadigital/instancias-ficticias#diplomaLote109,DIPLOMA-0111,Diploma digital,Revogado,1.05,homologação,2027-01-04,GovBR Acadêmico Fictício,https://govbr-academico.exemplo.gov.br,https://w3id.org/ufes/ontodiplomadigital/instancias-ficticias#diplomadoLote109,Pessoa Fictícia-0269,Brasileira,https://w3id.org/ufes/ontodiplomadigital/instancias-ficticias#localNaturalidadeBr1100205,1100205,Porto Velho,RO,,CPF-FICTICIO-0475,https://w3id.org/ufes/ontodiplomadigital/instancias-ficticias#cursoLote109,CURSO-0111,Bacharelado em Ciência de Dados Publicos,CURSO-FAKE-0111,2600,2026-12-03,Bacharelado,Bacharel,,interoperabilidade semantica,Presencial,,,,,,,https://w3id.org/ufes/ontodiplomadigital/instancias-ficticias#enderecoCursoLote12,"Campus de Dados 12, Bloco B",,,,Salvador,BA,31012-000,Brasil,,Universidade do Patrimonio Digital,https://w3id.org/ufes/ontodiplomadigital/instancias-ficticias#iesEmissoraLote09,MEC-EM-0009,CNPJ-FICTICIO-0041/CNPJ-FICTICIO-0042,"Avenida Sintetica 109, Setor Emissor",Sao Paulo,SP,29009-000,Brasil,Centro Registral de Conhecimento Aplicado,https://w3id.org/ufes/ontodiplomadigital/instancias-ficticias#iesRegistradoraLote05,MEC-RG-0005,CNPJ-FICTICIO-0027/CNPJ-FICTICIO-0028,"Rua Registral 205, Setor de Proveniencia",Rio de Janeiro,RJ,30005-000,Brasil,https://w3id.org/ufes/ontodiplomadigital/instancias-ficticias#registroLote109,ReqDip00000000000000000000000000000000000000000111,PROCESSO-DIPLOMA-0111,2026-12-10,2026-12-25,2027-01-09,L-2027-4,REGISTRO-0111,109,111,Caso sintetico 111 com status revogado e modalidade presencial.,https://w3id.org/ufes/ontodiplomadigital/instancias-ficticias#responsavelRegistroLote109,Pessoa Fictícia-0013,CPF-FICTICIO-0476,RESPONSAVEL-REGISTRO-0111,Assinante Fictício-0270,CPF-FICTICIO-0477,Reitoria de Registro 1,Assinante Fictício-0015,CPF-FICTICIO-0478,Pro-Reitor de Graduacao,https://w3id.org/ufes/ontodiplomadigital/instancias-ficticias#assinaturaLote109,2027-01-09T09:39:00,XAdES,Assinatura da pessoa jurídica registradora,Centro Registral de Conhecimento Aplicado,,2027-01-09T09:39:00,https://w3id.org/ufes/ontodiplomadigital/instancias-ficticias#codigoValidacaoLote109,CODIGO-VALIDACAO-FICTICIO-0615,https://w3id.org/ufes/ontodiplomadigital/instancias-ficticias#documentacaoAcademicaLote109,ReqDip00000000000000000000000000000000000000000111,Assinante Fictício-0025,CPF-FICTICIO-0057,Procurador Institucional,urn:fake:pdfa:ato-designacao:lote09,https://w3id.org/ufes/ontodiplomadigital/instancias-ficticias#historicoLote109,HISTORICO-0111
CASO-0112,https://w3id.org/ufes/ontodiplomadigital/instancias-ficticias#diplomaLote110,DIPLOMA-0112,Diploma digital,Anulado,1.05,produção,2027-01-07,Portal Público Fictício de Consulta de Diplomas,https://consulta-diploma.exemplo.gov.br,https://w3id.org/ufes/ontodiplomadigital/instancias-ficticias#diplomadoLote110,Pessoa Fictícia-0271,Brasileira,https://w3id.org/ufes/ontodiplomadigital/instancias-ficticias#localNaturalidadeBr1200401,1200401,Rio Branco,AC,,CPF-FICTICIO-0479,https://w3id.org/ufes/ontodiplomadigital/instancias-ficticias#cursoLote110,CURSO-0112,Licenciatura em Curadoria Digital,CURSO-FAKE-0112,2800,2026-12-06,Licenciatura,Licenciado,,curadoria digital,EaD,,,,,,,https://w3id.org/ufes/ontodiplomadigital/instancias-ficticias#enderecoCursoLote02,"Campus de Dados 02, Bloco B",,,,Recife,PE,31002-000,Brasil,,Centro Universitario de Modelagem Conceitual,https://w3id.org/ufes/ontodiplomadigital/instancias-ficticias#iesEmissoraLote10,MEC-EM-0010,CNPJ-FICTICIO-0043/CNPJ-FICTICIO-0044,"Avenida Sintetica 110, Setor Emissor",Rio de Janeiro,RJ,29010-000,Brasil,Universidade Federal de Registro Semântico,https://w3id.org/ufes/ontodiplomadigital/instancias-ficticias#iesRegistradoraLote06,MEC-RG-0006,CNPJ-FICTICIO-0031/CNPJ-FICTICIO-0032,"Rua Registral 206, Setor de Proveniencia",Florianopolis,SC,30006-000,Brasil,https://w3id.org/ufes/ontodiplomadigital/instancias-ficticias#registroLote110,ReqDip00000000000000000000000000000000000000000112,PROCESSO-DIPLOMA-0112,2026-12-13,2026-12-28,2027-01-12,L-2027-5,REGISTRO-0112,110,112,Caso sintetico 112 com status anulado e modalidade ead.,https://w3id.org/ufes/ontodiplomadigital/instancias-ficticias#responsavelRegistroLote110,Pessoa Fictícia-0018,CPF-FICTICIO-0480,RESPONSAVEL-REGISTRO-0112,Assinante Fictício-0272 | Assinante Fictício-0273,CPF-FICTICIO-0481 | CPF-FICTICIO-0482,Reitoria de Registro 2 | Secretaria Acadêmica Integrada,Assinante Fictício-0020,CPF-FICTICIO-0483,Pro-Reitora de Graduacao,https://w3id.org/ufes/ontodiplomadigital/instancias-ficticias#assinaturaLote110,2027-01-12T10:40:00,CAdES,Assinatura da pessoa jurídica emissora,Centro Universitario de Modelagem Conceitual,,2027-01-12T10:40:00,https://w3id.org/ufes/ontodiplomadigital/instancias-ficticias#codigoValidacaoLote110,CODIGO-VALIDACAO-FICTICIO-0616,https://w3id.org/ufes/ontodiplomadigital/instancias-ficticias#documentacaoAcademicaLote110,ReqDip00000000000000000000000000000000000000000112,Assinante Fictício-0030,CPF-FICTICIO-0063,Procuradora Institucional,urn:fake:pdfa:ato-designacao:lote10,https://w3id.org/ufes/ontodiplomadigital/instancias-ficticias#historicoLote110,HISTORICO-0112
CASO-0113,https://w3id.org/ufes/ontodiplomadigital/instancias-ficticias#diplomaLote111,DIPLOMA-0113,Diploma digital,Ativo,1.05,homologação,2027-01-10,GovBR Acadêmico Fictício,https://govbr-academico.exemplo.gov.br,https://w3id.org/ufes/ontodiplomadigital/instancias-ficticias#diplomadoLote111,Pessoa Fictícia-0274,Brasileira,https://w3id.org/ufes/ontodiplomadigital/instancias-ficticias#localNaturalidadeBr5300108,5300108,Brasília,DF,,CPF-FICTICIO-0484,https://w3id.org/ufes/ontodiplomadigital/instancias-ficticias#cursoLote111,CURSO-0113,Tecnologia em Arquivologia Aplicada,CURSO-FAKE-0113,3000,2026-12-09,Tecnologia,Tecnólogo,,organizacao do conhecimento,Semipresencial,Análise semantica aplicada,2026-12-09,,,,,https://w3id.org/ufes/ontodiplomadigital/instancias-ficticias#enderecoCursoLote01,"Campus de Dados 01, Bloco A",,,,Brasilia,DF,31001-000,Brasil,,Universidade Aberta do Conhecimento,https://w3id.org/ufes/ontodiplomadigital/instancias-ficticias#iesEmissoraLote01,MEC-EM-0001,CNPJ-FICTICIO-0009/CNPJ-FICTICIO-0010,"Avenida Sintetica 101, Setor Emissor",Vitoria,ES,29001-000,Brasil,Instituto de Segurança Documental,https://w3id.org/ufes/ontodiplomadigital/instancias-ficticias#iesRegistradoraLote07,MEC-RG-0007,CNPJ-FICTICIO-0035/CNPJ-FICTICIO-0036,"Rua Registral 207, Setor de Proveniencia",Belem,PA,30007-000,Brasil,https://w3id.org/ufes/ontodiplomadigital/instancias-ficticias#registroLote111,ReqDip00000000000000000000000000000000000000000113,PROCESSO-DIPLOMA-0113,2026-12-16,2026-12-31,2027-01-15,L-2027-6,REGISTRO-0113,111,113,Caso sintetico 113 com status ativo e modalidade semipresencial.,https://w3id.org/ufes/ontodiplomadigital/instancias-ficticias#responsavelRegistroLote111,Pessoa Fictícia-0023,CPF-FICTICIO-0485,RESPONSAVEL-REGISTRO-0113,Assinante Fictício-0275,CPF-FICTICIO-0486,Reitoria de Registro 3,Assinante Fictício-0025,CPF-FICTICIO-0487,Reitor,https://w3id.org/ufes/ontodiplomadigital/instancias-ficticias#assinaturaLote111,2027-01-15T11:41:00,PAdES,Assinatura PFResponsavel Registro,,,2027-01-15T11:41:00,https://w3id.org/ufes/ontodiplomadigital/instancias-ficticias#codigoValidacaoLote111,CODIGO-VALIDACAO-FICTICIO-0617,https://w3id.org/ufes/ontodiplomadigital/instancias-ficticias#documentacaoAcademicaLote111,ReqDip00000000000000000000000000000000000000000113,Pessoa Fictícia-0016,CPF-FICTICIO-0016,Diretor Geral,urn:fake:pdfa:ato-designacao:lote01,https://w3id.org/ufes/ontodiplomadigital/instancias-ficticias#historicoLote111,HISTORICO-0113
CASO-0114,https://w3id.org/ufes/ontodiplomadigital/instancias-ficticias#diplomaLote112,DIPLOMA-0114,Diploma digital,Ativo,1.05,produção,2027-01-13,Portal Público Fictício de Consulta de Diplomas,https://consulta-diploma.exemplo.gov.br,https://w3id.org/ufes/ontodiplomadigital/instancias-ficticias#diplomadoLote112,Pessoa Fictícia-0276,Brasileira,https://w3id.org/ufes/ontodiplomadigital/instancias-ficticias#localNaturalidadeBr3550308,3550308,São Paulo,SP,,CPF-FICTICIO-0488,https://w3id.org/ufes/ontodiplomadigital/instancias-ficticias#cursoLote112,CURSO-0114,Bacharelado em Biblioteconomia Analitica,,3200,2026-12-12,Bacharelado,Bacharel,,preservacao e acesso,Presencial,,,EMEC-FAKE-2027-0114,Análise de regularidade do curso 114,2026-07-20,2026-07-05,https://w3id.org/ufes/ontodiplomadigital/instancias-ficticias#enderecoCursoLote04,"Campus de Dados 04, Bloco D",,,,Fortaleza,CE,31004-000,Brasil,,Centro Universitario Horizonte Semântico,https://w3id.org/ufes/ontodiplomadigital/instancias-ficticias#iesEmissoraLote02,MEC-EM-0002,CNPJ-FICTICIO-0013/CNPJ-FICTICIO-0014,"Avenida Sintetica 102, Setor Emissor",Belo Horizonte,MG,29002-000,Brasil,Centro Universitario de Rastreabilidade Acadêmica,https://w3id.org/ufes/ontodiplomadigital/instancias-ficticias#iesRegistradoraLote08,MEC-RG-0008,CNPJ-FICTICIO-0039/CNPJ-FICTICIO-0040,"Rua Registral 208, Setor de Proveniencia",Vitoria,ES,30008-000,Brasil,https://w3id.org/ufes/ontodiplomadigital/instancias-ficticias#registroLote112,ReqDip00000000000000000000000000000000000000000114,PROCESSO-DIPLOMA-0114,2026-12-19,2027-01-03,2027-01-18,L-2027-7,REGISTRO-0114,112,114,Caso sintetico 114 com status ativo e modalidade presencial.,https://w3id.org/ufes/ontodiplomadigital/instancias-ficticias#responsavelRegistroLote112,Pessoa Fictícia-0028,CPF-FICTICIO-0489,RESPONSAVEL-REGISTRO-0114,Assinante Fictício-0277,CPF-FICTICIO-0490,Reitoria de Registro 4,Assinante Fictício-0030,CPF-FICTICIO-0491,Reitora,https://w3id.org/ufes/ontodiplomadigital/instancias-ficticias#assinaturaLote112,2027-01-18T12:42:00,XAdES,Assinatura da pessoa física emissora,,,2027-01-18T12:42:00,https://w3id.org/ufes/ontodiplomadigital/instancias-ficticias#codigoValidacaoLote112,CODIGO-VALIDACAO-FICTICIO-0618,https://w3id.org/ufes/ontodiplomadigital/instancias-ficticias#documentacaoAcademicaLote112,ReqDip00000000000000000000000000000000000000000114,Pessoa Fictícia-0021,CPF-FICTICIO-0021,Diretora Geral,urn:fake:pdfa:ato-designacao:lote02,https://w3id.org/ufes/ontodiplomadigital/instancias-ficticias#historicoLote112,HISTORICO-0114
CASO-0115,https://w3id.org/ufes/ontodiplomadigital/instancias-ficticias#diplomaLote113,DIPLOMA-0115,Diploma digital,Ativo,1.05,homologação,2027-01-16,GovBR Acadêmico Fictício,https://govbr-academico.exemplo.gov.br,https://w3id.org/ufes/ontodiplomadigital/instancias-ficticias#diplomadoLote113,Pessoa Fictícia-0278,Portuguesa,https://w3id.org/ufes/ontodiplomadigital/instancias-ficticias#localNaturalidadeEstrangeiraLisboa,,,,Lisboa,CPF-FICTICIO-0492,https://w3id.org/ufes/ontodiplomadigital/instancias-ficticias#cursoLote113,CURSO-0115,Licenciatura em Gestão da Informação,CURSO-FAKE-0115,3400,2026-12-15,Licenciatura,Licenciado,,governanca de dados,EaD,,,,,,,https://w3id.org/ufes/ontodiplomadigital/instancias-ficticias#enderecoCursoLote02,"Campus de Dados 02, Bloco B",,,,Recife,PE,31002-000,Brasil,,Instituto Federal de Curadoria Digital,https://w3id.org/ufes/ontodiplomadigital/instancias-ficticias#iesEmissoraLote03,MEC-EM-0003,CNPJ-FICTICIO-0017/CNPJ-FICTICIO-0018,"Avenida Sintetica 103, Setor Emissor",Salvador,BA,29003-000,Brasil,Universidade Registradora do Brasil Digital,https://w3id.org/ufes/ontodiplomadigital/instancias-ficticias#iesRegistradoraLote01,MEC-RG-0001,CNPJ-FICTICIO-0011/CNPJ-FICTICIO-0012,"Rua Registral 201, Setor de Proveniencia",Curitiba,PR,30001-000,Brasil,https://w3id.org/ufes/ontodiplomadigital/instancias-ficticias#registroLote113,ReqDip00000000000000000000000000000000000000000115,PROCESSO-DIPLOMA-0115,2026-12-22,2027-01-06,2027-01-21,L-2027-1,REGISTRO-0115,113,115,Caso sintetico 115 com status ativo e modalidade ead.,https://w3id.org/ufes/ontodiplomadigital/instancias-ficticias#responsavelRegistroLote113,Pessoa Fictícia-0033,CPF-FICTICIO-0493,RESPONSAVEL-REGISTRO-0115,Assinante Fictício-0279,CPF-FICTICIO-0494,Reitoria de Registro 5,Pessoa Fictícia-0006,CPF-FICTICIO-0495,Diretor Acadêmico,https://w3id.org/ufes/ontodiplomadigital/instancias-ficticias#assinaturaLote113,2027-01-21T13:43:00,CAdES,Assinatura PJArquivamento Documentacao Academica,Instituto Federal de Curadoria Digital,,2027-01-21T13:43:00,https://w3id.org/ufes/ontodiplomadigital/instancias-ficticias#codigoValidacaoLote113,CODIGO-VALIDACAO-FICTICIO-0619,https://w3id.org/ufes/ontodiplomadigital/instancias-ficticias#documentacaoAcademicaLote113,ReqDip00000000000000000000000000000000000000000115,Pessoa Fictícia-0026,CPF-FICTICIO-0026,Procurador Institucional,urn:fake:pdfa:ato-designacao:lote03,https://w3id.org/ufes/ontodiplomadigital/instancias-ficticias#historicoLote113,HISTORICO-0115
CASO-0116,https://w3id.org/ufes/ontodiplomadigital/instancias-ficticias#diplomaLote114,DIPLOMA-0116,Diploma digital,Revogado,1.05,produção,2027-01-19,Portal Público Fictício de Consulta de Diplomas,https://consulta-diploma.exemplo.gov.br,https://w3id.org/ufes/ontodiplomadigital/instancias-ficticias#diplomadoLote114,Pessoa Fictícia-0280,Brasileira,https://w3id.org/ufes/ontodiplomadigital/instancias-ficticias#localNaturalidadeBr2111300,2111300,São Luís,MA,,CPF-FICTICIO-0496,https://w3id.org/ufes/ontodiplomadigital/instancias-ficticias#cursoLote114,CURSO-0116,Tecnologia em Humanidades Digitais,,2400,2026-12-18,Tecnologia,Tecnólogo,Especialista em Humanidades Digitais,tratamento documental,Semipresencial,Processos de registro academico,2026-12-18,EMEC-FAKE-2027-0116,Análise de regularidade do curso 116,2026-07-26,2026-07-11,https://w3id.org/ufes/ontodiplomadigital/instancias-ficticias#enderecoCursoLote06,"Campus de Dados 06, Bloco A",,,,Sao Paulo,SP,31006-000,Brasil,,Universidade Metropolitana da Informação,https://w3id.org/ufes/ontodiplomadigital/instancias-ficticias#iesEmissoraLote04,MEC-EM-0004,CNPJ-FICTICIO-0021/CNPJ-FICTICIO-0022,"Avenida Sintetica 104, Setor Emissor",Brasilia,DF,29004-000,Brasil,Centro de Registro Interoperável,https://w3id.org/ufes/ontodiplomadigital/instancias-ficticias#iesRegistradoraLote02,MEC-RG-0002,CNPJ-FICTICIO-0015/CNPJ-FICTICIO-0016,"Rua Registral 202, Setor de Proveniencia",Fortaleza,CE,30002-000,Brasil,https://w3id.org/ufes/ontodiplomadigital/instancias-ficticias#registroLote114,ReqDip00000000000000000000000000000000000000000116,PROCESSO-DIPLOMA-0116,2026-12-25,2027-01-09,2027-01-24,L-2027-2,REGISTRO-0116,114,116,Caso sintetico 116 com status revogado e modalidade semipresencial.,https://w3id.org/ufes/ontodiplomadigital/instancias-ficticias#responsavelRegistroLote114,Pessoa Fictícia-0037,CPF-FICTICIO-0497,RESPONSAVEL-REGISTRO-0116,Assinante Fictício-0281,CPF-FICTICIO-0498,Reitoria de Registro 6,Pessoa Fictícia-0011,CPF-FICTICIO-0499,Diretora Acadêmica,https://w3id.org/ufes/ontodiplomadigital/instancias-ficticias#assinaturaLote114,2027-01-24T14:44:00,PAdES,Assinatura da pessoa jurídica registradora,Centro de Registro Interoperável,,2027-01-24T14:44:00,https://w3id.org/ufes/ontodiplomadigital/instancias-ficticias#codigoValidacaoLote114,CODIGO-VALIDACAO-FICTICIO-0620,https://w3id.org/ufes/ontodiplomadigital/instancias-ficticias#documentacaoAcademicaLote114,ReqDip00000000000000000000000000000000000000000116,Pessoa Fictícia-0031,CPF-FICTICIO-0031,Procuradora Institucional,urn:fake:pdfa:ato-designacao:lote04,https://w3id.org/ufes/ontodiplomadigital/instancias-ficticias#historicoLote114,HISTORICO-0116
CASO-0117,https://w3id.org/ufes/ontodiplomadigital/instancias-ficticias#diplomaLote115,DIPLOMA-0117,Diploma digital,Anulado,1.05,homologação,2027-01-22,GovBR Acadêmico Fictício,https://govbr-academico.exemplo.gov.br,https://w3id.org/ufes/ontodiplomadigital/instancias-ficticias#diplomadoLote115,Pessoa Fictícia-0282,Brasileira,https://w3id.org/ufes/ontodiplomadigital/instancias-ficticias#localNaturalidadeBr4106902,4106902,Curitiba,PR,,CPF-FICTICIO-0500,https://w3id.org/ufes/ontodiplomadigital/instancias-ficticias#cursoLote115,CURSO-0117,Bacharelado em Documentacao Tecnica,CURSO-FAKE-0117,2600,2026-12-21,Bacharelado,Bacharel,,interoperabilidade semantica,Presencial,,,,,,,https://w3id.org/ufes/ontodiplomadigital/instancias-ficticias#enderecoCursoCaso1,"Campus Integracao, Bloco A",,,,Vila Semântica,ES,29001-111,Brasil,,Faculdade Nacional de Dados Ligados,https://w3id.org/ufes/ontodiplomadigital/instancias-ficticias#iesEmissoraLote05,MEC-EM-0005,CNPJ-FICTICIO-0025/CNPJ-FICTICIO-0026,"Avenida Sintetica 105, Setor Emissor",Recife,PE,29005-000,Brasil,Instituto Nacional de Validação Acadêmica,https://w3id.org/ufes/ontodiplomadigital/instancias-ficticias#iesRegistradoraLote03,MEC-RG-0003,CNPJ-FICTICIO-0019/CNPJ-FICTICIO-0020,"Rua Registral 203, Setor de Proveniencia",Goiania,GO,30003-000,Brasil,https://w3id.org/ufes/ontodiplomadigital/instancias-ficticias#registroLote115,ReqDip00000000000000000000000000000000000000000117,PROCESSO-DIPLOMA-0117,2026-12-28,2027-01-12,2027-01-27,L-2027-3,REGISTRO-0117,115,117,Caso sintetico 117 com status anulado e modalidade presencial.,https://w3id.org/ufes/ontodiplomadigital/instancias-ficticias#responsavelRegistroLote115,Pessoa Fictícia-0040,CPF-FICTICIO-0501,RESPONSAVEL-REGISTRO-0117,Assinante Fictício-0283 | Assinante Fictício-0284,CPF-FICTICIO-0502 | CPF-FICTICIO-0503,Reitoria de Registro 7 | Secretaria Acadêmica Integrada,Pessoa Fictícia-0016,CPF-FICTICIO-0504,Secretario Geral Acadêmico,https://w3id.org/ufes/ontodiplomadigital/instancias-ficticias#assinaturaLote115,2027-01-27T15:45:00,XAdES,Assinatura da pessoa jurídica emissora,Faculdade Nacional de Dados Ligados,,2027-01-27T15:45:00,https://w3id.org/ufes/ontodiplomadigital/instancias-ficticias#codigoValidacaoLote115,CODIGO-VALIDACAO-FICTICIO-0621,https://w3id.org/ufes/ontodiplomadigital/instancias-ficticias#documentacaoAcademicaLote115,ReqDip00000000000000000000000000000000000000000117,Assinante Fictício-0005,CPF-FICTICIO-0037,Reitor,urn:fake:pdfa:ato-designacao:lote05,https://w3id.org/ufes/ontodiplomadigital/instancias-ficticias#historicoLote115,HISTORICO-0117
CASO-0118,https://w3id.org/ufes/ontodiplomadigital/instancias-ficticias#diplomaLote116,DIPLOMA-0118,Diploma digital,Ativo,1.05,produção,2027-01-25,Portal Público Fictício de Consulta de Diplomas,https://consulta-diploma.exemplo.gov.br,https://w3id.org/ufes/ontodiplomadigital/instancias-ficticias#diplomadoLote116,Pessoa Fictícia-0285,Brasileira,https://w3id.org/ufes/ontodiplomadigital/instancias-ficticias#localNaturalidadeBr5208707,5208707,Goiânia,GO,,CPF-FICTICIO-0505,https://w3id.org/ufes/ontodiplomadigital/instancias-ficticias#cursoLote116,CURSO-0118,Licenciatura em Governanca Informacional,,2800,2026-12-24,Licenciatura,Licenciado,,curadoria digital,EaD,,,EMEC-FAKE-2027-0118,Análise de regularidade do curso 118,2026-08-01,2026-07-17,https://w3id.org/ufes/ontodiplomadigital/instancias-ficticias#enderecoCursoLote08,"Campus de Dados 08, Bloco C",,,,Florianopolis,SC,31008-000,Brasil,,Universidade de Estudos Documentais,https://w3id.org/ufes/ontodiplomadigital/instancias-ficticias#iesEmissoraLote06,MEC-EM-0006,CNPJ-FICTICIO-0029/CNPJ-FICTICIO-0030,"Avenida Sintetica 106, Setor Emissor",Curitiba,PR,29006-000,Brasil,Universidade Curadora de Diplomas,https://w3id.org/ufes/ontodiplomadigital/instancias-ficticias#iesRegistradoraLote04,MEC-RG-0004,CNPJ-FICTICIO-0023/CNPJ-FICTICIO-0024,"Rua Registral 204, Setor de Proveniencia",Sao Paulo,SP,30004-000,Brasil,https://w3id.org/ufes/ontodiplomadigital/instancias-ficticias#registroLote116,ReqDip00000000000000000000000000000000000000000118,PROCESSO-DIPLOMA-0118,2026-12-31,2027-01-15,2027-01-30,L-2027-4,REGISTRO-0118,116,118,Caso sintetico 118 com status ativo e modalidade ead.,https://w3id.org/ufes/ontodiplomadigital/instancias-ficticias#responsavelRegistroLote116,Pessoa Fictícia-0043,CPF-FICTICIO-0506,RESPONSAVEL-REGISTRO-0118,Assinante Fictício-0286,CPF-FICTICIO-0507,Reitoria de Registro 8,Pessoa Fictícia-0021,CPF-FICTICIO-0508,Secretaria Geral Acadêmica,https://w3id.org/ufes/ontodiplomadigital/instancias-ficticias#assinaturaLote116,2027-01-30T16:46:00,CAdES,Assinatura PFResponsavel Registro,,,2027-01-30T16:46:00,https://w3id.org/ufes/ontodiplomadigital/instancias-ficticias#codigoValidacaoLote116,CODIGO-VALIDACAO-FICTICIO-0622,https://w3id.org/ufes/ontodiplomadigital/instancias-ficticias#documentacaoAcademicaLote116,ReqDip00000000000000000000000000000000000000000118,Assinante Fictício-0010,CPF-FICTICIO-0042,Reitora,urn:fake:pdfa:ato-designacao:lote06,https://w3id.org/ufes/ontodiplomadigital/instancias-ficticias#historicoLote116,HISTORICO-0118
CASO-0119,https://w3id.org/ufes/ontodiplomadigital/instancias-ficticias#diplomaLote117,DIPLOMA-0119,Diploma digital,Ativo,1.05,homologação,2027-01-28,GovBR Acadêmico Fictício,https://govbr-academico.exemplo.gov.br,https://w3id.org/ufes/ontodiplomadigital/instancias-ficticias#diplomadoLote117,Pessoa Fictícia-0287,Brasileira,https://w3id.org/ufes/ontodiplomadigital/instancias-ficticias#localNaturalidadeBr3550308,3550308,São Paulo,SP,,CPF-FICTICIO-0509,https://w3id.org/ufes/ontodiplomadigital/instancias-ficticias#cursoLote117,CURSO-0119,Tecnologia em Interoperabilidade Semântica,CURSO-FAKE-0119,3000,2026-12-27,Tecnologia,Tecnólogo,,organizacao do conhecimento,Semipresencial,Análise semantica aplicada,2026-12-27,,,,,https://w3id.org/ufes/ontodiplomadigital/instancias-ficticias#enderecoCursoCaso1,"Campus Integracao, Bloco A",,,,Vila Semântica,ES,29001-111,Brasil,,Centro Acadêmico de Interoperabilidade,https://w3id.org/ufes/ontodiplomadigital/instancias-ficticias#iesEmissoraLote07,MEC-EM-0007,CNPJ-FICTICIO-0033/CNPJ-FICTICIO-0034,"Avenida Sintetica 107, Setor Emissor",Fortaleza,CE,29007-000,Brasil,Centro Registral de Conhecimento Aplicado,https://w3id.org/ufes/ontodiplomadigital/instancias-ficticias#iesRegistradoraLote05,MEC-RG-0005,CNPJ-FICTICIO-0027/CNPJ-FICTICIO-0028,"Rua Registral 205, Setor de Proveniencia",Rio de Janeiro,RJ,30005-000,Brasil,https://w3id.org/ufes/ontodiplomadigital/instancias-ficticias#registroLote117,ReqDip00000000000000000000000000000000000000000119,PROCESSO-DIPLOMA-0119,2027-01-03,2027-01-18,2027-02-02,L-2027-5,REGISTRO-0119,117,119,Caso sintetico 119 com status ativo e modalidade semipresencial.,https://w3id.org/ufes/ontodiplomadigital/instancias-ficticias#responsavelRegistroLote117,Pessoa Fictícia-0046,CPF-FICTICIO-0510,RESPONSAVEL-REGISTRO-0119,Assinante Fictício-0288,CPF-FICTICIO-0511,Reitoria de Registro 9,Pessoa Fictícia-0026,CPF-FICTICIO-0512,Pro-Reitor de Graduacao,https://w3id.org/ufes/ontodiplomadigital/instancias-ficticias#assinaturaLote117,2027-02-02T08:47:00,PAdES,Assinatura da pessoa física emissora,,,2027-02-02T08:47:00,https://w3id.org/ufes/ontodiplomadigital/instancias-ficticias#codigoValidacaoLote117,CODIGO-VALIDACAO-FICTICIO-0623,https://w3id.org/ufes/ontodiplomadigital/instancias-ficticias#documentacaoAcademicaLote117,ReqDip00000000000000000000000000000000000000000119,Assinante Fictício-0015,CPF-FICTICIO-0047,Diretor Geral,urn:fake:pdfa:ato-designacao:lote07,https://w3id.org/ufes/ontodiplomadigital/instancias-ficticias#historicoLote117,HISTORICO-0119
CASO-0120,https://w3id.org/ufes/ontodiplomadigital/instancias-ficticias#diplomaLote118,DIPLOMA-0120,Diploma digital,Ativo,1.05,produção,2027-01-31,Portal Público Fictício de Consulta de Diplomas,https://consulta-diploma.exemplo.gov.br,https://w3id.org/ufes/ontodiplomadigital/instancias-ficticias#diplomadoLote118,Pessoa Fictícia-0289,Brasileira,https://w3id.org/ufes/ontodiplomadigital/instancias-ficticias#localNaturalidadeBr5208707,5208707,Goiânia,GO,,CPF-FICTICIO-0513,https://w3id.org/ufes/ontodiplomadigital/instancias-ficticias#cursoLote118,CURSO-0120,Bacharelado em Preservacao Digital,CURSO-FAKE-0120,3200,2026-12-30,Bacharelado,Bacharel,,preservacao e acesso,Presencial,,,,,,,https://w3id.org/ufes/ontodiplomadigital/instancias-ficticias#enderecoCursoLote10,"Campus de Dados 10, Bloco E",,,,Vitoria,ES,31010-000,Brasil,,Instituto Superior de Preservacao Informacional,https://w3id.org/ufes/ontodiplomadigital/instancias-ficticias#iesEmissoraLote08,MEC-EM-0008,CNPJ-FICTICIO-0037/CNPJ-FICTICIO-0038,"Avenida Sintetica 108, Setor Emissor",Goiania,GO,29008-000,Brasil,Universidade Federal de Registro Semântico,https://w3id.org/ufes/ontodiplomadigital/instancias-ficticias#iesRegistradoraLote06,MEC-RG-0006,CNPJ-FICTICIO-0031/CNPJ-FICTICIO-0032,"Rua Registral 206, Setor de Proveniencia",Florianopolis,SC,30006-000,Brasil,https://w3id.org/ufes/ontodiplomadigital/instancias-ficticias#registroLote118,ReqDip00000000000000000000000000000000000000000120,PROCESSO-DIPLOMA-0120,2027-01-06,2027-01-21,2027-02-05,L-2027-6,REGISTRO-0120,118,120,Caso sintetico 120 com status ativo e modalidade presencial.,https://w3id.org/ufes/ontodiplomadigital/instancias-ficticias#responsavelRegistroLote118,Pessoa Fictícia-0049,CPF-FICTICIO-0514,RESPONSAVEL-REGISTRO-0120,Assinante Fictício-0290,CPF-FICTICIO-0515,Reitoria de Registro 1,Pessoa Fictícia-0031,CPF-FICTICIO-0516,Pro-Reitora de Graduacao,https://w3id.org/ufes/ontodiplomadigital/instancias-ficticias#assinaturaLote118,2027-02-05T09:48:00,XAdES,Assinatura PJArquivamento Documentacao Academica,Instituto Superior de Preservacao Informacional,Autoridade Certificadora Fictícia Integridade Digital,2027-02-05T09:48:00,https://w3id.org/ufes/ontodiplomadigital/instancias-ficticias#codigoValidacaoLote118,CODIGO-VALIDACAO-FICTICIO-0624,https://w3id.org/ufes/ontodiplomadigital/instancias-ficticias#documentacaoAcademicaLote118,ReqDip00000000000000000000000000000000000000000120,Assinante Fictício-0020,CPF-FICTICIO-0052,Diretora Geral,urn:fake:pdfa:ato-designacao:lote08,https://w3id.org/ufes/ontodiplomadigital/instancias-ficticias#historicoLote118,HISTORICO-0120
CASO-0121,https://w3id.org/ufes/ontodiplomadigital/instancias-ficticias#diplomaLote119,DIPLOMA-0121,Diploma digital,Revogado,1.05,homologação,2027-02-03,GovBR Acadêmico Fictício,https://govbr-academico.exemplo.gov.br,https://w3id.org/ufes/ontodiplomadigital/instancias-ficticias#diplomadoLote119,Pessoa Fictícia-0291,Brasileira,https://w3id.org/ufes/ontodiplomadigital/instancias-ficticias#localNaturalidadeBr3106200,3106200,Belo Horizonte,MG,,CPF-FICTICIO-0517,https://w3id.org/ufes/ontodiplomadigital/instancias-ficticias#cursoLote119,CURSO-0121,Licenciatura em Análise Territorial de Dados,CURSO-FAKE-0121,3400,2027-01-02,Licenciatura,Licenciado,,governanca de dados,EaD,,,,,,,https://w3id.org/ufes/ontodiplomadigital/instancias-ficticias#enderecoCursoLote04,"Campus de Dados 04, Bloco D",,,,Fortaleza,CE,31004-000,Brasil,,Universidade do Patrimonio Digital,https://w3id.org/ufes/ontodiplomadigital/instancias-ficticias#iesEmissoraLote09,MEC-EM-0009,CNPJ-FICTICIO-0041/CNPJ-FICTICIO-0042,"Avenida Sintetica 109, Setor Emissor",Sao Paulo,SP,29009-000,Brasil,Instituto de Segurança Documental,https://w3id.org/ufes/ontodiplomadigital/instancias-ficticias#iesRegistradoraLote07,MEC-RG-0007,CNPJ-FICTICIO-0035/CNPJ-FICTICIO-0036,"Rua Registral 207, Setor de Proveniencia",Belem,PA,30007-000,Brasil,https://w3id.org/ufes/ontodiplomadigital/instancias-ficticias#registroLote119,ReqDip00000000000000000000000000000000000000000121,PROCESSO-DIPLOMA-0121,2027-01-09,2027-01-24,2027-02-08,L-2027-7,REGISTRO-0121,119,121,Caso sintetico 121 com status revogado e modalidade ead.,https://w3id.org/ufes/ontodiplomadigital/instancias-ficticias#responsavelRegistroLote119,Pessoa Fictícia-0053,CPF-FICTICIO-0518,RESPONSAVEL-REGISTRO-0121,Assinante Fictício-0292,CPF-FICTICIO-0519,Reitoria de Registro 2,Assinante Fictício-0005,CPF-FICTICIO-0520,Reitor,https://w3id.org/ufes/ontodiplomadigital/instancias-ficticias#assinaturaLote119,2027-02-08T10:49:00,CAdES,Assinatura da pessoa jurídica registradora,Instituto de Segurança Documental,,2027-02-08T10:49:00,https://w3id.org/ufes/ontodiplomadigital/instancias-ficticias#codigoValidacaoLote119,CODIGO-VALIDACAO-FICTICIO-0625,https://w3id.org/ufes/ontodiplomadigital/instancias-ficticias#documentacaoAcademicaLote119,ReqDip00000000000000000000000000000000000000000121,Assinante Fictício-0025,CPF-FICTICIO-0057,Procurador Institucional,urn:fake:pdfa:ato-designacao:lote09,https://w3id.org/ufes/ontodiplomadigital/instancias-ficticias#historicoLote119,HISTORICO-0121
CASO-0122,https://w3id.org/ufes/ontodiplomadigital/instancias-ficticias#diplomaLote120,DIPLOMA-0122,Diploma digital,Anulado,1.05,produção,2027-02-06,Portal Público Fictício de Consulta de Diplomas,https://consulta-diploma.exemplo.gov.br,https://w3id.org/ufes/ontodiplomadigital/instancias-ficticias#diplomadoLote120,Pessoa Fictícia-0293,Brasileira,https://w3id.org/ufes/ontodiplomadigital/instancias-ficticias#localNaturalidadeBr2704302,2704302,Maceió,AL,,CPF-FICTICIO-0521,https://w3id.org/ufes/ontodiplomadigital/instancias-ficticias#cursoLote120,CURSO-0122,Tecnologia em Memoria Institucional,,2400,2027-01-05,Tecnologia,Tecnólogo,Especialista em Memoria Institucional,tratamento documental,Semipresencial,Processos de registro academico,2027-01-05,EMEC-FAKE-2027-0122,Análise de regularidade do curso 122,2026-08-13,2026-07-29,https://w3id.org/ufes/ontodiplomadigital/instancias-ficticias#enderecoCursoLote12,"Campus de Dados 12, Bloco B",,,,Salvador,BA,31012-000,Brasil,,Centro Universitario de Modelagem Conceitual,https://w3id.org/ufes/ontodiplomadigital/instancias-ficticias#iesEmissoraLote10,MEC-EM-0010,CNPJ-FICTICIO-0043/CNPJ-FICTICIO-0044,"Avenida Sintetica 110, Setor Emissor",Rio de Janeiro,RJ,29010-000,Brasil,Centro Universitario de Rastreabilidade Acadêmica,https://w3id.org/ufes/ontodiplomadigital/instancias-ficticias#iesRegistradoraLote08,MEC-RG-0008,CNPJ-FICTICIO-0039/CNPJ-FICTICIO-0040,"Rua Registral 208, Setor de Proveniencia",Vitoria,ES,30008-000,Brasil,https://w3id.org/ufes/ontodiplomadigital/instancias-ficticias#registroLote120,ReqDip00000000000000000000000000000000000000000122,PROCESSO-DIPLOMA-0122,2027-01-12,2027-01-27,2027-02-11,L-2027-1,REGISTRO-0122,120,122,Caso sintetico 122 com status anulado e modalidade semipresencial.,https://w3id.org/ufes/ontodiplomadigital/instancias-ficticias#responsavelRegistroLote120,Pessoa Fictícia-0056,CPF-FICTICIO-0522,RESPONSAVEL-REGISTRO-0122,Assinante Fictício-0294 | Assinante Fictício-0295,CPF-FICTICIO-0523 | CPF-FICTICIO-0524,Reitoria de Registro 3 | Secretaria Acadêmica Integrada,Assinante Fictício-0010,CPF-FICTICIO-0525,Reitora,https://w3id.org/ufes/ontodiplomadigital/instancias-ficticias#assinaturaLote120,2027-02-11T11:10:00,PAdES,Assinatura da pessoa jurídica emissora,Centro Universitario de Modelagem Conceitual,,2027-02-11T11:10:00,https://w3id.org/ufes/ontodiplomadigital/instancias-ficticias#codigoValidacaoLote120,CODIGO-VALIDACAO-FICTICIO-0626,https://w3id.org/ufes/ontodiplomadigital/instancias-ficticias#documentacaoAcademicaLote120,ReqDip00000000000000000000000000000000000000000122,Assinante Fictício-0030,CPF-FICTICIO-0063,Procuradora Institucional,urn:fake:pdfa:ato-designacao:lote10,https://w3id.org/ufes/ontodiplomadigital/instancias-ficticias#historicoLote120,HISTORICO-0122
CASO-0123,https://w3id.org/ufes/ontodiplomadigital/instancias-ficticias#diplomaLote121,DIPLOMA-0123,Diploma digital,Ativo,1.05,homologação,2027-02-09,GovBR Acadêmico Fictício,https://govbr-academico.exemplo.gov.br,https://w3id.org/ufes/ontodiplomadigital/instancias-ficticias#diplomadoLote121,Pessoa Fictícia-0296,Brasileira,https://w3id.org/ufes/ontodiplomadigital/instancias-ficticias#localNaturalidadeBr2927408,2927408,Salvador,BA,,CPF-FICTICIO-0526,https://w3id.org/ufes/ontodiplomadigital/instancias-ficticias#cursoLote121,CURSO-0123,Bacharelado em Ciência de Dados Publicos,CURSO-FAKE-0123,2600,2027-01-08,Bacharelado,Bacharel,,interoperabilidade semantica,Presencial,,,,,,,https://w3id.org/ufes/ontodiplomadigital/instancias-ficticias#enderecoCursoLote11,"Campus de Dados 11, Bloco A",,,,Belo Horizonte,MG,31011-000,Brasil,,Universidade Aberta do Conhecimento,https://w3id.org/ufes/ontodiplomadigital/instancias-ficticias#iesEmissoraLote01,MEC-EM-0001,CNPJ-FICTICIO-0009/CNPJ-FICTICIO-0010,"Avenida Sintetica 101, Setor Emissor",Vitoria,ES,29001-000,Brasil,Universidade Registradora do Brasil Digital,https://w3id.org/ufes/ontodiplomadigital/instancias-ficticias#iesRegistradoraLote01,MEC-RG-0001,CNPJ-FICTICIO-0011/CNPJ-FICTICIO-0012,"Rua Registral 201, Setor de Proveniencia",Curitiba,PR,30001-000,Brasil,https://w3id.org/ufes/ontodiplomadigital/instancias-ficticias#registroLote121,ReqDip00000000000000000000000000000000000000000123,PROCESSO-DIPLOMA-0123,2027-01-15,2027-01-30,2027-02-14,L-2027-2,REGISTRO-0123,121,123,Caso sintetico 123 com status ativo e modalidade presencial.,https://w3id.org/ufes/ontodiplomadigital/instancias-ficticias#responsavelRegistroLote121,Pessoa Fictícia-0013,CPF-FICTICIO-0527,RESPONSAVEL-REGISTRO-0123,Assinante Fictício-0297,CPF-FICTICIO-0528,Reitoria de Registro 4,Assinante Fictício-0015,CPF-FICTICIO-0529,Diretor Acadêmico,https://w3id.org/ufes/ontodiplomadigital/instancias-ficticias#assinaturaLote121,2027-02-14T12:11:00,XAdES,Assinatura PFResponsavel Registro,,,2027-02-14T12:11:00,https://w3id.org/ufes/ontodiplomadigital/instancias-ficticias#codigoValidacaoLote121,CODIGO-VALIDACAO-FICTICIO-0627,https://w3id.org/ufes/ontodiplomadigital/instancias-ficticias#documentacaoAcademicaLote121,ReqDip00000000000000000000000000000000000000000123,Pessoa Fictícia-0016,CPF-FICTICIO-0016,Diretor Geral,urn:fake:pdfa:ato-designacao:lote01,https://w3id.org/ufes/ontodiplomadigital/instancias-ficticias#historicoLote121,HISTORICO-0123
CASO-0124,https://w3id.org/ufes/ontodiplomadigital/instancias-ficticias#diplomaLote122,DIPLOMA-0124,Diploma digital,Ativo,1.05,produção,2027-02-12,Portal Público Fictício de Consulta de Diplomas,https://consulta-diploma.exemplo.gov.br,https://w3id.org/ufes/ontodiplomadigital/instancias-ficticias#diplomadoLote122,Pessoa Fictícia-0298,Brasileira,https://w3id.org/ufes/ontodiplomadigital/instancias-ficticias#localNaturalidadeBr2800308,2800308,Aracaju,SE,,CPF-FICTICIO-0530,https://w3id.org/ufes/ontodiplomadigital/instancias-ficticias#cursoLote122,CURSO-0124,Licenciatura em Curadoria Digital,CURSO-FAKE-0124,2800,2027-01-11,Licenciatura,Licenciado,,curadoria digital,EaD,,,,,,,https://w3id.org/ufes/ontodiplomadigital/instancias-ficticias#enderecoCursoLote02,"Campus de Dados 02, Bloco B",,,,Recife,PE,31002-000,Brasil,,Centro Universitario Horizonte Semântico,https://w3id.org/ufes/ontodiplomadigital/instancias-ficticias#iesEmissoraLote02,MEC-EM-0002,CNPJ-FICTICIO-0013/CNPJ-FICTICIO-0014,"Avenida Sintetica 102, Setor Emissor",Belo Horizonte,MG,29002-000,Brasil,Centro de Registro Interoperável,https://w3id.org/ufes/ontodiplomadigital/instancias-ficticias#iesRegistradoraLote02,MEC-RG-0002,CNPJ-FICTICIO-0015/CNPJ-FICTICIO-0016,"Rua Registral 202, Setor de Proveniencia",Fortaleza,CE,30002-000,Brasil,https://w3id.org/ufes/ontodiplomadigital/instancias-ficticias#registroLote122,ReqDip00000000000000000000000000000000000000000124,PROCESSO-DIPLOMA-0124,2027-01-18,2027-02-02,2027-02-17,L-2027-3,REGISTRO-0124,122,124,Caso sintetico 124 com status ativo e modalidade ead.,https://w3id.org/ufes/ontodiplomadigital/instancias-ficticias#responsavelRegistroLote122,Pessoa Fictícia-0018,CPF-FICTICIO-0531,RESPONSAVEL-REGISTRO-0124,Assinante Fictício-0299,CPF-FICTICIO-0532,Reitoria de Registro 5,Assinante Fictício-0020,CPF-FICTICIO-0533,Diretora Acadêmica,https://w3id.org/ufes/ontodiplomadigital/instancias-ficticias#assinaturaLote122,2027-02-17T13:12:00,CAdES,Assinatura da pessoa física emissora,,,2027-02-17T13:12:00,https://w3id.org/ufes/ontodiplomadigital/instancias-ficticias#codigoValidacaoLote122,CODIGO-VALIDACAO-FICTICIO-0628,https://w3id.org/ufes/ontodiplomadigital/instancias-ficticias#documentacaoAcademicaLote122,ReqDip00000000000000000000000000000000000000000124,Pessoa Fictícia-0021,CPF-FICTICIO-0021,Diretora Geral,urn:fake:pdfa:ato-designacao:lote02,https://w3id.org/ufes/ontodiplomadigital/instancias-ficticias#historicoLote122,HISTORICO-0124
CASO-0125,https://w3id.org/ufes/ontodiplomadigital/instancias-ficticias#diplomaLote123,DIPLOMA-0125,Diploma digital,Ativo,1.05,homologação,2027-02-15,GovBR Acadêmico Fictício,https://govbr-academico.exemplo.gov.br,https://w3id.org/ufes/ontodiplomadigital/instancias-ficticias#diplomadoLote123,Pessoa Fictícia-0300,Brasileira,https://w3id.org/ufes/ontodiplomadigital/instancias-ficticias#localNaturalidadeBr1501402,1501402,Belém,PA,,CPF-FICTICIO-0534,https://w3id.org/ufes/ontodiplomadigital/instancias-ficticias#cursoLote123,CURSO-0125,Tecnologia em Arquivologia Aplicada,CURSO-FAKE-0125,3000,2027-01-14,Tecnologia,Tecnólogo,,organizacao do conhecimento,Semipresencial,Análise semantica aplicada,2027-01-14,,,,,https://w3id.org/ufes/ontodiplomadigital/instancias-ficticias#enderecoCursoLote08,"Campus de Dados 08, Bloco C",,,,Florianopolis,SC,31008-000,Brasil,,Instituto Federal de Curadoria Digital,https://w3id.org/ufes/ontodiplomadigital/instancias-ficticias#iesEmissoraLote03,MEC-EM-0003,CNPJ-FICTICIO-0017/CNPJ-FICTICIO-0018,"Avenida Sintetica 103, Setor Emissor",Salvador,BA,29003-000,Brasil,Instituto Nacional de Validação Acadêmica,https://w3id.org/ufes/ontodiplomadigital/instancias-ficticias#iesRegistradoraLote03,MEC-RG-0003,CNPJ-FICTICIO-0019/CNPJ-FICTICIO-0020,"Rua Registral 203, Setor de Proveniencia",Goiania,GO,30003-000,Brasil,https://w3id.org/ufes/ontodiplomadigital/instancias-ficticias#registroLote123,ReqDip00000000000000000000000000000000000000000125,PROCESSO-DIPLOMA-0125,2027-01-21,2027-02-05,2027-02-20,L-2027-4,REGISTRO-0125,123,125,Caso sintetico 125 com status ativo e modalidade semipresencial.,https://w3id.org/ufes/ontodiplomadigital/instancias-ficticias#responsavelRegistroLote123,Pessoa Fictícia-0023,CPF-FICTICIO-0535,RESPONSAVEL-REGISTRO-0125,Assinante Fictício-0301,CPF-FICTICIO-0536,Reitoria de Registro 6,Assinante Fictício-0025,CPF-FICTICIO-0537,Secretario Geral Acadêmico,https://w3id.org/ufes/ontodiplomadigital/instancias-ficticias#assinaturaLote123,2027-02-20T14:13:00,PAdES,Assinatura PJArquivamento Documentacao Academica,Instituto Federal de Curadoria Digital,,2027-02-20T14:13:00,https://w3id.org/ufes/ontodiplomadigital/instancias-ficticias#codigoValidacaoLote123,CODIGO-VALIDACAO-FICTICIO-0629,https://w3id.org/ufes/ontodiplomadigital/instancias-ficticias#documentacaoAcademicaLote123,ReqDip00000000000000000000000000000000000000000125,Pessoa Fictícia-0026,CPF-FICTICIO-0026,Procurador Institucional,urn:fake:pdfa:ato-designacao:lote03,https://w3id.org/ufes/ontodiplomadigital/instancias-ficticias#historicoLote123,HISTORICO-0125
CASO-0126,https://w3id.org/ufes/ontodiplomadigital/instancias-ficticias#diplomaLote124,DIPLOMA-0126,Diploma digital,Revogado,1.05,produção,2027-02-18,Portal Público Fictício de Consulta de Diplomas,https://consulta-diploma.exemplo.gov.br,https://w3id.org/ufes/ontodiplomadigital/instancias-ficticias#diplomadoLote124,Pessoa Fictícia-0302,Brasileira,https://w3id.org/ufes/ontodiplomadigital/instancias-ficticias#localNaturalidadeBr2927408,2927408,Salvador,BA,,CPF-FICTICIO-0538,https://w3id.org/ufes/ontodiplomadigital/instancias-ficticias#cursoLote124,CURSO-0126,Bacharelado em Biblioteconomia Analitica,,3200,2027-01-17,Bacharelado,Bacharel,,preservacao e acesso,Presencial,,,EMEC-FAKE-2027-0126,Análise de regularidade do curso 126,2026-08-25,2026-08-10,https://w3id.org/ufes/ontodiplomadigital/instancias-ficticias#enderecoCursoLote04,"Campus de Dados 04, Bloco D",,,,Fortaleza,CE,31004-000,Brasil,,Universidade Metropolitana da Informação,https://w3id.org/ufes/ontodiplomadigital/instancias-ficticias#iesEmissoraLote04,MEC-EM-0004,CNPJ-FICTICIO-0021/CNPJ-FICTICIO-0022,"Avenida Sintetica 104, Setor Emissor",Brasilia,DF,29004-000,Brasil,Universidade Curadora de Diplomas,https://w3id.org/ufes/ontodiplomadigital/instancias-ficticias#iesRegistradoraLote04,MEC-RG-0004,CNPJ-FICTICIO-0023/CNPJ-FICTICIO-0024,"Rua Registral 204, Setor de Proveniencia",Sao Paulo,SP,30004-000,Brasil,https://w3id.org/ufes/ontodiplomadigital/instancias-ficticias#registroLote124,ReqDip00000000000000000000000000000000000000000126,PROCESSO-DIPLOMA-0126,2027-01-24,2027-02-08,2027-02-23,L-2027-5,REGISTRO-0126,124,126,Caso sintetico 126 com status revogado e modalidade presencial.,https://w3id.org/ufes/ontodiplomadigital/instancias-ficticias#responsavelRegistroLote124,Pessoa Fictícia-0028,CPF-FICTICIO-0539,RESPONSAVEL-REGISTRO-0126,Assinante Fictício-0303,CPF-FICTICIO-0540,Reitoria de Registro 7,Assinante Fictício-0030,CPF-FICTICIO-0541,Secretaria Geral Acadêmica,https://w3id.org/ufes/ontodiplomadigital/instancias-ficticias#assinaturaLote124,2027-02-23T15:14:00,XAdES,Assinatura da pessoa jurídica registradora,Universidade Curadora de Diplomas,,2027-02-23T15:14:00,https://w3id.org/ufes/ontodiplomadigital/instancias-ficticias#codigoValidacaoLote124,CODIGO-VALIDACAO-FICTICIO-0630,https://w3id.org/ufes/ontodiplomadigital/instancias-ficticias#documentacaoAcademicaLote124,ReqDip00000000000000000000000000000000000000000126,Pessoa Fictícia-0031,CPF-FICTICIO-0031,Procuradora Institucional,urn:fake:pdfa:ato-designacao:lote04,https://w3id.org/ufes/ontodiplomadigital/instancias-ficticias#historicoLote124,HISTORICO-0126
CASO-0127,https://w3id.org/ufes/ontodiplomadigital/instancias-ficticias#diplomaLote125,DIPLOMA-0127,Diploma digital,Anulado,1.05,homologação,2027-02-21,GovBR Acadêmico Fictício,https://govbr-academico.exemplo.gov.br,https://w3id.org/ufes/ontodiplomadigital/instancias-ficticias#diplomadoLote125,Pessoa Fictícia-0304,Brasileira,https://w3id.org/ufes/ontodiplomadigital/instancias-ficticias#localNaturalidadeBr2304400,2304400,Fortaleza,CE,,CPF-FICTICIO-0542,https://w3id.org/ufes/ontodiplomadigital/instancias-ficticias#cursoLote125,CURSO-0127,Licenciatura em Gestão da Informação,CURSO-FAKE-0127,3400,2027-01-20,Licenciatura,Licenciado,,governanca de dados,EaD,,,,,,,https://w3id.org/ufes/ontodiplomadigital/instancias-ficticias#enderecoCursoLote02,"Campus de Dados 02, Bloco B",,,,Recife,PE,31002-000,Brasil,,Faculdade Nacional de Dados Ligados,https://w3id.org/ufes/ontodiplomadigital/instancias-ficticias#iesEmissoraLote05,MEC-EM-0005,CNPJ-FICTICIO-0025/CNPJ-FICTICIO-0026,"Avenida Sintetica 105, Setor Emissor",Recife,PE,29005-000,Brasil,Centro Registral de Conhecimento Aplicado,https://w3id.org/ufes/ontodiplomadigital/instancias-ficticias#iesRegistradoraLote05,MEC-RG-0005,CNPJ-FICTICIO-0027/CNPJ-FICTICIO-0028,"Rua Registral 205, Setor de Proveniencia",Rio de Janeiro,RJ,30005-000,Brasil,https://w3id.org/ufes/ontodiplomadigital/instancias-ficticias#registroLote125,ReqDip00000000000000000000000000000000000000000127,PROCESSO-DIPLOMA-0127,2027-01-27,2027-02-11,2027-02-26,L-2027-6,REGISTRO-0127,125,127,Caso sintetico 127 com status anulado e modalidade ead.,https://w3id.org/ufes/ontodiplomadigital/instancias-ficticias#responsavelRegistroLote125,Pessoa Fictícia-0033,CPF-FICTICIO-0543,RESPONSAVEL-REGISTRO-0127,Assinante Fictício-0305 | Assinante Fictício-0306,CPF-FICTICIO-0544 | CPF-FICTICIO-0545,Reitoria de Registro 8 | Secretaria Acadêmica Integrada,Pessoa Fictícia-0006,CPF-FICTICIO-0546,Pro-Reitor de Graduacao,https://w3id.org/ufes/ontodiplomadigital/instancias-ficticias#assinaturaLote125,2027-02-26T16:15:00,CAdES,Assinatura da pessoa jurídica emissora,Faculdade Nacional de Dados Ligados,,2027-02-26T16:15:00,https://w3id.org/ufes/ontodiplomadigital/instancias-ficticias#codigoValidacaoLote125,CODIGO-VALIDACAO-FICTICIO-0631,https://w3id.org/ufes/ontodiplomadigital/instancias-ficticias#documentacaoAcademicaLote125,ReqDip00000000000000000000000000000000000000000127,Assinante Fictício-0005,CPF-FICTICIO-0037,Reitor,urn:fake:pdfa:ato-designacao:lote05,https://w3id.org/ufes/ontodiplomadigital/instancias-ficticias#historicoLote125,HISTORICO-0127
CASO-0128,https://w3id.org/ufes/ontodiplomadigital/instancias-ficticias#diplomaLote126,DIPLOMA-0128,Diploma digital,Ativo,1.05,produção,2027-02-24,Portal Público Fictício de Consulta de Diplomas,https://consulta-diploma.exemplo.gov.br,https://w3id.org/ufes/ontodiplomadigital/instancias-ficticias#diplomadoLote126,Pessoa Fictícia-0307,Brasileira,https://w3id.org/ufes/ontodiplomadigital/instancias-ficticias#localNaturalidadeBr5300108,5300108,Brasília,DF,,CPF-FICTICIO-0547,https://w3id.org/ufes/ontodiplomadigital/instancias-ficticias#cursoLote126,CURSO-0128,Tecnologia em Humanidades Digitais,,2400,2027-01-23,Tecnologia,Tecnólogo,Especialista em Humanidades Digitais,tratamento documental,Semipresencial,Processos de registro academico,2027-01-23,EMEC-FAKE-2027-0128,Análise de regularidade do curso 128,2026-08-31,2026-08-16,https://w3id.org/ufes/ontodiplomadigital/instancias-ficticias#enderecoCursoLote06,"Campus de Dados 06, Bloco A",,,,Sao Paulo,SP,31006-000,Brasil,,Universidade de Estudos Documentais,https://w3id.org/ufes/ontodiplomadigital/instancias-ficticias#iesEmissoraLote06,MEC-EM-0006,CNPJ-FICTICIO-0029/CNPJ-FICTICIO-0030,"Avenida Sintetica 106, Setor Emissor",Curitiba,PR,29006-000,Brasil,Universidade Federal de Registro Semântico,https://w3id.org/ufes/ontodiplomadigital/instancias-ficticias#iesRegistradoraLote06,MEC-RG-0006,CNPJ-FICTICIO-0031/CNPJ-FICTICIO-0032,"Rua Registral 206, Setor de Proveniencia",Florianopolis,SC,30006-000,Brasil,https://w3id.org/ufes/ontodiplomadigital/instancias-ficticias#registroLote126,ReqDip00000000000000000000000000000000000000000128,PROCESSO-DIPLOMA-0128,2027-01-30,2027-02-14,2027-03-01,L-2027-7,REGISTRO-0128,126,128,Caso sintetico 128 com status ativo e modalidade semipresencial.,https://w3id.org/ufes/ontodiplomadigital/instancias-ficticias#responsavelRegistroLote126,Pessoa Fictícia-0037,CPF-FICTICIO-0548,RESPONSAVEL-REGISTRO-0128,Assinante Fictício-0308,CPF-FICTICIO-0549,Reitoria de Registro 9,Pessoa Fictícia-0011,CPF-FICTICIO-0550,Pro-Reitora de Graduacao,https://w3id.org/ufes/ontodiplomadigital/instancias-ficticias#assinaturaLote126,2027-03-01T08:16:00,PAdES,Assinatura PFResponsavel Registro,,,2027-03-01T08:16:00,https://w3id.org/ufes/ontodiplomadigital/instancias-ficticias#codigoValidacaoLote126,CODIGO-VALIDACAO-FICTICIO-0632,https://w3id.org/ufes/ontodiplomadigital/instancias-ficticias#documentacaoAcademicaLote126,ReqDip00000000000000000000000000000000000000000128,Assinante Fictício-0010,CPF-FICTICIO-0042,Reitora,urn:fake:pdfa:ato-designacao:lote06,https://w3id.org/ufes/ontodiplomadigital/instancias-ficticias#historicoLote126,HISTORICO-0128
CASO-0129,https://w3id.org/ufes/ontodiplomadigital/instancias-ficticias#diplomaLote127,DIPLOMA-0129,Diploma digital,Ativo,1.05,homologação,2027-02-27,GovBR Acadêmico Fictício,https://govbr-academico.exemplo.gov.br,https://w3id.org/ufes/ontodiplomadigital/instancias-ficticias#diplomadoLote127,Pessoa Fictícia-0309,Brasileira,https://w3id.org/ufes/ontodiplomadigital/instancias-ficticias#localNaturalidadeBr4314902,4314902,Porto Alegre,RS,,CPF-FICTICIO-0551,https://w3id.org/ufes/ontodiplomadigital/instancias-ficticias#cursoLote127,CURSO-0129,Bacharelado em Documentacao Tecnica,CURSO-FAKE-0129,2600,2027-01-26,Bacharelado,Bacharel,,interoperabilidade semantica,Presencial,,,,,,,https://w3id.org/ufes/ontodiplomadigital/instancias-ficticias#enderecoCursoLote03,"Campus de Dados 03, Bloco C",,,,Curitiba,PR,31003-000,Brasil,,Centro Acadêmico de Interoperabilidade,https://w3id.org/ufes/ontodiplomadigital/instancias-ficticias#iesEmissoraLote07,MEC-EM-0007,CNPJ-FICTICIO-0033/CNPJ-FICTICIO-0034,"Avenida Sintetica 107, Setor Emissor",Fortaleza,CE,29007-000,Brasil,Instituto de Segurança Documental,https://w3id.org/ufes/ontodiplomadigital/instancias-ficticias#iesRegistradoraLote07,MEC-RG-0007,CNPJ-FICTICIO-0035/CNPJ-FICTICIO-0036,"Rua Registral 207, Setor de Proveniencia",Belem,PA,30007-000,Brasil,https://w3id.org/ufes/ontodiplomadigital/instancias-ficticias#registroLote127,ReqDip00000000000000000000000000000000000000000129,PROCESSO-DIPLOMA-0129,2027-02-02,2027-02-17,2027-03-04,L-2027-1,REGISTRO-0129,127,129,Caso sintetico 129 com status ativo e modalidade presencial.,https://w3id.org/ufes/ontodiplomadigital/instancias-ficticias#responsavelRegistroLote127,Pessoa Fictícia-0040,CPF-FICTICIO-0552,RESPONSAVEL-REGISTRO-0129,Assinante Fictício-0310,CPF-FICTICIO-0553,Reitoria de Registro 1,Pessoa Fictícia-0016,CPF-FICTICIO-0554,Reitor,https://w3id.org/ufes/ontodiplomadigital/instancias-ficticias#assinaturaLote127,2027-03-04T09:17:00,XAdES,Assinatura da pessoa física emissora,,,2027-03-04T09:17:00,https://w3id.org/ufes/ontodiplomadigital/instancias-ficticias#codigoValidacaoLote127,CODIGO-VALIDACAO-FICTICIO-0633,https://w3id.org/ufes/ontodiplomadigital/instancias-ficticias#documentacaoAcademicaLote127,ReqDip00000000000000000000000000000000000000000129,Assinante Fictício-0015,CPF-FICTICIO-0047,Diretor Geral,urn:fake:pdfa:ato-designacao:lote07,https://w3id.org/ufes/ontodiplomadigital/instancias-ficticias#historicoLote127,HISTORICO-0129
CASO-0130,https://w3id.org/ufes/ontodiplomadigital/instancias-ficticias#diplomaLote128,DIPLOMA-0130,Diploma digital,Ativo,1.05,produção,2027-03-02,Portal Público Fictício de Consulta de Diplomas,https://consulta-diploma.exemplo.gov.br,https://w3id.org/ufes/ontodiplomadigital/instancias-ficticias#diplomadoLote128,Pessoa Fictícia-0311,Brasileira,https://w3id.org/ufes/ontodiplomadigital/instancias-ficticias#localNaturalidadeBr2611606,2611606,Recife,PE,,CPF-FICTICIO-0555,https://w3id.org/ufes/ontodiplomadigital/instancias-ficticias#cursoLote128,CURSO-0130,Licenciatura em Governanca Informacional,,2800,2027-01-29,Licenciatura,Licenciado,,curadoria digital,EaD,,,EMEC-FAKE-2027-0130,Análise de regularidade do curso 130,2026-09-06,2026-08-22,https://w3id.org/ufes/ontodiplomadigital/instancias-ficticias#enderecoCursoLote08,"Campus de Dados 08, Bloco C",,,,Florianopolis,SC,31008-000,Brasil,,Instituto Superior de Preservacao Informacional,https://w3id.org/ufes/ontodiplomadigital/instancias-ficticias#iesEmissoraLote08,MEC-EM-0008,CNPJ-FICTICIO-0037/CNPJ-FICTICIO-0038,"Avenida Sintetica 108, Setor Emissor",Goiania,GO,29008-000,Brasil,Centro Universitario de Rastreabilidade Acadêmica,https://w3id.org/ufes/ontodiplomadigital/instancias-ficticias#iesRegistradoraLote08,MEC-RG-0008,CNPJ-FICTICIO-0039/CNPJ-FICTICIO-0040,"Rua Registral 208, Setor de Proveniencia",Vitoria,ES,30008-000,Brasil,https://w3id.org/ufes/ontodiplomadigital/instancias-ficticias#registroLote128,ReqDip00000000000000000000000000000000000000000130,PROCESSO-DIPLOMA-0130,2027-02-05,2027-02-20,2027-03-07,L-2027-2,REGISTRO-0130,128,130,Caso sintetico 130 com status ativo e modalidade ead.,https://w3id.org/ufes/ontodiplomadigital/instancias-ficticias#responsavelRegistroLote128,Pessoa Fictícia-0043,CPF-FICTICIO-0556,RESPONSAVEL-REGISTRO-0130,Assinante Fictício-0312,CPF-FICTICIO-0557,Reitoria de Registro 2,Pessoa Fictícia-0021,CPF-FICTICIO-0558,Reitora,https://w3id.org/ufes/ontodiplomadigital/instancias-ficticias#assinaturaLote128,2027-03-07T10:18:00,CAdES,Assinatura PJArquivamento Documentacao Academica,Instituto Superior de Preservacao Informacional,,2027-03-07T10:18:00,https://w3id.org/ufes/ontodiplomadigital/instancias-ficticias#codigoValidacaoLote128,CODIGO-VALIDACAO-FICTICIO-0634,https://w3id.org/ufes/ontodiplomadigital/instancias-ficticias#documentacaoAcademicaLote128,ReqDip00000000000000000000000000000000000000000130,Assinante Fictício-0020,CPF-FICTICIO-0052,Diretora Geral,urn:fake:pdfa:ato-designacao:lote08,https://w3id.org/ufes/ontodiplomadigital/instancias-ficticias#historicoLote128,HISTORICO-0130
CASO-0131,https://w3id.org/ufes/ontodiplomadigital/instancias-ficticias#diplomaLote129,DIPLOMA-0131,Diploma digital,Revogado,1.05,homologação,2027-03-05,GovBR Acadêmico Fictício,https://govbr-academico.exemplo.gov.br,https://w3id.org/ufes/ontodiplomadigital/instancias-ficticias#diplomadoLote129,Pessoa Fictícia-0313,Brasileira,https://w3id.org/ufes/ontodiplomadigital/instancias-ficticias#localNaturalidadeBr5103403,5103403,Cuiabá,MT,,CPF-FICTICIO-0559,https://w3id.org/ufes/ontodiplomadigital/instancias-ficticias#cursoLote129,CURSO-0131,Tecnologia em Interoperabilidade Semântica,CURSO-FAKE-0131,3000,2027-02-01,Tecnologia,Tecnólogo,,organizacao do conhecimento,Semipresencial,Análise semantica aplicada,2027-02-01,,,,,https://w3id.org/ufes/ontodiplomadigital/instancias-ficticias#enderecoCursoLote03,"Campus de Dados 03, Bloco C",,,,Curitiba,PR,31003-000,Brasil,,Universidade do Patrimonio Digital,https://w3id.org/ufes/ontodiplomadigital/instancias-ficticias#iesEmissoraLote09,MEC-EM-0009,CNPJ-FICTICIO-0041/CNPJ-FICTICIO-0042,"Avenida Sintetica 109, Setor Emissor",Sao Paulo,SP,29009-000,Brasil,Universidade Registradora do Brasil Digital,https://w3id.org/ufes/ontodiplomadigital/instancias-ficticias#iesRegistradoraLote01,MEC-RG-0001,CNPJ-FICTICIO-0011/CNPJ-FICTICIO-0012,"Rua Registral 201, Setor de Proveniencia",Curitiba,PR,30001-000,Brasil,https://w3id.org/ufes/ontodiplomadigital/instancias-ficticias#registroLote129,ReqDip00000000000000000000000000000000000000000131,PROCESSO-DIPLOMA-0131,2027-02-08,2027-02-23,2027-03-10,L-2027-3,REGISTRO-0131,129,131,Caso sintetico 131 com status revogado e modalidade semipresencial.,https://w3id.org/ufes/ontodiplomadigital/instancias-ficticias#responsavelRegistroLote129,Pessoa Fictícia-0046,CPF-FICTICIO-0560,RESPONSAVEL-REGISTRO-0131,Assinante Fictício-0314,CPF-FICTICIO-0561,Reitoria de Registro 3,Pessoa Fictícia-0026,CPF-FICTICIO-0562,Diretor Acadêmico,https://w3id.org/ufes/ontodiplomadigital/instancias-ficticias#assinaturaLote129,2027-03-10T11:19:00,PAdES,Assinatura da pessoa jurídica registradora,Universidade Registradora do Brasil Digital,,2027-03-10T11:19:00,https://w3id.org/ufes/ontodiplomadigital/instancias-ficticias#codigoValidacaoLote129,CODIGO-VALIDACAO-FICTICIO-0635,https://w3id.org/ufes/ontodiplomadigital/instancias-ficticias#documentacaoAcademicaLote129,ReqDip00000000000000000000000000000000000000000131,Assinante Fictício-0025,CPF-FICTICIO-0057,Procurador Institucional,urn:fake:pdfa:ato-designacao:lote09,https://w3id.org/ufes/ontodiplomadigital/instancias-ficticias#historicoLote129,HISTORICO-0131
CASO-0132,https://w3id.org/ufes/ontodiplomadigital/instancias-ficticias#diplomaLote130,DIPLOMA-0132,Diploma digital,Anulado,1.05,produção,2027-03-08,Portal Público Fictício de Consulta de Diplomas,https://consulta-diploma.exemplo.gov.br,https://w3id.org/ufes/ontodiplomadigital/instancias-ficticias#diplomadoLote130,Pessoa Fictícia-0315,Brasileira,https://w3id.org/ufes/ontodiplomadigital/instancias-ficticias#localNaturalidadeBr5208707,5208707,Goiânia,GO,,CPF-FICTICIO-0563,https://w3id.org/ufes/ontodiplomadigital/instancias-ficticias#cursoLote130,CURSO-0132,Bacharelado em Preservacao Digital,CURSO-FAKE-0132,3200,2027-02-04,Bacharelado,Bacharel,,preservacao e acesso,Presencial,,,,,,,https://w3id.org/ufes/ontodiplomadigital/instancias-ficticias#enderecoCursoLote10,"Campus de Dados 10, Bloco E",,,,Vitoria,ES,31010-000,Brasil,,Centro Universitario de Modelagem Conceitual,https://w3id.org/ufes/ontodiplomadigital/instancias-ficticias#iesEmissoraLote10,MEC-EM-0010,CNPJ-FICTICIO-0043/CNPJ-FICTICIO-0044,"Avenida Sintetica 110, Setor Emissor",Rio de Janeiro,RJ,29010-000,Brasil,Centro de Registro Interoperável,https://w3id.org/ufes/ontodiplomadigital/instancias-ficticias#iesRegistradoraLote02,MEC-RG-0002,CNPJ-FICTICIO-0015/CNPJ-FICTICIO-0016,"Rua Registral 202, Setor de Proveniencia",Fortaleza,CE,30002-000,Brasil,https://w3id.org/ufes/ontodiplomadigital/instancias-ficticias#registroLote130,ReqDip00000000000000000000000000000000000000000132,PROCESSO-DIPLOMA-0132,2027-02-11,2027-02-26,2027-03-13,L-2027-4,REGISTRO-0132,130,132,Caso sintetico 132 com status anulado e modalidade presencial.,https://w3id.org/ufes/ontodiplomadigital/instancias-ficticias#responsavelRegistroLote130,Pessoa Fictícia-0049,CPF-FICTICIO-0564,RESPONSAVEL-REGISTRO-0132,Assinante Fictício-0316 | Assinante Fictício-0317,CPF-FICTICIO-0565 | CPF-FICTICIO-0566,Reitoria de Registro 4 | Secretaria Acadêmica Integrada,Pessoa Fictícia-0031,CPF-FICTICIO-0567,Diretora Acadêmica,https://w3id.org/ufes/ontodiplomadigital/instancias-ficticias#assinaturaLote130,2027-03-13T12:20:00,XAdES,Assinatura da pessoa jurídica emissora,Centro Universitario de Modelagem Conceitual,Autoridade Certificadora Fictícia Integridade Digital,2027-03-13T12:20:00,https://w3id.org/ufes/ontodiplomadigital/instancias-ficticias#codigoValidacaoLote130,CODIGO-VALIDACAO-FICTICIO-0636,https://w3id.org/ufes/ontodiplomadigital/instancias-ficticias#documentacaoAcademicaLote130,ReqDip00000000000000000000000000000000000000000132,Assinante Fictício-0030,CPF-FICTICIO-0063,Procuradora Institucional,urn:fake:pdfa:ato-designacao:lote10,https://w3id.org/ufes/ontodiplomadigital/instancias-ficticias#historicoLote130,HISTORICO-0132
CASO-0133,https://w3id.org/ufes/ontodiplomadigital/instancias-ficticias#diplomaLote131,DIPLOMA-0133,Diploma digital,Ativo,1.05,homologação,2027-03-11,GovBR Acadêmico Fictício,https://govbr-academico.exemplo.gov.br,https://w3id.org/ufes/ontodiplomadigital/instancias-ficticias#diplomadoLote131,Pessoa Fictícia-0318,Brasileira,https://w3id.org/ufes/ontodiplomadigital/instancias-ficticias#localNaturalidadeBr3304557,3304557,Rio de Janeiro,RJ,,CPF-FICTICIO-0568,https://w3id.org/ufes/ontodiplomadigital/instancias-ficticias#cursoLote131,CURSO-0133,Licenciatura em Análise Territorial de Dados,CURSO-FAKE-0133,3400,2027-02-07,Licenciatura,Licenciado,,governanca de dados,EaD,,,,,,,https://w3id.org/ufes/ontodiplomadigital/instancias-ficticias#enderecoCursoLote11,"Campus de Dados 11, Bloco A",,,,Belo Horizonte,MG,31011-000,Brasil,,Universidade Aberta do Conhecimento,https://w3id.org/ufes/ontodiplomadigital/instancias-ficticias#iesEmissoraLote01,MEC-EM-0001,CNPJ-FICTICIO-0009/CNPJ-FICTICIO-0010,"Avenida Sintetica 101, Setor Emissor",Vitoria,ES,29001-000,Brasil,Instituto Nacional de Validação Acadêmica,https://w3id.org/ufes/ontodiplomadigital/instancias-ficticias#iesRegistradoraLote03,MEC-RG-0003,CNPJ-FICTICIO-0019/CNPJ-FICTICIO-0020,"Rua Registral 203, Setor de Proveniencia",Goiania,GO,30003-000,Brasil,https://w3id.org/ufes/ontodiplomadigital/instancias-ficticias#registroLote131,ReqDip00000000000000000000000000000000000000000133,PROCESSO-DIPLOMA-0133,2027-02-14,2027-03-01,2027-03-16,L-2027-5,REGISTRO-0133,131,133,Caso sintetico 133 com status ativo e modalidade ead.,https://w3id.org/ufes/ontodiplomadigital/instancias-ficticias#responsavelRegistroLote131,Pessoa Fictícia-0053,CPF-FICTICIO-0569,RESPONSAVEL-REGISTRO-0133,Assinante Fictício-0319,CPF-FICTICIO-0570,Reitoria de Registro 5,Assinante Fictício-0005,CPF-FICTICIO-0571,Secretario Geral Acadêmico,https://w3id.org/ufes/ontodiplomadigital/instancias-ficticias#assinaturaLote131,2027-03-16T13:21:00,CAdES,Assinatura PFResponsavel Registro,,,2027-03-16T13:21:00,https://w3id.org/ufes/ontodiplomadigital/instancias-ficticias#codigoValidacaoLote131,CODIGO-VALIDACAO-FICTICIO-0637,https://w3id.org/ufes/ontodiplomadigital/instancias-ficticias#documentacaoAcademicaLote131,ReqDip00000000000000000000000000000000000000000133,Pessoa Fictícia-0016,CPF-FICTICIO-0016,Diretor Geral,urn:fake:pdfa:ato-designacao:lote01,https://w3id.org/ufes/ontodiplomadigital/instancias-ficticias#historicoLote131,HISTORICO-0133
CASO-0134,https://w3id.org/ufes/ontodiplomadigital/instancias-ficticias#diplomaLote132,DIPLOMA-0134,Diploma digital,Ativo,1.05,produção,2027-03-14,Portal Público Fictício de Consulta de Diplomas,https://consulta-diploma.exemplo.gov.br,https://w3id.org/ufes/ontodiplomadigital/instancias-ficticias#diplomadoLote132,Pessoa Fictícia-0320,Brasileira,https://w3id.org/ufes/ontodiplomadigital/instancias-ficticias#localNaturalidadeBr4205407,4205407,Florianópolis,SC,,CPF-FICTICIO-0572,https://w3id.org/ufes/ontodiplomadigital/instancias-ficticias#cursoLote132,CURSO-0134,Tecnologia em Memoria Institucional,,2400,2027-02-10,Tecnologia,Tecnólogo,Especialista em Memoria Institucional,tratamento documental,Semipresencial,Processos de registro academico,2027-02-10,EMEC-FAKE-2027-0134,Análise de regularidade do curso 134,2026-09-18,2026-09-03,https://w3id.org/ufes/ontodiplomadigital/instancias-ficticias#enderecoCursoLote12,"Campus de Dados 12, Bloco B",,,,Salvador,BA,31012-000,Brasil,,Centro Universitario Horizonte Semântico,https://w3id.org/ufes/ontodiplomadigital/instancias-ficticias#iesEmissoraLote02,MEC-EM-0002,CNPJ-FICTICIO-0013/CNPJ-FICTICIO-0014,"Avenida Sintetica 102, Setor Emissor",Belo Horizonte,MG,29002-000,Brasil,Universidade Curadora de Diplomas,https://w3id.org/ufes/ontodiplomadigital/instancias-ficticias#iesRegistradoraLote04,MEC-RG-0004,CNPJ-FICTICIO-0023/CNPJ-FICTICIO-0024,"Rua Registral 204, Setor de Proveniencia",Sao Paulo,SP,30004-000,Brasil,https://w3id.org/ufes/ontodiplomadigital/instancias-ficticias#registroLote132,ReqDip00000000000000000000000000000000000000000134,PROCESSO-DIPLOMA-0134,2027-02-17,2027-03-04,2027-03-19,L-2027-6,REGISTRO-0134,132,134,Caso sintetico 134 com status ativo e modalidade semipresencial.,https://w3id.org/ufes/ontodiplomadigital/instancias-ficticias#responsavelRegistroLote132,Pessoa Fictícia-0056,CPF-FICTICIO-0573,RESPONSAVEL-REGISTRO-0134,Assinante Fictício-0321,CPF-FICTICIO-0574,Reitoria de Registro 6,Assinante Fictício-0010,CPF-FICTICIO-0575,Secretaria Geral Acadêmica,https://w3id.org/ufes/ontodiplomadigital/instancias-ficticias#assinaturaLote132,2027-03-19T14:22:00,PAdES,Assinatura da pessoa física emissora,,,2027-03-19T14:22:00,https://w3id.org/ufes/ontodiplomadigital/instancias-ficticias#codigoValidacaoLote132,CODIGO-VALIDACAO-FICTICIO-0638,https://w3id.org/ufes/ontodiplomadigital/instancias-ficticias#documentacaoAcademicaLote132,ReqDip00000000000000000000000000000000000000000134,Pessoa Fictícia-0021,CPF-FICTICIO-0021,Diretora Geral,urn:fake:pdfa:ato-designacao:lote02,https://w3id.org/ufes/ontodiplomadigital/instancias-ficticias#historicoLote132,HISTORICO-0134
CASO-0135,https://w3id.org/ufes/ontodiplomadigital/instancias-ficticias#diplomaLote133,DIPLOMA-0135,Diploma digital,Ativo,1.05,homologação,2027-03-17,GovBR Acadêmico Fictício,https://govbr-academico.exemplo.gov.br,https://w3id.org/ufes/ontodiplomadigital/instancias-ficticias#diplomadoLote133,Pessoa Fictícia-0322,Brasileira,https://w3id.org/ufes/ontodiplomadigital/instancias-ficticias#localNaturalidadeBr5300108,5300108,Brasília,DF,,CPF-FICTICIO-0576,https://w3id.org/ufes/ontodiplomadigital/instancias-ficticias#cursoLote133,CURSO-0135,Bacharelado em Ciência de Dados Publicos,CURSO-FAKE-0135,2600,2027-02-13,Bacharelado,Bacharel,,interoperabilidade semantica,Presencial,,,,,,,https://w3id.org/ufes/ontodiplomadigital/instancias-ficticias#enderecoCursoLote02,"Campus de Dados 02, Bloco B",,,,Recife,PE,31002-000,Brasil,,Instituto Federal de Curadoria Digital,https://w3id.org/ufes/ontodiplomadigital/instancias-ficticias#iesEmissoraLote03,MEC-EM-0003,CNPJ-FICTICIO-0017/CNPJ-FICTICIO-0018,"Avenida Sintetica 103, Setor Emissor",Salvador,BA,29003-000,Brasil,Centro Registral de Conhecimento Aplicado,https://w3id.org/ufes/ontodiplomadigital/instancias-ficticias#iesRegistradoraLote05,MEC-RG-0005,CNPJ-FICTICIO-0027/CNPJ-FICTICIO-0028,"Rua Registral 205, Setor de Proveniencia",Rio de Janeiro,RJ,30005-000,Brasil,https://w3id.org/ufes/ontodiplomadigital/instancias-ficticias#registroLote133,ReqDip00000000000000000000000000000000000000000135,PROCESSO-DIPLOMA-0135,2027-02-20,2027-03-07,2027-03-22,L-2027-7,REGISTRO-0135,133,135,Caso sintetico 135 com status ativo e modalidade presencial.,https://w3id.org/ufes/ontodiplomadigital/instancias-ficticias#responsavelRegistroLote133,Pessoa Fictícia-0013,CPF-FICTICIO-0577,RESPONSAVEL-REGISTRO-0135,Assinante Fictício-0323,CPF-FICTICIO-0578,Reitoria de Registro 7,Assinante Fictício-0015,CPF-FICTICIO-0579,Pro-Reitor de Graduacao,https://w3id.org/ufes/ontodiplomadigital/instancias-ficticias#assinaturaLote133,2027-03-22T15:23:00,XAdES,Assinatura PJArquivamento Documentacao Academica,Instituto Federal de Curadoria Digital,,2027-03-22T15:23:00,https://w3id.org/ufes/ontodiplomadigital/instancias-ficticias#codigoValidacaoLote133,CODIGO-VALIDACAO-FICTICIO-0639,https://w3id.org/ufes/ontodiplomadigital/instancias-ficticias#documentacaoAcademicaLote133,ReqDip00000000000000000000000000000000000000000135,Pessoa Fictícia-0026,CPF-FICTICIO-0026,Procurador Institucional,urn:fake:pdfa:ato-designacao:lote03,https://w3id.org/ufes/ontodiplomadigital/instancias-ficticias#historicoLote133,HISTORICO-0135
CASO-0136,https://w3id.org/ufes/ontodiplomadigital/instancias-ficticias#diplomaLote134,DIPLOMA-0136,Diploma digital,Revogado,1.05,produção,2027-03-20,Portal Público Fictício de Consulta de Diplomas,https://consulta-diploma.exemplo.gov.br,https://w3id.org/ufes/ontodiplomadigital/instancias-ficticias#diplomadoLote134,Pessoa Fictícia-0324,Brasileira,https://w3id.org/ufes/ontodiplomadigital/instancias-ficticias#localNaturalidadeBr3550308,3550308,São Paulo,SP,,CPF-FICTICIO-0580,https://w3id.org/ufes/ontodiplomadigital/instancias-ficticias#cursoLote134,CURSO-0136,Licenciatura em Curadoria Digital,CURSO-FAKE-0136,2800,2027-02-16,Licenciatura,Licenciado,,curadoria digital,EaD,,,,,,,https://w3id.org/ufes/ontodiplomadigital/instancias-ficticias#enderecoCursoLote02,"Campus de Dados 02, Bloco B",,,,Recife,PE,31002-000,Brasil,,Universidade Metropolitana da Informação,https://w3id.org/ufes/ontodiplomadigital/instancias-ficticias#iesEmissoraLote04,MEC-EM-0004,CNPJ-FICTICIO-0021/CNPJ-FICTICIO-0022,"Avenida Sintetica 104, Setor Emissor",Brasilia,DF,29004-000,Brasil,Universidade Federal de Registro Semântico,https://w3id.org/ufes/ontodiplomadigital/instancias-ficticias#iesRegistradoraLote06,MEC-RG-0006,CNPJ-FICTICIO-0031/CNPJ-FICTICIO-0032,"Rua Registral 206, Setor de Proveniencia",Florianopolis,SC,30006-000,Brasil,https://w3id.org/ufes/ontodiplomadigital/instancias-ficticias#registroLote134,ReqDip00000000000000000000000000000000000000000136,PROCESSO-DIPLOMA-0136,2027-02-23,2027-03-10,2027-03-25,L-2027-1,REGISTRO-0136,134,136,Caso sintetico 136 com status revogado e modalidade ead.,https://w3id.org/ufes/ontodiplomadigital/instancias-ficticias#responsavelRegistroLote134,Pessoa Fictícia-0018,CPF-FICTICIO-0581,RESPONSAVEL-REGISTRO-0136,Assinante Fictício-0325,CPF-FICTICIO-0582,Reitoria de Registro 8,Assinante Fictício-0020,CPF-FICTICIO-0583,Pro-Reitora de Graduacao,https://w3id.org/ufes/ontodiplomadigital/instancias-ficticias#assinaturaLote134,2027-03-25T16:24:00,CAdES,Assinatura da pessoa jurídica registradora,Universidade Federal de Registro Semântico,,2027-03-25T16:24:00,https://w3id.org/ufes/ontodiplomadigital/instancias-ficticias#codigoValidacaoLote134,CODIGO-VALIDACAO-FICTICIO-0640,https://w3id.org/ufes/ontodiplomadigital/instancias-ficticias#documentacaoAcademicaLote134,ReqDip00000000000000000000000000000000000000000136,Pessoa Fictícia-0031,CPF-FICTICIO-0031,Procuradora Institucional,urn:fake:pdfa:ato-designacao:lote04,https://w3id.org/ufes/ontodiplomadigital/instancias-ficticias#historicoLote134,HISTORICO-0136
CASO-0137,https://w3id.org/ufes/ontodiplomadigital/instancias-ficticias#diplomaLote135,DIPLOMA-0137,Diploma digital,Anulado,1.05,homologação,2027-03-23,GovBR Acadêmico Fictício,https://govbr-academico.exemplo.gov.br,https://w3id.org/ufes/ontodiplomadigital/instancias-ficticias#diplomadoLote135,Pessoa Fictícia-0326,Brasileira,https://w3id.org/ufes/ontodiplomadigital/instancias-ficticias#localNaturalidadeBr3106200,3106200,Belo Horizonte,MG,,CPF-FICTICIO-0584,https://w3id.org/ufes/ontodiplomadigital/instancias-ficticias#cursoLote135,CURSO-0137,Tecnologia em Arquivologia Aplicada,CURSO-FAKE-0137,3000,2027-02-19,Tecnologia,Tecnólogo,,organizacao do conhecimento,Semipresencial,Análise semantica aplicada,2027-02-19,,,,,https://w3id.org/ufes/ontodiplomadigital/instancias-ficticias#enderecoCursoLote02,"Campus de Dados 02, Bloco B",,,,Recife,PE,31002-000,Brasil,,Faculdade Nacional de Dados Ligados,https://w3id.org/ufes/ontodiplomadigital/instancias-ficticias#iesEmissoraLote05,MEC-EM-0005,CNPJ-FICTICIO-0025/CNPJ-FICTICIO-0026,"Avenida Sintetica 105, Setor Emissor",Recife,PE,29005-000,Brasil,Instituto de Segurança Documental,https://w3id.org/ufes/ontodiplomadigital/instancias-ficticias#iesRegistradoraLote07,MEC-RG-0007,CNPJ-FICTICIO-0035/CNPJ-FICTICIO-0036,"Rua Registral 207, Setor de Proveniencia",Belem,PA,30007-000,Brasil,https://w3id.org/ufes/ontodiplomadigital/instancias-ficticias#registroLote135,ReqDip00000000000000000000000000000000000000000137,PROCESSO-DIPLOMA-0137,2027-02-26,2027-03-13,2027-03-28,L-2027-2,REGISTRO-0137,135,137,Caso sintetico 137 com status anulado e modalidade semipresencial.,https://w3id.org/ufes/ontodiplomadigital/instancias-ficticias#responsavelRegistroLote135,Pessoa Fictícia-0023,CPF-FICTICIO-0585,RESPONSAVEL-REGISTRO-0137,Assinante Fictício-0327 | Assinante Fictício-0328,CPF-FICTICIO-0586 | CPF-FICTICIO-0587,Reitoria de Registro 9 | Secretaria Acadêmica Integrada,Assinante Fictício-0025,CPF-FICTICIO-0588,Reitor,https://w3id.org/ufes/ontodiplomadigital/instancias-ficticias#assinaturaLote135,2027-03-28T08:25:00,PAdES,Assinatura da pessoa jurídica emissora,Faculdade Nacional de Dados Ligados,,2027-03-28T08:25:00,https://w3id.org/ufes/ontodiplomadigital/instancias-ficticias#codigoValidacaoLote135,CODIGO-VALIDACAO-FICTICIO-0641,https://w3id.org/ufes/ontodiplomadigital/instancias-ficticias#documentacaoAcademicaLote135,ReqDip00000000000000000000000000000000000000000137,Assinante Fictício-0005,CPF-FICTICIO-0037,Reitor,urn:fake:pdfa:ato-designacao:lote05,https://w3id.org/ufes/ontodiplomadigital/instancias-ficticias#historicoLote135,HISTORICO-0137
CASO-0138,https://w3id.org/ufes/ontodiplomadigital/instancias-ficticias#diplomaLote136,DIPLOMA-0138,Diploma digital,Ativo,1.05,produção,2027-03-26,Portal Público Fictício de Consulta de Diplomas,https://consulta-diploma.exemplo.gov.br,https://w3id.org/ufes/ontodiplomadigital/instancias-ficticias#diplomadoLote136,Pessoa Fictícia-0329,Brasileira,https://w3id.org/ufes/ontodiplomadigital/instancias-ficticias#localNaturalidadeBr3550308,3550308,São Paulo,SP,,CPF-FICTICIO-0589,https://w3id.org/ufes/ontodiplomadigital/instancias-ficticias#cursoLote136,CURSO-0138,Bacharelado em Biblioteconomia Analitica,,3200,2027-02-22,Bacharelado,Bacharel,,preservacao e acesso,Presencial,,,EMEC-FAKE-2027-0138,Análise de regularidade do curso 138,2026-09-30,2026-09-15,https://w3id.org/ufes/ontodiplomadigital/instancias-ficticias#enderecoCursoLote04,"Campus de Dados 04, Bloco D",,,,Fortaleza,CE,31004-000,Brasil,,Universidade de Estudos Documentais,https://w3id.org/ufes/ontodiplomadigital/instancias-ficticias#iesEmissoraLote06,MEC-EM-0006,CNPJ-FICTICIO-0029/CNPJ-FICTICIO-0030,"Avenida Sintetica 106, Setor Emissor",Curitiba,PR,29006-000,Brasil,Centro Universitario de Rastreabilidade Acadêmica,https://w3id.org/ufes/ontodiplomadigital/instancias-ficticias#iesRegistradoraLote08,MEC-RG-0008,CNPJ-FICTICIO-0039/CNPJ-FICTICIO-0040,"Rua Registral 208, Setor de Proveniencia",Vitoria,ES,30008-000,Brasil,https://w3id.org/ufes/ontodiplomadigital/instancias-ficticias#registroLote136,ReqDip00000000000000000000000000000000000000000138,PROCESSO-DIPLOMA-0138,2027-03-01,2027-03-16,2027-03-31,L-2027-3,REGISTRO-0138,136,138,Caso sintetico 138 com status ativo e modalidade presencial.,https://w3id.org/ufes/ontodiplomadigital/instancias-ficticias#responsavelRegistroLote136,Pessoa Fictícia-0028,CPF-FICTICIO-0590,RESPONSAVEL-REGISTRO-0138,Assinante Fictício-0330,CPF-FICTICIO-0591,Reitoria de Registro 1,Assinante Fictício-0030,CPF-FICTICIO-0592,Reitora,https://w3id.org/ufes/ontodiplomadigital/instancias-ficticias#assinaturaLote136,2027-03-31T09:26:00,XAdES,Assinatura PFResponsavel Registro,,,2027-03-31T09:26:00,https://w3id.org/ufes/ontodiplomadigital/instancias-ficticias#codigoValidacaoLote136,CODIGO-VALIDACAO-FICTICIO-0642,https://w3id.org/ufes/ontodiplomadigital/instancias-ficticias#documentacaoAcademicaLote136,ReqDip00000000000000000000000000000000000000000138,Assinante Fictício-0010,CPF-FICTICIO-0042,Reitora,urn:fake:pdfa:ato-designacao:lote06,https://w3id.org/ufes/ontodiplomadigital/instancias-ficticias#historicoLote136,HISTORICO-0138
CASO-0139,https://w3id.org/ufes/ontodiplomadigital/instancias-ficticias#diplomaLote137,DIPLOMA-0139,Diploma digital,Ativo,1.05,homologação,2027-03-29,GovBR Acadêmico Fictício,https://govbr-academico.exemplo.gov.br,https://w3id.org/ufes/ontodiplomadigital/instancias-ficticias#diplomadoLote137,Pessoa Fictícia-0331,Brasileira,https://w3id.org/ufes/ontodiplomadigital/instancias-ficticias#localNaturalidadeBr5300108,5300108,Brasília,DF,,CPF-FICTICIO-0593,https://w3id.org/ufes/ontodiplomadigital/instancias-ficticias#cursoLote137,CURSO-0139,Licenciatura em Gestão da Informação,CURSO-FAKE-0139,3400,2027-02-25,Licenciatura,Licenciado,,governanca de dados,EaD,,,,,,,https://w3id.org/ufes/ontodiplomadigital/instancias-ficticias#enderecoCursoLote05,"Campus de Dados 05, Bloco E",,,,Goiania,GO,31005-000,Brasil,,Centro Acadêmico de Interoperabilidade,https://w3id.org/ufes/ontodiplomadigital/instancias-ficticias#iesEmissoraLote07,MEC-EM-0007,CNPJ-FICTICIO-0033/CNPJ-FICTICIO-0034,"Avenida Sintetica 107, Setor Emissor",Fortaleza,CE,29007-000,Brasil,Universidade Registradora do Brasil Digital,https://w3id.org/ufes/ontodiplomadigital/instancias-ficticias#iesRegistradoraLote01,MEC-RG-0001,CNPJ-FICTICIO-0011/CNPJ-FICTICIO-0012,"Rua Registral 201, Setor de Proveniencia",Curitiba,PR,30001-000,Brasil,https://w3id.org/ufes/ontodiplomadigital/instancias-ficticias#registroLote137,ReqDip00000000000000000000000000000000000000000139,PROCESSO-DIPLOMA-0139,2027-03-04,2027-03-19,2027-04-03,L-2027-4,REGISTRO-0139,137,139,Caso sintetico 139 com status ativo e modalidade ead.,https://w3id.org/ufes/ontodiplomadigital/instancias-ficticias#responsavelRegistroLote137,Pessoa Fictícia-0033,CPF-FICTICIO-0594,RESPONSAVEL-REGISTRO-0139,Assinante Fictício-0332,CPF-FICTICIO-0595,Reitoria de Registro 2,Pessoa Fictícia-0006,CPF-FICTICIO-0596,Diretor Acadêmico,https://w3id.org/ufes/ontodiplomadigital/instancias-ficticias#assinaturaLote137,2027-04-03T10:27:00,CAdES,Assinatura da pessoa física emissora,,,2027-04-03T10:27:00,https://w3id.org/ufes/ontodiplomadigital/instancias-ficticias#codigoValidacaoLote137,CODIGO-VALIDACAO-FICTICIO-0643,https://w3id.org/ufes/ontodiplomadigital/instancias-ficticias#documentacaoAcademicaLote137,ReqDip00000000000000000000000000000000000000000139,Assinante Fictício-0015,CPF-FICTICIO-0047,Diretor Geral,urn:fake:pdfa:ato-designacao:lote07,https://w3id.org/ufes/ontodiplomadigital/instancias-ficticias#historicoLote137,HISTORICO-0139
CASO-0140,https://w3id.org/ufes/ontodiplomadigital/instancias-ficticias#diplomaLote138,DIPLOMA-0140,Diploma digital,Ativo,1.05,produção,2027-04-01,Portal Público Fictício de Consulta de Diplomas,https://consulta-diploma.exemplo.gov.br,https://w3id.org/ufes/ontodiplomadigital/instancias-ficticias#diplomadoLote138,Pessoa Fictícia-0333,Brasileira,https://w3id.org/ufes/ontodiplomadigital/instancias-ficticias#localNaturalidadeBr2611606,2611606,Recife,PE,,CPF-FICTICIO-0597,https://w3id.org/ufes/ontodiplomadigital/instancias-ficticias#cursoLote138,CURSO-0140,Tecnologia em Humanidades Digitais,,2400,2027-02-28,Tecnologia,Tecnólogo,Especialista em Humanidades Digitais,tratamento documental,Semipresencial,Processos de registro academico,2027-02-28,EMEC-FAKE-2027-0140,Análise de regularidade do curso 140,2026-10-06,2026-09-21,https://w3id.org/ufes/ontodiplomadigital/instancias-ficticias#enderecoCursoLote06,"Campus de Dados 06, Bloco A",,,,Sao Paulo,SP,31006-000,Brasil,,Instituto Superior de Preservacao Informacional,https://w3id.org/ufes/ontodiplomadigital/instancias-ficticias#iesEmissoraLote08,MEC-EM-0008,CNPJ-FICTICIO-0037/CNPJ-FICTICIO-0038,"Avenida Sintetica 108, Setor Emissor",Goiania,GO,29008-000,Brasil,Centro de Registro Interoperável,https://w3id.org/ufes/ontodiplomadigital/instancias-ficticias#iesRegistradoraLote02,MEC-RG-0002,CNPJ-FICTICIO-0015/CNPJ-FICTICIO-0016,"Rua Registral 202, Setor de Proveniencia",Fortaleza,CE,30002-000,Brasil,https://w3id.org/ufes/ontodiplomadigital/instancias-ficticias#registroLote138,ReqDip00000000000000000000000000000000000000000140,PROCESSO-DIPLOMA-0140,2027-03-07,2027-03-22,2027-04-06,L-2027-5,REGISTRO-0140,138,140,Caso sintetico 140 com status ativo e modalidade semipresencial.,https://w3id.org/ufes/ontodiplomadigital/instancias-ficticias#responsavelRegistroLote138,Pessoa Fictícia-0037,CPF-FICTICIO-0598,RESPONSAVEL-REGISTRO-0140,Assinante Fictício-0334,CPF-FICTICIO-0599,Reitoria de Registro 3,Pessoa Fictícia-0011,CPF-FICTICIO-0600,Diretora Acadêmica,https://w3id.org/ufes/ontodiplomadigital/instancias-ficticias#assinaturaLote138,2027-04-06T11:28:00,PAdES,Assinatura PJArquivamento Documentacao Academica,Instituto Superior de Preservacao Informacional,,2027-04-06T11:28:00,https://w3id.org/ufes/ontodiplomadigital/instancias-ficticias#codigoValidacaoLote138,CODIGO-VALIDACAO-FICTICIO-0644,https://w3id.org/ufes/ontodiplomadigital/instancias-ficticias#documentacaoAcademicaLote138,ReqDip00000000000000000000000000000000000000000140,Assinante Fictício-0020,CPF-FICTICIO-0052,Diretora Geral,urn:fake:pdfa:ato-designacao:lote08,https://w3id.org/ufes/ontodiplomadigital/instancias-ficticias#historicoLote138,HISTORICO-0140
CASO-0141,https://w3id.org/ufes/ontodiplomadigital/instancias-ficticias#diplomaLote139,DIPLOMA-0141,Diploma digital,Revogado,1.05,homologação,2027-04-04,GovBR Acadêmico Fictício,https://govbr-academico.exemplo.gov.br,https://w3id.org/ufes/ontodiplomadigital/instancias-ficticias#diplomadoLote139,Pessoa Fictícia-0335,Brasileira,https://w3id.org/ufes/ontodiplomadigital/instancias-ficticias#localNaturalidadeBr2111300,2111300,São Luís,MA,,CPF-FICTICIO-0601,https://w3id.org/ufes/ontodiplomadigital/instancias-ficticias#cursoLote139,CURSO-0141,Bacharelado em Documentacao Tecnica,CURSO-FAKE-0141,2600,2027-03-03,Bacharelado,Bacharel,,interoperabilidade semantica,Presencial,,,,,,,https://w3id.org/ufes/ontodiplomadigital/instancias-ficticias#enderecoCursoLote10,"Campus de Dados 10, Bloco E",,,,Vitoria,ES,31010-000,Brasil,,Universidade do Patrimonio Digital,https://w3id.org/ufes/ontodiplomadigital/instancias-ficticias#iesEmissoraLote09,MEC-EM-0009,CNPJ-FICTICIO-0041/CNPJ-FICTICIO-0042,"Avenida Sintetica 109, Setor Emissor",Sao Paulo,SP,29009-000,Brasil,Instituto Nacional de Validação Acadêmica,https://w3id.org/ufes/ontodiplomadigital/instancias-ficticias#iesRegistradoraLote03,MEC-RG-0003,CNPJ-FICTICIO-0019/CNPJ-FICTICIO-0020,"Rua Registral 203, Setor de Proveniencia",Goiania,GO,30003-000,Brasil,https://w3id.org/ufes/ontodiplomadigital/instancias-ficticias#registroLote139,ReqDip00000000000000000000000000000000000000000141,PROCESSO-DIPLOMA-0141,2027-03-10,2027-03-25,2027-04-09,L-2027-6,REGISTRO-0141,139,141,Caso sintetico 141 com status revogado e modalidade presencial.,https://w3id.org/ufes/ontodiplomadigital/instancias-ficticias#responsavelRegistroLote139,Pessoa Fictícia-0040,CPF-FICTICIO-0602,RESPONSAVEL-REGISTRO-0141,Assinante Fictício-0336,CPF-FICTICIO-0603,Reitoria de Registro 4,Pessoa Fictícia-0016,CPF-FICTICIO-0604,Secretario Geral Acadêmico,https://w3id.org/ufes/ontodiplomadigital/instancias-ficticias#assinaturaLote139,2027-04-09T12:29:00,XAdES,Assinatura da pessoa jurídica registradora,Instituto Nacional de Validação Acadêmica,,2027-04-09T12:29:00,https://w3id.org/ufes/ontodiplomadigital/instancias-ficticias#codigoValidacaoLote139,CODIGO-VALIDACAO-FICTICIO-0645,https://w3id.org/ufes/ontodiplomadigital/instancias-ficticias#documentacaoAcademicaLote139,ReqDip00000000000000000000000000000000000000000141,Assinante Fictício-0025,CPF-FICTICIO-0057,Procurador Institucional,urn:fake:pdfa:ato-designacao:lote09,https://w3id.org/ufes/ontodiplomadigital/instancias-ficticias#historicoLote139,HISTORICO-0141
CASO-0142,https://w3id.org/ufes/ontodiplomadigital/instancias-ficticias#diplomaLote140,DIPLOMA-0142,Diploma digital,Anulado,1.05,produção,2027-04-07,Portal Público Fictício de Consulta de Diplomas,https://consulta-diploma.exemplo.gov.br,https://w3id.org/ufes/ontodiplomadigital/instancias-ficticias#diplomadoLote140,Pessoa Fictícia-0337,Brasileira,https://w3id.org/ufes/ontodiplomadigital/instancias-ficticias#localNaturalidadeBr2211001,2211001,Teresina,PI,,CPF-FICTICIO-0605,https://w3id.org/ufes/ontodiplomadigital/instancias-ficticias#cursoLote140,CURSO-0142,Licenciatura em Governanca Informacional,,2800,2027-03-06,Licenciatura,Licenciado,,curadoria digital,EaD,,,EMEC-FAKE-2027-0142,Análise de regularidade do curso 142,2026-10-12,2026-09-27,https://w3id.org/ufes/ontodiplomadigital/instancias-ficticias#enderecoCursoLote08,"Campus de Dados 08, Bloco C",,,,Florianopolis,SC,31008-000,Brasil,,Centro Universitario de Modelagem Conceitual,https://w3id.org/ufes/ontodiplomadigital/instancias-ficticias#iesEmissoraLote10,MEC-EM-0010,CNPJ-FICTICIO-0043/CNPJ-FICTICIO-0044,"Avenida Sintetica 110, Setor Emissor",Rio de Janeiro,RJ,29010-000,Brasil,Universidade Curadora de Diplomas,https://w3id.org/ufes/ontodiplomadigital/instancias-ficticias#iesRegistradoraLote04,MEC-RG-0004,CNPJ-FICTICIO-0023/CNPJ-FICTICIO-0024,"Rua Registral 204, Setor de Proveniencia",Sao Paulo,SP,30004-000,Brasil,https://w3id.org/ufes/ontodiplomadigital/instancias-ficticias#registroLote140,ReqDip00000000000000000000000000000000000000000142,PROCESSO-DIPLOMA-0142,2027-03-13,2027-03-28,2027-04-12,L-2027-7,REGISTRO-0142,140,142,Caso sintetico 142 com status anulado e modalidade ead.,https://w3id.org/ufes/ontodiplomadigital/instancias-ficticias#responsavelRegistroLote140,Pessoa Fictícia-0043,CPF-FICTICIO-0606,RESPONSAVEL-REGISTRO-0142,Assinante Fictício-0338 | Assinante Fictício-0339,CPF-FICTICIO-0607 | CPF-FICTICIO-0608,Reitoria de Registro 5 | Secretaria Acadêmica Integrada,Pessoa Fictícia-0021,CPF-FICTICIO-0609,Secretaria Geral Acadêmica,https://w3id.org/ufes/ontodiplomadigital/instancias-ficticias#assinaturaLote140,2027-04-12T13:30:00,CAdES,Assinatura da pessoa jurídica emissora,Centro Universitario de Modelagem Conceitual,,2027-04-12T13:30:00,https://w3id.org/ufes/ontodiplomadigital/instancias-ficticias#codigoValidacaoLote140,CODIGO-VALIDACAO-FICTICIO-0646,https://w3id.org/ufes/ontodiplomadigital/instancias-ficticias#documentacaoAcademicaLote140,ReqDip00000000000000000000000000000000000000000142,Assinante Fictício-0030,CPF-FICTICIO-0063,Procuradora Institucional,urn:fake:pdfa:ato-designacao:lote10,https://w3id.org/ufes/ontodiplomadigital/instancias-ficticias#historicoLote140,HISTORICO-0142
CASO-0143,https://w3id.org/ufes/ontodiplomadigital/instancias-ficticias#diplomaLote141,DIPLOMA-0143,Diploma digital,Ativo,1.05,homologação,2027-04-10,GovBR Acadêmico Fictício,https://govbr-academico.exemplo.gov.br,https://w3id.org/ufes/ontodiplomadigital/instancias-ficticias#diplomadoLote141,Pessoa Fictícia-0340,Brasileira,https://w3id.org/ufes/ontodiplomadigital/instancias-ficticias#localNaturalidadeBr3304557,3304557,Rio de Janeiro,RJ,,CPF-FICTICIO-0610,https://w3id.org/ufes/ontodiplomadigital/instancias-ficticias#cursoLote141,CURSO-0143,Tecnologia em Interoperabilidade Semântica,CURSO-FAKE-0143,3000,2027-03-09,Tecnologia,Tecnólogo,,organizacao do conhecimento,Semipresencial,Análise semantica aplicada,2027-03-09,,,,,https://w3id.org/ufes/ontodiplomadigital/instancias-ficticias#enderecoCursoLote09,"Campus de Dados 09, Bloco D",,,,Belem,PA,31009-000,Brasil,,Universidade Aberta do Conhecimento,https://w3id.org/ufes/ontodiplomadigital/instancias-ficticias#iesEmissoraLote01,MEC-EM-0001,CNPJ-FICTICIO-0009/CNPJ-FICTICIO-0010,"Avenida Sintetica 101, Setor Emissor",Vitoria,ES,29001-000,Brasil,Centro Registral de Conhecimento Aplicado,https://w3id.org/ufes/ontodiplomadigital/instancias-ficticias#iesRegistradoraLote05,MEC-RG-0005,CNPJ-FICTICIO-0027/CNPJ-FICTICIO-0028,"Rua Registral 205, Setor de Proveniencia",Rio de Janeiro,RJ,30005-000,Brasil,https://w3id.org/ufes/ontodiplomadigital/instancias-ficticias#registroLote141,ReqDip00000000000000000000000000000000000000000143,PROCESSO-DIPLOMA-0143,2027-03-16,2027-03-31,2027-04-15,L-2027-1,REGISTRO-0143,141,143,Caso sintetico 143 com status ativo e modalidade semipresencial.,https://w3id.org/ufes/ontodiplomadigital/instancias-ficticias#responsavelRegistroLote141,Pessoa Fictícia-0046,CPF-FICTICIO-0611,RESPONSAVEL-REGISTRO-0143,Assinante Fictício-0341,CPF-FICTICIO-0612,Reitoria de Registro 6,Pessoa Fictícia-0026,CPF-FICTICIO-0613,Pro-Reitor de Graduacao,https://w3id.org/ufes/ontodiplomadigital/instancias-ficticias#assinaturaLote141,2027-04-15T14:31:00,PAdES,Assinatura PFResponsavel Registro,,,2027-04-15T14:31:00,https://w3id.org/ufes/ontodiplomadigital/instancias-ficticias#codigoValidacaoLote141,CODIGO-VALIDACAO-FICTICIO-0647,https://w3id.org/ufes/ontodiplomadigital/instancias-ficticias#documentacaoAcademicaLote141,ReqDip00000000000000000000000000000000000000000143,Pessoa Fictícia-0016,CPF-FICTICIO-0016,Diretor Geral,urn:fake:pdfa:ato-designacao:lote01,https://w3id.org/ufes/ontodiplomadigital/instancias-ficticias#historicoLote141,HISTORICO-0143
CASO-0144,https://w3id.org/ufes/ontodiplomadigital/instancias-ficticias#diplomaLote142,DIPLOMA-0144,Diploma digital,Ativo,1.05,produção,2027-04-13,Portal Público Fictício de Consulta de Diplomas,https://consulta-diploma.exemplo.gov.br,https://w3id.org/ufes/ontodiplomadigital/instancias-ficticias#diplomadoLote142,Pessoa Fictícia-0342,Brasileira,https://w3id.org/ufes/ontodiplomadigital/instancias-ficticias#localNaturalidadeBr2927408,2927408,Salvador,BA,,CPF-FICTICIO-0614,https://w3id.org/ufes/ontodiplomadigital/instancias-ficticias#cursoLote142,CURSO-0144,Bacharelado em Preservacao Digital,CURSO-FAKE-0144,3200,2027-03-12,Bacharelado,Bacharel,,preservacao e acesso,Presencial,,,,,,,https://w3id.org/ufes/ontodiplomadigital/instancias-ficticias#enderecoCursoLote10,"Campus de Dados 10, Bloco E",,,,Vitoria,ES,31010-000,Brasil,,Centro Universitario Horizonte Semântico,https://w3id.org/ufes/ontodiplomadigital/instancias-ficticias#iesEmissoraLote02,MEC-EM-0002,CNPJ-FICTICIO-0013/CNPJ-FICTICIO-0014,"Avenida Sintetica 102, Setor Emissor",Belo Horizonte,MG,29002-000,Brasil,Universidade Federal de Registro Semântico,https://w3id.org/ufes/ontodiplomadigital/instancias-ficticias#iesRegistradoraLote06,MEC-RG-0006,CNPJ-FICTICIO-0031/CNPJ-FICTICIO-0032,"Rua Registral 206, Setor de Proveniencia",Florianopolis,SC,30006-000,Brasil,https://w3id.org/ufes/ontodiplomadigital/instancias-ficticias#registroLote142,ReqDip00000000000000000000000000000000000000000144,PROCESSO-DIPLOMA-0144,2027-03-19,2027-04-03,2027-04-18,L-2027-2,REGISTRO-0144,142,144,Caso sintetico 144 com status ativo e modalidade presencial.,https://w3id.org/ufes/ontodiplomadigital/instancias-ficticias#responsavelRegistroLote142,Pessoa Fictícia-0049,CPF-FICTICIO-0615,RESPONSAVEL-REGISTRO-0144,Assinante Fictício-0343,CPF-FICTICIO-0616,Reitoria de Registro 7,Pessoa Fictícia-0031,CPF-FICTICIO-0617,Pro-Reitora de Graduacao,https://w3id.org/ufes/ontodiplomadigital/instancias-ficticias#assinaturaLote142,2027-04-18T15:32:00,XAdES,Assinatura da pessoa física emissora,,Autoridade Certificadora Fictícia Integridade Digital,2027-04-18T15:32:00,https://w3id.org/ufes/ontodiplomadigital/instancias-ficticias#codigoValidacaoLote142,CODIGO-VALIDACAO-FICTICIO-0648,https://w3id.org/ufes/ontodiplomadigital/instancias-ficticias#documentacaoAcademicaLote142,ReqDip00000000000000000000000000000000000000000144,Pessoa Fictícia-0021,CPF-FICTICIO-0021,Diretora Geral,urn:fake:pdfa:ato-designacao:lote02,https://w3id.org/ufes/ontodiplomadigital/instancias-ficticias#historicoLote142,HISTORICO-0144
CASO-0145,https://w3id.org/ufes/ontodiplomadigital/instancias-ficticias#diplomaLote143,DIPLOMA-0145,Diploma digital,Ativo,1.05,homologação,2027-04-16,GovBR Acadêmico Fictício,https://govbr-academico.exemplo.gov.br,https://w3id.org/ufes/ontodiplomadigital/instancias-ficticias#diplomadoLote143,Pessoa Fictícia-0344,Brasileira,https://w3id.org/ufes/ontodiplomadigital/instancias-ficticias#localNaturalidadeBr2927408,2927408,Salvador,BA,,CPF-FICTICIO-0618,https://w3id.org/ufes/ontodiplomadigital/instancias-ficticias#cursoLote143,CURSO-0145,Licenciatura em Análise Territorial de Dados,CURSO-FAKE-0145,3400,2027-03-15,Licenciatura,Licenciado,,governanca de dados,EaD,,,,,,,https://w3id.org/ufes/ontodiplomadigital/instancias-ficticias#enderecoCursoLote02,"Campus de Dados 02, Bloco B",,,,Recife,PE,31002-000,Brasil,,Instituto Federal de Curadoria Digital,https://w3id.org/ufes/ontodiplomadigital/instancias-ficticias#iesEmissoraLote03,MEC-EM-0003,CNPJ-FICTICIO-0017/CNPJ-FICTICIO-0018,"Avenida Sintetica 103, Setor Emissor",Salvador,BA,29003-000,Brasil,Instituto de Segurança Documental,https://w3id.org/ufes/ontodiplomadigital/instancias-ficticias#iesRegistradoraLote07,MEC-RG-0007,CNPJ-FICTICIO-0035/CNPJ-FICTICIO-0036,"Rua Registral 207, Setor de Proveniencia",Belem,PA,30007-000,Brasil,https://w3id.org/ufes/ontodiplomadigital/instancias-ficticias#registroLote143,ReqDip00000000000000000000000000000000000000000145,PROCESSO-DIPLOMA-0145,2027-03-22,2027-04-06,2027-04-21,L-2027-3,REGISTRO-0145,143,145,Caso sintetico 145 com status ativo e modalidade ead.,https://w3id.org/ufes/ontodiplomadigital/instancias-ficticias#responsavelRegistroLote143,Pessoa Fictícia-0053,CPF-FICTICIO-0619,RESPONSAVEL-REGISTRO-0145,Assinante Fictício-0345,CPF-FICTICIO-0620,Reitoria de Registro 8,Assinante Fictício-0005,CPF-FICTICIO-0621,Reitor,https://w3id.org/ufes/ontodiplomadigital/instancias-ficticias#assinaturaLote143,2027-04-21T16:33:00,CAdES,Assinatura PJArquivamento Documentacao Academica,Instituto Federal de Curadoria Digital,,2027-04-21T16:33:00,https://w3id.org/ufes/ontodiplomadigital/instancias-ficticias#codigoValidacaoLote143,CODIGO-VALIDACAO-FICTICIO-0649,https://w3id.org/ufes/ontodiplomadigital/instancias-ficticias#documentacaoAcademicaLote143,ReqDip00000000000000000000000000000000000000000145,Pessoa Fictícia-0026,CPF-FICTICIO-0026,Procurador Institucional,urn:fake:pdfa:ato-designacao:lote03,https://w3id.org/ufes/ontodiplomadigital/instancias-ficticias#historicoLote143,HISTORICO-0145
CASO-0146,https://w3id.org/ufes/ontodiplomadigital/instancias-ficticias#diplomaLote144,DIPLOMA-0146,Diploma digital,Revogado,1.05,produção,2027-04-19,Portal Público Fictício de Consulta de Diplomas,https://consulta-diploma.exemplo.gov.br,https://w3id.org/ufes/ontodiplomadigital/instancias-ficticias#diplomadoLote144,Pessoa Fictícia-0346,Brasileira,https://w3id.org/ufes/ontodiplomadigital/instancias-ficticias#localNaturalidadeBr3550308,3550308,São Paulo,SP,,CPF-FICTICIO-0622,https://w3id.org/ufes/ontodiplomadigital/instancias-ficticias#cursoLote144,CURSO-0146,Tecnologia em Memoria Institucional,,2400,2027-03-18,Tecnologia,Tecnólogo,Especialista em Memoria Institucional,tratamento documental,Semipresencial,Processos de registro academico,2027-03-18,EMEC-FAKE-2027-0146,Análise de regularidade do curso 146,2026-10-24,2026-10-09,https://w3id.org/ufes/ontodiplomadigital/instancias-ficticias#enderecoCursoLote12,"Campus de Dados 12, Bloco B",,,,Salvador,BA,31012-000,Brasil,,Universidade Metropolitana da Informação,https://w3id.org/ufes/ontodiplomadigital/instancias-ficticias#iesEmissoraLote04,MEC-EM-0004,CNPJ-FICTICIO-0021/CNPJ-FICTICIO-0022,"Avenida Sintetica 104, Setor Emissor",Brasilia,DF,29004-000,Brasil,Centro Universitario de Rastreabilidade Acadêmica,https://w3id.org/ufes/ontodiplomadigital/instancias-ficticias#iesRegistradoraLote08,MEC-RG-0008,CNPJ-FICTICIO-0039/CNPJ-FICTICIO-0040,"Rua Registral 208, Setor de Proveniencia",Vitoria,ES,30008-000,Brasil,https://w3id.org/ufes/ontodiplomadigital/instancias-ficticias#registroLote144,ReqDip00000000000000000000000000000000000000000146,PROCESSO-DIPLOMA-0146,2027-03-25,2027-04-09,2027-04-24,L-2027-4,REGISTRO-0146,144,146,Caso sintetico 146 com status revogado e modalidade semipresencial.,https://w3id.org/ufes/ontodiplomadigital/instancias-ficticias#responsavelRegistroLote144,Pessoa Fictícia-0056,CPF-FICTICIO-0623,RESPONSAVEL-REGISTRO-0146,Assinante Fictício-0347,CPF-FICTICIO-0624,Reitoria de Registro 9,Assinante Fictício-0010,CPF-FICTICIO-0625,Reitora,https://w3id.org/ufes/ontodiplomadigital/instancias-ficticias#assinaturaLote144,2027-04-24T08:34:00,PAdES,Assinatura da pessoa jurídica registradora,Centro Universitario de Rastreabilidade Acadêmica,,2027-04-24T08:34:00,https://w3id.org/ufes/ontodiplomadigital/instancias-ficticias#codigoValidacaoLote144,CODIGO-VALIDACAO-FICTICIO-0650,https://w3id.org/ufes/ontodiplomadigital/instancias-ficticias#documentacaoAcademicaLote144,ReqDip00000000000000000000000000000000000000000146,Pessoa Fictícia-0031,CPF-FICTICIO-0031,Procuradora Institucional,urn:fake:pdfa:ato-designacao:lote04,https://w3id.org/ufes/ontodiplomadigital/instancias-ficticias#historicoLote144,HISTORICO-0146
CASO-0147,https://w3id.org/ufes/ontodiplomadigital/instancias-ficticias#diplomaLote145,DIPLOMA-0147,Diploma digital,Anulado,1.05,homologação,2027-04-22,GovBR Acadêmico Fictício,https://govbr-academico.exemplo.gov.br,https://w3id.org/ufes/ontodiplomadigital/instancias-ficticias#diplomadoLote145,Pessoa Fictícia-0348,Brasileira,https://w3id.org/ufes/ontodiplomadigital/instancias-ficticias#localNaturalidadeBr3304557,3304557,Rio de Janeiro,RJ,,CPF-FICTICIO-0626,https://w3id.org/ufes/ontodiplomadigital/instancias-ficticias#cursoLote145,CURSO-0147,Bacharelado em Ciência de Dados Publicos,CURSO-FAKE-0147,2600,2027-03-21,Bacharelado,Bacharel,,interoperabilidade semantica,Presencial,,,,,,,https://w3id.org/ufes/ontodiplomadigital/instancias-ficticias#enderecoCursoLote11,"Campus de Dados 11, Bloco A",,,,Belo Horizonte,MG,31011-000,Brasil,,Faculdade Nacional de Dados Ligados,https://w3id.org/ufes/ontodiplomadigital/instancias-ficticias#iesEmissoraLote05,MEC-EM-0005,CNPJ-FICTICIO-0025/CNPJ-FICTICIO-0026,"Avenida Sintetica 105, Setor Emissor",Recife,PE,29005-000,Brasil,Universidade Registradora do Brasil Digital,https://w3id.org/ufes/ontodiplomadigital/instancias-ficticias#iesRegistradoraLote01,MEC-RG-0001,CNPJ-FICTICIO-0011/CNPJ-FICTICIO-0012,"Rua Registral 201, Setor de Proveniencia",Curitiba,PR,30001-000,Brasil,https://w3id.org/ufes/ontodiplomadigital/instancias-ficticias#registroLote145,ReqDip00000000000000000000000000000000000000000147,PROCESSO-DIPLOMA-0147,2027-03-28,2027-04-12,2027-04-27,L-2027-5,REGISTRO-0147,145,147,Caso sintetico 147 com status anulado e modalidade presencial.,https://w3id.org/ufes/ontodiplomadigital/instancias-ficticias#responsavelRegistroLote145,Pessoa Fictícia-0013,CPF-FICTICIO-0627,RESPONSAVEL-REGISTRO-0147,Assinante Fictício-0349 | Assinante Fictício-0350,CPF-FICTICIO-0628 | CPF-FICTICIO-0629,Reitoria de Registro 1 | Secretaria Acadêmica Integrada,Assinante Fictício-0015,CPF-FICTICIO-0630,Diretor Acadêmico,https://w3id.org/ufes/ontodiplomadigital/instancias-ficticias#assinaturaLote145,2027-04-27T09:35:00,XAdES,Assinatura da pessoa jurídica emissora,Faculdade Nacional de Dados Ligados,,2027-04-27T09:35:00,https://w3id.org/ufes/ontodiplomadigital/instancias-ficticias#codigoValidacaoLote145,CODIGO-VALIDACAO-FICTICIO-0651,https://w3id.org/ufes/ontodiplomadigital/instancias-ficticias#documentacaoAcademicaLote145,ReqDip00000000000000000000000000000000000000000147,Assinante Fictício-0005,CPF-FICTICIO-0037,Reitor,urn:fake:pdfa:ato-designacao:lote05,https://w3id.org/ufes/ontodiplomadigital/instancias-ficticias#historicoLote145,HISTORICO-0147
CASO-0148,https://w3id.org/ufes/ontodiplomadigital/instancias-ficticias#diplomaLote146,DIPLOMA-0148,Diploma digital,Ativo,1.05,produção,2027-04-25,Portal Público Fictício de Consulta de Diplomas,https://consulta-diploma.exemplo.gov.br,https://w3id.org/ufes/ontodiplomadigital/instancias-ficticias#diplomadoLote146,Pessoa Fictícia-0351,Brasileira,https://w3id.org/ufes/ontodiplomadigital/instancias-ficticias#localNaturalidadeBr2927408,2927408,Salvador,BA,,CPF-FICTICIO-0631,https://w3id.org/ufes/ontodiplomadigital/instancias-ficticias#cursoLote146,CURSO-0148,Licenciatura em Curadoria Digital,CURSO-FAKE-0148,2800,2027-03-24,Licenciatura,Licenciado,,curadoria digital,EaD,,,,,,,https://w3id.org/ufes/ontodiplomadigital/instancias-ficticias#enderecoCursoLote02,"Campus de Dados 02, Bloco B",,,,Recife,PE,31002-000,Brasil,,Universidade de Estudos Documentais,https://w3id.org/ufes/ontodiplomadigital/instancias-ficticias#iesEmissoraLote06,MEC-EM-0006,CNPJ-FICTICIO-0029/CNPJ-FICTICIO-0030,"Avenida Sintetica 106, Setor Emissor",Curitiba,PR,29006-000,Brasil,Centro de Registro Interoperável,https://w3id.org/ufes/ontodiplomadigital/instancias-ficticias#iesRegistradoraLote02,MEC-RG-0002,CNPJ-FICTICIO-0015/CNPJ-FICTICIO-0016,"Rua Registral 202, Setor de Proveniencia",Fortaleza,CE,30002-000,Brasil,https://w3id.org/ufes/ontodiplomadigital/instancias-ficticias#registroLote146,ReqDip00000000000000000000000000000000000000000148,PROCESSO-DIPLOMA-0148,2027-03-31,2027-04-15,2027-04-30,L-2027-6,REGISTRO-0148,146,148,Caso sintetico 148 com status ativo e modalidade ead.,https://w3id.org/ufes/ontodiplomadigital/instancias-ficticias#responsavelRegistroLote146,Pessoa Fictícia-0018,CPF-FICTICIO-0632,RESPONSAVEL-REGISTRO-0148,Assinante Fictício-0352,CPF-FICTICIO-0633,Reitoria de Registro 2,Assinante Fictício-0020,CPF-FICTICIO-0634,Diretora Acadêmica,https://w3id.org/ufes/ontodiplomadigital/instancias-ficticias#assinaturaLote146,2027-04-30T10:36:00,CAdES,Assinatura PFResponsavel Registro,,,2027-04-30T10:36:00,https://w3id.org/ufes/ontodiplomadigital/instancias-ficticias#codigoValidacaoLote146,CODIGO-VALIDACAO-FICTICIO-0652,https://w3id.org/ufes/ontodiplomadigital/instancias-ficticias#documentacaoAcademicaLote146,ReqDip00000000000000000000000000000000000000000148,Assinante Fictício-0010,CPF-FICTICIO-0042,Reitora,urn:fake:pdfa:ato-designacao:lote06,https://w3id.org/ufes/ontodiplomadigital/instancias-ficticias#historicoLote146,HISTORICO-0148
CASO-0149,https://w3id.org/ufes/ontodiplomadigital/instancias-ficticias#diplomaLote147,DIPLOMA-0149,Diploma digital,Ativo,1.05,homologação,2027-04-28,GovBR Acadêmico Fictício,https://govbr-academico.exemplo.gov.br,https://w3id.org/ufes/ontodiplomadigital/instancias-ficticias#diplomadoLote147,Pessoa Fictícia-0353,Portuguesa,https://w3id.org/ufes/ontodiplomadigital/instancias-ficticias#localNaturalidadeEstrangeiraLisboa,,,,Lisboa,CPF-FICTICIO-0635,https://w3id.org/ufes/ontodiplomadigital/instancias-ficticias#cursoLote147,CURSO-0149,Tecnologia em Arquivologia Aplicada,CURSO-FAKE-0149,3000,2027-03-27,Tecnologia,Tecnólogo,,organizacao do conhecimento,Semipresencial,Análise semantica aplicada,2027-03-27,,,,,https://w3id.org/ufes/ontodiplomadigital/instancias-ficticias#enderecoCursoLote06,"Campus de Dados 06, Bloco A",,,,Sao Paulo,SP,31006-000,Brasil,,Centro Acadêmico de Interoperabilidade,https://w3id.org/ufes/ontodiplomadigital/instancias-ficticias#iesEmissoraLote07,MEC-EM-0007,CNPJ-FICTICIO-0033/CNPJ-FICTICIO-0034,"Avenida Sintetica 107, Setor Emissor",Fortaleza,CE,29007-000,Brasil,Instituto Nacional de Validação Acadêmica,https://w3id.org/ufes/ontodiplomadigital/instancias-ficticias#iesRegistradoraLote03,MEC-RG-0003,CNPJ-FICTICIO-0019/CNPJ-FICTICIO-0020,"Rua Registral 203, Setor de Proveniencia",Goiania,GO,30003-000,Brasil,https://w3id.org/ufes/ontodiplomadigital/instancias-ficticias#registroLote147,ReqDip00000000000000000000000000000000000000000149,PROCESSO-DIPLOMA-0149,2027-04-03,2027-04-18,2027-05-03,L-2027-7,REGISTRO-0149,147,149,Caso sintetico 149 com status ativo e modalidade semipresencial.,https://w3id.org/ufes/ontodiplomadigital/instancias-ficticias#responsavelRegistroLote147,Pessoa Fictícia-0023,CPF-FICTICIO-0636,RESPONSAVEL-REGISTRO-0149,Assinante Fictício-0354,CPF-FICTICIO-0637,Reitoria de Registro 3,Assinante Fictício-0025,CPF-FICTICIO-0638,Secretario Geral Acadêmico,https://w3id.org/ufes/ontodiplomadigital/instancias-ficticias#assinaturaLote147,2027-05-03T11:37:00,PAdES,Assinatura da pessoa física emissora,,,2027-05-03T11:37:00,https://w3id.org/ufes/ontodiplomadigital/instancias-ficticias#codigoValidacaoLote147,CODIGO-VALIDACAO-FICTICIO-0653,https://w3id.org/ufes/ontodiplomadigital/instancias-ficticias#documentacaoAcademicaLote147,ReqDip00000000000000000000000000000000000000000149,Assinante Fictício-0015,CPF-FICTICIO-0047,Diretor Geral,urn:fake:pdfa:ato-designacao:lote07,https://w3id.org/ufes/ontodiplomadigital/instancias-ficticias#historicoLote147,HISTORICO-0149
CASO-0150,https://w3id.org/ufes/ontodiplomadigital/instancias-ficticias#diplomaLote148,DIPLOMA-0150,Diploma digital,Ativo,1.05,produção,2027-05-01,Portal Público Fictício de Consulta de Diplomas,https://consulta-diploma.exemplo.gov.br,https://w3id.org/ufes/ontodiplomadigital/instancias-ficticias#diplomadoLote148,Pessoa Fictícia-0355,Brasileira,https://w3id.org/ufes/ontodiplomadigital/instancias-ficticias#localNaturalidadeBr4106902,4106902,Curitiba,PR,,CPF-FICTICIO-0639,https://w3id.org/ufes/ontodiplomadigital/instancias-ficticias#cursoLote148,CURSO-0150,Bacharelado em Biblioteconomia Analitica,,3200,2027-03-30,Bacharelado,Bacharel,,preservacao e acesso,Presencial,,,EMEC-FAKE-2027-0150,Análise de regularidade do curso 150,2026-11-05,2026-10-21,https://w3id.org/ufes/ontodiplomadigital/instancias-ficticias#enderecoCursoLote04,"Campus de Dados 04, Bloco D",,,,Fortaleza,CE,31004-000,Brasil,,Instituto Superior de Preservacao Informacional,https://w3id.org/ufes/ontodiplomadigital/instancias-ficticias#iesEmissoraLote08,MEC-EM-0008,CNPJ-FICTICIO-0037/CNPJ-FICTICIO-0038,"Avenida Sintetica 108, Setor Emissor",Goiania,GO,29008-000,Brasil,Universidade Curadora de Diplomas,https://w3id.org/ufes/ontodiplomadigital/instancias-ficticias#iesRegistradoraLote04,MEC-RG-0004,CNPJ-FICTICIO-0023/CNPJ-FICTICIO-0024,"Rua Registral 204, Setor de Proveniencia",Sao Paulo,SP,30004-000,Brasil,https://w3id.org/ufes/ontodiplomadigital/instancias-ficticias#registroLote148,ReqDip00000000000000000000000000000000000000000150,PROCESSO-DIPLOMA-0150,2027-04-06,2027-04-21,2027-05-06,L-2027-1,REGISTRO-0150,148,150,Caso sintetico 150 com status ativo e modalidade presencial.,https://w3id.org/ufes/ontodiplomadigital/instancias-ficticias#responsavelRegistroLote148,Pessoa Fictícia-0028,CPF-FICTICIO-0640,RESPONSAVEL-REGISTRO-0150,Assinante Fictício-0356,CPF-FICTICIO-0641,Reitoria de Registro 4,Assinante Fictício-0030,CPF-FICTICIO-0642,Secretaria Geral Acadêmica,https://w3id.org/ufes/ontodiplomadigital/instancias-ficticias#assinaturaLote148,2027-05-06T12:38:00,XAdES,Assinatura PJArquivamento Documentacao Academica,Instituto Superior de Preservacao Informacional,,2027-05-06T12:38:00,https://w3id.org/ufes/ontodiplomadigital/instancias-ficticias#codigoValidacaoLote148,CODIGO-VALIDACAO-FICTICIO-0654,https://w3id.org/ufes/ontodiplomadigital/instancias-ficticias#documentacaoAcademicaLote148,ReqDip00000000000000000000000000000000000000000150,Assinante Fictício-0020,CPF-FICTICIO-0052,Diretora Geral,urn:fake:pdfa:ato-designacao:lote08,https://w3id.org/ufes/ontodiplomadigital/instancias-ficticias#historicoLote148,HISTORICO-0150
CASO-0151,https://w3id.org/ufes/ontodiplomadigital/instancias-ficticias#diplomaLote149,DIPLOMA-0151,Diploma digital,Revogado,1.05,homologação,2027-05-04,GovBR Acadêmico Fictício,https://govbr-academico.exemplo.gov.br,https://w3id.org/ufes/ontodiplomadigital/instancias-ficticias#diplomadoLote149,Pessoa Fictícia-0357,Brasileira,https://w3id.org/ufes/ontodiplomadigital/instancias-ficticias#localNaturalidadeBr2800308,2800308,Aracaju,SE,,CPF-FICTICIO-0643,https://w3id.org/ufes/ontodiplomadigital/instancias-ficticias#cursoLote149,CURSO-0151,Licenciatura em Gestão da Informação,CURSO-FAKE-0151,3400,2027-04-02,Licenciatura,Licenciado,,governanca de dados,EaD,,,,,,,https://w3id.org/ufes/ontodiplomadigital/instancias-ficticias#enderecoCursoLote02,"Campus de Dados 02, Bloco B",,,,Recife,PE,31002-000,Brasil,,Universidade do Patrimonio Digital,https://w3id.org/ufes/ontodiplomadigital/instancias-ficticias#iesEmissoraLote09,MEC-EM-0009,CNPJ-FICTICIO-0041/CNPJ-FICTICIO-0042,"Avenida Sintetica 109, Setor Emissor",Sao Paulo,SP,29009-000,Brasil,Centro Registral de Conhecimento Aplicado,https://w3id.org/ufes/ontodiplomadigital/instancias-ficticias#iesRegistradoraLote05,MEC-RG-0005,CNPJ-FICTICIO-0027/CNPJ-FICTICIO-0028,"Rua Registral 205, Setor de Proveniencia",Rio de Janeiro,RJ,30005-000,Brasil,https://w3id.org/ufes/ontodiplomadigital/instancias-ficticias#registroLote149,ReqDip00000000000000000000000000000000000000000151,PROCESSO-DIPLOMA-0151,2027-04-09,2027-04-24,2027-05-09,L-2027-2,REGISTRO-0151,149,151,Caso sintetico 151 com status revogado e modalidade ead.,https://w3id.org/ufes/ontodiplomadigital/instancias-ficticias#responsavelRegistroLote149,Pessoa Fictícia-0033,CPF-FICTICIO-0644,RESPONSAVEL-REGISTRO-0151,Assinante Fictício-0358,CPF-FICTICIO-0645,Reitoria de Registro 5,Pessoa Fictícia-0006,CPF-FICTICIO-0646,Pro-Reitor de Graduacao,https://w3id.org/ufes/ontodiplomadigital/instancias-ficticias#assinaturaLote149,2027-05-09T13:39:00,CAdES,Assinatura da pessoa jurídica registradora,Centro Registral de Conhecimento Aplicado,,2027-05-09T13:39:00,https://w3id.org/ufes/ontodiplomadigital/instancias-ficticias#codigoValidacaoLote149,CODIGO-VALIDACAO-FICTICIO-0655,https://w3id.org/ufes/ontodiplomadigital/instancias-ficticias#documentacaoAcademicaLote149,ReqDip00000000000000000000000000000000000000000151,Assinante Fictício-0025,CPF-FICTICIO-0057,Procurador Institucional,urn:fake:pdfa:ato-designacao:lote09,https://w3id.org/ufes/ontodiplomadigital/instancias-ficticias#historicoLote149,HISTORICO-0151
CASO-0152,https://w3id.org/ufes/ontodiplomadigital/instancias-ficticias#diplomaLote150,DIPLOMA-0152,Diploma digital,Anulado,1.05,produção,2027-05-07,Portal Público Fictício de Consulta de Diplomas,https://consulta-diploma.exemplo.gov.br,https://w3id.org/ufes/ontodiplomadigital/instancias-ficticias#diplomadoLote150,Pessoa Fictícia-0359,Brasileira,https://w3id.org/ufes/ontodiplomadigital/instancias-ficticias#localNaturalidadeBr4106902,4106902,Curitiba,PR,,CPF-FICTICIO-0647,https://w3id.org/ufes/ontodiplomadigital/instancias-ficticias#cursoLote150,CURSO-0152,Tecnologia em Humanidades Digitais,,2400,2027-04-05,Tecnologia,Tecnólogo,Especialista em Humanidades Digitais,tratamento documental,Semipresencial,Processos de registro academico,2027-04-05,EMEC-FAKE-2027-0152,Análise de regularidade do curso 152,2026-11-11,2026-10-27,https://w3id.org/ufes/ontodiplomadigital/instancias-ficticias#enderecoCursoLote06,"Campus de Dados 06, Bloco A",,,,Sao Paulo,SP,31006-000,Brasil,,Centro Universitario de Modelagem Conceitual,https://w3id.org/ufes/ontodiplomadigital/instancias-ficticias#iesEmissoraLote10,MEC-EM-0010,CNPJ-FICTICIO-0043/CNPJ-FICTICIO-0044,"Avenida Sintetica 110, Setor Emissor",Rio de Janeiro,RJ,29010-000,Brasil,Universidade Federal de Registro Semântico,https://w3id.org/ufes/ontodiplomadigital/instancias-ficticias#iesRegistradoraLote06,MEC-RG-0006,CNPJ-FICTICIO-0031/CNPJ-FICTICIO-0032,"Rua Registral 206, Setor de Proveniencia",Florianopolis,SC,30006-000,Brasil,https://w3id.org/ufes/ontodiplomadigital/instancias-ficticias#registroLote150,ReqDip00000000000000000000000000000000000000000152,PROCESSO-DIPLOMA-0152,2027-04-12,2027-04-27,2027-05-12,L-2027-3,REGISTRO-0152,150,152,Caso sintetico 152 com status anulado e modalidade semipresencial.,https://w3id.org/ufes/ontodiplomadigital/instancias-ficticias#responsavelRegistroLote150,Pessoa Fictícia-0037,CPF-FICTICIO-0648,RESPONSAVEL-REGISTRO-0152,Assinante Fictício-0360 | Assinante Fictício-0361,CPF-FICTICIO-0649 | CPF-FICTICIO-0650,Reitoria de Registro 6 | Secretaria Acadêmica Integrada,Pessoa Fictícia-0011,CPF-FICTICIO-0651,Pro-Reitora de Graduacao,https://w3id.org/ufes/ontodiplomadigital/instancias-ficticias#assinaturaLote150,2027-05-12T14:40:00,PAdES,Assinatura da pessoa jurídica emissora,Centro Universitario de Modelagem Conceitual,,2027-05-12T14:40:00,https://w3id.org/ufes/ontodiplomadigital/instancias-ficticias#codigoValidacaoLote150,CODIGO-VALIDACAO-FICTICIO-0656,https://w3id.org/ufes/ontodiplomadigital/instancias-ficticias#documentacaoAcademicaLote150,ReqDip00000000000000000000000000000000000000000152,Assinante Fictício-0030,CPF-FICTICIO-0063,Procuradora Institucional,urn:fake:pdfa:ato-designacao:lote10,https://w3id.org/ufes/ontodiplomadigital/instancias-ficticias#historicoLote150,HISTORICO-0152
CASO-0153,https://w3id.org/ufes/ontodiplomadigital/instancias-ficticias#diplomaLote151,DIPLOMA-0153,Diploma digital,Ativo,1.05,homologação,2027-05-10,GovBR Acadêmico Fictício,https://govbr-academico.exemplo.gov.br,https://w3id.org/ufes/ontodiplomadigital/instancias-ficticias#diplomadoLote151,Pessoa Fictícia-0362,Brasileira,https://w3id.org/ufes/ontodiplomadigital/instancias-ficticias#localNaturalidadeBr3304557,3304557,Rio de Janeiro,RJ,,CPF-FICTICIO-0652,https://w3id.org/ufes/ontodiplomadigital/instancias-ficticias#cursoLote151,CURSO-0153,Bacharelado em Documentacao Tecnica,CURSO-FAKE-0153,2600,2027-04-08,Bacharelado,Bacharel,,interoperabilidade semantica,Presencial,,,,,,,https://w3id.org/ufes/ontodiplomadigital/instancias-ficticias#enderecoCursoLote09,"Campus de Dados 09, Bloco D",,,,Belem,PA,31009-000,Brasil,,Universidade Aberta do Conhecimento,https://w3id.org/ufes/ontodiplomadigital/instancias-ficticias#iesEmissoraLote01,MEC-EM-0001,CNPJ-FICTICIO-0009/CNPJ-FICTICIO-0010,"Avenida Sintetica 101, Setor Emissor",Vitoria,ES,29001-000,Brasil,Instituto de Segurança Documental,https://w3id.org/ufes/ontodiplomadigital/instancias-ficticias#iesRegistradoraLote07,MEC-RG-0007,CNPJ-FICTICIO-0035/CNPJ-FICTICIO-0036,"Rua Registral 207, Setor de Proveniencia",Belem,PA,30007-000,Brasil,https://w3id.org/ufes/ontodiplomadigital/instancias-ficticias#registroLote151,ReqDip00000000000000000000000000000000000000000153,PROCESSO-DIPLOMA-0153,2027-04-15,2027-04-30,2027-05-15,L-2027-4,REGISTRO-0153,151,153,Caso sintetico 153 com status ativo e modalidade presencial.,https://w3id.org/ufes/ontodiplomadigital/instancias-ficticias#responsavelRegistroLote151,Pessoa Fictícia-0040,CPF-FICTICIO-0653,RESPONSAVEL-REGISTRO-0153,Assinante Fictício-0363,CPF-FICTICIO-0654,Reitoria de Registro 7,Pessoa Fictícia-0016,CPF-FICTICIO-0655,Reitor,https://w3id.org/ufes/ontodiplomadigital/instancias-ficticias#assinaturaLote151,2027-05-15T15:41:00,XAdES,Assinatura PFResponsavel Registro,,,2027-05-15T15:41:00,https://w3id.org/ufes/ontodiplomadigital/instancias-ficticias#codigoValidacaoLote151,CODIGO-VALIDACAO-FICTICIO-0657,https://w3id.org/ufes/ontodiplomadigital/instancias-ficticias#documentacaoAcademicaLote151,ReqDip00000000000000000000000000000000000000000153,Pessoa Fictícia-0016,CPF-FICTICIO-0016,Diretor Geral,urn:fake:pdfa:ato-designacao:lote01,https://w3id.org/ufes/ontodiplomadigital/instancias-ficticias#historicoLote151,HISTORICO-0153
CASO-0154,https://w3id.org/ufes/ontodiplomadigital/instancias-ficticias#diplomaLote152,DIPLOMA-0154,Diploma digital,Ativo,1.05,produção,2027-05-13,Portal Público Fictício de Consulta de Diplomas,https://consulta-diploma.exemplo.gov.br,https://w3id.org/ufes/ontodiplomadigital/instancias-ficticias#diplomadoLote152,Pessoa Fictícia-0364,Brasileira,https://w3id.org/ufes/ontodiplomadigital/instancias-ficticias#localNaturalidadeBr2304400,2304400,Fortaleza,CE,,CPF-FICTICIO-0656,https://w3id.org/ufes/ontodiplomadigital/instancias-ficticias#cursoLote152,CURSO-0154,Licenciatura em Governanca Informacional,,2800,2027-04-11,Licenciatura,Licenciado,,curadoria digital,EaD,,,EMEC-FAKE-2027-0154,Análise de regularidade do curso 154,2026-11-17,2026-11-02,https://w3id.org/ufes/ontodiplomadigital/instancias-ficticias#enderecoCursoLote08,"Campus de Dados 08, Bloco C",,,,Florianopolis,SC,31008-000,Brasil,,Centro Universitario Horizonte Semântico,https://w3id.org/ufes/ontodiplomadigital/instancias-ficticias#iesEmissoraLote02,MEC-EM-0002,CNPJ-FICTICIO-0013/CNPJ-FICTICIO-0014,"Avenida Sintetica 102, Setor Emissor",Belo Horizonte,MG,29002-000,Brasil,Centro Universitario de Rastreabilidade Acadêmica,https://w3id.org/ufes/ontodiplomadigital/instancias-ficticias#iesRegistradoraLote08,MEC-RG-0008,CNPJ-FICTICIO-0039/CNPJ-FICTICIO-0040,"Rua Registral 208, Setor de Proveniencia",Vitoria,ES,30008-000,Brasil,https://w3id.org/ufes/ontodiplomadigital/instancias-ficticias#registroLote152,ReqDip00000000000000000000000000000000000000000154,PROCESSO-DIPLOMA-0154,2027-04-18,2027-05-03,2027-05-18,L-2027-5,REGISTRO-0154,152,154,Caso sintetico 154 com status ativo e modalidade ead.,https://w3id.org/ufes/ontodiplomadigital/instancias-ficticias#responsavelRegistroLote152,Pessoa Fictícia-0043,CPF-FICTICIO-0657,RESPONSAVEL-REGISTRO-0154,Assinante Fictício-0365,CPF-FICTICIO-0658,Reitoria de Registro 8,Pessoa Fictícia-0021,CPF-FICTICIO-0659,Reitora,https://w3id.org/ufes/ontodiplomadigital/instancias-ficticias#assinaturaLote152,2027-05-18T16:42:00,CAdES,Assinatura da pessoa física emissora,,,2027-05-18T16:42:00,https://w3id.org/ufes/ontodiplomadigital/instancias-ficticias#codigoValidacaoLote152,CODIGO-VALIDACAO-FICTICIO-0658,https://w3id.org/ufes/ontodiplomadigital/instancias-ficticias#documentacaoAcademicaLote152,ReqDip00000000000000000000000000000000000000000154,Pessoa Fictícia-0021,CPF-FICTICIO-0021,Diretora Geral,urn:fake:pdfa:ato-designacao:lote02,https://w3id.org/ufes/ontodiplomadigital/instancias-ficticias#historicoLote152,HISTORICO-0154
CASO-0155,https://w3id.org/ufes/ontodiplomadigital/instancias-ficticias#diplomaLote153,DIPLOMA-0155,Diploma digital,Ativo,1.05,homologação,2027-05-16,GovBR Acadêmico Fictício,https://govbr-academico.exemplo.gov.br,https://w3id.org/ufes/ontodiplomadigital/instancias-ficticias#diplomadoLote153,Pessoa Fictícia-0366,Brasileira,https://w3id.org/ufes/ontodiplomadigital/instancias-ficticias#localNaturalidadeBr5002704,5002704,Campo Grande,MS,,CPF-FICTICIO-0660,https://w3id.org/ufes/ontodiplomadigital/instancias-ficticias#cursoLote153,CURSO-0155,Tecnologia em Interoperabilidade Semântica,CURSO-FAKE-0155,3000,2027-04-14,Tecnologia,Tecnólogo,,organizacao do conhecimento,Semipresencial,Análise semantica aplicada,2027-04-14,,,,,https://w3id.org/ufes/ontodiplomadigital/instancias-ficticias#enderecoCursoLote06,"Campus de Dados 06, Bloco A",,,,Sao Paulo,SP,31006-000,Brasil,,Instituto Federal de Curadoria Digital,https://w3id.org/ufes/ontodiplomadigital/instancias-ficticias#iesEmissoraLote03,MEC-EM-0003,CNPJ-FICTICIO-0017/CNPJ-FICTICIO-0018,"Avenida Sintetica 103, Setor Emissor",Salvador,BA,29003-000,Brasil,Universidade Registradora do Brasil Digital,https://w3id.org/ufes/ontodiplomadigital/instancias-ficticias#iesRegistradoraLote01,MEC-RG-0001,CNPJ-FICTICIO-0011/CNPJ-FICTICIO-0012,"Rua Registral 201, Setor de Proveniencia",Curitiba,PR,30001-000,Brasil,https://w3id.org/ufes/ontodiplomadigital/instancias-ficticias#registroLote153,ReqDip00000000000000000000000000000000000000000155,PROCESSO-DIPLOMA-0155,2027-04-21,2027-05-06,2027-05-21,L-2027-6,REGISTRO-0155,153,155,Caso sintetico 155 com status ativo e modalidade semipresencial.,https://w3id.org/ufes/ontodiplomadigital/instancias-ficticias#responsavelRegistroLote153,Pessoa Fictícia-0046,CPF-FICTICIO-0661,RESPONSAVEL-REGISTRO-0155,Assinante Fictício-0367,CPF-FICTICIO-0662,Reitoria de Registro 9,Pessoa Fictícia-0026,CPF-FICTICIO-0663,Diretor Acadêmico,https://w3id.org/ufes/ontodiplomadigital/instancias-ficticias#assinaturaLote153,2027-05-21T08:43:00,PAdES,Assinatura PJArquivamento Documentacao Academica,Instituto Federal de Curadoria Digital,,2027-05-21T08:43:00,https://w3id.org/ufes/ontodiplomadigital/instancias-ficticias#codigoValidacaoLote153,CODIGO-VALIDACAO-FICTICIO-0659,https://w3id.org/ufes/ontodiplomadigital/instancias-ficticias#documentacaoAcademicaLote153,ReqDip00000000000000000000000000000000000000000155,Pessoa Fictícia-0026,CPF-FICTICIO-0026,Procurador Institucional,urn:fake:pdfa:ato-designacao:lote03,https://w3id.org/ufes/ontodiplomadigital/instancias-ficticias#historicoLote153,HISTORICO-0155
CASO-0156,https://w3id.org/ufes/ontodiplomadigital/instancias-ficticias#diplomaLote154,DIPLOMA-0156,Diploma digital,Revogado,1.05,produção,2027-05-19,Portal Público Fictício de Consulta de Diplomas,https://consulta-diploma.exemplo.gov.br,https://w3id.org/ufes/ontodiplomadigital/instancias-ficticias#diplomadoLote154,Pessoa Fictícia-0368,Brasileira,https://w3id.org/ufes/ontodiplomadigital/instancias-ficticias#localNaturalidadeBr1302603,1302603,Manaus,AM,,CPF-FICTICIO-0664,https://w3id.org/ufes/ontodiplomadigital/instancias-ficticias#cursoLote154,CURSO-0156,Bacharelado em Preservacao Digital,CURSO-FAKE-0156,3200,2027-04-17,Bacharelado,Bacharel,,preservacao e acesso,Presencial,,,,,,,https://w3id.org/ufes/ontodiplomadigital/instancias-ficticias#enderecoCursoLote10,"Campus de Dados 10, Bloco E",,,,Vitoria,ES,31010-000,Brasil,,Universidade Metropolitana da Informação,https://w3id.org/ufes/ontodiplomadigital/instancias-ficticias#iesEmissoraLote04,MEC-EM-0004,CNPJ-FICTICIO-0021/CNPJ-FICTICIO-0022,"Avenida Sintetica 104, Setor Emissor",Brasilia,DF,29004-000,Brasil,Centro de Registro Interoperável,https://w3id.org/ufes/ontodiplomadigital/instancias-ficticias#iesRegistradoraLote02,MEC-RG-0002,CNPJ-FICTICIO-0015/CNPJ-FICTICIO-0016,"Rua Registral 202, Setor de Proveniencia",Fortaleza,CE,30002-000,Brasil,https://w3id.org/ufes/ontodiplomadigital/instancias-ficticias#registroLote154,ReqDip00000000000000000000000000000000000000000156,PROCESSO-DIPLOMA-0156,2027-04-24,2027-05-09,2027-05-24,L-2027-7,REGISTRO-0156,154,156,Caso sintetico 156 com status revogado e modalidade presencial.,https://w3id.org/ufes/ontodiplomadigital/instancias-ficticias#responsavelRegistroLote154,Pessoa Fictícia-0049,CPF-FICTICIO-0665,RESPONSAVEL-REGISTRO-0156,Assinante Fictício-0369,CPF-FICTICIO-0666,Reitoria de Registro 1,Pessoa Fictícia-0031,CPF-FICTICIO-0667,Diretora Acadêmica,https://w3id.org/ufes/ontodiplomadigital/instancias-ficticias#assinaturaLote154,2027-05-24T09:44:00,XAdES,Assinatura da pessoa jurídica registradora,Centro de Registro Interoperável,Autoridade Certificadora Fictícia Integridade Digital,2027-05-24T09:44:00,https://w3id.org/ufes/ontodiplomadigital/instancias-ficticias#codigoValidacaoLote154,CODIGO-VALIDACAO-FICTICIO-0660,https://w3id.org/ufes/ontodiplomadigital/instancias-ficticias#documentacaoAcademicaLote154,ReqDip00000000000000000000000000000000000000000156,Pessoa Fictícia-0031,CPF-FICTICIO-0031,Procuradora Institucional,urn:fake:pdfa:ato-designacao:lote04,https://w3id.org/ufes/ontodiplomadigital/instancias-ficticias#historicoLote154,HISTORICO-0156
CASO-0157,https://w3id.org/ufes/ontodiplomadigital/instancias-ficticias#diplomaLote155,DIPLOMA-0157,Diploma digital,Anulado,1.05,homologação,2027-05-22,GovBR Acadêmico Fictício,https://govbr-academico.exemplo.gov.br,https://w3id.org/ufes/ontodiplomadigital/instancias-ficticias#diplomadoLote155,Pessoa Fictícia-0370,Brasileira,https://w3id.org/ufes/ontodiplomadigital/instancias-ficticias#localNaturalidadeBr4314902,4314902,Porto Alegre,RS,,CPF-FICTICIO-0668,https://w3id.org/ufes/ontodiplomadigital/instancias-ficticias#cursoLote155,CURSO-0157,Licenciatura em Análise Territorial de Dados,CURSO-FAKE-0157,3400,2027-04-20,Licenciatura,Licenciado,,governanca de dados,EaD,,,,,,,https://w3id.org/ufes/ontodiplomadigital/instancias-ficticias#enderecoCursoLote09,"Campus de Dados 09, Bloco D",,,,Belem,PA,31009-000,Brasil,,Faculdade Nacional de Dados Ligados,https://w3id.org/ufes/ontodiplomadigital/instancias-ficticias#iesEmissoraLote05,MEC-EM-0005,CNPJ-FICTICIO-0025/CNPJ-FICTICIO-0026,"Avenida Sintetica 105, Setor Emissor",Recife,PE,29005-000,Brasil,Instituto Nacional de Validação Acadêmica,https://w3id.org/ufes/ontodiplomadigital/instancias-ficticias#iesRegistradoraLote03,MEC-RG-0003,CNPJ-FICTICIO-0019/CNPJ-FICTICIO-0020,"Rua Registral 203, Setor de Proveniencia",Goiania,GO,30003-000,Brasil,https://w3id.org/ufes/ontodiplomadigital/instancias-ficticias#registroLote155,ReqDip00000000000000000000000000000000000000000157,PROCESSO-DIPLOMA-0157,2027-04-27,2027-05-12,2027-05-27,L-2027-1,REGISTRO-0157,155,157,Caso sintetico 157 com status anulado e modalidade ead.,https://w3id.org/ufes/ontodiplomadigital/instancias-ficticias#responsavelRegistroLote155,Pessoa Fictícia-0053,CPF-FICTICIO-0669,RESPONSAVEL-REGISTRO-0157,Assinante Fictício-0371 | Assinante Fictício-0372,CPF-FICTICIO-0670 | CPF-FICTICIO-0671,Reitoria de Registro 2 | Secretaria Acadêmica Integrada,Assinante Fictício-0005,CPF-FICTICIO-0672,Secretario Geral Acadêmico,https://w3id.org/ufes/ontodiplomadigital/instancias-ficticias#assinaturaLote155,2027-05-27T10:45:00,CAdES,Assinatura da pessoa jurídica emissora,Faculdade Nacional de Dados Ligados,,2027-05-27T10:45:00,https://w3id.org/ufes/ontodiplomadigital/instancias-ficticias#codigoValidacaoLote155,CODIGO-VALIDACAO-FICTICIO-0661,https://w3id.org/ufes/ontodiplomadigital/instancias-ficticias#documentacaoAcademicaLote155,ReqDip00000000000000000000000000000000000000000157,Assinante Fictício-0005,CPF-FICTICIO-0037,Reitor,urn:fake:pdfa:ato-designacao:lote05,https://w3id.org/ufes/ontodiplomadigital/instancias-ficticias#historicoLote155,HISTORICO-0157
CASO-0158,https://w3id.org/ufes/ontodiplomadigital/instancias-ficticias#diplomaLote156,DIPLOMA-0158,Diploma digital,Ativo,1.05,produção,2027-05-25,Portal Público Fictício de Consulta de Diplomas,https://consulta-diploma.exemplo.gov.br,https://w3id.org/ufes/ontodiplomadigital/instancias-ficticias#diplomadoLote156,Pessoa Fictícia-0373,Brasileira,https://w3id.org/ufes/ontodiplomadigital/instancias-ficticias#localNaturalidadeBr1200401,1200401,Rio Branco,AC,,CPF-FICTICIO-0673,https://w3id.org/ufes/ontodiplomadigital/instancias-ficticias#cursoLote156,CURSO-0158,Tecnologia em Memoria Institucional,,2400,2027-04-23,Tecnologia,Tecnólogo,Especialista em Memoria Institucional,tratamento documental,Semipresencial,Processos de registro academico,2027-04-23,EMEC-FAKE-2027-0158,Análise de regularidade do curso 158,2026-11-29,2026-11-14,https://w3id.org/ufes/ontodiplomadigital/instancias-ficticias#enderecoCursoLote12,"Campus de Dados 12, Bloco B",,,,Salvador,BA,31012-000,Brasil,,Universidade de Estudos Documentais,https://w3id.org/ufes/ontodiplomadigital/instancias-ficticias#iesEmissoraLote06,MEC-EM-0006,CNPJ-FICTICIO-0029/CNPJ-FICTICIO-0030,"Avenida Sintetica 106, Setor Emissor",Curitiba,PR,29006-000,Brasil,Universidade Curadora de Diplomas,https://w3id.org/ufes/ontodiplomadigital/instancias-ficticias#iesRegistradoraLote04,MEC-RG-0004,CNPJ-FICTICIO-0023/CNPJ-FICTICIO-0024,"Rua Registral 204, Setor de Proveniencia",Sao Paulo,SP,30004-000,Brasil,https://w3id.org/ufes/ontodiplomadigital/instancias-ficticias#registroLote156,ReqDip00000000000000000000000000000000000000000158,PROCESSO-DIPLOMA-0158,2027-04-30,2027-05-15,2027-05-30,L-2027-2,REGISTRO-0158,156,158,Caso sintetico 158 com status ativo e modalidade semipresencial.,https://w3id.org/ufes/ontodiplomadigital/instancias-ficticias#responsavelRegistroLote156,Pessoa Fictícia-0056,CPF-FICTICIO-0674,RESPONSAVEL-REGISTRO-0158,Assinante Fictício-0374,CPF-FICTICIO-0675,Reitoria de Registro 3,Assinante Fictício-0010,CPF-FICTICIO-0676,Secretaria Geral Acadêmica,https://w3id.org/ufes/ontodiplomadigital/instancias-ficticias#assinaturaLote156,2027-05-30T11:46:00,PAdES,Assinatura PFResponsavel Registro,,,2027-05-30T11:46:00,https://w3id.org/ufes/ontodiplomadigital/instancias-ficticias#codigoValidacaoLote156,CODIGO-VALIDACAO-FICTICIO-0662,https://w3id.org/ufes/ontodiplomadigital/instancias-ficticias#documentacaoAcademicaLote156,ReqDip00000000000000000000000000000000000000000158,Assinante Fictício-0010,CPF-FICTICIO-0042,Reitora,urn:fake:pdfa:ato-designacao:lote06,https://w3id.org/ufes/ontodiplomadigital/instancias-ficticias#historicoLote156,HISTORICO-0158
CASO-0159,https://w3id.org/ufes/ontodiplomadigital/instancias-ficticias#diplomaLote157,DIPLOMA-0159,Diploma digital,Ativo,1.05,homologação,2027-05-28,GovBR Acadêmico Fictício,https://govbr-academico.exemplo.gov.br,https://w3id.org/ufes/ontodiplomadigital/instancias-ficticias#diplomadoLote157,Pessoa Fictícia-0375,Brasileira,https://w3id.org/ufes/ontodiplomadigital/instancias-ficticias#localNaturalidadeBr2408102,2408102,Natal,RN,,CPF-FICTICIO-0677,https://w3id.org/ufes/ontodiplomadigital/instancias-ficticias#cursoLote157,CURSO-0159,Bacharelado em Ciência de Dados Publicos,CURSO-FAKE-0159,2600,2027-04-26,Bacharelado,Bacharel,,interoperabilidade semantica,Presencial,,,,,,,https://w3id.org/ufes/ontodiplomadigital/instancias-ficticias#enderecoCursoLote07,"Campus de Dados 07, Bloco B",,,,Rio de Janeiro,RJ,31007-000,Brasil,,Centro Acadêmico de Interoperabilidade,https://w3id.org/ufes/ontodiplomadigital/instancias-ficticias#iesEmissoraLote07,MEC-EM-0007,CNPJ-FICTICIO-0033/CNPJ-FICTICIO-0034,"Avenida Sintetica 107, Setor Emissor",Fortaleza,CE,29007-000,Brasil,Centro Registral de Conhecimento Aplicado,https://w3id.org/ufes/ontodiplomadigital/instancias-ficticias#iesRegistradoraLote05,MEC-RG-0005,CNPJ-FICTICIO-0027/CNPJ-FICTICIO-0028,"Rua Registral 205, Setor de Proveniencia",Rio de Janeiro,RJ,30005-000,Brasil,https://w3id.org/ufes/ontodiplomadigital/instancias-ficticias#registroLote157,ReqDip00000000000000000000000000000000000000000159,PROCESSO-DIPLOMA-0159,2027-05-03,2027-05-18,2027-06-02,L-2027-3,REGISTRO-0159,157,159,Caso sintetico 159 com status ativo e modalidade presencial.,https://w3id.org/ufes/ontodiplomadigital/instancias-ficticias#responsavelRegistroLote157,Pessoa Fictícia-0013,CPF-FICTICIO-0678,RESPONSAVEL-REGISTRO-0159,Assinante Fictício-0014,CPF-FICTICIO-0679,Reitoria de Registro 4,Assinante Fictício-0015,CPF-FICTICIO-0680,Pro-Reitor de Graduacao,https://w3id.org/ufes/ontodiplomadigital/instancias-ficticias#assinaturaLote157,2027-06-02T12:47:00,XAdES,Assinatura da pessoa física emissora,,,2027-06-02T12:47:00,https://w3id.org/ufes/ontodiplomadigital/instancias-ficticias#codigoValidacaoLote157,CODIGO-VALIDACAO-FICTICIO-0663,https://w3id.org/ufes/ontodiplomadigital/instancias-ficticias#documentacaoAcademicaLote157,ReqDip00000000000000000000000000000000000000000159,Assinante Fictício-0015,CPF-FICTICIO-0047,Diretor Geral,urn:fake:pdfa:ato-designacao:lote07,https://w3id.org/ufes/ontodiplomadigital/instancias-ficticias#historicoLote157,HISTORICO-0159
CASO-0160,https://w3id.org/ufes/ontodiplomadigital/instancias-ficticias#diplomaLote158,DIPLOMA-0160,Diploma digital,Ativo,1.05,produção,2027-05-31,Portal Público Fictício de Consulta de Diplomas,https://consulta-diploma.exemplo.gov.br,https://w3id.org/ufes/ontodiplomadigital/instancias-ficticias#diplomadoLote158,Pessoa Fictícia-0376,Brasileira,https://w3id.org/ufes/ontodiplomadigital/instancias-ficticias#localNaturalidadeBr4106902,4106902,Curitiba,PR,,CPF-FICTICIO-0681,https://w3id.org/ufes/ontodiplomadigital/instancias-ficticias#cursoLote158,CURSO-0160,Licenciatura em Curadoria Digital,CURSO-FAKE-0160,2800,2027-04-29,Licenciatura,Licenciado,,curadoria digital,EaD,,,,,,,https://w3id.org/ufes/ontodiplomadigital/instancias-ficticias#enderecoCursoLote02,"Campus de Dados 02, Bloco B",,,,Recife,PE,31002-000,Brasil,,Instituto Superior de Preservacao Informacional,https://w3id.org/ufes/ontodiplomadigital/instancias-ficticias#iesEmissoraLote08,MEC-EM-0008,CNPJ-FICTICIO-0037/CNPJ-FICTICIO-0038,"Avenida Sintetica 108, Setor Emissor",Goiania,GO,29008-000,Brasil,Universidade Federal de Registro Semântico,https://w3id.org/ufes/ontodiplomadigital/instancias-ficticias#iesRegistradoraLote06,MEC-RG-0006,CNPJ-FICTICIO-0031/CNPJ-FICTICIO-0032,"Rua Registral 206, Setor de Proveniencia",Florianopolis,SC,30006-000,Brasil,https://w3id.org/ufes/ontodiplomadigital/instancias-ficticias#registroLote158,ReqDip00000000000000000000000000000000000000000160,PROCESSO-DIPLOMA-0160,2027-05-06,2027-05-21,2027-06-05,L-2027-4,REGISTRO-0160,158,160,Caso sintetico 160 com status ativo e modalidade ead.,https://w3id.org/ufes/ontodiplomadigital/instancias-ficticias#responsavelRegistroLote158,Pessoa Fictícia-0018,CPF-FICTICIO-0682,RESPONSAVEL-REGISTRO-0160,Assinante Fictício-0019,CPF-FICTICIO-0683,Reitoria de Registro 5,Assinante Fictício-0020,CPF-FICTICIO-0684,Pro-Reitora de Graduacao,https://w3id.org/ufes/ontodiplomadigital/instancias-ficticias#assinaturaLote158,2027-06-05T13:48:00,CAdES,Assinatura PJArquivamento Documentacao Academica,Instituto Superior de Preservacao Informacional,,2027-06-05T13:48:00,https://w3id.org/ufes/ontodiplomadigital/instancias-ficticias#codigoValidacaoLote158,CODIGO-VALIDACAO-FICTICIO-0664,https://w3id.org/ufes/ontodiplomadigital/instancias-ficticias#documentacaoAcademicaLote158,ReqDip00000000000000000000000000000000000000000160,Assinante Fictício-0020,CPF-FICTICIO-0052,Diretora Geral,urn:fake:pdfa:ato-designacao:lote08,https://w3id.org/ufes/ontodiplomadigital/instancias-ficticias#historicoLote158,HISTORICO-0160
CASO-0161,https://w3id.org/ufes/ontodiplomadigital/instancias-ficticias#diplomaLote159,DIPLOMA-0161,Diploma digital,Revogado,1.05,homologação,2027-06-03,GovBR Acadêmico Fictício,https://govbr-academico.exemplo.gov.br,https://w3id.org/ufes/ontodiplomadigital/instancias-ficticias#diplomadoLote159,Pessoa Fictícia-0377,Brasileira,https://w3id.org/ufes/ontodiplomadigital/instancias-ficticias#localNaturalidadeBr4106902,4106902,Curitiba,PR,,CPF-FICTICIO-0685,https://w3id.org/ufes/ontodiplomadigital/instancias-ficticias#cursoLote159,CURSO-0161,Tecnologia em Arquivologia Aplicada,CURSO-FAKE-0161,3000,2027-05-02,Tecnologia,Tecnólogo,,organizacao do conhecimento,Semipresencial,Análise semantica aplicada,2027-05-02,,,,,https://w3id.org/ufes/ontodiplomadigital/instancias-ficticias#enderecoCursoLote07,"Campus de Dados 07, Bloco B",,,,Rio de Janeiro,RJ,31007-000,Brasil,,Universidade do Patrimonio Digital,https://w3id.org/ufes/ontodiplomadigital/instancias-ficticias#iesEmissoraLote09,MEC-EM-0009,CNPJ-FICTICIO-0041/CNPJ-FICTICIO-0042,"Avenida Sintetica 109, Setor Emissor",Sao Paulo,SP,29009-000,Brasil,Instituto de Segurança Documental,https://w3id.org/ufes/ontodiplomadigital/instancias-ficticias#iesRegistradoraLote07,MEC-RG-0007,CNPJ-FICTICIO-0035/CNPJ-FICTICIO-0036,"Rua Registral 207, Setor de Proveniencia",Belem,PA,30007-000,Brasil,https://w3id.org/ufes/ontodiplomadigital/instancias-ficticias#registroLote159,ReqDip00000000000000000000000000000000000000000161,PROCESSO-DIPLOMA-0161,2027-05-09,2027-05-24,2027-06-08,L-2027-5,REGISTRO-0161,159,161,Caso sintetico 161 com status revogado e modalidade semipresencial.,https://w3id.org/ufes/ontodiplomadigital/instancias-ficticias#responsavelRegistroLote159,Pessoa Fictícia-0023,CPF-FICTICIO-0686,RESPONSAVEL-REGISTRO-0161,Assinante Fictício-0024,CPF-FICTICIO-0687,Reitoria de Registro 6,Assinante Fictício-0025,CPF-FICTICIO-0688,Reitor,https://w3id.org/ufes/ontodiplomadigital/instancias-ficticias#assinaturaLote159,2027-06-08T14:49:00,PAdES,Assinatura da pessoa jurídica registradora,Instituto de Segurança Documental,,2027-06-08T14:49:00,https://w3id.org/ufes/ontodiplomadigital/instancias-ficticias#codigoValidacaoLote159,CODIGO-VALIDACAO-FICTICIO-0665,https://w3id.org/ufes/ontodiplomadigital/instancias-ficticias#documentacaoAcademicaLote159,ReqDip00000000000000000000000000000000000000000161,Assinante Fictício-0025,CPF-FICTICIO-0057,Procurador Institucional,urn:fake:pdfa:ato-designacao:lote09,https://w3id.org/ufes/ontodiplomadigital/instancias-ficticias#historicoLote159,HISTORICO-0161
CASO-0162,https://w3id.org/ufes/ontodiplomadigital/instancias-ficticias#diplomaLote160,DIPLOMA-0162,Diploma digital,Anulado,1.05,produção,2027-06-06,Portal Público Fictício de Consulta de Diplomas,https://consulta-diploma.exemplo.gov.br,https://w3id.org/ufes/ontodiplomadigital/instancias-ficticias#diplomadoLote160,Pessoa Fictícia-0378,Brasileira,https://w3id.org/ufes/ontodiplomadigital/instancias-ficticias#localNaturalidadeBr3204807,3204807,São José do Calçado,ES,,CPF-FICTICIO-0689,https://w3id.org/ufes/ontodiplomadigital/instancias-ficticias#cursoLote160,CURSO-0162,Bacharelado em Biblioteconomia Analitica,,3200,2027-05-05,Bacharelado,Bacharel,,preservacao e acesso,Presencial,,,EMEC-FAKE-2027-0162,Análise de regularidade do curso 162,2026-12-11,2026-11-26,https://w3id.org/ufes/ontodiplomadigital/instancias-ficticias#enderecoCursoLote04,"Campus de Dados 04, Bloco D",,,,Fortaleza,CE,31004-000,Brasil,,Centro Universitario de Modelagem Conceitual,https://w3id.org/ufes/ontodiplomadigital/instancias-ficticias#iesEmissoraLote10,MEC-EM-0010,CNPJ-FICTICIO-0043/CNPJ-FICTICIO-0044,"Avenida Sintetica 110, Setor Emissor",Rio de Janeiro,RJ,29010-000,Brasil,Centro Universitario de Rastreabilidade Acadêmica,https://w3id.org/ufes/ontodiplomadigital/instancias-ficticias#iesRegistradoraLote08,MEC-RG-0008,CNPJ-FICTICIO-0039/CNPJ-FICTICIO-0040,"Rua Registral 208, Setor de Proveniencia",Vitoria,ES,30008-000,Brasil,https://w3id.org/ufes/ontodiplomadigital/instancias-ficticias#registroLote160,ReqDip00000000000000000000000000000000000000000162,PROCESSO-DIPLOMA-0162,2027-05-12,2027-05-27,2027-06-11,L-2027-6,REGISTRO-0162,160,162,Caso sintetico 162 com status anulado e modalidade presencial.,https://w3id.org/ufes/ontodiplomadigital/instancias-ficticias#responsavelRegistroLote160,Pessoa Fictícia-0028,CPF-FICTICIO-0690,RESPONSAVEL-REGISTRO-0162,Assinante Fictício-0029 | Assinante Fictício-0379,CPF-FICTICIO-0691 | CPF-FICTICIO-0692,Reitoria de Registro 7 | Secretaria Acadêmica Integrada,Assinante Fictício-0030,CPF-FICTICIO-0693,Reitora,https://w3id.org/ufes/ontodiplomadigital/instancias-ficticias#assinaturaLote160,2027-06-11T15:10:00,XAdES,Assinatura da pessoa jurídica emissora,Centro Universitario de Modelagem Conceitual,,2027-06-11T15:10:00,https://w3id.org/ufes/ontodiplomadigital/instancias-ficticias#codigoValidacaoLote160,CODIGO-VALIDACAO-FICTICIO-0666,https://w3id.org/ufes/ontodiplomadigital/instancias-ficticias#documentacaoAcademicaLote160,ReqDip00000000000000000000000000000000000000000162,Assinante Fictício-0030,CPF-FICTICIO-0063,Procuradora Institucional,urn:fake:pdfa:ato-designacao:lote10,https://w3id.org/ufes/ontodiplomadigital/instancias-ficticias#historicoLote160,HISTORICO-0162
CASO-0163,https://w3id.org/ufes/ontodiplomadigital/instancias-ficticias#diplomaLote161,DIPLOMA-0163,Diploma digital,Ativo,1.05,homologação,2027-06-09,GovBR Acadêmico Fictício,https://govbr-academico.exemplo.gov.br,https://w3id.org/ufes/ontodiplomadigital/instancias-ficticias#diplomadoLote161,Pessoa Fictícia-0380,Brasileira,https://w3id.org/ufes/ontodiplomadigital/instancias-ficticias#localNaturalidadeBr1400100,1400100,Boa Vista,RR,,CPF-FICTICIO-0694,https://w3id.org/ufes/ontodiplomadigital/instancias-ficticias#cursoLote161,CURSO-0163,Licenciatura em Gestão da Informação,CURSO-FAKE-0163,3400,2027-05-08,Licenciatura,Licenciado,,governanca de dados,EaD,,,,,,,https://w3id.org/ufes/ontodiplomadigital/instancias-ficticias#enderecoCursoLote07,"Campus de Dados 07, Bloco B",,,,Rio de Janeiro,RJ,31007-000,Brasil,,Universidade Aberta do Conhecimento,https://w3id.org/ufes/ontodiplomadigital/instancias-ficticias#iesEmissoraLote01,MEC-EM-0001,CNPJ-FICTICIO-0009/CNPJ-FICTICIO-0010,"Avenida Sintetica 101, Setor Emissor",Vitoria,ES,29001-000,Brasil,Universidade Registradora do Brasil Digital,https://w3id.org/ufes/ontodiplomadigital/instancias-ficticias#iesRegistradoraLote01,MEC-RG-0001,CNPJ-FICTICIO-0011/CNPJ-FICTICIO-0012,"Rua Registral 201, Setor de Proveniencia",Curitiba,PR,30001-000,Brasil,https://w3id.org/ufes/ontodiplomadigital/instancias-ficticias#registroLote161,ReqDip00000000000000000000000000000000000000000163,PROCESSO-DIPLOMA-0163,2027-05-15,2027-05-30,2027-06-14,L-2027-7,REGISTRO-0163,161,163,Caso sintetico 163 com status ativo e modalidade ead.,https://w3id.org/ufes/ontodiplomadigital/instancias-ficticias#responsavelRegistroLote161,Pessoa Fictícia-0033,CPF-FICTICIO-0695,RESPONSAVEL-REGISTRO-0163,Assinante Fictício-0034,CPF-FICTICIO-0696,Reitoria de Registro 8,Pessoa Fictícia-0006,CPF-FICTICIO-0697,Diretor Acadêmico,https://w3id.org/ufes/ontodiplomadigital/instancias-ficticias#assinaturaLote161,2027-06-14T16:11:00,CAdES,Assinatura PFResponsavel Registro,,,2027-06-14T16:11:00,https://w3id.org/ufes/ontodiplomadigital/instancias-ficticias#codigoValidacaoLote161,CODIGO-VALIDACAO-FICTICIO-0667,https://w3id.org/ufes/ontodiplomadigital/instancias-ficticias#documentacaoAcademicaLote161,ReqDip00000000000000000000000000000000000000000163,Pessoa Fictícia-0016,CPF-FICTICIO-0016,Diretor Geral,urn:fake:pdfa:ato-designacao:lote01,https://w3id.org/ufes/ontodiplomadigital/instancias-ficticias#historicoLote161,HISTORICO-0163
CASO-0164,https://w3id.org/ufes/ontodiplomadigital/instancias-ficticias#diplomaLote162,DIPLOMA-0164,Diploma digital,Ativo,1.05,produção,2027-06-12,Portal Público Fictício de Consulta de Diplomas,https://consulta-diploma.exemplo.gov.br,https://w3id.org/ufes/ontodiplomadigital/instancias-ficticias#diplomadoLote162,Pessoa Fictícia-0381,Brasileira,https://w3id.org/ufes/ontodiplomadigital/instancias-ficticias#localNaturalidadeBr5300108,5300108,Brasília,DF,,CPF-FICTICIO-0698,https://w3id.org/ufes/ontodiplomadigital/instancias-ficticias#cursoLote162,CURSO-0164,Tecnologia em Humanidades Digitais,,2400,2027-05-11,Tecnologia,Tecnólogo,Especialista em Humanidades Digitais,tratamento documental,Semipresencial,Processos de registro academico,2027-05-11,EMEC-FAKE-2027-0164,Análise de regularidade do curso 164,2026-12-17,2026-12-02,https://w3id.org/ufes/ontodiplomadigital/instancias-ficticias#enderecoCursoLote06,"Campus de Dados 06, Bloco A",,,,Sao Paulo,SP,31006-000,Brasil,,Centro Universitario Horizonte Semântico,https://w3id.org/ufes/ontodiplomadigital/instancias-ficticias#iesEmissoraLote02,MEC-EM-0002,CNPJ-FICTICIO-0013/CNPJ-FICTICIO-0014,"Avenida Sintetica 102, Setor Emissor",Belo Horizonte,MG,29002-000,Brasil,Centro de Registro Interoperável,https://w3id.org/ufes/ontodiplomadigital/instancias-ficticias#iesRegistradoraLote02,MEC-RG-0002,CNPJ-FICTICIO-0015/CNPJ-FICTICIO-0016,"Rua Registral 202, Setor de Proveniencia",Fortaleza,CE,30002-000,Brasil,https://w3id.org/ufes/ontodiplomadigital/instancias-ficticias#registroLote162,ReqDip00000000000000000000000000000000000000000164,PROCESSO-DIPLOMA-0164,2027-05-18,2027-06-02,2027-06-17,L-2027-1,REGISTRO-0164,162,164,Caso sintetico 164 com status ativo e modalidade semipresencial.,https://w3id.org/ufes/ontodiplomadigital/instancias-ficticias#responsavelRegistroLote162,Pessoa Fictícia-0037,CPF-FICTICIO-0699,RESPONSAVEL-REGISTRO-0164,Assinante Fictício-0038,CPF-FICTICIO-0700,Reitoria de Registro 9,Pessoa Fictícia-0011,CPF-FICTICIO-0701,Diretora Acadêmica,https://w3id.org/ufes/ontodiplomadigital/instancias-ficticias#assinaturaLote162,2027-06-17T08:12:00,PAdES,Assinatura da pessoa física emissora,,,2027-06-17T08:12:00,https://w3id.org/ufes/ontodiplomadigital/instancias-ficticias#codigoValidacaoLote162,CODIGO-VALIDACAO-FICTICIO-0668,https://w3id.org/ufes/ontodiplomadigital/instancias-ficticias#documentacaoAcademicaLote162,ReqDip00000000000000000000000000000000000000000164,Pessoa Fictícia-0021,CPF-FICTICIO-0021,Diretora Geral,urn:fake:pdfa:ato-designacao:lote02,https://w3id.org/ufes/ontodiplomadigital/instancias-ficticias#historicoLote162,HISTORICO-0164
CASO-0165,https://w3id.org/ufes/ontodiplomadigital/instancias-ficticias#diplomaLote163,DIPLOMA-0165,Diploma digital,Ativo,1.05,homologação,2027-06-15,GovBR Acadêmico Fictício,https://govbr-academico.exemplo.gov.br,https://w3id.org/ufes/ontodiplomadigital/instancias-ficticias#diplomadoLote163,Pessoa Fictícia-0382,Brasileira,https://w3id.org/ufes/ontodiplomadigital/instancias-ficticias#localNaturalidadeBr5300108,5300108,Brasília,DF,,CPF-FICTICIO-0702,https://w3id.org/ufes/ontodiplomadigital/instancias-ficticias#cursoLote163,CURSO-0165,Bacharelado em Documentacao Tecnica,CURSO-FAKE-0165,2600,2027-05-14,Bacharelado,Bacharel,,interoperabilidade semantica,Presencial,,,,,,,https://w3id.org/ufes/ontodiplomadigital/instancias-ficticias#enderecoCursoLote09,"Campus de Dados 09, Bloco D",,,,Belem,PA,31009-000,Brasil,,Instituto Federal de Curadoria Digital,https://w3id.org/ufes/ontodiplomadigital/instancias-ficticias#iesEmissoraLote03,MEC-EM-0003,CNPJ-FICTICIO-0017/CNPJ-FICTICIO-0018,"Avenida Sintetica 103, Setor Emissor",Salvador,BA,29003-000,Brasil,Instituto Nacional de Validação Acadêmica,https://w3id.org/ufes/ontodiplomadigital/instancias-ficticias#iesRegistradoraLote03,MEC-RG-0003,CNPJ-FICTICIO-0019/CNPJ-FICTICIO-0020,"Rua Registral 203, Setor de Proveniencia",Goiania,GO,30003-000,Brasil,https://w3id.org/ufes/ontodiplomadigital/instancias-ficticias#registroLote163,ReqDip00000000000000000000000000000000000000000165,PROCESSO-DIPLOMA-0165,2027-05-21,2027-06-05,2027-06-20,L-2027-2,REGISTRO-0165,163,165,Caso sintetico 165 com status ativo e modalidade presencial.,https://w3id.org/ufes/ontodiplomadigital/instancias-ficticias#responsavelRegistroLote163,Pessoa Fictícia-0040,CPF-FICTICIO-0703,RESPONSAVEL-REGISTRO-0165,Assinante Fictício-0041,CPF-FICTICIO-0704,Reitoria de Registro 1,Pessoa Fictícia-0016,CPF-FICTICIO-0705,Secretario Geral Acadêmico,https://w3id.org/ufes/ontodiplomadigital/instancias-ficticias#assinaturaLote163,2027-06-20T09:13:00,XAdES,Assinatura PJArquivamento Documentacao Academica,Instituto Federal de Curadoria Digital,,2027-06-20T09:13:00,https://w3id.org/ufes/ontodiplomadigital/instancias-ficticias#codigoValidacaoLote163,CODIGO-VALIDACAO-FICTICIO-0669,https://w3id.org/ufes/ontodiplomadigital/instancias-ficticias#documentacaoAcademicaLote163,ReqDip00000000000000000000000000000000000000000165,Pessoa Fictícia-0026,CPF-FICTICIO-0026,Procurador Institucional,urn:fake:pdfa:ato-designacao:lote03,https://w3id.org/ufes/ontodiplomadigital/instancias-ficticias#historicoLote163,HISTORICO-0165
CASO-0166,https://w3id.org/ufes/ontodiplomadigital/instancias-ficticias#diplomaLote164,DIPLOMA-0166,Diploma digital,Revogado,1.05,produção,2027-06-18,Portal Público Fictício de Consulta de Diplomas,https://consulta-diploma.exemplo.gov.br,https://w3id.org/ufes/ontodiplomadigital/instancias-ficticias#diplomadoLote164,Pessoa Fictícia-0383,Brasileira,https://w3id.org/ufes/ontodiplomadigital/instancias-ficticias#localNaturalidadeBr3304557,3304557,Rio de Janeiro,RJ,,CPF-FICTICIO-0706,https://w3id.org/ufes/ontodiplomadigital/instancias-ficticias#cursoLote164,CURSO-0166,Licenciatura em Governanca Informacional,,2800,2027-05-17,Licenciatura,Licenciado,,curadoria digital,EaD,,,EMEC-FAKE-2027-0166,Análise de regularidade do curso 166,2026-12-23,2026-12-08,https://w3id.org/ufes/ontodiplomadigital/instancias-ficticias#enderecoCursoLote08,"Campus de Dados 08, Bloco C",,,,Florianopolis,SC,31008-000,Brasil,,Universidade Metropolitana da Informação,https://w3id.org/ufes/ontodiplomadigital/instancias-ficticias#iesEmissoraLote04,MEC-EM-0004,CNPJ-FICTICIO-0021/CNPJ-FICTICIO-0022,"Avenida Sintetica 104, Setor Emissor",Brasilia,DF,29004-000,Brasil,Universidade Curadora de Diplomas,https://w3id.org/ufes/ontodiplomadigital/instancias-ficticias#iesRegistradoraLote04,MEC-RG-0004,CNPJ-FICTICIO-0023/CNPJ-FICTICIO-0024,"Rua Registral 204, Setor de Proveniencia",Sao Paulo,SP,30004-000,Brasil,https://w3id.org/ufes/ontodiplomadigital/instancias-ficticias#registroLote164,ReqDip00000000000000000000000000000000000000000166,PROCESSO-DIPLOMA-0166,2027-05-24,2027-06-08,2027-06-23,L-2027-3,REGISTRO-0166,164,166,Caso sintetico 166 com status revogado e modalidade ead.,https://w3id.org/ufes/ontodiplomadigital/instancias-ficticias#responsavelRegistroLote164,Pessoa Fictícia-0043,CPF-FICTICIO-0707,RESPONSAVEL-REGISTRO-0166,Assinante Fictício-0044,CPF-FICTICIO-0708,Reitoria de Registro 2,Pessoa Fictícia-0021,CPF-FICTICIO-0709,Secretaria Geral Acadêmica,https://w3id.org/ufes/ontodiplomadigital/instancias-ficticias#assinaturaLote164,2027-06-23T10:14:00,CAdES,Assinatura da pessoa jurídica registradora,Universidade Curadora de Diplomas,,2027-06-23T10:14:00,https://w3id.org/ufes/ontodiplomadigital/instancias-ficticias#codigoValidacaoLote164,CODIGO-VALIDACAO-FICTICIO-0670,https://w3id.org/ufes/ontodiplomadigital/instancias-ficticias#documentacaoAcademicaLote164,ReqDip00000000000000000000000000000000000000000166,Pessoa Fictícia-0031,CPF-FICTICIO-0031,Procuradora Institucional,urn:fake:pdfa:ato-designacao:lote04,https://w3id.org/ufes/ontodiplomadigital/instancias-ficticias#historicoLote164,HISTORICO-0166
CASO-0167,https://w3id.org/ufes/ontodiplomadigital/instancias-ficticias#diplomaLote165,DIPLOMA-0167,Diploma digital,Anulado,1.05,homologação,2027-06-21,GovBR Acadêmico Fictício,https://govbr-academico.exemplo.gov.br,https://w3id.org/ufes/ontodiplomadigital/instancias-ficticias#diplomadoLote165,Pessoa Fictícia-0384,Italiana,https://w3id.org/ufes/ontodiplomadigital/instancias-ficticias#localNaturalidadeEstrangeiraRoma,,,,Roma,CPF-FICTICIO-0710,https://w3id.org/ufes/ontodiplomadigital/instancias-ficticias#cursoLote165,CURSO-0167,Tecnologia em Interoperabilidade Semântica,CURSO-FAKE-0167,3000,2027-05-20,Tecnologia,Tecnólogo,,organizacao do conhecimento,Semipresencial,Análise semantica aplicada,2027-05-20,,,,,https://w3id.org/ufes/ontodiplomadigital/instancias-ficticias#enderecoCursoCaso1,"Campus Integracao, Bloco A",,,,Vila Semântica,ES,29001-111,Brasil,,Faculdade Nacional de Dados Ligados,https://w3id.org/ufes/ontodiplomadigital/instancias-ficticias#iesEmissoraLote05,MEC-EM-0005,CNPJ-FICTICIO-0025/CNPJ-FICTICIO-0026,"Avenida Sintetica 105, Setor Emissor",Recife,PE,29005-000,Brasil,Centro Registral de Conhecimento Aplicado,https://w3id.org/ufes/ontodiplomadigital/instancias-ficticias#iesRegistradoraLote05,MEC-RG-0005,CNPJ-FICTICIO-0027/CNPJ-FICTICIO-0028,"Rua Registral 205, Setor de Proveniencia",Rio de Janeiro,RJ,30005-000,Brasil,https://w3id.org/ufes/ontodiplomadigital/instancias-ficticias#registroLote165,ReqDip00000000000000000000000000000000000000000167,PROCESSO-DIPLOMA-0167,2027-05-27,2027-06-11,2027-06-26,L-2027-4,REGISTRO-0167,165,167,Caso sintetico 167 com status anulado e modalidade semipresencial.,https://w3id.org/ufes/ontodiplomadigital/instancias-ficticias#responsavelRegistroLote165,Pessoa Fictícia-0046,CPF-FICTICIO-0711,RESPONSAVEL-REGISTRO-0167,Assinante Fictício-0047 | Assinante Fictício-0385,CPF-FICTICIO-0712 | CPF-FICTICIO-0713,Reitoria de Registro 3 | Secretaria Acadêmica Integrada,Pessoa Fictícia-0026,CPF-FICTICIO-0714,Pro-Reitor de Graduacao,https://w3id.org/ufes/ontodiplomadigital/instancias-ficticias#assinaturaLote165,2027-06-26T11:15:00,PAdES,Assinatura da pessoa jurídica emissora,Faculdade Nacional de Dados Ligados,,2027-06-26T11:15:00,https://w3id.org/ufes/ontodiplomadigital/instancias-ficticias#codigoValidacaoLote165,CODIGO-VALIDACAO-FICTICIO-0671,https://w3id.org/ufes/ontodiplomadigital/instancias-ficticias#documentacaoAcademicaLote165,ReqDip00000000000000000000000000000000000000000167,Assinante Fictício-0005,CPF-FICTICIO-0037,Reitor,urn:fake:pdfa:ato-designacao:lote05,https://w3id.org/ufes/ontodiplomadigital/instancias-ficticias#historicoLote165,HISTORICO-0167
CASO-0168,https://w3id.org/ufes/ontodiplomadigital/instancias-ficticias#diplomaLote166,DIPLOMA-0168,Diploma digital,Ativo,1.05,produção,2027-06-24,Portal Público Fictício de Consulta de Diplomas,https://consulta-diploma.exemplo.gov.br,https://w3id.org/ufes/ontodiplomadigital/instancias-ficticias#diplomadoLote166,Pessoa Fictícia-0386,Brasileira,https://w3id.org/ufes/ontodiplomadigital/instancias-ficticias#localNaturalidadeBr4205407,4205407,Florianópolis,SC,,CPF-FICTICIO-0715,https://w3id.org/ufes/ontodiplomadigital/instancias-ficticias#cursoLote166,CURSO-0168,Bacharelado em Preservacao Digital,CURSO-FAKE-0168,3200,2027-05-23,Bacharelado,Bacharel,,preservacao e acesso,Presencial,,,,,,,https://w3id.org/ufes/ontodiplomadigital/instancias-ficticias#enderecoCursoLote10,"Campus de Dados 10, Bloco E",,,,Vitoria,ES,31010-000,Brasil,,Universidade de Estudos Documentais,https://w3id.org/ufes/ontodiplomadigital/instancias-ficticias#iesEmissoraLote06,MEC-EM-0006,CNPJ-FICTICIO-0029/CNPJ-FICTICIO-0030,"Avenida Sintetica 106, Setor Emissor",Curitiba,PR,29006-000,Brasil,Universidade Federal de Registro Semântico,https://w3id.org/ufes/ontodiplomadigital/instancias-ficticias#iesRegistradoraLote06,MEC-RG-0006,CNPJ-FICTICIO-0031/CNPJ-FICTICIO-0032,"Rua Registral 206, Setor de Proveniencia",Florianopolis,SC,30006-000,Brasil,https://w3id.org/ufes/ontodiplomadigital/instancias-ficticias#registroLote166,ReqDip00000000000000000000000000000000000000000168,PROCESSO-DIPLOMA-0168,2027-05-30,2027-06-14,2027-06-29,L-2027-5,REGISTRO-0168,166,168,Caso sintetico 168 com status ativo e modalidade presencial.,https://w3id.org/ufes/ontodiplomadigital/instancias-ficticias#responsavelRegistroLote166,Pessoa Fictícia-0049,CPF-FICTICIO-0716,RESPONSAVEL-REGISTRO-0168,Assinante Fictício-0050,CPF-FICTICIO-0717,Reitoria de Registro 4,Pessoa Fictícia-0031,CPF-FICTICIO-0718,Pro-Reitora de Graduacao,https://w3id.org/ufes/ontodiplomadigital/instancias-ficticias#assinaturaLote166,2027-06-29T12:16:00,XAdES,Assinatura PFResponsavel Registro,,Autoridade Certificadora Fictícia Integridade Digital,2027-06-29T12:16:00,https://w3id.org/ufes/ontodiplomadigital/instancias-ficticias#codigoValidacaoLote166,CODIGO-VALIDACAO-FICTICIO-0672,https://w3id.org/ufes/ontodiplomadigital/instancias-ficticias#documentacaoAcademicaLote166,ReqDip00000000000000000000000000000000000000000168,Assinante Fictício-0010,CPF-FICTICIO-0042,Reitora,urn:fake:pdfa:ato-designacao:lote06,https://w3id.org/ufes/ontodiplomadigital/instancias-ficticias#historicoLote166,HISTORICO-0168
CASO-0169,https://w3id.org/ufes/ontodiplomadigital/instancias-ficticias#diplomaLote167,DIPLOMA-0169,Diploma digital,Ativo,1.05,homologação,2027-06-27,GovBR Acadêmico Fictício,https://govbr-academico.exemplo.gov.br,https://w3id.org/ufes/ontodiplomadigital/instancias-ficticias#diplomadoLote167,Pessoa Fictícia-0387,Brasileira,https://w3id.org/ufes/ontodiplomadigital/instancias-ficticias#localNaturalidadeBr2408102,2408102,Natal,RN,,CPF-FICTICIO-0719,https://w3id.org/ufes/ontodiplomadigital/instancias-ficticias#cursoLote167,CURSO-0169,Licenciatura em Análise Territorial de Dados,CURSO-FAKE-0169,3400,2027-05-26,Licenciatura,Licenciado,,governanca de dados,EaD,,,,,,,https://w3id.org/ufes/ontodiplomadigital/instancias-ficticias#enderecoCursoLote04,"Campus de Dados 04, Bloco D",,,,Fortaleza,CE,31004-000,Brasil,,Centro Acadêmico de Interoperabilidade,https://w3id.org/ufes/ontodiplomadigital/instancias-ficticias#iesEmissoraLote07,MEC-EM-0007,CNPJ-FICTICIO-0033/CNPJ-FICTICIO-0034,"Avenida Sintetica 107, Setor Emissor",Fortaleza,CE,29007-000,Brasil,Instituto de Segurança Documental,https://w3id.org/ufes/ontodiplomadigital/instancias-ficticias#iesRegistradoraLote07,MEC-RG-0007,CNPJ-FICTICIO-0035/CNPJ-FICTICIO-0036,"Rua Registral 207, Setor de Proveniencia",Belem,PA,30007-000,Brasil,https://w3id.org/ufes/ontodiplomadigital/instancias-ficticias#registroLote167,ReqDip00000000000000000000000000000000000000000169,PROCESSO-DIPLOMA-0169,2027-06-02,2027-06-17,2027-07-02,L-2027-6,REGISTRO-0169,167,169,Caso sintetico 169 com status ativo e modalidade ead.,https://w3id.org/ufes/ontodiplomadigital/instancias-ficticias#responsavelRegistroLote167,Pessoa Fictícia-0053,CPF-FICTICIO-0720,RESPONSAVEL-REGISTRO-0169,Assinante Fictício-0054,CPF-FICTICIO-0721,Reitoria de Registro 5,Assinante Fictício-0005,CPF-FICTICIO-0722,Reitor,https://w3id.org/ufes/ontodiplomadigital/instancias-ficticias#assinaturaLote167,2027-07-02T13:17:00,CAdES,Assinatura da pessoa física emissora,,,2027-07-02T13:17:00,https://w3id.org/ufes/ontodiplomadigital/instancias-ficticias#codigoValidacaoLote167,CODIGO-VALIDACAO-FICTICIO-0673,https://w3id.org/ufes/ontodiplomadigital/instancias-ficticias#documentacaoAcademicaLote167,ReqDip00000000000000000000000000000000000000000169,Assinante Fictício-0015,CPF-FICTICIO-0047,Diretor Geral,urn:fake:pdfa:ato-designacao:lote07,https://w3id.org/ufes/ontodiplomadigital/instancias-ficticias#historicoLote167,HISTORICO-0169
CASO-0170,https://w3id.org/ufes/ontodiplomadigital/instancias-ficticias#diplomaLote168,DIPLOMA-0170,Diploma digital,Ativo,1.05,produção,2027-06-30,Portal Público Fictício de Consulta de Diplomas,https://consulta-diploma.exemplo.gov.br,https://w3id.org/ufes/ontodiplomadigital/instancias-ficticias#diplomadoLote168,Pessoa Fictícia-0388,Brasileira,https://w3id.org/ufes/ontodiplomadigital/instancias-ficticias#localNaturalidadeBr3550308,3550308,São Paulo,SP,,CPF-FICTICIO-0723,https://w3id.org/ufes/ontodiplomadigital/instancias-ficticias#cursoLote168,CURSO-0170,Tecnologia em Memoria Institucional,,2400,2027-05-29,Tecnologia,Tecnólogo,Especialista em Memoria Institucional,tratamento documental,Semipresencial,Processos de registro academico,2027-05-29,EMEC-FAKE-2027-0170,Análise de regularidade do curso 170,2027-01-04,2026-12-20,https://w3id.org/ufes/ontodiplomadigital/instancias-ficticias#enderecoCursoLote12,"Campus de Dados 12, Bloco B",,,,Salvador,BA,31012-000,Brasil,,Instituto Superior de Preservacao Informacional,https://w3id.org/ufes/ontodiplomadigital/instancias-ficticias#iesEmissoraLote08,MEC-EM-0008,CNPJ-FICTICIO-0037/CNPJ-FICTICIO-0038,"Avenida Sintetica 108, Setor Emissor",Goiania,GO,29008-000,Brasil,Centro Universitario de Rastreabilidade Acadêmica,https://w3id.org/ufes/ontodiplomadigital/instancias-ficticias#iesRegistradoraLote08,MEC-RG-0008,CNPJ-FICTICIO-0039/CNPJ-FICTICIO-0040,"Rua Registral 208, Setor de Proveniencia",Vitoria,ES,30008-000,Brasil,https://w3id.org/ufes/ontodiplomadigital/instancias-ficticias#registroLote168,ReqDip00000000000000000000000000000000000000000170,PROCESSO-DIPLOMA-0170,2027-06-05,2027-06-20,2027-07-05,L-2027-7,REGISTRO-0170,168,170,Caso sintetico 170 com status ativo e modalidade semipresencial.,https://w3id.org/ufes/ontodiplomadigital/instancias-ficticias#responsavelRegistroLote168,Pessoa Fictícia-0056,CPF-FICTICIO-0724,RESPONSAVEL-REGISTRO-0170,Assinante Fictício-0057,CPF-FICTICIO-0725,Reitoria de Registro 6,Assinante Fictício-0010,CPF-FICTICIO-0726,Reitora,https://w3id.org/ufes/ontodiplomadigital/instancias-ficticias#assinaturaLote168,2027-07-05T14:18:00,PAdES,Assinatura PJArquivamento Documentacao Academica,Instituto Superior de Preservacao Informacional,,2027-07-05T14:18:00,https://w3id.org/ufes/ontodiplomadigital/instancias-ficticias#codigoValidacaoLote168,CODIGO-VALIDACAO-FICTICIO-0674,https://w3id.org/ufes/ontodiplomadigital/instancias-ficticias#documentacaoAcademicaLote168,ReqDip00000000000000000000000000000000000000000170,Assinante Fictício-0020,CPF-FICTICIO-0052,Diretora Geral,urn:fake:pdfa:ato-designacao:lote08,https://w3id.org/ufes/ontodiplomadigital/instancias-ficticias#historicoLote168,HISTORICO-0170
CASO-0171,https://w3id.org/ufes/ontodiplomadigital/instancias-ficticias#diplomaLote169,DIPLOMA-0171,Diploma digital,Revogado,1.05,homologação,2027-07-03,GovBR Acadêmico Fictício,https://govbr-academico.exemplo.gov.br,https://w3id.org/ufes/ontodiplomadigital/instancias-ficticias#diplomadoLote169,Pessoa Fictícia-0389,Brasileira,https://w3id.org/ufes/ontodiplomadigital/instancias-ficticias#localNaturalidadeBr1721000,1721000,Palmas,TO,,CPF-FICTICIO-0727,https://w3id.org/ufes/ontodiplomadigital/instancias-ficticias#cursoLote169,CURSO-0171,Bacharelado em Ciência de Dados Publicos,CURSO-FAKE-0171,2600,2027-06-01,Bacharelado,Bacharel,,interoperabilidade semantica,Presencial,,,,,,,https://w3id.org/ufes/ontodiplomadigital/instancias-ficticias#enderecoCursoLote05,"Campus de Dados 05, Bloco E",,,,Goiania,GO,31005-000,Brasil,,Universidade do Patrimonio Digital,https://w3id.org/ufes/ontodiplomadigital/instancias-ficticias#iesEmissoraLote09,MEC-EM-0009,CNPJ-FICTICIO-0041/CNPJ-FICTICIO-0042,"Avenida Sintetica 109, Setor Emissor",Sao Paulo,SP,29009-000,Brasil,Universidade Registradora do Brasil Digital,https://w3id.org/ufes/ontodiplomadigital/instancias-ficticias#iesRegistradoraLote01,MEC-RG-0001,CNPJ-FICTICIO-0011/CNPJ-FICTICIO-0012,"Rua Registral 201, Setor de Proveniencia",Curitiba,PR,30001-000,Brasil,https://w3id.org/ufes/ontodiplomadigital/instancias-ficticias#registroLote169,ReqDip00000000000000000000000000000000000000000171,PROCESSO-DIPLOMA-0171,2027-06-08,2027-06-23,2027-07-08,L-2027-1,REGISTRO-0171,169,171,Caso sintetico 171 com status revogado e modalidade presencial.,https://w3id.org/ufes/ontodiplomadigital/instancias-ficticias#responsavelRegistroLote169,Pessoa Fictícia-0013,CPF-FICTICIO-0728,RESPONSAVEL-REGISTRO-0171,Assinante Fictício-0059,CPF-FICTICIO-0729,Reitoria de Registro 7,Assinante Fictício-0015,CPF-FICTICIO-0730,Diretor Acadêmico,https://w3id.org/ufes/ontodiplomadigital/instancias-ficticias#assinaturaLote169,2027-07-08T15:19:00,XAdES,Assinatura da pessoa jurídica registradora,Universidade Registradora do Brasil Digital,,2027-07-08T15:19:00,https://w3id.org/ufes/ontodiplomadigital/instancias-ficticias#codigoValidacaoLote169,CODIGO-VALIDACAO-FICTICIO-0675,https://w3id.org/ufes/ontodiplomadigital/instancias-ficticias#documentacaoAcademicaLote169,ReqDip00000000000000000000000000000000000000000171,Assinante Fictício-0025,CPF-FICTICIO-0057,Procurador Institucional,urn:fake:pdfa:ato-designacao:lote09,https://w3id.org/ufes/ontodiplomadigital/instancias-ficticias#historicoLote169,HISTORICO-0171
CASO-0172,https://w3id.org/ufes/ontodiplomadigital/instancias-ficticias#diplomaLote170,DIPLOMA-0172,Diploma digital,Anulado,1.05,produção,2027-07-06,Portal Público Fictício de Consulta de Diplomas,https://consulta-diploma.exemplo.gov.br,https://w3id.org/ufes/ontodiplomadigital/instancias-ficticias#diplomadoLote170,Pessoa Fictícia-0390,Cabo-verdiana,https://w3id.org/ufes/ontodiplomadigital/instancias-ficticias#localNaturalidadeEstrangeiraPraia,,,,Praia,CPF-FICTICIO-0731,https://w3id.org/ufes/ontodiplomadigital/instancias-ficticias#cursoLote170,CURSO-0172,Licenciatura em Curadoria Digital,CURSO-FAKE-0172,2800,2027-06-04,Licenciatura,Licenciado,,curadoria digital,EaD,,,,,,,https://w3id.org/ufes/ontodiplomadigital/instancias-ficticias#enderecoCursoLote02,"Campus de Dados 02, Bloco B",,,,Recife,PE,31002-000,Brasil,,Centro Universitario de Modelagem Conceitual,https://w3id.org/ufes/ontodiplomadigital/instancias-ficticias#iesEmissoraLote10,MEC-EM-0010,CNPJ-FICTICIO-0043/CNPJ-FICTICIO-0044,"Avenida Sintetica 110, Setor Emissor",Rio de Janeiro,RJ,29010-000,Brasil,Centro de Registro Interoperável,https://w3id.org/ufes/ontodiplomadigital/instancias-ficticias#iesRegistradoraLote02,MEC-RG-0002,CNPJ-FICTICIO-0015/CNPJ-FICTICIO-0016,"Rua Registral 202, Setor de Proveniencia",Fortaleza,CE,30002-000,Brasil,https://w3id.org/ufes/ontodiplomadigital/instancias-ficticias#registroLote170,ReqDip00000000000000000000000000000000000000000172,PROCESSO-DIPLOMA-0172,2027-06-11,2027-06-26,2027-07-11,L-2027-2,REGISTRO-0172,170,172,Caso sintetico 172 com status anulado e modalidade ead.,https://w3id.org/ufes/ontodiplomadigital/instancias-ficticias#responsavelRegistroLote170,Pessoa Fictícia-0018,CPF-FICTICIO-0732,RESPONSAVEL-REGISTRO-0172,Assinante Fictício-0061 | Assinante Fictício-0391,CPF-FICTICIO-0733 | CPF-FICTICIO-0734,Reitoria de Registro 8 | Secretaria Acadêmica Integrada,Assinante Fictício-0020,CPF-FICTICIO-0735,Diretora Acadêmica,https://w3id.org/ufes/ontodiplomadigital/instancias-ficticias#assinaturaLote170,2027-07-11T16:20:00,CAdES,Assinatura da pessoa jurídica emissora,Centro Universitario de Modelagem Conceitual,,2027-07-11T16:20:00,https://w3id.org/ufes/ontodiplomadigital/instancias-ficticias#codigoValidacaoLote170,CODIGO-VALIDACAO-FICTICIO-0676,https://w3id.org/ufes/ontodiplomadigital/instancias-ficticias#documentacaoAcademicaLote170,ReqDip00000000000000000000000000000000000000000172,Assinante Fictício-0030,CPF-FICTICIO-0063,Procuradora Institucional,urn:fake:pdfa:ato-designacao:lote10,https://w3id.org/ufes/ontodiplomadigital/instancias-ficticias#historicoLote170,HISTORICO-0172
CASO-0173,https://w3id.org/ufes/ontodiplomadigital/instancias-ficticias#diplomaLote171,DIPLOMA-0173,Diploma digital,Ativo,1.05,homologação,2027-07-09,GovBR Acadêmico Fictício,https://govbr-academico.exemplo.gov.br,https://w3id.org/ufes/ontodiplomadigital/instancias-ficticias#diplomadoLote171,Pessoa Fictícia-0392,Brasileira,https://w3id.org/ufes/ontodiplomadigital/instancias-ficticias#localNaturalidadeBr3550308,3550308,São Paulo,SP,,CPF-FICTICIO-0736,https://w3id.org/ufes/ontodiplomadigital/instancias-ficticias#cursoLote171,CURSO-0173,Tecnologia em Arquivologia Aplicada,CURSO-FAKE-0173,3000,2027-06-07,Tecnologia,Tecnólogo,,organizacao do conhecimento,Semipresencial,Análise semantica aplicada,2027-06-07,,,,,https://w3id.org/ufes/ontodiplomadigital/instancias-ficticias#enderecoCursoLote01,"Campus de Dados 01, Bloco A",,,,Brasilia,DF,31001-000,Brasil,,Universidade Aberta do Conhecimento,https://w3id.org/ufes/ontodiplomadigital/instancias-ficticias#iesEmissoraLote01,MEC-EM-0001,CNPJ-FICTICIO-0009/CNPJ-FICTICIO-0010,"Avenida Sintetica 101, Setor Emissor",Vitoria,ES,29001-000,Brasil,Instituto Nacional de Validação Acadêmica,https://w3id.org/ufes/ontodiplomadigital/instancias-ficticias#iesRegistradoraLote03,MEC-RG-0003,CNPJ-FICTICIO-0019/CNPJ-FICTICIO-0020,"Rua Registral 203, Setor de Proveniencia",Goiania,GO,30003-000,Brasil,https://w3id.org/ufes/ontodiplomadigital/instancias-ficticias#registroLote171,ReqDip00000000000000000000000000000000000000000173,PROCESSO-DIPLOMA-0173,2027-06-14,2027-06-29,2027-07-14,L-2027-3,REGISTRO-0173,171,173,Caso sintetico 173 com status ativo e modalidade semipresencial.,https://w3id.org/ufes/ontodiplomadigital/instancias-ficticias#responsavelRegistroLote171,Pessoa Fictícia-0023,CPF-FICTICIO-0737,RESPONSAVEL-REGISTRO-0173,Assinante Fictício-0063,CPF-FICTICIO-0738,Reitoria de Registro 9,Assinante Fictício-0025,CPF-FICTICIO-0739,Secretario Geral Acadêmico,https://w3id.org/ufes/ontodiplomadigital/instancias-ficticias#assinaturaLote171,2027-07-14T08:21:00,PAdES,Assinatura PFResponsavel Registro,,,2027-07-14T08:21:00,https://w3id.org/ufes/ontodiplomadigital/instancias-ficticias#codigoValidacaoLote171,CODIGO-VALIDACAO-FICTICIO-0677,https://w3id.org/ufes/ontodiplomadigital/instancias-ficticias#documentacaoAcademicaLote171,ReqDip00000000000000000000000000000000000000000173,Pessoa Fictícia-0016,CPF-FICTICIO-0016,Diretor Geral,urn:fake:pdfa:ato-designacao:lote01,https://w3id.org/ufes/ontodiplomadigital/instancias-ficticias#historicoLote171,HISTORICO-0173
CASO-0174,https://w3id.org/ufes/ontodiplomadigital/instancias-ficticias#diplomaLote172,DIPLOMA-0174,Diploma digital,Ativo,1.05,produção,2027-07-12,Portal Público Fictício de Consulta de Diplomas,https://consulta-diploma.exemplo.gov.br,https://w3id.org/ufes/ontodiplomadigital/instancias-ficticias#diplomadoLote172,Pessoa Fictícia-0393,Angolana,https://w3id.org/ufes/ontodiplomadigital/instancias-ficticias#localNaturalidadeEstrangeiraLuanda,,,,Luanda,CPF-FICTICIO-0740,https://w3id.org/ufes/ontodiplomadigital/instancias-ficticias#cursoLote172,CURSO-0174,Bacharelado em Biblioteconomia Analitica,,3200,2027-06-10,Bacharelado,Bacharel,,preservacao e acesso,Presencial,,,EMEC-FAKE-2027-0174,Análise de regularidade do curso 174,2027-01-16,2027-01-01,https://w3id.org/ufes/ontodiplomadigital/instancias-ficticias#enderecoCursoLote04,"Campus de Dados 04, Bloco D",,,,Fortaleza,CE,31004-000,Brasil,,Centro Universitario Horizonte Semântico,https://w3id.org/ufes/ontodiplomadigital/instancias-ficticias#iesEmissoraLote02,MEC-EM-0002,CNPJ-FICTICIO-0013/CNPJ-FICTICIO-0014,"Avenida Sintetica 102, Setor Emissor",Belo Horizonte,MG,29002-000,Brasil,Universidade Curadora de Diplomas,https://w3id.org/ufes/ontodiplomadigital/instancias-ficticias#iesRegistradoraLote04,MEC-RG-0004,CNPJ-FICTICIO-0023/CNPJ-FICTICIO-0024,"Rua Registral 204, Setor de Proveniencia",Sao Paulo,SP,30004-000,Brasil,https://w3id.org/ufes/ontodiplomadigital/instancias-ficticias#registroLote172,ReqDip00000000000000000000000000000000000000000174,PROCESSO-DIPLOMA-0174,2027-06-17,2027-07-02,2027-07-17,L-2027-4,REGISTRO-0174,172,174,Caso sintetico 174 com status ativo e modalidade presencial.,https://w3id.org/ufes/ontodiplomadigital/instancias-ficticias#responsavelRegistroLote172,Pessoa Fictícia-0028,CPF-FICTICIO-0741,RESPONSAVEL-REGISTRO-0174,Assinante Fictício-0066,CPF-FICTICIO-0742,Reitoria de Registro 1,Assinante Fictício-0030,CPF-FICTICIO-0743,Secretaria Geral Acadêmica,https://w3id.org/ufes/ontodiplomadigital/instancias-ficticias#assinaturaLote172,2027-07-17T09:22:00,XAdES,Assinatura da pessoa física emissora,,,2027-07-17T09:22:00,https://w3id.org/ufes/ontodiplomadigital/instancias-ficticias#codigoValidacaoLote172,CODIGO-VALIDACAO-FICTICIO-0678,https://w3id.org/ufes/ontodiplomadigital/instancias-ficticias#documentacaoAcademicaLote172,ReqDip00000000000000000000000000000000000000000174,Pessoa Fictícia-0021,CPF-FICTICIO-0021,Diretora Geral,urn:fake:pdfa:ato-designacao:lote02,https://w3id.org/ufes/ontodiplomadigital/instancias-ficticias#historicoLote172,HISTORICO-0174
CASO-0175,https://w3id.org/ufes/ontodiplomadigital/instancias-ficticias#diplomaLote173,DIPLOMA-0175,Diploma digital,Ativo,1.05,homologação,2027-07-15,GovBR Acadêmico Fictício,https://govbr-academico.exemplo.gov.br,https://w3id.org/ufes/ontodiplomadigital/instancias-ficticias#diplomadoLote173,Pessoa Fictícia-0394,Brasileira,https://w3id.org/ufes/ontodiplomadigital/instancias-ficticias#localNaturalidadeBr3106200,3106200,Belo Horizonte,MG,,CPF-FICTICIO-0744,https://w3id.org/ufes/ontodiplomadigital/instancias-ficticias#cursoLote173,CURSO-0175,Licenciatura em Gestão da Informação,CURSO-FAKE-0175,3400,2027-06-13,Licenciatura,Licenciado,,governanca de dados,EaD,,,,,,,https://w3id.org/ufes/ontodiplomadigital/instancias-ficticias#enderecoCursoLote08,"Campus de Dados 08, Bloco C",,,,Florianopolis,SC,31008-000,Brasil,,Instituto Federal de Curadoria Digital,https://w3id.org/ufes/ontodiplomadigital/instancias-ficticias#iesEmissoraLote03,MEC-EM-0003,CNPJ-FICTICIO-0017/CNPJ-FICTICIO-0018,"Avenida Sintetica 103, Setor Emissor",Salvador,BA,29003-000,Brasil,Centro Registral de Conhecimento Aplicado,https://w3id.org/ufes/ontodiplomadigital/instancias-ficticias#iesRegistradoraLote05,MEC-RG-0005,CNPJ-FICTICIO-0027/CNPJ-FICTICIO-0028,"Rua Registral 205, Setor de Proveniencia",Rio de Janeiro,RJ,30005-000,Brasil,https://w3id.org/ufes/ontodiplomadigital/instancias-ficticias#registroLote173,ReqDip00000000000000000000000000000000000000000175,PROCESSO-DIPLOMA-0175,2027-06-20,2027-07-05,2027-07-20,L-2027-5,REGISTRO-0175,173,175,Caso sintetico 175 com status ativo e modalidade ead.,https://w3id.org/ufes/ontodiplomadigital/instancias-ficticias#responsavelRegistroLote173,Pessoa Fictícia-0033,CPF-FICTICIO-0745,RESPONSAVEL-REGISTRO-0175,Assinante Fictício-0068,CPF-FICTICIO-0746,Reitoria de Registro 2,Pessoa Fictícia-0006,CPF-FICTICIO-0747,Pro-Reitor de Graduacao,https://w3id.org/ufes/ontodiplomadigital/instancias-ficticias#assinaturaLote173,2027-07-20T10:23:00,CAdES,Assinatura PJArquivamento Documentacao Academica,Instituto Federal de Curadoria Digital,,2027-07-20T10:23:00,https://w3id.org/ufes/ontodiplomadigital/instancias-ficticias#codigoValidacaoLote173,CODIGO-VALIDACAO-FICTICIO-0679,https://w3id.org/ufes/ontodiplomadigital/instancias-ficticias#documentacaoAcademicaLote173,ReqDip00000000000000000000000000000000000000000175,Pessoa Fictícia-0026,CPF-FICTICIO-0026,Procurador Institucional,urn:fake:pdfa:ato-designacao:lote03,https://w3id.org/ufes/ontodiplomadigital/instancias-ficticias#historicoLote173,HISTORICO-0175
CASO-0176,https://w3id.org/ufes/ontodiplomadigital/instancias-ficticias#diplomaLote174,DIPLOMA-0176,Diploma digital,Revogado,1.05,produção,2027-07-18,Portal Público Fictício de Consulta de Diplomas,https://consulta-diploma.exemplo.gov.br,https://w3id.org/ufes/ontodiplomadigital/instancias-ficticias#diplomadoLote174,Pessoa Fictícia-0395,Brasileira,https://w3id.org/ufes/ontodiplomadigital/instancias-ficticias#localNaturalidadeBr5103403,5103403,Cuiabá,MT,,CPF-FICTICIO-0748,https://w3id.org/ufes/ontodiplomadigital/instancias-ficticias#cursoLote174,CURSO-0176,Tecnologia em Humanidades Digitais,,2400,2027-06-16,Tecnologia,Tecnólogo,Especialista em Humanidades Digitais,tratamento documental,Semipresencial,Processos de registro academico,2027-06-16,EMEC-FAKE-2027-0176,Análise de regularidade do curso 176,2027-01-22,2027-01-07,https://w3id.org/ufes/ontodiplomadigital/instancias-ficticias#enderecoCursoLote06,"Campus de Dados 06, Bloco A",,,,Sao Paulo,SP,31006-000,Brasil,,Universidade Metropolitana da Informação,https://w3id.org/ufes/ontodiplomadigital/instancias-ficticias#iesEmissoraLote04,MEC-EM-0004,CNPJ-FICTICIO-0021/CNPJ-FICTICIO-0022,"Avenida Sintetica 104, Setor Emissor",Brasilia,DF,29004-000,Brasil,Universidade Federal de Registro Semântico,https://w3id.org/ufes/ontodiplomadigital/instancias-ficticias#iesRegistradoraLote06,MEC-RG-0006,CNPJ-FICTICIO-0031/CNPJ-FICTICIO-0032,"Rua Registral 206, Setor de Proveniencia",Florianopolis,SC,30006-000,Brasil,https://w3id.org/ufes/ontodiplomadigital/instancias-ficticias#registroLote174,ReqDip00000000000000000000000000000000000000000176,PROCESSO-DIPLOMA-0176,2027-06-23,2027-07-08,2027-07-23,L-2027-6,REGISTRO-0176,174,176,Caso sintetico 176 com status revogado e modalidade semipresencial.,https://w3id.org/ufes/ontodiplomadigital/instancias-ficticias#responsavelRegistroLote174,Pessoa Fictícia-0037,CPF-FICTICIO-0749,RESPONSAVEL-REGISTRO-0176,Assinante Fictício-0070,CPF-FICTICIO-0750,Reitoria de Registro 3,Pessoa Fictícia-0011,CPF-FICTICIO-0751,Pro-Reitora de Graduacao,https://w3id.org/ufes/ontodiplomadigital/instancias-ficticias#assinaturaLote174,2027-07-23T11:24:00,PAdES,Assinatura da pessoa jurídica registradora,Universidade Federal de Registro Semântico,,2027-07-23T11:24:00,https://w3id.org/ufes/ontodiplomadigital/instancias-ficticias#codigoValidacaoLote174,CODIGO-VALIDACAO-FICTICIO-0680,https://w3id.org/ufes/ontodiplomadigital/instancias-ficticias#documentacaoAcademicaLote174,ReqDip00000000000000000000000000000000000000000176,Pessoa Fictícia-0031,CPF-FICTICIO-0031,Procuradora Institucional,urn:fake:pdfa:ato-designacao:lote04,https://w3id.org/ufes/ontodiplomadigital/instancias-ficticias#historicoLote174,HISTORICO-0176
CASO-0177,https://w3id.org/ufes/ontodiplomadigital/instancias-ficticias#diplomaLote175,DIPLOMA-0177,Diploma digital,Anulado,1.05,homologação,2027-07-21,GovBR Acadêmico Fictício,https://govbr-academico.exemplo.gov.br,https://w3id.org/ufes/ontodiplomadigital/instancias-ficticias#diplomadoLote175,Pessoa Fictícia-0396,Brasileira,https://w3id.org/ufes/ontodiplomadigital/instancias-ficticias#localNaturalidadeBr2611606,2611606,Recife,PE,,CPF-FICTICIO-0752,https://w3id.org/ufes/ontodiplomadigital/instancias-ficticias#cursoLote175,CURSO-0177,Bacharelado em Documentacao Tecnica,CURSO-FAKE-0177,2600,2027-06-19,Bacharelado,Bacharel,,interoperabilidade semantica,Presencial,,,,,,,https://w3id.org/ufes/ontodiplomadigital/instancias-ficticias#enderecoCursoLote01,"Campus de Dados 01, Bloco A",,,,Brasilia,DF,31001-000,Brasil,,Faculdade Nacional de Dados Ligados,https://w3id.org/ufes/ontodiplomadigital/instancias-ficticias#iesEmissoraLote05,MEC-EM-0005,CNPJ-FICTICIO-0025/CNPJ-FICTICIO-0026,"Avenida Sintetica 105, Setor Emissor",Recife,PE,29005-000,Brasil,Instituto de Segurança Documental,https://w3id.org/ufes/ontodiplomadigital/instancias-ficticias#iesRegistradoraLote07,MEC-RG-0007,CNPJ-FICTICIO-0035/CNPJ-FICTICIO-0036,"Rua Registral 207, Setor de Proveniencia",Belem,PA,30007-000,Brasil,https://w3id.org/ufes/ontodiplomadigital/instancias-ficticias#registroLote175,ReqDip00000000000000000000000000000000000000000177,PROCESSO-DIPLOMA-0177,2027-06-26,2027-07-11,2027-07-26,L-2027-7,REGISTRO-0177,175,177,Caso sintetico 177 com status anulado e modalidade presencial.,https://w3id.org/ufes/ontodiplomadigital/instancias-ficticias#responsavelRegistroLote175,Pessoa Fictícia-0040,CPF-FICTICIO-0753,RESPONSAVEL-REGISTRO-0177,Assinante Fictício-0072 | Assinante Fictício-0397,CPF-FICTICIO-0754 | CPF-FICTICIO-0755,Reitoria de Registro 4 | Secretaria Acadêmica Integrada,Pessoa Fictícia-0016,CPF-FICTICIO-0756,Reitor,https://w3id.org/ufes/ontodiplomadigital/instancias-ficticias#assinaturaLote175,2027-07-26T12:25:00,XAdES,Assinatura da pessoa jurídica emissora,Faculdade Nacional de Dados Ligados,,2027-07-26T12:25:00,https://w3id.org/ufes/ontodiplomadigital/instancias-ficticias#codigoValidacaoLote175,CODIGO-VALIDACAO-FICTICIO-0681,https://w3id.org/ufes/ontodiplomadigital/instancias-ficticias#documentacaoAcademicaLote175,ReqDip00000000000000000000000000000000000000000177,Assinante Fictício-0005,CPF-FICTICIO-0037,Reitor,urn:fake:pdfa:ato-designacao:lote05,https://w3id.org/ufes/ontodiplomadigital/instancias-ficticias#historicoLote175,HISTORICO-0177
CASO-0178,https://w3id.org/ufes/ontodiplomadigital/instancias-ficticias#diplomaLote176,DIPLOMA-0178,Diploma digital,Ativo,1.05,produção,2027-07-24,Portal Público Fictício de Consulta de Diplomas,https://consulta-diploma.exemplo.gov.br,https://w3id.org/ufes/ontodiplomadigital/instancias-ficticias#diplomadoLote176,Pessoa Fictícia-0398,Brasileira,https://w3id.org/ufes/ontodiplomadigital/instancias-ficticias#localNaturalidadeBr2304400,2304400,Fortaleza,CE,,CPF-FICTICIO-0757,https://w3id.org/ufes/ontodiplomadigital/instancias-ficticias#cursoLote176,CURSO-0178,Licenciatura em Governanca Informacional,,2800,2027-06-22,Licenciatura,Licenciado,,curadoria digital,EaD,,,EMEC-FAKE-2027-0178,Análise de regularidade do curso 178,2027-01-28,2027-01-13,https://w3id.org/ufes/ontodiplomadigital/instancias-ficticias#enderecoCursoLote08,"Campus de Dados 08, Bloco C",,,,Florianopolis,SC,31008-000,Brasil,,Universidade de Estudos Documentais,https://w3id.org/ufes/ontodiplomadigital/instancias-ficticias#iesEmissoraLote06,MEC-EM-0006,CNPJ-FICTICIO-0029/CNPJ-FICTICIO-0030,"Avenida Sintetica 106, Setor Emissor",Curitiba,PR,29006-000,Brasil,Centro Universitario de Rastreabilidade Acadêmica,https://w3id.org/ufes/ontodiplomadigital/instancias-ficticias#iesRegistradoraLote08,MEC-RG-0008,CNPJ-FICTICIO-0039/CNPJ-FICTICIO-0040,"Rua Registral 208, Setor de Proveniencia",Vitoria,ES,30008-000,Brasil,https://w3id.org/ufes/ontodiplomadigital/instancias-ficticias#registroLote176,ReqDip00000000000000000000000000000000000000000178,PROCESSO-DIPLOMA-0178,2027-06-29,2027-07-14,2027-07-29,L-2027-1,REGISTRO-0178,176,178,Caso sintetico 178 com status ativo e modalidade ead.,https://w3id.org/ufes/ontodiplomadigital/instancias-ficticias#responsavelRegistroLote176,Pessoa Fictícia-0043,CPF-FICTICIO-0758,RESPONSAVEL-REGISTRO-0178,Assinante Fictício-0074,CPF-FICTICIO-0759,Reitoria de Registro 5,Pessoa Fictícia-0021,CPF-FICTICIO-0760,Reitora,https://w3id.org/ufes/ontodiplomadigital/instancias-ficticias#assinaturaLote176,2027-07-29T13:26:00,CAdES,Assinatura PFResponsavel Registro,,,2027-07-29T13:26:00,https://w3id.org/ufes/ontodiplomadigital/instancias-ficticias#codigoValidacaoLote176,CODIGO-VALIDACAO-FICTICIO-0682,https://w3id.org/ufes/ontodiplomadigital/instancias-ficticias#documentacaoAcademicaLote176,ReqDip00000000000000000000000000000000000000000178,Assinante Fictício-0010,CPF-FICTICIO-0042,Reitora,urn:fake:pdfa:ato-designacao:lote06,https://w3id.org/ufes/ontodiplomadigital/instancias-ficticias#historicoLote176,HISTORICO-0178
CASO-0179,https://w3id.org/ufes/ontodiplomadigital/instancias-ficticias#diplomaLote177,DIPLOMA-0179,Diploma digital,Ativo,1.05,homologação,2027-07-27,GovBR Acadêmico Fictício,https://govbr-academico.exemplo.gov.br,https://w3id.org/ufes/ontodiplomadigital/instancias-ficticias#diplomadoLote177,Pessoa Fictícia-0399,Brasileira,https://w3id.org/ufes/ontodiplomadigital/instancias-ficticias#localNaturalidadeBr3550308,3550308,São Paulo,SP,,CPF-FICTICIO-0761,https://w3id.org/ufes/ontodiplomadigital/instancias-ficticias#cursoLote177,CURSO-0179,Tecnologia em Interoperabilidade Semântica,CURSO-FAKE-0179,3000,2027-06-25,Tecnologia,Tecnólogo,,organizacao do conhecimento,Semipresencial,Análise semantica aplicada,2027-06-25,,,,,https://w3id.org/ufes/ontodiplomadigital/instancias-ficticias#enderecoCursoLote03,"Campus de Dados 03, Bloco C",,,,Curitiba,PR,31003-000,Brasil,,Centro Acadêmico de Interoperabilidade,https://w3id.org/ufes/ontodiplomadigital/instancias-ficticias#iesEmissoraLote07,MEC-EM-0007,CNPJ-FICTICIO-0033/CNPJ-FICTICIO-0034,"Avenida Sintetica 107, Setor Emissor",Fortaleza,CE,29007-000,Brasil,Universidade Registradora do Brasil Digital,https://w3id.org/ufes/ontodiplomadigital/instancias-ficticias#iesRegistradoraLote01,MEC-RG-0001,CNPJ-FICTICIO-0011/CNPJ-FICTICIO-0012,"Rua Registral 201, Setor de Proveniencia",Curitiba,PR,30001-000,Brasil,https://w3id.org/ufes/ontodiplomadigital/instancias-ficticias#registroLote177,ReqDip00000000000000000000000000000000000000000179,PROCESSO-DIPLOMA-0179,2027-07-02,2027-07-17,2027-08-01,L-2027-2,REGISTRO-0179,177,179,Caso sintetico 179 com status ativo e modalidade semipresencial.,https://w3id.org/ufes/ontodiplomadigital/instancias-ficticias#responsavelRegistroLote177,Pessoa Fictícia-0046,CPF-FICTICIO-0762,RESPONSAVEL-REGISTRO-0179,Assinante Fictício-0077,CPF-FICTICIO-0763,Reitoria de Registro 6,Pessoa Fictícia-0026,CPF-FICTICIO-0764,Diretor Acadêmico,https://w3id.org/ufes/ontodiplomadigital/instancias-ficticias#assinaturaLote177,2027-08-01T14:27:00,PAdES,Assinatura da pessoa física emissora,,,2027-08-01T14:27:00,https://w3id.org/ufes/ontodiplomadigital/instancias-ficticias#codigoValidacaoLote177,CODIGO-VALIDACAO-FICTICIO-0683,https://w3id.org/ufes/ontodiplomadigital/instancias-ficticias#documentacaoAcademicaLote177,ReqDip00000000000000000000000000000000000000000179,Assinante Fictício-0015,CPF-FICTICIO-0047,Diretor Geral,urn:fake:pdfa:ato-designacao:lote07,https://w3id.org/ufes/ontodiplomadigital/instancias-ficticias#historicoLote177,HISTORICO-0179
CASO-0180,https://w3id.org/ufes/ontodiplomadigital/instancias-ficticias#diplomaLote178,DIPLOMA-0180,Diploma digital,Ativo,1.05,produção,2027-07-30,Portal Público Fictício de Consulta de Diplomas,https://consulta-diploma.exemplo.gov.br,https://w3id.org/ufes/ontodiplomadigital/instancias-ficticias#diplomadoLote178,Pessoa Fictícia-0400,Brasileira,https://w3id.org/ufes/ontodiplomadigital/instancias-ficticias#localNaturalidadeBr3106200,3106200,Belo Horizonte,MG,,CPF-FICTICIO-0765,https://w3id.org/ufes/ontodiplomadigital/instancias-ficticias#cursoLote178,CURSO-0180,Bacharelado em Preservacao Digital,CURSO-FAKE-0180,3200,2027-06-28,Bacharelado,Bacharel,,preservacao e acesso,Presencial,,,,,,,https://w3id.org/ufes/ontodiplomadigital/instancias-ficticias#enderecoCursoLote10,"Campus de Dados 10, Bloco E",,,,Vitoria,ES,31010-000,Brasil,,Instituto Superior de Preservacao Informacional,https://w3id.org/ufes/ontodiplomadigital/instancias-ficticias#iesEmissoraLote08,MEC-EM-0008,CNPJ-FICTICIO-0037/CNPJ-FICTICIO-0038,"Avenida Sintetica 108, Setor Emissor",Goiania,GO,29008-000,Brasil,Centro de Registro Interoperável,https://w3id.org/ufes/ontodiplomadigital/instancias-ficticias#iesRegistradoraLote02,MEC-RG-0002,CNPJ-FICTICIO-0015/CNPJ-FICTICIO-0016,"Rua Registral 202, Setor de Proveniencia",Fortaleza,CE,30002-000,Brasil,https://w3id.org/ufes/ontodiplomadigital/instancias-ficticias#registroLote178,ReqDip00000000000000000000000000000000000000000180,PROCESSO-DIPLOMA-0180,2027-07-05,2027-07-20,2027-08-04,L-2027-3,REGISTRO-0180,178,180,Caso sintetico 180 com status ativo e modalidade presencial.,https://w3id.org/ufes/ontodiplomadigital/instancias-ficticias#responsavelRegistroLote178,Pessoa Fictícia-0049,CPF-FICTICIO-0766,RESPONSAVEL-REGISTRO-0180,Assinante Fictício-0079,CPF-FICTICIO-0767,Reitoria de Registro 7,Pessoa Fictícia-0031,CPF-FICTICIO-0768,Diretora Acadêmica,https://w3id.org/ufes/ontodiplomadigital/instancias-ficticias#assinaturaLote178,2027-08-04T15:28:00,XAdES,Assinatura PJArquivamento Documentacao Academica,Instituto Superior de Preservacao Informacional,Autoridade Certificadora Fictícia Integridade Digital,2027-08-04T15:28:00,https://w3id.org/ufes/ontodiplomadigital/instancias-ficticias#codigoValidacaoLote178,CODIGO-VALIDACAO-FICTICIO-0684,https://w3id.org/ufes/ontodiplomadigital/instancias-ficticias#documentacaoAcademicaLote178,ReqDip00000000000000000000000000000000000000000180,Assinante Fictício-0020,CPF-FICTICIO-0052,Diretora Geral,urn:fake:pdfa:ato-designacao:lote08,https://w3id.org/ufes/ontodiplomadigital/instancias-ficticias#historicoLote178,HISTORICO-0180
CASO-0181,https://w3id.org/ufes/ontodiplomadigital/instancias-ficticias#diplomaLote179,DIPLOMA-0181,Diploma digital,Revogado,1.05,homologação,2027-08-02,GovBR Acadêmico Fictício,https://govbr-academico.exemplo.gov.br,https://w3id.org/ufes/ontodiplomadigital/instancias-ficticias#diplomadoLote179,Pessoa Fictícia-0401,Brasileira,https://w3id.org/ufes/ontodiplomadigital/instancias-ficticias#localNaturalidadeBr1200401,1200401,Rio Branco,AC,,CPF-FICTICIO-0769,https://w3id.org/ufes/ontodiplomadigital/instancias-ficticias#cursoLote179,CURSO-0181,Licenciatura em Análise Territorial de Dados,CURSO-FAKE-0181,3400,2027-07-01,Licenciatura,Licenciado,,governanca de dados,EaD,,,,,,,https://w3id.org/ufes/ontodiplomadigital/instancias-ficticias#enderecoCursoLote01,"Campus de Dados 01, Bloco A",,,,Brasilia,DF,31001-000,Brasil,,Universidade do Patrimonio Digital,https://w3id.org/ufes/ontodiplomadigital/instancias-ficticias#iesEmissoraLote09,MEC-EM-0009,CNPJ-FICTICIO-0041/CNPJ-FICTICIO-0042,"Avenida Sintetica 109, Setor Emissor",Sao Paulo,SP,29009-000,Brasil,Instituto Nacional de Validação Acadêmica,https://w3id.org/ufes/ontodiplomadigital/instancias-ficticias#iesRegistradoraLote03,MEC-RG-0003,CNPJ-FICTICIO-0019/CNPJ-FICTICIO-0020,"Rua Registral 203, Setor de Proveniencia",Goiania,GO,30003-000,Brasil,https://w3id.org/ufes/ontodiplomadigital/instancias-ficticias#registroLote179,ReqDip00000000000000000000000000000000000000000181,PROCESSO-DIPLOMA-0181,2027-07-08,2027-07-23,2027-08-07,L-2027-4,REGISTRO-0181,179,181,Caso sintetico 181 com status revogado e modalidade ead.,https://w3id.org/ufes/ontodiplomadigital/instancias-ficticias#responsavelRegistroLote179,Pessoa Fictícia-0053,CPF-FICTICIO-0770,RESPONSAVEL-REGISTRO-0181,Assinante Fictício-0081,CPF-FICTICIO-0771,Reitoria de Registro 8,Assinante Fictício-0005,CPF-FICTICIO-0772,Secretario Geral Acadêmico,https://w3id.org/ufes/ontodiplomadigital/instancias-ficticias#assinaturaLote179,2027-08-07T16:29:00,CAdES,Assinatura da pessoa jurídica registradora,Instituto Nacional de Validação Acadêmica,,2027-08-07T16:29:00,https://w3id.org/ufes/ontodiplomadigital/instancias-ficticias#codigoValidacaoLote179,CODIGO-VALIDACAO-FICTICIO-0685,https://w3id.org/ufes/ontodiplomadigital/instancias-ficticias#documentacaoAcademicaLote179,ReqDip00000000000000000000000000000000000000000181,Assinante Fictício-0025,CPF-FICTICIO-0057,Procurador Institucional,urn:fake:pdfa:ato-designacao:lote09,https://w3id.org/ufes/ontodiplomadigital/instancias-ficticias#historicoLote179,HISTORICO-0181
CASO-0182,https://w3id.org/ufes/ontodiplomadigital/instancias-ficticias#diplomaLote180,DIPLOMA-0182,Diploma digital,Anulado,1.05,produção,2027-08-05,Portal Público Fictício de Consulta de Diplomas,https://consulta-diploma.exemplo.gov.br,https://w3id.org/ufes/ontodiplomadigital/instancias-ficticias#diplomadoLote180,Pessoa Fictícia-0402,Brasileira,https://w3id.org/ufes/ontodiplomadigital/instancias-ficticias#localNaturalidadeBr2704302,2704302,Maceió,AL,,CPF-FICTICIO-0773,https://w3id.org/ufes/ontodiplomadigital/instancias-ficticias#cursoLote180,CURSO-0182,Tecnologia em Memoria Institucional,,2400,2027-07-04,Tecnologia,Tecnólogo,Especialista em Memoria Institucional,tratamento documental,Semipresencial,Processos de registro academico,2027-07-04,EMEC-FAKE-2027-0182,Análise de regularidade do curso 182,2027-02-09,2027-01-25,https://w3id.org/ufes/ontodiplomadigital/instancias-ficticias#enderecoCursoLote12,"Campus de Dados 12, Bloco B",,,,Salvador,BA,31012-000,Brasil,,Centro Universitario de Modelagem Conceitual,https://w3id.org/ufes/ontodiplomadigital/instancias-ficticias#iesEmissoraLote10,MEC-EM-0010,CNPJ-FICTICIO-0043/CNPJ-FICTICIO-0044,"Avenida Sintetica 110, Setor Emissor",Rio de Janeiro,RJ,29010-000,Brasil,Universidade Curadora de Diplomas,https://w3id.org/ufes/ontodiplomadigital/instancias-ficticias#iesRegistradoraLote04,MEC-RG-0004,CNPJ-FICTICIO-0023/CNPJ-FICTICIO-0024,"Rua Registral 204, Setor de Proveniencia",Sao Paulo,SP,30004-000,Brasil,https://w3id.org/ufes/ontodiplomadigital/instancias-ficticias#registroLote180,ReqDip00000000000000000000000000000000000000000182,PROCESSO-DIPLOMA-0182,2027-07-11,2027-07-26,2027-08-10,L-2027-5,REGISTRO-0182,180,182,Caso sintetico 182 com status anulado e modalidade semipresencial.,https://w3id.org/ufes/ontodiplomadigital/instancias-ficticias#responsavelRegistroLote180,Pessoa Fictícia-0056,CPF-FICTICIO-0774,RESPONSAVEL-REGISTRO-0182,Assinante Fictício-0083 | Assinante Fictício-0403,CPF-FICTICIO-0775 | CPF-FICTICIO-0776,Reitoria de Registro 9 | Secretaria Acadêmica Integrada,Assinante Fictício-0010,CPF-FICTICIO-0777,Secretaria Geral Acadêmica,https://w3id.org/ufes/ontodiplomadigital/instancias-ficticias#assinaturaLote180,2027-08-10T08:30:00,PAdES,Assinatura da pessoa jurídica emissora,Centro Universitario de Modelagem Conceitual,,2027-08-10T08:30:00,https://w3id.org/ufes/ontodiplomadigital/instancias-ficticias#codigoValidacaoLote180,CODIGO-VALIDACAO-FICTICIO-0686,https://w3id.org/ufes/ontodiplomadigital/instancias-ficticias#documentacaoAcademicaLote180,ReqDip00000000000000000000000000000000000000000182,Assinante Fictício-0030,CPF-FICTICIO-0063,Procuradora Institucional,urn:fake:pdfa:ato-designacao:lote10,https://w3id.org/ufes/ontodiplomadigital/instancias-ficticias#historicoLote180,HISTORICO-0182
CASO-0183,https://w3id.org/ufes/ontodiplomadigital/instancias-ficticias#diplomaLote181,DIPLOMA-0183,Diploma digital,Ativo,1.05,homologação,2027-08-08,GovBR Acadêmico Fictício,https://govbr-academico.exemplo.gov.br,https://w3id.org/ufes/ontodiplomadigital/instancias-ficticias#diplomadoLote181,Pessoa Fictícia-0404,Brasileira,https://w3id.org/ufes/ontodiplomadigital/instancias-ficticias#localNaturalidadeBr3304557,3304557,Rio de Janeiro,RJ,,CPF-FICTICIO-0778,https://w3id.org/ufes/ontodiplomadigital/instancias-ficticias#cursoLote181,CURSO-0183,Bacharelado em Ciência de Dados Publicos,CURSO-FAKE-0183,2600,2027-07-07,Bacharelado,Bacharel,,interoperabilidade semantica,Presencial,,,,,,,https://w3id.org/ufes/ontodiplomadigital/instancias-ficticias#enderecoCursoLote12,"Campus de Dados 12, Bloco B",,,,Salvador,BA,31012-000,Brasil,,Universidade Aberta do Conhecimento,https://w3id.org/ufes/ontodiplomadigital/instancias-ficticias#iesEmissoraLote01,MEC-EM-0001,CNPJ-FICTICIO-0009/CNPJ-FICTICIO-0010,"Avenida Sintetica 101, Setor Emissor",Vitoria,ES,29001-000,Brasil,Centro Registral de Conhecimento Aplicado,https://w3id.org/ufes/ontodiplomadigital/instancias-ficticias#iesRegistradoraLote05,MEC-RG-0005,CNPJ-FICTICIO-0027/CNPJ-FICTICIO-0028,"Rua Registral 205, Setor de Proveniencia",Rio de Janeiro,RJ,30005-000,Brasil,https://w3id.org/ufes/ontodiplomadigital/instancias-ficticias#registroLote181,ReqDip00000000000000000000000000000000000000000183,PROCESSO-DIPLOMA-0183,2027-07-14,2027-07-29,2027-08-13,L-2027-6,REGISTRO-0183,181,183,Caso sintetico 183 com status ativo e modalidade presencial.,https://w3id.org/ufes/ontodiplomadigital/instancias-ficticias#responsavelRegistroLote181,Pessoa Fictícia-0013,CPF-FICTICIO-0779,RESPONSAVEL-REGISTRO-0183,Assinante Fictício-0085,CPF-FICTICIO-0780,Reitoria de Registro 1,Assinante Fictício-0015,CPF-FICTICIO-0781,Pro-Reitor de Graduacao,https://w3id.org/ufes/ontodiplomadigital/instancias-ficticias#assinaturaLote181,2027-08-13T09:31:00,XAdES,Assinatura PFResponsavel Registro,,,2027-08-13T09:31:00,https://w3id.org/ufes/ontodiplomadigital/instancias-ficticias#codigoValidacaoLote181,CODIGO-VALIDACAO-FICTICIO-0687,https://w3id.org/ufes/ontodiplomadigital/instancias-ficticias#documentacaoAcademicaLote181,ReqDip00000000000000000000000000000000000000000183,Pessoa Fictícia-0016,CPF-FICTICIO-0016,Diretor Geral,urn:fake:pdfa:ato-designacao:lote01,https://w3id.org/ufes/ontodiplomadigital/instancias-ficticias#historicoLote181,HISTORICO-0183
CASO-0184,https://w3id.org/ufes/ontodiplomadigital/instancias-ficticias#diplomaLote182,DIPLOMA-0184,Diploma digital,Ativo,1.05,produção,2027-08-11,Portal Público Fictício de Consulta de Diplomas,https://consulta-diploma.exemplo.gov.br,https://w3id.org/ufes/ontodiplomadigital/instancias-ficticias#diplomadoLote182,Pessoa Fictícia-0405,Brasileira,https://w3id.org/ufes/ontodiplomadigital/instancias-ficticias#localNaturalidadeBr4106902,4106902,Curitiba,PR,,CPF-FICTICIO-0782,https://w3id.org/ufes/ontodiplomadigital/instancias-ficticias#cursoLote182,CURSO-0184,Licenciatura em Curadoria Digital,CURSO-FAKE-0184,2800,2027-07-10,Licenciatura,Licenciado,,curadoria digital,EaD,,,,,,,https://w3id.org/ufes/ontodiplomadigital/instancias-ficticias#enderecoCursoLote02,"Campus de Dados 02, Bloco B",,,,Recife,PE,31002-000,Brasil,,Centro Universitario Horizonte Semântico,https://w3id.org/ufes/ontodiplomadigital/instancias-ficticias#iesEmissoraLote02,MEC-EM-0002,CNPJ-FICTICIO-0013/CNPJ-FICTICIO-0014,"Avenida Sintetica 102, Setor Emissor",Belo Horizonte,MG,29002-000,Brasil,Universidade Federal de Registro Semântico,https://w3id.org/ufes/ontodiplomadigital/instancias-ficticias#iesRegistradoraLote06,MEC-RG-0006,CNPJ-FICTICIO-0031/CNPJ-FICTICIO-0032,"Rua Registral 206, Setor de Proveniencia",Florianopolis,SC,30006-000,Brasil,https://w3id.org/ufes/ontodiplomadigital/instancias-ficticias#registroLote182,ReqDip00000000000000000000000000000000000000000184,PROCESSO-DIPLOMA-0184,2027-07-17,2027-08-01,2027-08-16,L-2027-7,REGISTRO-0184,182,184,Caso sintetico 184 com status ativo e modalidade ead.,https://w3id.org/ufes/ontodiplomadigital/instancias-ficticias#responsavelRegistroLote182,Pessoa Fictícia-0018,CPF-FICTICIO-0783,RESPONSAVEL-REGISTRO-0184,Assinante Fictício-0088,CPF-FICTICIO-0784,Reitoria de Registro 2,Assinante Fictício-0020,CPF-FICTICIO-0785,Pro-Reitora de Graduacao,https://w3id.org/ufes/ontodiplomadigital/instancias-ficticias#assinaturaLote182,2027-08-16T10:32:00,CAdES,Assinatura da pessoa física emissora,,,2027-08-16T10:32:00,https://w3id.org/ufes/ontodiplomadigital/instancias-ficticias#codigoValidacaoLote182,CODIGO-VALIDACAO-FICTICIO-0688,https://w3id.org/ufes/ontodiplomadigital/instancias-ficticias#documentacaoAcademicaLote182,ReqDip00000000000000000000000000000000000000000184,Pessoa Fictícia-0021,CPF-FICTICIO-0021,Diretora Geral,urn:fake:pdfa:ato-designacao:lote02,https://w3id.org/ufes/ontodiplomadigital/instancias-ficticias#historicoLote182,HISTORICO-0184
CASO-0185,https://w3id.org/ufes/ontodiplomadigital/instancias-ficticias#diplomaLote183,DIPLOMA-0185,Diploma digital,Ativo,1.05,homologação,2027-08-14,GovBR Acadêmico Fictício,https://govbr-academico.exemplo.gov.br,https://w3id.org/ufes/ontodiplomadigital/instancias-ficticias#diplomadoLote183,Pessoa Fictícia-0406,Brasileira,https://w3id.org/ufes/ontodiplomadigital/instancias-ficticias#localNaturalidadeBr3304557,3304557,Rio de Janeiro,RJ,,CPF-FICTICIO-0786,https://w3id.org/ufes/ontodiplomadigital/instancias-ficticias#cursoLote183,CURSO-0185,Tecnologia em Arquivologia Aplicada,CURSO-FAKE-0185,3000,2027-07-13,Tecnologia,Tecnólogo,,organizacao do conhecimento,Semipresencial,Análise semantica aplicada,2027-07-13,,,,,https://w3id.org/ufes/ontodiplomadigital/instancias-ficticias#enderecoCursoLote03,"Campus de Dados 03, Bloco C",,,,Curitiba,PR,31003-000,Brasil,,Instituto Federal de Curadoria Digital,https://w3id.org/ufes/ontodiplomadigital/instancias-ficticias#iesEmissoraLote03,MEC-EM-0003,CNPJ-FICTICIO-0017/CNPJ-FICTICIO-0018,"Avenida Sintetica 103, Setor Emissor",Salvador,BA,29003-000,Brasil,Instituto de Segurança Documental,https://w3id.org/ufes/ontodiplomadigital/instancias-ficticias#iesRegistradoraLote07,MEC-RG-0007,CNPJ-FICTICIO-0035/CNPJ-FICTICIO-0036,"Rua Registral 207, Setor de Proveniencia",Belem,PA,30007-000,Brasil,https://w3id.org/ufes/ontodiplomadigital/instancias-ficticias#registroLote183,ReqDip00000000000000000000000000000000000000000185,PROCESSO-DIPLOMA-0185,2027-07-20,2027-08-04,2027-08-19,L-2027-1,REGISTRO-0185,183,185,Caso sintetico 185 com status ativo e modalidade semipresencial.,https://w3id.org/ufes/ontodiplomadigital/instancias-ficticias#responsavelRegistroLote183,Pessoa Fictícia-0023,CPF-FICTICIO-0787,RESPONSAVEL-REGISTRO-0185,Assinante Fictício-0090,CPF-FICTICIO-0788,Reitoria de Registro 3,Assinante Fictício-0025,CPF-FICTICIO-0789,Reitor,https://w3id.org/ufes/ontodiplomadigital/instancias-ficticias#assinaturaLote183,2027-08-19T11:33:00,PAdES,Assinatura PJArquivamento Documentacao Academica,Instituto Federal de Curadoria Digital,,2027-08-19T11:33:00,https://w3id.org/ufes/ontodiplomadigital/instancias-ficticias#codigoValidacaoLote183,CODIGO-VALIDACAO-FICTICIO-0689,https://w3id.org/ufes/ontodiplomadigital/instancias-ficticias#documentacaoAcademicaLote183,ReqDip00000000000000000000000000000000000000000185,Pessoa Fictícia-0026,CPF-FICTICIO-0026,Procurador Institucional,urn:fake:pdfa:ato-designacao:lote03,https://w3id.org/ufes/ontodiplomadigital/instancias-ficticias#historicoLote183,HISTORICO-0185
CASO-0186,https://w3id.org/ufes/ontodiplomadigital/instancias-ficticias#diplomaLote184,DIPLOMA-0186,Diploma digital,Revogado,1.05,produção,2027-08-17,Portal Público Fictício de Consulta de Diplomas,https://consulta-diploma.exemplo.gov.br,https://w3id.org/ufes/ontodiplomadigital/instancias-ficticias#diplomadoLote184,Pessoa Fictícia-0407,Estadunidense,https://w3id.org/ufes/ontodiplomadigital/instancias-ficticias#localNaturalidadeEstrangeiraNovaIorque,,,,Nova Iorque,CPF-FICTICIO-0790,https://w3id.org/ufes/ontodiplomadigital/instancias-ficticias#cursoLote184,CURSO-0186,Bacharelado em Biblioteconomia Analitica,,3200,2027-07-16,Bacharelado,Bacharel,,preservacao e acesso,Presencial,,,EMEC-FAKE-2027-0186,Análise de regularidade do curso 186,2027-02-21,2027-02-06,https://w3id.org/ufes/ontodiplomadigital/instancias-ficticias#enderecoCursoLote04,"Campus de Dados 04, Bloco D",,,,Fortaleza,CE,31004-000,Brasil,,Universidade Metropolitana da Informação,https://w3id.org/ufes/ontodiplomadigital/instancias-ficticias#iesEmissoraLote04,MEC-EM-0004,CNPJ-FICTICIO-0021/CNPJ-FICTICIO-0022,"Avenida Sintetica 104, Setor Emissor",Brasilia,DF,29004-000,Brasil,Centro Universitario de Rastreabilidade Acadêmica,https://w3id.org/ufes/ontodiplomadigital/instancias-ficticias#iesRegistradoraLote08,MEC-RG-0008,CNPJ-FICTICIO-0039/CNPJ-FICTICIO-0040,"Rua Registral 208, Setor de Proveniencia",Vitoria,ES,30008-000,Brasil,https://w3id.org/ufes/ontodiplomadigital/instancias-ficticias#registroLote184,ReqDip00000000000000000000000000000000000000000186,PROCESSO-DIPLOMA-0186,2027-07-23,2027-08-07,2027-08-22,L-2027-2,REGISTRO-0186,184,186,Caso sintetico 186 com status revogado e modalidade presencial.,https://w3id.org/ufes/ontodiplomadigital/instancias-ficticias#responsavelRegistroLote184,Pessoa Fictícia-0028,CPF-FICTICIO-0791,RESPONSAVEL-REGISTRO-0186,Assinante Fictício-0092,CPF-FICTICIO-0792,Reitoria de Registro 4,Assinante Fictício-0030,CPF-FICTICIO-0793,Reitora,https://w3id.org/ufes/ontodiplomadigital/instancias-ficticias#assinaturaLote184,2027-08-22T12:34:00,XAdES,Assinatura da pessoa jurídica registradora,Centro Universitario de Rastreabilidade Acadêmica,,2027-08-22T12:34:00,https://w3id.org/ufes/ontodiplomadigital/instancias-ficticias#codigoValidacaoLote184,CODIGO-VALIDACAO-FICTICIO-0690,https://w3id.org/ufes/ontodiplomadigital/instancias-ficticias#documentacaoAcademicaLote184,ReqDip00000000000000000000000000000000000000000186,Pessoa Fictícia-0031,CPF-FICTICIO-0031,Procuradora Institucional,urn:fake:pdfa:ato-designacao:lote04,https://w3id.org/ufes/ontodiplomadigital/instancias-ficticias#historicoLote184,HISTORICO-0186
CASO-0187,https://w3id.org/ufes/ontodiplomadigital/instancias-ficticias#diplomaLote185,DIPLOMA-0187,Diploma digital,Anulado,1.05,homologação,2027-08-20,GovBR Acadêmico Fictício,https://govbr-academico.exemplo.gov.br,https://w3id.org/ufes/ontodiplomadigital/instancias-ficticias#diplomadoLote185,Pessoa Fictícia-0408,Brasileira,https://w3id.org/ufes/ontodiplomadigital/instancias-ficticias#localNaturalidadeBr1100205,1100205,Porto Velho,RO,,CPF-FICTICIO-0794,https://w3id.org/ufes/ontodiplomadigital/instancias-ficticias#cursoLote185,CURSO-0187,Licenciatura em Gestão da Informação,CURSO-FAKE-0187,3400,2027-07-19,Licenciatura,Licenciado,,governanca de dados,EaD,,,,,,,https://w3id.org/ufes/ontodiplomadigital/instancias-ficticias#enderecoCursoLote04,"Campus de Dados 04, Bloco D",,,,Fortaleza,CE,31004-000,Brasil,,Faculdade Nacional de Dados Ligados,https://w3id.org/ufes/ontodiplomadigital/instancias-ficticias#iesEmissoraLote05,MEC-EM-0005,CNPJ-FICTICIO-0025/CNPJ-FICTICIO-0026,"Avenida Sintetica 105, Setor Emissor",Recife,PE,29005-000,Brasil,Universidade Registradora do Brasil Digital,https://w3id.org/ufes/ontodiplomadigital/instancias-ficticias#iesRegistradoraLote01,MEC-RG-0001,CNPJ-FICTICIO-0011/CNPJ-FICTICIO-0012,"Rua Registral 201, Setor de Proveniencia",Curitiba,PR,30001-000,Brasil,https://w3id.org/ufes/ontodiplomadigital/instancias-ficticias#registroLote185,ReqDip00000000000000000000000000000000000000000187,PROCESSO-DIPLOMA-0187,2027-07-26,2027-08-10,2027-08-25,L-2027-3,REGISTRO-0187,185,187,Caso sintetico 187 com status anulado e modalidade ead.,https://w3id.org/ufes/ontodiplomadigital/instancias-ficticias#responsavelRegistroLote185,Pessoa Fictícia-0033,CPF-FICTICIO-0795,RESPONSAVEL-REGISTRO-0187,Assinante Fictício-0094 | Assinante Fictício-0409,CPF-FICTICIO-0796 | CPF-FICTICIO-0797,Reitoria de Registro 5 | Secretaria Acadêmica Integrada,Pessoa Fictícia-0006,CPF-FICTICIO-0798,Diretor Acadêmico,https://w3id.org/ufes/ontodiplomadigital/instancias-ficticias#assinaturaLote185,2027-08-25T13:35:00,CAdES,Assinatura da pessoa jurídica emissora,Faculdade Nacional de Dados Ligados,,2027-08-25T13:35:00,https://w3id.org/ufes/ontodiplomadigital/instancias-ficticias#codigoValidacaoLote185,CODIGO-VALIDACAO-FICTICIO-0691,https://w3id.org/ufes/ontodiplomadigital/instancias-ficticias#documentacaoAcademicaLote185,ReqDip00000000000000000000000000000000000000000187,Assinante Fictício-0005,CPF-FICTICIO-0037,Reitor,urn:fake:pdfa:ato-designacao:lote05,https://w3id.org/ufes/ontodiplomadigital/instancias-ficticias#historicoLote185,HISTORICO-0187
CASO-0188,https://w3id.org/ufes/ontodiplomadigital/instancias-ficticias#diplomaLote186,DIPLOMA-0188,Diploma digital,Ativo,1.05,produção,2027-08-23,Portal Público Fictício de Consulta de Diplomas,https://consulta-diploma.exemplo.gov.br,https://w3id.org/ufes/ontodiplomadigital/instancias-ficticias#diplomadoLote186,Pessoa Fictícia-0410,Brasileira,https://w3id.org/ufes/ontodiplomadigital/instancias-ficticias#localNaturalidadeBr1302603,1302603,Manaus,AM,,CPF-FICTICIO-0799,https://w3id.org/ufes/ontodiplomadigital/instancias-ficticias#cursoLote186,CURSO-0188,Tecnologia em Humanidades Digitais,,2400,2027-07-22,Tecnologia,Tecnólogo,Especialista em Humanidades Digitais,tratamento documental,Semipresencial,Processos de registro academico,2027-07-22,EMEC-FAKE-2027-0188,Análise de regularidade do curso 188,2027-02-27,2027-02-12,https://w3id.org/ufes/ontodiplomadigital/instancias-ficticias#enderecoCursoLote06,"Campus de Dados 06, Bloco A",,,,Sao Paulo,SP,31006-000,Brasil,,Universidade de Estudos Documentais,https://w3id.org/ufes/ontodiplomadigital/instancias-ficticias#iesEmissoraLote06,MEC-EM-0006,CNPJ-FICTICIO-0029/CNPJ-FICTICIO-0030,"Avenida Sintetica 106, Setor Emissor",Curitiba,PR,29006-000,Brasil,Centro de Registro Interoperável,https://w3id.org/ufes/ontodiplomadigital/instancias-ficticias#iesRegistradoraLote02,MEC-RG-0002,CNPJ-FICTICIO-0015/CNPJ-FICTICIO-0016,"Rua Registral 202, Setor de Proveniencia",Fortaleza,CE,30002-000,Brasil,https://w3id.org/ufes/ontodiplomadigital/instancias-ficticias#registroLote186,ReqDip00000000000000000000000000000000000000000188,PROCESSO-DIPLOMA-0188,2027-07-29,2027-08-13,2027-08-28,L-2027-4,REGISTRO-0188,186,188,Caso sintetico 188 com status ativo e modalidade semipresencial.,https://w3id.org/ufes/ontodiplomadigital/instancias-ficticias#responsavelRegistroLote186,Pessoa Fictícia-0037,CPF-FICTICIO-0800,RESPONSAVEL-REGISTRO-0188,Assinante Fictício-0096,CPF-FICTICIO-0801,Reitoria de Registro 6,Pessoa Fictícia-0011,CPF-FICTICIO-0802,Diretora Acadêmica,https://w3id.org/ufes/ontodiplomadigital/instancias-ficticias#assinaturaLote186,2027-08-28T14:36:00,PAdES,Assinatura PFResponsavel Registro,,,2027-08-28T14:36:00,https://w3id.org/ufes/ontodiplomadigital/instancias-ficticias#codigoValidacaoLote186,CODIGO-VALIDACAO-FICTICIO-0692,https://w3id.org/ufes/ontodiplomadigital/instancias-ficticias#documentacaoAcademicaLote186,ReqDip00000000000000000000000000000000000000000188,Assinante Fictício-0010,CPF-FICTICIO-0042,Reitora,urn:fake:pdfa:ato-designacao:lote06,https://w3id.org/ufes/ontodiplomadigital/instancias-ficticias#historicoLote186,HISTORICO-0188
CASO-0189,https://w3id.org/ufes/ontodiplomadigital/instancias-ficticias#diplomaLote187,DIPLOMA-0189,Diploma digital,Ativo,1.05,homologação,2027-08-26,GovBR Acadêmico Fictício,https://govbr-academico.exemplo.gov.br,https://w3id.org/ufes/ontodiplomadigital/instancias-ficticias#diplomadoLote187,Pessoa Fictícia-0411,Brasileira,https://w3id.org/ufes/ontodiplomadigital/instancias-ficticias#localNaturalidadeBr2507507,2507507,João Pessoa,PB,,CPF-FICTICIO-0803,https://w3id.org/ufes/ontodiplomadigital/instancias-ficticias#cursoLote187,CURSO-0189,Bacharelado em Documentacao Tecnica,CURSO-FAKE-0189,2600,2027-07-25,Bacharelado,Bacharel,,interoperabilidade semantica,Presencial,,,,,,,https://w3id.org/ufes/ontodiplomadigital/instancias-ficticias#enderecoCursoLote12,"Campus de Dados 12, Bloco B",,,,Salvador,BA,31012-000,Brasil,,Centro Acadêmico de Interoperabilidade,https://w3id.org/ufes/ontodiplomadigital/instancias-ficticias#iesEmissoraLote07,MEC-EM-0007,CNPJ-FICTICIO-0033/CNPJ-FICTICIO-0034,"Avenida Sintetica 107, Setor Emissor",Fortaleza,CE,29007-000,Brasil,Instituto Nacional de Validação Acadêmica,https://w3id.org/ufes/ontodiplomadigital/instancias-ficticias#iesRegistradoraLote03,MEC-RG-0003,CNPJ-FICTICIO-0019/CNPJ-FICTICIO-0020,"Rua Registral 203, Setor de Proveniencia",Goiania,GO,30003-000,Brasil,https://w3id.org/ufes/ontodiplomadigital/instancias-ficticias#registroLote187,ReqDip00000000000000000000000000000000000000000189,PROCESSO-DIPLOMA-0189,2027-08-01,2027-08-16,2027-08-31,L-2027-5,REGISTRO-0189,187,189,Caso sintetico 189 com status ativo e modalidade presencial.,https://w3id.org/ufes/ontodiplomadigital/instancias-ficticias#responsavelRegistroLote187,Pessoa Fictícia-0040,CPF-FICTICIO-0804,RESPONSAVEL-REGISTRO-0189,Assinante Fictício-0099,CPF-FICTICIO-0805,Reitoria de Registro 7,Pessoa Fictícia-0016,CPF-FICTICIO-0806,Secretario Geral Acadêmico,https://w3id.org/ufes/ontodiplomadigital/instancias-ficticias#assinaturaLote187,2027-08-31T15:37:00,XAdES,Assinatura da pessoa física emissora,,,2027-08-31T15:37:00,https://w3id.org/ufes/ontodiplomadigital/instancias-ficticias#codigoValidacaoLote187,CODIGO-VALIDACAO-FICTICIO-0693,https://w3id.org/ufes/ontodiplomadigital/instancias-ficticias#documentacaoAcademicaLote187,ReqDip00000000000000000000000000000000000000000189,Assinante Fictício-0015,CPF-FICTICIO-0047,Diretor Geral,urn:fake:pdfa:ato-designacao:lote07,https://w3id.org/ufes/ontodiplomadigital/instancias-ficticias#historicoLote187,HISTORICO-0189
CASO-0190,https://w3id.org/ufes/ontodiplomadigital/instancias-ficticias#diplomaLote188,DIPLOMA-0190,Diploma digital,Ativo,1.05,produção,2027-08-29,Portal Público Fictício de Consulta de Diplomas,https://consulta-diploma.exemplo.gov.br,https://w3id.org/ufes/ontodiplomadigital/instancias-ficticias#diplomadoLote188,Pessoa Fictícia-0412,Brasileira,https://w3id.org/ufes/ontodiplomadigital/instancias-ficticias#localNaturalidadeBr3550308,3550308,São Paulo,SP,,CPF-FICTICIO-0807,https://w3id.org/ufes/ontodiplomadigital/instancias-ficticias#cursoLote188,CURSO-0190,Licenciatura em Governanca Informacional,,2800,2027-07-28,Licenciatura,Licenciado,,curadoria digital,EaD,,,EMEC-FAKE-2027-0190,Análise de regularidade do curso 190,2027-03-05,2027-02-18,https://w3id.org/ufes/ontodiplomadigital/instancias-ficticias#enderecoCursoLote08,"Campus de Dados 08, Bloco C",,,,Florianopolis,SC,31008-000,Brasil,,Instituto Superior de Preservacao Informacional,https://w3id.org/ufes/ontodiplomadigital/instancias-ficticias#iesEmissoraLote08,MEC-EM-0008,CNPJ-FICTICIO-0037/CNPJ-FICTICIO-0038,"Avenida Sintetica 108, Setor Emissor",Goiania,GO,29008-000,Brasil,Universidade Curadora de Diplomas,https://w3id.org/ufes/ontodiplomadigital/instancias-ficticias#iesRegistradoraLote04,MEC-RG-0004,CNPJ-FICTICIO-0023/CNPJ-FICTICIO-0024,"Rua Registral 204, Setor de Proveniencia",Sao Paulo,SP,30004-000,Brasil,https://w3id.org/ufes/ontodiplomadigital/instancias-ficticias#registroLote188,ReqDip00000000000000000000000000000000000000000190,PROCESSO-DIPLOMA-0190,2027-08-04,2027-08-19,2027-09-03,L-2027-6,REGISTRO-0190,188,190,Caso sintetico 190 com status ativo e modalidade ead.,https://w3id.org/ufes/ontodiplomadigital/instancias-ficticias#responsavelRegistroLote188,Pessoa Fictícia-0043,CPF-FICTICIO-0808,RESPONSAVEL-REGISTRO-0190,Assinante Fictício-0101,CPF-FICTICIO-0809,Reitoria de Registro 8,Pessoa Fictícia-0021,CPF-FICTICIO-0810,Secretaria Geral Acadêmica,https://w3id.org/ufes/ontodiplomadigital/instancias-ficticias#assinaturaLote188,2027-09-03T16:38:00,CAdES,Assinatura PJArquivamento Documentacao Academica,Instituto Superior de Preservacao Informacional,,2027-09-03T16:38:00,https://w3id.org/ufes/ontodiplomadigital/instancias-ficticias#codigoValidacaoLote188,CODIGO-VALIDACAO-FICTICIO-0694,https://w3id.org/ufes/ontodiplomadigital/instancias-ficticias#documentacaoAcademicaLote188,ReqDip00000000000000000000000000000000000000000190,Assinante Fictício-0020,CPF-FICTICIO-0052,Diretora Geral,urn:fake:pdfa:ato-designacao:lote08,https://w3id.org/ufes/ontodiplomadigital/instancias-ficticias#historicoLote188,HISTORICO-0190
CASO-0191,https://w3id.org/ufes/ontodiplomadigital/instancias-ficticias#diplomaLote189,DIPLOMA-0191,Diploma digital,Revogado,1.05,homologação,2027-09-01,GovBR Acadêmico Fictício,https://govbr-academico.exemplo.gov.br,https://w3id.org/ufes/ontodiplomadigital/instancias-ficticias#diplomadoLote189,Pessoa Fictícia-0413,Brasileira,https://w3id.org/ufes/ontodiplomadigital/instancias-ficticias#localNaturalidadeBr1501402,1501402,Belém,PA,,CPF-FICTICIO-0811,https://w3id.org/ufes/ontodiplomadigital/instancias-ficticias#cursoLote189,CURSO-0191,Tecnologia em Interoperabilidade Semântica,CURSO-FAKE-0191,3000,2027-07-31,Tecnologia,Tecnólogo,,organizacao do conhecimento,Semipresencial,Análise semantica aplicada,2027-07-31,,,,,https://w3id.org/ufes/ontodiplomadigital/instancias-ficticias#enderecoCursoLote12,"Campus de Dados 12, Bloco B",,,,Salvador,BA,31012-000,Brasil,,Universidade do Patrimonio Digital,https://w3id.org/ufes/ontodiplomadigital/instancias-ficticias#iesEmissoraLote09,MEC-EM-0009,CNPJ-FICTICIO-0041/CNPJ-FICTICIO-0042,"Avenida Sintetica 109, Setor Emissor",Sao Paulo,SP,29009-000,Brasil,Centro Registral de Conhecimento Aplicado,https://w3id.org/ufes/ontodiplomadigital/instancias-ficticias#iesRegistradoraLote05,MEC-RG-0005,CNPJ-FICTICIO-0027/CNPJ-FICTICIO-0028,"Rua Registral 205, Setor de Proveniencia",Rio de Janeiro,RJ,30005-000,Brasil,https://w3id.org/ufes/ontodiplomadigital/instancias-ficticias#registroLote189,ReqDip00000000000000000000000000000000000000000191,PROCESSO-DIPLOMA-0191,2027-08-07,2027-08-22,2027-09-06,L-2027-7,REGISTRO-0191,189,191,Caso sintetico 191 com status revogado e modalidade semipresencial.,https://w3id.org/ufes/ontodiplomadigital/instancias-ficticias#responsavelRegistroLote189,Pessoa Fictícia-0046,CPF-FICTICIO-0812,RESPONSAVEL-REGISTRO-0191,Assinante Fictício-0103,CPF-FICTICIO-0813,Reitoria de Registro 9,Pessoa Fictícia-0026,CPF-FICTICIO-0814,Pro-Reitor de Graduacao,https://w3id.org/ufes/ontodiplomadigital/instancias-ficticias#assinaturaLote189,2027-09-06T08:39:00,PAdES,Assinatura da pessoa jurídica registradora,Centro Registral de Conhecimento Aplicado,,2027-09-06T08:39:00,https://w3id.org/ufes/ontodiplomadigital/instancias-ficticias#codigoValidacaoLote189,CODIGO-VALIDACAO-FICTICIO-0695,https://w3id.org/ufes/ontodiplomadigital/instancias-ficticias#documentacaoAcademicaLote189,ReqDip00000000000000000000000000000000000000000191,Assinante Fictício-0025,CPF-FICTICIO-0057,Procurador Institucional,urn:fake:pdfa:ato-designacao:lote09,https://w3id.org/ufes/ontodiplomadigital/instancias-ficticias#historicoLote189,HISTORICO-0191
CASO-0192,https://w3id.org/ufes/ontodiplomadigital/instancias-ficticias#diplomaLote190,DIPLOMA-0192,Diploma digital,Anulado,1.05,produção,2027-09-04,Portal Público Fictício de Consulta de Diplomas,https://consulta-diploma.exemplo.gov.br,https://w3id.org/ufes/ontodiplomadigital/instancias-ficticias#diplomadoLote190,Pessoa Fictícia-0414,Brasileira,https://w3id.org/ufes/ontodiplomadigital/instancias-ficticias#localNaturalidadeBr2111300,2111300,São Luís,MA,,CPF-FICTICIO-0815,https://w3id.org/ufes/ontodiplomadigital/instancias-ficticias#cursoLote190,CURSO-0192,Bacharelado em Preservacao Digital,CURSO-FAKE-0192,3200,2027-08-03,Bacharelado,Bacharel,,preservacao e acesso,Presencial,,,,,,,https://w3id.org/ufes/ontodiplomadigital/instancias-ficticias#enderecoCursoLote10,"Campus de Dados 10, Bloco E",,,,Vitoria,ES,31010-000,Brasil,,Centro Universitario de Modelagem Conceitual,https://w3id.org/ufes/ontodiplomadigital/instancias-ficticias#iesEmissoraLote10,MEC-EM-0010,CNPJ-FICTICIO-0043/CNPJ-FICTICIO-0044,"Avenida Sintetica 110, Setor Emissor",Rio de Janeiro,RJ,29010-000,Brasil,Universidade Federal de Registro Semântico,https://w3id.org/ufes/ontodiplomadigital/instancias-ficticias#iesRegistradoraLote06,MEC-RG-0006,CNPJ-FICTICIO-0031/CNPJ-FICTICIO-0032,"Rua Registral 206, Setor de Proveniencia",Florianopolis,SC,30006-000,Brasil,https://w3id.org/ufes/ontodiplomadigital/instancias-ficticias#registroLote190,ReqDip00000000000000000000000000000000000000000192,PROCESSO-DIPLOMA-0192,2027-08-10,2027-08-25,2027-09-09,L-2027-1,REGISTRO-0192,190,192,Caso sintetico 192 com status anulado e modalidade presencial.,https://w3id.org/ufes/ontodiplomadigital/instancias-ficticias#responsavelRegistroLote190,Pessoa Fictícia-0049,CPF-FICTICIO-0816,RESPONSAVEL-REGISTRO-0192,Assinante Fictício-0105 | Assinante Fictício-0415,CPF-FICTICIO-0817 | CPF-FICTICIO-0818,Reitoria de Registro 1 | Secretaria Acadêmica Integrada,Pessoa Fictícia-0031,CPF-FICTICIO-0819,Pro-Reitora de Graduacao,https://w3id.org/ufes/ontodiplomadigital/instancias-ficticias#assinaturaLote190,2027-09-09T09:40:00,XAdES,Assinatura da pessoa jurídica emissora,Centro Universitario de Modelagem Conceitual,Autoridade Certificadora Fictícia Integridade Digital,2027-09-09T09:40:00,https://w3id.org/ufes/ontodiplomadigital/instancias-ficticias#codigoValidacaoLote190,CODIGO-VALIDACAO-FICTICIO-0696,https://w3id.org/ufes/ontodiplomadigital/instancias-ficticias#documentacaoAcademicaLote190,ReqDip00000000000000000000000000000000000000000192,Assinante Fictício-0030,CPF-FICTICIO-0063,Procuradora Institucional,urn:fake:pdfa:ato-designacao:lote10,https://w3id.org/ufes/ontodiplomadigital/instancias-ficticias#historicoLote190,HISTORICO-0192
CASO-0193,https://w3id.org/ufes/ontodiplomadigital/instancias-ficticias#diplomaLote191,DIPLOMA-0193,Diploma digital,Ativo,1.05,homologação,2027-09-07,GovBR Acadêmico Fictício,https://govbr-academico.exemplo.gov.br,https://w3id.org/ufes/ontodiplomadigital/instancias-ficticias#diplomadoLote191,Pessoa Fictícia-0416,Brasileira,https://w3id.org/ufes/ontodiplomadigital/instancias-ficticias#localNaturalidadeBr3106200,3106200,Belo Horizonte,MG,,CPF-FICTICIO-0820,https://w3id.org/ufes/ontodiplomadigital/instancias-ficticias#cursoLote191,CURSO-0193,Licenciatura em Análise Territorial de Dados,CURSO-FAKE-0193,3400,2027-08-06,Licenciatura,Licenciado,,governanca de dados,EaD,,,,,,,https://w3id.org/ufes/ontodiplomadigital/instancias-ficticias#enderecoCursoCaso1,"Campus Integracao, Bloco A",,,,Vila Semântica,ES,29001-111,Brasil,,Universidade Aberta do Conhecimento,https://w3id.org/ufes/ontodiplomadigital/instancias-ficticias#iesEmissoraLote01,MEC-EM-0001,CNPJ-FICTICIO-0009/CNPJ-FICTICIO-0010,"Avenida Sintetica 101, Setor Emissor",Vitoria,ES,29001-000,Brasil,Instituto de Segurança Documental,https://w3id.org/ufes/ontodiplomadigital/instancias-ficticias#iesRegistradoraLote07,MEC-RG-0007,CNPJ-FICTICIO-0035/CNPJ-FICTICIO-0036,"Rua Registral 207, Setor de Proveniencia",Belem,PA,30007-000,Brasil,https://w3id.org/ufes/ontodiplomadigital/instancias-ficticias#registroLote191,ReqDip00000000000000000000000000000000000000000193,PROCESSO-DIPLOMA-0193,2027-08-13,2027-08-28,2027-09-12,L-2027-2,REGISTRO-0193,191,193,Caso sintetico 193 com status ativo e modalidade ead.,https://w3id.org/ufes/ontodiplomadigital/instancias-ficticias#responsavelRegistroLote191,Pessoa Fictícia-0053,CPF-FICTICIO-0821,RESPONSAVEL-REGISTRO-0193,Assinante Fictício-0107,CPF-FICTICIO-0822,Reitoria de Registro 2,Assinante Fictício-0005,CPF-FICTICIO-0823,Reitor,https://w3id.org/ufes/ontodiplomadigital/instancias-ficticias#assinaturaLote191,2027-09-12T10:41:00,CAdES,Assinatura PFResponsavel Registro,,,2027-09-12T10:41:00,https://w3id.org/ufes/ontodiplomadigital/instancias-ficticias#codigoValidacaoLote191,CODIGO-VALIDACAO-FICTICIO-0697,https://w3id.org/ufes/ontodiplomadigital/instancias-ficticias#documentacaoAcademicaLote191,ReqDip00000000000000000000000000000000000000000193,Pessoa Fictícia-0016,CPF-FICTICIO-0016,Diretor Geral,urn:fake:pdfa:ato-designacao:lote01,https://w3id.org/ufes/ontodiplomadigital/instancias-ficticias#historicoLote191,HISTORICO-0193
CASO-0194,https://w3id.org/ufes/ontodiplomadigital/instancias-ficticias#diplomaLote192,DIPLOMA-0194,Diploma digital,Ativo,1.05,produção,2027-09-10,Portal Público Fictício de Consulta de Diplomas,https://consulta-diploma.exemplo.gov.br,https://w3id.org/ufes/ontodiplomadigital/instancias-ficticias#diplomadoLote192,Pessoa Fictícia-0417,Brasileira,https://w3id.org/ufes/ontodiplomadigital/instancias-ficticias#localNaturalidadeBr2611606,2611606,Recife,PE,,CPF-FICTICIO-0824,https://w3id.org/ufes/ontodiplomadigital/instancias-ficticias#cursoLote192,CURSO-0194,Tecnologia em Memoria Institucional,,2400,2027-08-09,Tecnologia,Tecnólogo,Especialista em Memoria Institucional,tratamento documental,Semipresencial,Processos de registro academico,2027-08-09,EMEC-FAKE-2027-0194,Análise de regularidade do curso 194,2027-03-17,2027-03-02,https://w3id.org/ufes/ontodiplomadigital/instancias-ficticias#enderecoCursoLote12,"Campus de Dados 12, Bloco B",,,,Salvador,BA,31012-000,Brasil,,Centro Universitario Horizonte Semântico,https://w3id.org/ufes/ontodiplomadigital/instancias-ficticias#iesEmissoraLote02,MEC-EM-0002,CNPJ-FICTICIO-0013/CNPJ-FICTICIO-0014,"Avenida Sintetica 102, Setor Emissor",Belo Horizonte,MG,29002-000,Brasil,Centro Universitario de Rastreabilidade Acadêmica,https://w3id.org/ufes/ontodiplomadigital/instancias-ficticias#iesRegistradoraLote08,MEC-RG-0008,CNPJ-FICTICIO-0039/CNPJ-FICTICIO-0040,"Rua Registral 208, Setor de Proveniencia",Vitoria,ES,30008-000,Brasil,https://w3id.org/ufes/ontodiplomadigital/instancias-ficticias#registroLote192,ReqDip00000000000000000000000000000000000000000194,PROCESSO-DIPLOMA-0194,2027-08-16,2027-08-31,2027-09-15,L-2027-3,REGISTRO-0194,192,194,Caso sintetico 194 com status ativo e modalidade semipresencial.,https://w3id.org/ufes/ontodiplomadigital/instancias-ficticias#responsavelRegistroLote192,Pessoa Fictícia-0056,CPF-FICTICIO-0825,RESPONSAVEL-REGISTRO-0194,Assinante Fictício-0110,CPF-FICTICIO-0826,Reitoria de Registro 3,Assinante Fictício-0010,CPF-FICTICIO-0827,Reitora,https://w3id.org/ufes/ontodiplomadigital/instancias-ficticias#assinaturaLote192,2027-09-15T11:42:00,PAdES,Assinatura da pessoa física emissora,,,2027-09-15T11:42:00,https://w3id.org/ufes/ontodiplomadigital/instancias-ficticias#codigoValidacaoLote192,CODIGO-VALIDACAO-FICTICIO-0698,https://w3id.org/ufes/ontodiplomadigital/instancias-ficticias#documentacaoAcademicaLote192,ReqDip00000000000000000000000000000000000000000194,Pessoa Fictícia-0021,CPF-FICTICIO-0021,Diretora Geral,urn:fake:pdfa:ato-designacao:lote02,https://w3id.org/ufes/ontodiplomadigital/instancias-ficticias#historicoLote192,HISTORICO-0194
CASO-0195,https://w3id.org/ufes/ontodiplomadigital/instancias-ficticias#diplomaLote193,DIPLOMA-0195,Diploma digital,Ativo,1.05,homologação,2027-09-13,GovBR Acadêmico Fictício,https://govbr-academico.exemplo.gov.br,https://w3id.org/ufes/ontodiplomadigital/instancias-ficticias#diplomadoLote193,Pessoa Fictícia-0418,Brasileira,https://w3id.org/ufes/ontodiplomadigital/instancias-ficticias#localNaturalidadeBr3304557,3304557,Rio de Janeiro,RJ,,CPF-FICTICIO-0828,https://w3id.org/ufes/ontodiplomadigital/instancias-ficticias#cursoLote193,CURSO-0195,Bacharelado em Ciência de Dados Publicos,CURSO-FAKE-0195,2600,2027-08-12,Bacharelado,Bacharel,,interoperabilidade semantica,Presencial,,,,,,,https://w3id.org/ufes/ontodiplomadigital/instancias-ficticias#enderecoCursoLote06,"Campus de Dados 06, Bloco A",,,,Sao Paulo,SP,31006-000,Brasil,,Instituto Federal de Curadoria Digital,https://w3id.org/ufes/ontodiplomadigital/instancias-ficticias#iesEmissoraLote03,MEC-EM-0003,CNPJ-FICTICIO-0017/CNPJ-FICTICIO-0018,"Avenida Sintetica 103, Setor Emissor",Salvador,BA,29003-000,Brasil,Universidade Registradora do Brasil Digital,https://w3id.org/ufes/ontodiplomadigital/instancias-ficticias#iesRegistradoraLote01,MEC-RG-0001,CNPJ-FICTICIO-0011/CNPJ-FICTICIO-0012,"Rua Registral 201, Setor de Proveniencia",Curitiba,PR,30001-000,Brasil,https://w3id.org/ufes/ontodiplomadigital/instancias-ficticias#registroLote193,ReqDip00000000000000000000000000000000000000000195,PROCESSO-DIPLOMA-0195,2027-08-19,2027-09-03,2027-09-18,L-2027-4,REGISTRO-0195,193,195,Caso sintetico 195 com status ativo e modalidade presencial.,https://w3id.org/ufes/ontodiplomadigital/instancias-ficticias#responsavelRegistroLote193,Pessoa Fictícia-0013,CPF-FICTICIO-0829,RESPONSAVEL-REGISTRO-0195,Assinante Fictício-0112,CPF-FICTICIO-0830,Reitoria de Registro 4,Assinante Fictício-0015,CPF-FICTICIO-0831,Diretor Acadêmico,https://w3id.org/ufes/ontodiplomadigital/instancias-ficticias#assinaturaLote193,2027-09-18T12:43:00,XAdES,Assinatura PJArquivamento Documentacao Academica,Instituto Federal de Curadoria Digital,,2027-09-18T12:43:00,https://w3id.org/ufes/ontodiplomadigital/instancias-ficticias#codigoValidacaoLote193,CODIGO-VALIDACAO-FICTICIO-0699,https://w3id.org/ufes/ontodiplomadigital/instancias-ficticias#documentacaoAcademicaLote193,ReqDip00000000000000000000000000000000000000000195,Pessoa Fictícia-0026,CPF-FICTICIO-0026,Procurador Institucional,urn:fake:pdfa:ato-designacao:lote03,https://w3id.org/ufes/ontodiplomadigital/instancias-ficticias#historicoLote193,HISTORICO-0195
CASO-0196,https://w3id.org/ufes/ontodiplomadigital/instancias-ficticias#diplomaLote194,DIPLOMA-0196,Diploma digital,Revogado,1.05,produção,2027-09-16,Portal Público Fictício de Consulta de Diplomas,https://consulta-diploma.exemplo.gov.br,https://w3id.org/ufes/ontodiplomadigital/instancias-ficticias#diplomadoLote194,Pessoa Fictícia-0419,Brasileira,https://w3id.org/ufes/ontodiplomadigital/instancias-ficticias#localNaturalidadeBr5208707,5208707,Goiânia,GO,,CPF-FICTICIO-0832,https://w3id.org/ufes/ontodiplomadigital/instancias-ficticias#cursoLote194,CURSO-0196,Licenciatura em Curadoria Digital,CURSO-FAKE-0196,2800,2027-08-15,Licenciatura,Licenciado,,curadoria digital,EaD,,,,,,,https://w3id.org/ufes/ontodiplomadigital/instancias-ficticias#enderecoCursoLote02,"Campus de Dados 02, Bloco B",,,,Recife,PE,31002-000,Brasil,,Universidade Metropolitana da Informação,https://w3id.org/ufes/ontodiplomadigital/instancias-ficticias#iesEmissoraLote04,MEC-EM-0004,CNPJ-FICTICIO-0021/CNPJ-FICTICIO-0022,"Avenida Sintetica 104, Setor Emissor",Brasilia,DF,29004-000,Brasil,Centro de Registro Interoperável,https://w3id.org/ufes/ontodiplomadigital/instancias-ficticias#iesRegistradoraLote02,MEC-RG-0002,CNPJ-FICTICIO-0015/CNPJ-FICTICIO-0016,"Rua Registral 202, Setor de Proveniencia",Fortaleza,CE,30002-000,Brasil,https://w3id.org/ufes/ontodiplomadigital/instancias-ficticias#registroLote194,ReqDip00000000000000000000000000000000000000000196,PROCESSO-DIPLOMA-0196,2027-08-22,2027-09-06,2027-09-21,L-2027-5,REGISTRO-0196,194,196,Caso sintetico 196 com status revogado e modalidade ead.,https://w3id.org/ufes/ontodiplomadigital/instancias-ficticias#responsavelRegistroLote194,Pessoa Fictícia-0018,CPF-FICTICIO-0833,RESPONSAVEL-REGISTRO-0196,Assinante Fictício-0114,CPF-FICTICIO-0834,Reitoria de Registro 5,Assinante Fictício-0020,CPF-FICTICIO-0835,Diretora Acadêmica,https://w3id.org/ufes/ontodiplomadigital/instancias-ficticias#assinaturaLote194,2027-09-21T13:44:00,CAdES,Assinatura da pessoa jurídica registradora,Centro de Registro Interoperável,,2027-09-21T13:44:00,https://w3id.org/ufes/ontodiplomadigital/instancias-ficticias#codigoValidacaoLote194,CODIGO-VALIDACAO-FICTICIO-0700,https://w3id.org/ufes/ontodiplomadigital/instancias-ficticias#documentacaoAcademicaLote194,ReqDip00000000000000000000000000000000000000000196,Pessoa Fictícia-0031,CPF-FICTICIO-0031,Procuradora Institucional,urn:fake:pdfa:ato-designacao:lote04,https://w3id.org/ufes/ontodiplomadigital/instancias-ficticias#historicoLote194,HISTORICO-0196
CASO-0197,https://w3id.org/ufes/ontodiplomadigital/instancias-ficticias#diplomaLote195,DIPLOMA-0197,Diploma digital,Anulado,1.05,homologação,2027-09-19,GovBR Acadêmico Fictício,https://govbr-academico.exemplo.gov.br,https://w3id.org/ufes/ontodiplomadigital/instancias-ficticias#diplomadoLote195,Pessoa Fictícia-0420,Brasileira,https://w3id.org/ufes/ontodiplomadigital/instancias-ficticias#localNaturalidadeBr3204807,3204807,São José do Calçado,ES,,CPF-FICTICIO-0836,https://w3id.org/ufes/ontodiplomadigital/instancias-ficticias#cursoLote195,CURSO-0197,Tecnologia em Arquivologia Aplicada,CURSO-FAKE-0197,3000,2027-08-18,Tecnologia,Tecnólogo,,organizacao do conhecimento,Semipresencial,Análise semantica aplicada,2027-08-18,,,,,https://w3id.org/ufes/ontodiplomadigital/instancias-ficticias#enderecoCursoLote05,"Campus de Dados 05, Bloco E",,,,Goiania,GO,31005-000,Brasil,,Faculdade Nacional de Dados Ligados,https://w3id.org/ufes/ontodiplomadigital/instancias-ficticias#iesEmissoraLote05,MEC-EM-0005,CNPJ-FICTICIO-0025/CNPJ-FICTICIO-0026,"Avenida Sintetica 105, Setor Emissor",Recife,PE,29005-000,Brasil,Instituto Nacional de Validação Acadêmica,https://w3id.org/ufes/ontodiplomadigital/instancias-ficticias#iesRegistradoraLote03,MEC-RG-0003,CNPJ-FICTICIO-0019/CNPJ-FICTICIO-0020,"Rua Registral 203, Setor de Proveniencia",Goiania,GO,30003-000,Brasil,https://w3id.org/ufes/ontodiplomadigital/instancias-ficticias#registroLote195,ReqDip00000000000000000000000000000000000000000197,PROCESSO-DIPLOMA-0197,2027-08-25,2027-09-09,2027-09-24,L-2027-6,REGISTRO-0197,195,197,Caso sintetico 197 com status anulado e modalidade semipresencial.,https://w3id.org/ufes/ontodiplomadigital/instancias-ficticias#responsavelRegistroLote195,Pessoa Fictícia-0023,CPF-FICTICIO-0837,RESPONSAVEL-REGISTRO-0197,Assinante Fictício-0116 | Assinante Fictício-0421,CPF-FICTICIO-0838 | CPF-FICTICIO-0839,Reitoria de Registro 6 | Secretaria Acadêmica Integrada,Assinante Fictício-0025,CPF-FICTICIO-0840,Secretario Geral Acadêmico,https://w3id.org/ufes/ontodiplomadigital/instancias-ficticias#assinaturaLote195,2027-09-24T14:45:00,PAdES,Assinatura da pessoa jurídica emissora,Faculdade Nacional de Dados Ligados,,2027-09-24T14:45:00,https://w3id.org/ufes/ontodiplomadigital/instancias-ficticias#codigoValidacaoLote195,CODIGO-VALIDACAO-FICTICIO-0701,https://w3id.org/ufes/ontodiplomadigital/instancias-ficticias#documentacaoAcademicaLote195,ReqDip00000000000000000000000000000000000000000197,Assinante Fictício-0005,CPF-FICTICIO-0037,Reitor,urn:fake:pdfa:ato-designacao:lote05,https://w3id.org/ufes/ontodiplomadigital/instancias-ficticias#historicoLote195,HISTORICO-0197
CASO-0198,https://w3id.org/ufes/ontodiplomadigital/instancias-ficticias#diplomaLote196,DIPLOMA-0198,Diploma digital,Ativo,1.05,produção,2027-09-22,Portal Público Fictício de Consulta de Diplomas,https://consulta-diploma.exemplo.gov.br,https://w3id.org/ufes/ontodiplomadigital/instancias-ficticias#diplomadoLote196,Pessoa Fictícia-0422,Brasileira,https://w3id.org/ufes/ontodiplomadigital/instancias-ficticias#localNaturalidadeBr2927408,2927408,Salvador,BA,,CPF-FICTICIO-0841,https://w3id.org/ufes/ontodiplomadigital/instancias-ficticias#cursoLote196,CURSO-0198,Bacharelado em Biblioteconomia Analitica,,3200,2027-08-21,Bacharelado,Bacharel,,preservacao e acesso,Presencial,,,EMEC-FAKE-2027-0198,Análise de regularidade do curso 198,2027-03-29,2027-03-14,https://w3id.org/ufes/ontodiplomadigital/instancias-ficticias#enderecoCursoLote04,"Campus de Dados 04, Bloco D",,,,Fortaleza,CE,31004-000,Brasil,,Universidade de Estudos Documentais,https://w3id.org/ufes/ontodiplomadigital/instancias-ficticias#iesEmissoraLote06,MEC-EM-0006,CNPJ-FICTICIO-0029/CNPJ-FICTICIO-0030,"Avenida Sintetica 106, Setor Emissor",Curitiba,PR,29006-000,Brasil,Universidade Curadora de Diplomas,https://w3id.org/ufes/ontodiplomadigital/instancias-ficticias#iesRegistradoraLote04,MEC-RG-0004,CNPJ-FICTICIO-0023/CNPJ-FICTICIO-0024,"Rua Registral 204, Setor de Proveniencia",Sao Paulo,SP,30004-000,Brasil,https://w3id.org/ufes/ontodiplomadigital/instancias-ficticias#registroLote196,ReqDip00000000000000000000000000000000000000000198,PROCESSO-DIPLOMA-0198,2027-08-28,2027-09-12,2027-09-27,L-2027-7,REGISTRO-0198,196,198,Caso sintetico 198 com status ativo e modalidade presencial.,https://w3id.org/ufes/ontodiplomadigital/instancias-ficticias#responsavelRegistroLote196,Pessoa Fictícia-0028,CPF-FICTICIO-0842,RESPONSAVEL-REGISTRO-0198,Assinante Fictício-0118,CPF-FICTICIO-0843,Reitoria de Registro 7,Assinante Fictício-0030,CPF-FICTICIO-0844,Secretaria Geral Acadêmica,https://w3id.org/ufes/ontodiplomadigital/instancias-ficticias#assinaturaLote196,2027-09-27T15:46:00,XAdES,Assinatura PFResponsavel Registro,,,2027-09-27T15:46:00,https://w3id.org/ufes/ontodiplomadigital/instancias-ficticias#codigoValidacaoLote196,CODIGO-VALIDACAO-FICTICIO-0702,https://w3id.org/ufes/ontodiplomadigital/instancias-ficticias#documentacaoAcademicaLote196,ReqDip00000000000000000000000000000000000000000198,Assinante Fictício-0010,CPF-FICTICIO-0042,Reitora,urn:fake:pdfa:ato-designacao:lote06,https://w3id.org/ufes/ontodiplomadigital/instancias-ficticias#historicoLote196,HISTORICO-0198
CASO-0199,https://w3id.org/ufes/ontodiplomadigital/instancias-ficticias#diplomaLote197,DIPLOMA-0199,Diploma digital,Ativo,1.05,homologação,2027-09-25,GovBR Acadêmico Fictício,https://govbr-academico.exemplo.gov.br,https://w3id.org/ufes/ontodiplomadigital/instancias-ficticias#diplomadoLote197,Pessoa Fictícia-0423,Brasileira,https://w3id.org/ufes/ontodiplomadigital/instancias-ficticias#localNaturalidadeBr2704302,2704302,Maceió,AL,,CPF-FICTICIO-0845,https://w3id.org/ufes/ontodiplomadigital/instancias-ficticias#cursoLote197,CURSO-0199,Licenciatura em Gestão da Informação,CURSO-FAKE-0199,3400,2027-08-24,Licenciatura,Licenciado,,governanca de dados,EaD,,,,,,,https://w3id.org/ufes/ontodiplomadigital/instancias-ficticias#enderecoCursoCaso1,"Campus Integracao, Bloco A",,,,Vila Semântica,ES,29001-111,Brasil,,Centro Acadêmico de Interoperabilidade,https://w3id.org/ufes/ontodiplomadigital/instancias-ficticias#iesEmissoraLote07,MEC-EM-0007,CNPJ-FICTICIO-0033/CNPJ-FICTICIO-0034,"Avenida Sintetica 107, Setor Emissor",Fortaleza,CE,29007-000,Brasil,Centro Registral de Conhecimento Aplicado,https://w3id.org/ufes/ontodiplomadigital/instancias-ficticias#iesRegistradoraLote05,MEC-RG-0005,CNPJ-FICTICIO-0027/CNPJ-FICTICIO-0028,"Rua Registral 205, Setor de Proveniencia",Rio de Janeiro,RJ,30005-000,Brasil,https://w3id.org/ufes/ontodiplomadigital/instancias-ficticias#registroLote197,ReqDip00000000000000000000000000000000000000000199,PROCESSO-DIPLOMA-0199,2027-08-31,2027-09-15,2027-09-30,L-2027-1,REGISTRO-0199,197,199,Caso sintetico 199 com status ativo e modalidade ead.,https://w3id.org/ufes/ontodiplomadigital/instancias-ficticias#responsavelRegistroLote197,Pessoa Fictícia-0033,CPF-FICTICIO-0846,RESPONSAVEL-REGISTRO-0199,Assinante Fictício-0121,CPF-FICTICIO-0847,Reitoria de Registro 8,Pessoa Fictícia-0006,CPF-FICTICIO-0848,Pro-Reitor de Graduacao,https://w3id.org/ufes/ontodiplomadigital/instancias-ficticias#assinaturaLote197,2027-09-30T16:47:00,CAdES,Assinatura da pessoa física emissora,,,2027-09-30T16:47:00,https://w3id.org/ufes/ontodiplomadigital/instancias-ficticias#codigoValidacaoLote197,CODIGO-VALIDACAO-FICTICIO-0703,https://w3id.org/ufes/ontodiplomadigital/instancias-ficticias#documentacaoAcademicaLote197,ReqDip00000000000000000000000000000000000000000199,Assinante Fictício-0015,CPF-FICTICIO-0047,Diretor Geral,urn:fake:pdfa:ato-designacao:lote07,https://w3id.org/ufes/ontodiplomadigital/instancias-ficticias#historicoLote197,HISTORICO-0199
CASO-0200,https://w3id.org/ufes/ontodiplomadigital/instancias-ficticias#diplomaLote198,DIPLOMA-0200,Diploma digital,Ativo,1.05,produção,2027-09-28,Portal Público Fictício de Consulta de Diplomas,https://consulta-diploma.exemplo.gov.br,https://w3id.org/ufes/ontodiplomadigital/instancias-ficticias#diplomadoLote198,Pessoa Fictícia-0424,Brasileira,https://w3id.org/ufes/ontodiplomadigital/instancias-ficticias#localNaturalidadeBr5103403,5103403,Cuiabá,MT,,CPF-FICTICIO-0849,https://w3id.org/ufes/ontodiplomadigital/instancias-ficticias#cursoLote198,CURSO-0200,Tecnologia em Humanidades Digitais,,2400,2027-08-27,Tecnologia,Tecnólogo,Especialista em Humanidades Digitais,tratamento documental,Semipresencial,Processos de registro academico,2027-08-27,EMEC-FAKE-2027-0200,Análise de regularidade do curso 200,2027-04-04,2027-03-20,https://w3id.org/ufes/ontodiplomadigital/instancias-ficticias#enderecoCursoLote06,"Campus de Dados 06, Bloco A",,,,Sao Paulo,SP,31006-000,Brasil,,Instituto Superior de Preservacao Informacional,https://w3id.org/ufes/ontodiplomadigital/instancias-ficticias#iesEmissoraLote08,MEC-EM-0008,CNPJ-FICTICIO-0037/CNPJ-FICTICIO-0038,"Avenida Sintetica 108, Setor Emissor",Goiania,GO,29008-000,Brasil,Universidade Federal de Registro Semântico,https://w3id.org/ufes/ontodiplomadigital/instancias-ficticias#iesRegistradoraLote06,MEC-RG-0006,CNPJ-FICTICIO-0031/CNPJ-FICTICIO-0032,"Rua Registral 206, Setor de Proveniencia",Florianopolis,SC,30006-000,Brasil,https://w3id.org/ufes/ontodiplomadigital/instancias-ficticias#registroLote198,ReqDip00000000000000000000000000000000000000000200,PROCESSO-DIPLOMA-0200,2027-09-03,2027-09-18,2027-10-03,L-2027-2,REGISTRO-0200,198,200,Caso sintetico 200 com status ativo e modalidade semipresencial.,https://w3id.org/ufes/ontodiplomadigital/instancias-ficticias#responsavelRegistroLote198,Pessoa Fictícia-0037,CPF-FICTICIO-0850,RESPONSAVEL-REGISTRO-0200,Assinante Fictício-0123,CPF-FICTICIO-0851,Reitoria de Registro 9,Pessoa Fictícia-0011,CPF-FICTICIO-0852,Pro-Reitora de Graduacao,https://w3id.org/ufes/ontodiplomadigital/instancias-ficticias#assinaturaLote198,2027-10-03T08:48:00,PAdES,Assinatura PJArquivamento Documentacao Academica,Instituto Superior de Preservacao Informacional,,2027-10-03T08:48:00,https://w3id.org/ufes/ontodiplomadigital/instancias-ficticias#codigoValidacaoLote198,CODIGO-VALIDACAO-FICTICIO-0704,https://w3id.org/ufes/ontodiplomadigital/instancias-ficticias#documentacaoAcademicaLote198,ReqDip00000000000000000000000000000000000000000200,Assinante Fictício-0020,CPF-FICTICIO-0052,Diretora Geral,urn:fake:pdfa:ato-designacao:lote08,https://w3id.org/ufes/ontodiplomadigital/instancias-ficticias#historicoLote198,HISTORICO-0200
CASO-0201,https://w3id.org/ufes/ontodiplomadigital/instancias-ficticias#diplomaLote199,DIPLOMA-0201,Diploma digital,Revogado,1.05,homologação,2027-10-01,GovBR Acadêmico Fictício,https://govbr-academico.exemplo.gov.br,https://w3id.org/ufes/ontodiplomadigital/instancias-ficticias#diplomadoLote199,Pessoa Fictícia-0425,Brasileira,https://w3id.org/ufes/ontodiplomadigital/instancias-ficticias#localNaturalidadeBr2507507,2507507,João Pessoa,PB,,CPF-FICTICIO-0853,https://w3id.org/ufes/ontodiplomadigital/instancias-ficticias#cursoLote199,CURSO-0201,Bacharelado em Documentacao Tecnica,CURSO-FAKE-0201,2600,2027-08-30,Bacharelado,Bacharel,,interoperabilidade semantica,Presencial,,,,,,,https://w3id.org/ufes/ontodiplomadigital/instancias-ficticias#enderecoCursoLote01,"Campus de Dados 01, Bloco A",,,,Brasilia,DF,31001-000,Brasil,,Universidade do Patrimonio Digital,https://w3id.org/ufes/ontodiplomadigital/instancias-ficticias#iesEmissoraLote09,MEC-EM-0009,CNPJ-FICTICIO-0041/CNPJ-FICTICIO-0042,"Avenida Sintetica 109, Setor Emissor",Sao Paulo,SP,29009-000,Brasil,Instituto de Segurança Documental,https://w3id.org/ufes/ontodiplomadigital/instancias-ficticias#iesRegistradoraLote07,MEC-RG-0007,CNPJ-FICTICIO-0035/CNPJ-FICTICIO-0036,"Rua Registral 207, Setor de Proveniencia",Belem,PA,30007-000,Brasil,https://w3id.org/ufes/ontodiplomadigital/instancias-ficticias#registroLote199,ReqDip00000000000000000000000000000000000000000201,PROCESSO-DIPLOMA-0201,2027-09-06,2027-09-21,2027-10-06,L-2027-3,REGISTRO-0201,199,201,Caso sintetico 201 com status revogado e modalidade presencial.,https://w3id.org/ufes/ontodiplomadigital/instancias-ficticias#responsavelRegistroLote199,Pessoa Fictícia-0040,CPF-FICTICIO-0854,RESPONSAVEL-REGISTRO-0201,Assinante Fictício-0125,CPF-FICTICIO-0855,Reitoria de Registro 1,Pessoa Fictícia-0016,CPF-FICTICIO-0856,Reitor,https://w3id.org/ufes/ontodiplomadigital/instancias-ficticias#assinaturaLote199,2027-10-06T09:49:00,XAdES,Assinatura da pessoa jurídica registradora,Instituto de Segurança Documental,,2027-10-06T09:49:00,https://w3id.org/ufes/ontodiplomadigital/instancias-ficticias#codigoValidacaoLote199,CODIGO-VALIDACAO-FICTICIO-0705,https://w3id.org/ufes/ontodiplomadigital/instancias-ficticias#documentacaoAcademicaLote199,ReqDip00000000000000000000000000000000000000000201,Assinante Fictício-0025,CPF-FICTICIO-0057,Procurador Institucional,urn:fake:pdfa:ato-designacao:lote09,https://w3id.org/ufes/ontodiplomadigital/instancias-ficticias#historicoLote199,HISTORICO-0201
CASO-0202,https://w3id.org/ufes/ontodiplomadigital/instancias-ficticias#diplomaLote200,DIPLOMA-0202,Diploma digital,Anulado,1.05,produção,2027-10-04,Portal Público Fictício de Consulta de Diplomas,https://consulta-diploma.exemplo.gov.br,https://w3id.org/ufes/ontodiplomadigital/instancias-ficticias#diplomadoLote200,Pessoa Fictícia-0426,Japonesa,https://w3id.org/ufes/ontodiplomadigital/instancias-ficticias#localNaturalidadeEstrangeiraToquio,,,,Tóquio,CPF-FICTICIO-0857,https://w3id.org/ufes/ontodiplomadigital/instancias-ficticias#cursoLote200,CURSO-0202,Licenciatura em Governanca Informacional,,2800,2027-09-02,Licenciatura,Licenciado,,curadoria digital,EaD,,,EMEC-FAKE-2027-0202,Análise de regularidade do curso 202,2027-04-10,2027-03-26,https://w3id.org/ufes/ontodiplomadigital/instancias-ficticias#enderecoCursoLote08,"Campus de Dados 08, Bloco C",,,,Florianopolis,SC,31008-000,Brasil,,Centro Universitario de Modelagem Conceitual,https://w3id.org/ufes/ontodiplomadigital/instancias-ficticias#iesEmissoraLote10,MEC-EM-0010,CNPJ-FICTICIO-0043/CNPJ-FICTICIO-0044,"Avenida Sintetica 110, Setor Emissor",Rio de Janeiro,RJ,29010-000,Brasil,Centro Universitario de Rastreabilidade Acadêmica,https://w3id.org/ufes/ontodiplomadigital/instancias-ficticias#iesRegistradoraLote08,MEC-RG-0008,CNPJ-FICTICIO-0039/CNPJ-FICTICIO-0040,"Rua Registral 208, Setor de Proveniencia",Vitoria,ES,30008-000,Brasil,https://w3id.org/ufes/ontodiplomadigital/instancias-ficticias#registroLote200,ReqDip00000000000000000000000000000000000000000202,PROCESSO-DIPLOMA-0202,2027-09-09,2027-09-24,2027-10-09,L-2027-4,REGISTRO-0202,200,202,Caso sintetico 202 com status anulado e modalidade ead.,https://w3id.org/ufes/ontodiplomadigital/instancias-ficticias#responsavelRegistroLote200,Pessoa Fictícia-0043,CPF-FICTICIO-0858,RESPONSAVEL-REGISTRO-0202,Assinante Fictício-0127 | Assinante Fictício-0427,CPF-FICTICIO-0859 | CPF-FICTICIO-0860,Reitoria de Registro 2 | Secretaria Acadêmica Integrada,Pessoa Fictícia-0021,CPF-FICTICIO-0861,Reitora,https://w3id.org/ufes/ontodiplomadigital/instancias-ficticias#assinaturaLote200,2027-10-09T10:10:00,CAdES,Assinatura da pessoa jurídica emissora,Centro Universitario de Modelagem Conceitual,,2027-10-09T10:10:00,https://w3id.org/ufes/ontodiplomadigital/instancias-ficticias#codigoValidacaoLote200,CODIGO-VALIDACAO-FICTICIO-0706,https://w3id.org/ufes/ontodiplomadigital/instancias-ficticias#documentacaoAcademicaLote200,ReqDip00000000000000000000000000000000000000000202,Assinante Fictício-0030,CPF-FICTICIO-0063,Procuradora Institucional,urn:fake:pdfa:ato-designacao:lote10,https://w3id.org/ufes/ontodiplomadigital/instancias-ficticias#historicoLote200,HISTORICO-0202
CASO-0203,https://w3id.org/ufes/ontodiplomadigital/instancias-ficticias#diplomaLote201,DIPLOMA-0203,Diploma digital,Ativo,1.05,homologação,2027-10-07,GovBR Acadêmico Fictício,https://govbr-academico.exemplo.gov.br,https://w3id.org/ufes/ontodiplomadigital/instancias-ficticias#diplomadoLote201,Pessoa Fictícia-0428,Brasileira,https://w3id.org/ufes/ontodiplomadigital/instancias-ficticias#localNaturalidadeBr1302603,1302603,Manaus,AM,,CPF-FICTICIO-0862,https://w3id.org/ufes/ontodiplomadigital/instancias-ficticias#cursoLote201,CURSO-0203,Tecnologia em Interoperabilidade Semântica,CURSO-FAKE-0203,3000,2027-09-05,Tecnologia,Tecnólogo,,organizacao do conhecimento,Semipresencial,Análise semantica aplicada,2027-09-05,,,,,https://w3id.org/ufes/ontodiplomadigital/instancias-ficticias#enderecoCursoLote10,"Campus de Dados 10, Bloco E",,,,Vitoria,ES,31010-000,Brasil,,Universidade Aberta do Conhecimento,https://w3id.org/ufes/ontodiplomadigital/instancias-ficticias#iesEmissoraLote01,MEC-EM-0001,CNPJ-FICTICIO-0009/CNPJ-FICTICIO-0010,"Avenida Sintetica 101, Setor Emissor",Vitoria,ES,29001-000,Brasil,Universidade Registradora do Brasil Digital,https://w3id.org/ufes/ontodiplomadigital/instancias-ficticias#iesRegistradoraLote01,MEC-RG-0001,CNPJ-FICTICIO-0011/CNPJ-FICTICIO-0012,"Rua Registral 201, Setor de Proveniencia",Curitiba,PR,30001-000,Brasil,https://w3id.org/ufes/ontodiplomadigital/instancias-ficticias#registroLote201,ReqDip00000000000000000000000000000000000000000203,PROCESSO-DIPLOMA-0203,2027-09-12,2027-09-27,2027-10-12,L-2027-5,REGISTRO-0203,1,203,Caso sintetico 203 com status ativo e modalidade semipresencial.,https://w3id.org/ufes/ontodiplomadigital/instancias-ficticias#responsavelRegistroLote201,Pessoa Fictícia-0046,CPF-FICTICIO-0863,RESPONSAVEL-REGISTRO-0203,Assinante Fictício-0129,CPF-FICTICIO-0864,Reitoria de Registro 3,Pessoa Fictícia-0026,CPF-FICTICIO-0865,Diretor Acadêmico,https://w3id.org/ufes/ontodiplomadigital/instancias-ficticias#assinaturaLote201,2027-10-12T11:11:00,PAdES,Assinatura PFResponsavel Registro,,,2027-10-12T11:11:00,https://w3id.org/ufes/ontodiplomadigital/instancias-ficticias#codigoValidacaoLote201,CODIGO-VALIDACAO-FICTICIO-0707,https://w3id.org/ufes/ontodiplomadigital/instancias-ficticias#documentacaoAcademicaLote201,ReqDip00000000000000000000000000000000000000000203,Pessoa Fictícia-0016,CPF-FICTICIO-0016,Diretor Geral,urn:fake:pdfa:ato-designacao:lote01,https://w3id.org/ufes/ontodiplomadigital/instancias-ficticias#historicoLote201,HISTORICO-0203
CASO-0204,https://w3id.org/ufes/ontodiplomadigital/instancias-ficticias#diplomaLote202,DIPLOMA-0204,Diploma digital,Ativo,1.05,produção,2027-10-10,Portal Público Fictício de Consulta de Diplomas,https://consulta-diploma.exemplo.gov.br,https://w3id.org/ufes/ontodiplomadigital/instancias-ficticias#diplomadoLote202,Pessoa Fictícia-0429,Brasileira,https://w3id.org/ufes/ontodiplomadigital/instancias-ficticias#localNaturalidadeBr3550308,3550308,São Paulo,SP,,CPF-FICTICIO-0866,https://w3id.org/ufes/ontodiplomadigital/instancias-ficticias#cursoLote202,CURSO-0204,Bacharelado em Preservacao Digital,CURSO-FAKE-0204,3200,2027-09-08,Bacharelado,Bacharel,,preservacao e acesso,Presencial,,,,,,,https://w3id.org/ufes/ontodiplomadigital/instancias-ficticias#enderecoCursoLote10,"Campus de Dados 10, Bloco E",,,,Vitoria,ES,31010-000,Brasil,,Centro Universitario Horizonte Semântico,https://w3id.org/ufes/ontodiplomadigital/instancias-ficticias#iesEmissoraLote02,MEC-EM-0002,CNPJ-FICTICIO-0013/CNPJ-FICTICIO-0014,"Avenida Sintetica 102, Setor Emissor",Belo Horizonte,MG,29002-000,Brasil,Centro de Registro Interoperável,https://w3id.org/ufes/ontodiplomadigital/instancias-ficticias#iesRegistradoraLote02,MEC-RG-0002,CNPJ-FICTICIO-0015/CNPJ-FICTICIO-0016,"Rua Registral 202, Setor de Proveniencia",Fortaleza,CE,30002-000,Brasil,https://w3id.org/ufes/ontodiplomadigital/instancias-ficticias#registroLote202,ReqDip00000000000000000000000000000000000000000204,PROCESSO-DIPLOMA-0204,2027-09-15,2027-09-30,2027-10-15,L-2027-6,REGISTRO-0204,2,204,Caso sintetico 204 com status ativo e modalidade presencial.,https://w3id.org/ufes/ontodiplomadigital/instancias-ficticias#responsavelRegistroLote202,Pessoa Fictícia-0049,CPF-FICTICIO-0867,RESPONSAVEL-REGISTRO-0204,Assinante Fictício-0132,CPF-FICTICIO-0868,Reitoria de Registro 4,Pessoa Fictícia-0031,CPF-FICTICIO-0869,Diretora Acadêmica,https://w3id.org/ufes/ontodiplomadigital/instancias-ficticias#assinaturaLote202,2027-10-15T12:12:00,XAdES,Assinatura da pessoa física emissora,,Autoridade Certificadora Fictícia Integridade Digital,2027-10-15T12:12:00,https://w3id.org/ufes/ontodiplomadigital/instancias-ficticias#codigoValidacaoLote202,CODIGO-VALIDACAO-FICTICIO-0708,https://w3id.org/ufes/ontodiplomadigital/instancias-ficticias#documentacaoAcademicaLote202,ReqDip00000000000000000000000000000000000000000204,Pessoa Fictícia-0021,CPF-FICTICIO-0021,Diretora Geral,urn:fake:pdfa:ato-designacao:lote02,https://w3id.org/ufes/ontodiplomadigital/instancias-ficticias#historicoLote202,HISTORICO-0204
CASO-0205,https://w3id.org/ufes/ontodiplomadigital/instancias-ficticias#diplomaLote203,DIPLOMA-0205,Diploma digital,Ativo,1.05,homologação,2027-10-13,GovBR Acadêmico Fictício,https://govbr-academico.exemplo.gov.br,https://w3id.org/ufes/ontodiplomadigital/instancias-ficticias#diplomadoLote203,Pessoa Fictícia-0430,Brasileira,https://w3id.org/ufes/ontodiplomadigital/instancias-ficticias#localNaturalidadeBr3204807,3204807,São José do Calçado,ES,,CPF-FICTICIO-0870,https://w3id.org/ufes/ontodiplomadigital/instancias-ficticias#cursoLote203,CURSO-0205,Licenciatura em Análise Territorial de Dados,CURSO-FAKE-0205,3400,2027-09-11,Licenciatura,Licenciado,,governanca de dados,EaD,,,,,,,https://w3id.org/ufes/ontodiplomadigital/instancias-ficticias#enderecoCursoLote04,"Campus de Dados 04, Bloco D",,,,Fortaleza,CE,31004-000,Brasil,,Instituto Federal de Curadoria Digital,https://w3id.org/ufes/ontodiplomadigital/instancias-ficticias#iesEmissoraLote03,MEC-EM-0003,CNPJ-FICTICIO-0017/CNPJ-FICTICIO-0018,"Avenida Sintetica 103, Setor Emissor",Salvador,BA,29003-000,Brasil,Instituto Nacional de Validação Acadêmica,https://w3id.org/ufes/ontodiplomadigital/instancias-ficticias#iesRegistradoraLote03,MEC-RG-0003,CNPJ-FICTICIO-0019/CNPJ-FICTICIO-0020,"Rua Registral 203, Setor de Proveniencia",Goiania,GO,30003-000,Brasil,https://w3id.org/ufes/ontodiplomadigital/instancias-ficticias#registroLote203,ReqDip00000000000000000000000000000000000000000205,PROCESSO-DIPLOMA-0205,2027-09-18,2027-10-03,2027-10-18,L-2027-7,REGISTRO-0205,3,205,Caso sintetico 205 com status ativo e modalidade ead.,https://w3id.org/ufes/ontodiplomadigital/instancias-ficticias#responsavelRegistroLote203,Pessoa Fictícia-0053,CPF-FICTICIO-0871,RESPONSAVEL-REGISTRO-0205,Assinante Fictício-0134,CPF-FICTICIO-0872,Reitoria de Registro 5,Assinante Fictício-0005,CPF-FICTICIO-0873,Secretario Geral Acadêmico,https://w3id.org/ufes/ontodiplomadigital/instancias-ficticias#assinaturaLote203,2027-10-18T13:13:00,CAdES,Assinatura PJArquivamento Documentacao Academica,Instituto Federal de Curadoria Digital,,2027-10-18T13:13:00,https://w3id.org/ufes/ontodiplomadigital/instancias-ficticias#codigoValidacaoLote203,CODIGO-VALIDACAO-FICTICIO-0709,https://w3id.org/ufes/ontodiplomadigital/instancias-ficticias#documentacaoAcademicaLote203,ReqDip00000000000000000000000000000000000000000205,Pessoa Fictícia-0026,CPF-FICTICIO-0026,Procurador Institucional,urn:fake:pdfa:ato-designacao:lote03,https://w3id.org/ufes/ontodiplomadigital/instancias-ficticias#historicoLote203,HISTORICO-0205
CASO-0206,https://w3id.org/ufes/ontodiplomadigital/instancias-ficticias#diplomaLote204,DIPLOMA-0206,Diploma digital,Revogado,1.05,produção,2027-10-16,Portal Público Fictício de Consulta de Diplomas,https://consulta-diploma.exemplo.gov.br,https://w3id.org/ufes/ontodiplomadigital/instancias-ficticias#diplomadoLote204,Pessoa Fictícia-0431,Brasileira,https://w3id.org/ufes/ontodiplomadigital/instancias-ficticias#localNaturalidadeBr2704302,2704302,Maceió,AL,,CPF-FICTICIO-0874,https://w3id.org/ufes/ontodiplomadigital/instancias-ficticias#cursoLote204,CURSO-0206,Tecnologia em Memoria Institucional,,2400,2027-09-14,Tecnologia,Tecnólogo,Especialista em Memoria Institucional,tratamento documental,Semipresencial,Processos de registro academico,2027-09-14,EMEC-FAKE-2027-0206,Análise de regularidade do curso 206,2027-04-22,2027-04-07,https://w3id.org/ufes/ontodiplomadigital/instancias-ficticias#enderecoCursoLote12,"Campus de Dados 12, Bloco B",,,,Salvador,BA,31012-000,Brasil,,Universidade Metropolitana da Informação,https://w3id.org/ufes/ontodiplomadigital/instancias-ficticias#iesEmissoraLote04,MEC-EM-0004,CNPJ-FICTICIO-0021/CNPJ-FICTICIO-0022,"Avenida Sintetica 104, Setor Emissor",Brasilia,DF,29004-000,Brasil,Universidade Curadora de Diplomas,https://w3id.org/ufes/ontodiplomadigital/instancias-ficticias#iesRegistradoraLote04,MEC-RG-0004,CNPJ-FICTICIO-0023/CNPJ-FICTICIO-0024,"Rua Registral 204, Setor de Proveniencia",Sao Paulo,SP,30004-000,Brasil,https://w3id.org/ufes/ontodiplomadigital/instancias-ficticias#registroLote204,ReqDip00000000000000000000000000000000000000000206,PROCESSO-DIPLOMA-0206,2027-09-21,2027-10-06,2027-10-21,L-2027-1,REGISTRO-0206,4,206,Caso sintetico 206 com status revogado e modalidade semipresencial.,https://w3id.org/ufes/ontodiplomadigital/instancias-ficticias#responsavelRegistroLote204,Pessoa Fictícia-0056,CPF-FICTICIO-0875,RESPONSAVEL-REGISTRO-0206,Assinante Fictício-0136,CPF-FICTICIO-0876,Reitoria de Registro 6,Assinante Fictício-0010,CPF-FICTICIO-0877,Secretaria Geral Acadêmica,https://w3id.org/ufes/ontodiplomadigital/instancias-ficticias#assinaturaLote204,2027-10-21T14:14:00,PAdES,Assinatura da pessoa jurídica registradora,Universidade Curadora de Diplomas,,2027-10-21T14:14:00,https://w3id.org/ufes/ontodiplomadigital/instancias-ficticias#codigoValidacaoLote204,CODIGO-VALIDACAO-FICTICIO-0710,https://w3id.org/ufes/ontodiplomadigital/instancias-ficticias#documentacaoAcademicaLote204,ReqDip00000000000000000000000000000000000000000206,Pessoa Fictícia-0031,CPF-FICTICIO-0031,Procuradora Institucional,urn:fake:pdfa:ato-designacao:lote04,https://w3id.org/ufes/ontodiplomadigital/instancias-ficticias#historicoLote204,HISTORICO-0206
CASO-0207,https://w3id.org/ufes/ontodiplomadigital/instancias-ficticias#diplomaLote205,DIPLOMA-0207,Diploma digital,Anulado,1.05,homologação,2027-10-19,GovBR Acadêmico Fictício,https://govbr-academico.exemplo.gov.br,https://w3id.org/ufes/ontodiplomadigital/instancias-ficticias#diplomadoLote205,Pessoa Fictícia-0432,Brasileira,https://w3id.org/ufes/ontodiplomadigital/instancias-ficticias#localNaturalidadeBr5002704,5002704,Campo Grande,MS,,CPF-FICTICIO-0878,https://w3id.org/ufes/ontodiplomadigital/instancias-ficticias#cursoLote205,CURSO-0207,Bacharelado em Ciência de Dados Publicos,CURSO-FAKE-0207,2600,2027-09-17,Bacharelado,Bacharel,,interoperabilidade semantica,Presencial,,,,,,,https://w3id.org/ufes/ontodiplomadigital/instancias-ficticias#enderecoCursoLote01,"Campus de Dados 01, Bloco A",,,,Brasilia,DF,31001-000,Brasil,,Faculdade Nacional de Dados Ligados,https://w3id.org/ufes/ontodiplomadigital/instancias-ficticias#iesEmissoraLote05,MEC-EM-0005,CNPJ-FICTICIO-0025/CNPJ-FICTICIO-0026,"Avenida Sintetica 105, Setor Emissor",Recife,PE,29005-000,Brasil,Centro Registral de Conhecimento Aplicado,https://w3id.org/ufes/ontodiplomadigital/instancias-ficticias#iesRegistradoraLote05,MEC-RG-0005,CNPJ-FICTICIO-0027/CNPJ-FICTICIO-0028,"Rua Registral 205, Setor de Proveniencia",Rio de Janeiro,RJ,30005-000,Brasil,https://w3id.org/ufes/ontodiplomadigital/instancias-ficticias#registroLote205,ReqDip00000000000000000000000000000000000000000207,PROCESSO-DIPLOMA-0207,2027-09-24,2027-10-09,2027-10-24,L-2027-2,REGISTRO-0207,5,207,Caso sintetico 207 com status anulado e modalidade presencial.,https://w3id.org/ufes/ontodiplomadigital/instancias-ficticias#responsavelRegistroLote205,Pessoa Fictícia-0013,CPF-FICTICIO-0879,RESPONSAVEL-REGISTRO-0207,Assinante Fictício-0138 | Assinante Fictício-0433,CPF-FICTICIO-0880 | CPF-FICTICIO-0881,Reitoria de Registro 7 | Secretaria Acadêmica Integrada,Assinante Fictício-0015,CPF-FICTICIO-0882,Pro-Reitor de Graduacao,https://w3id.org/ufes/ontodiplomadigital/instancias-ficticias#assinaturaLote205,2027-10-24T15:15:00,XAdES,Assinatura da pessoa jurídica emissora,Faculdade Nacional de Dados Ligados,,2027-10-24T15:15:00,https://w3id.org/ufes/ontodiplomadigital/instancias-ficticias#codigoValidacaoLote205,CODIGO-VALIDACAO-FICTICIO-0711,https://w3id.org/ufes/ontodiplomadigital/instancias-ficticias#documentacaoAcademicaLote205,ReqDip00000000000000000000000000000000000000000207,Assinante Fictício-0005,CPF-FICTICIO-0037,Reitor,urn:fake:pdfa:ato-designacao:lote05,https://w3id.org/ufes/ontodiplomadigital/instancias-ficticias#historicoLote205,HISTORICO-0207
CASO-0208,https://w3id.org/ufes/ontodiplomadigital/instancias-ficticias#diplomaLote206,DIPLOMA-0208,Diploma digital,Ativo,1.05,produção,2027-10-22,Portal Público Fictício de Consulta de Diplomas,https://consulta-diploma.exemplo.gov.br,https://w3id.org/ufes/ontodiplomadigital/instancias-ficticias#diplomadoLote206,Pessoa Fictícia-0434,Brasileira,https://w3id.org/ufes/ontodiplomadigital/instancias-ficticias#localNaturalidadeBr2211001,2211001,Teresina,PI,,CPF-FICTICIO-0883,https://w3id.org/ufes/ontodiplomadigital/instancias-ficticias#cursoLote206,CURSO-0208,Licenciatura em Curadoria Digital,CURSO-FAKE-0208,2800,2027-09-20,Licenciatura,Licenciado,,curadoria digital,EaD,,,,,,,https://w3id.org/ufes/ontodiplomadigital/instancias-ficticias#enderecoCursoLote02,"Campus de Dados 02, Bloco B",,,,Recife,PE,31002-000,Brasil,,Universidade de Estudos Documentais,https://w3id.org/ufes/ontodiplomadigital/instancias-ficticias#iesEmissoraLote06,MEC-EM-0006,CNPJ-FICTICIO-0029/CNPJ-FICTICIO-0030,"Avenida Sintetica 106, Setor Emissor",Curitiba,PR,29006-000,Brasil,Universidade Federal de Registro Semântico,https://w3id.org/ufes/ontodiplomadigital/instancias-ficticias#iesRegistradoraLote06,MEC-RG-0006,CNPJ-FICTICIO-0031/CNPJ-FICTICIO-0032,"Rua Registral 206, Setor de Proveniencia",Florianopolis,SC,30006-000,Brasil,https://w3id.org/ufes/ontodiplomadigital/instancias-ficticias#registroLote206,ReqDip00000000000000000000000000000000000000000208,PROCESSO-DIPLOMA-0208,2027-09-27,2027-10-12,2027-10-27,L-2027-3,REGISTRO-0208,6,208,Caso sintetico 208 com status ativo e modalidade ead.,https://w3id.org/ufes/ontodiplomadigital/instancias-ficticias#responsavelRegistroLote206,Pessoa Fictícia-0018,CPF-FICTICIO-0884,RESPONSAVEL-REGISTRO-0208,Assinante Fictício-0140,CPF-FICTICIO-0885,Reitoria de Registro 8,Assinante Fictício-0020,CPF-FICTICIO-0886,Pro-Reitora de Graduacao,https://w3id.org/ufes/ontodiplomadigital/instancias-ficticias#assinaturaLote206,2027-10-27T16:16:00,CAdES,Assinatura PFResponsavel Registro,,,2027-10-27T16:16:00,https://w3id.org/ufes/ontodiplomadigital/instancias-ficticias#codigoValidacaoLote206,CODIGO-VALIDACAO-FICTICIO-0712,https://w3id.org/ufes/ontodiplomadigital/instancias-ficticias#documentacaoAcademicaLote206,ReqDip00000000000000000000000000000000000000000208,Assinante Fictício-0010,CPF-FICTICIO-0042,Reitora,urn:fake:pdfa:ato-designacao:lote06,https://w3id.org/ufes/ontodiplomadigital/instancias-ficticias#historicoLote206,HISTORICO-0208
CASO-0209,https://w3id.org/ufes/ontodiplomadigital/instancias-ficticias#diplomaLote207,DIPLOMA-0209,Diploma digital,Ativo,1.05,homologação,2027-10-25,GovBR Acadêmico Fictício,https://govbr-academico.exemplo.gov.br,https://w3id.org/ufes/ontodiplomadigital/instancias-ficticias#diplomadoLote207,Pessoa Fictícia-0435,Brasileira,https://w3id.org/ufes/ontodiplomadigital/instancias-ficticias#localNaturalidadeBr3106200,3106200,Belo Horizonte,MG,,CPF-FICTICIO-0887,https://w3id.org/ufes/ontodiplomadigital/instancias-ficticias#cursoLote207,CURSO-0209,Tecnologia em Arquivologia Aplicada,CURSO-FAKE-0209,3000,2027-09-23,Tecnologia,Tecnólogo,,organizacao do conhecimento,Semipresencial,Análise semantica aplicada,2027-09-23,,,,,https://w3id.org/ufes/ontodiplomadigital/instancias-ficticias#enderecoCursoLote05,"Campus de Dados 05, Bloco E",,,,Goiania,GO,31005-000,Brasil,,Centro Acadêmico de Interoperabilidade,https://w3id.org/ufes/ontodiplomadigital/instancias-ficticias#iesEmissoraLote07,MEC-EM-0007,CNPJ-FICTICIO-0033/CNPJ-FICTICIO-0034,"Avenida Sintetica 107, Setor Emissor",Fortaleza,CE,29007-000,Brasil,Instituto de Segurança Documental,https://w3id.org/ufes/ontodiplomadigital/instancias-ficticias#iesRegistradoraLote07,MEC-RG-0007,CNPJ-FICTICIO-0035/CNPJ-FICTICIO-0036,"Rua Registral 207, Setor de Proveniencia",Belem,PA,30007-000,Brasil,https://w3id.org/ufes/ontodiplomadigital/instancias-ficticias#registroLote207,ReqDip00000000000000000000000000000000000000000209,PROCESSO-DIPLOMA-0209,2027-09-30,2027-10-15,2027-10-30,L-2027-4,REGISTRO-0209,7,209,Caso sintetico 209 com status ativo e modalidade semipresencial.,https://w3id.org/ufes/ontodiplomadigital/instancias-ficticias#responsavelRegistroLote207,Pessoa Fictícia-0023,CPF-FICTICIO-0888,RESPONSAVEL-REGISTRO-0209,Assinante Fictício-0143,CPF-FICTICIO-0889,Reitoria de Registro 9,Assinante Fictício-0025,CPF-FICTICIO-0890,Reitor,https://w3id.org/ufes/ontodiplomadigital/instancias-ficticias#assinaturaLote207,2027-10-30T08:17:00,PAdES,Assinatura da pessoa física emissora,,,2027-10-30T08:17:00,https://w3id.org/ufes/ontodiplomadigital/instancias-ficticias#codigoValidacaoLote207,CODIGO-VALIDACAO-FICTICIO-0713,https://w3id.org/ufes/ontodiplomadigital/instancias-ficticias#documentacaoAcademicaLote207,ReqDip00000000000000000000000000000000000000000209,Assinante Fictício-0015,CPF-FICTICIO-0047,Diretor Geral,urn:fake:pdfa:ato-designacao:lote07,https://w3id.org/ufes/ontodiplomadigital/instancias-ficticias#historicoLote207,HISTORICO-0209
CASO-0210,https://w3id.org/ufes/ontodiplomadigital/instancias-ficticias#diplomaLote208,DIPLOMA-0210,Diploma digital,Ativo,1.05,produção,2027-10-28,Portal Público Fictício de Consulta de Diplomas,https://consulta-diploma.exemplo.gov.br,https://w3id.org/ufes/ontodiplomadigital/instancias-ficticias#diplomadoLote208,Pessoa Fictícia-0436,Brasileira,https://w3id.org/ufes/ontodiplomadigital/instancias-ficticias#localNaturalidadeBr1400100,1400100,Boa Vista,RR,,CPF-FICTICIO-0891,https://w3id.org/ufes/ontodiplomadigital/instancias-ficticias#cursoLote208,CURSO-0210,Bacharelado em Biblioteconomia Analitica,,3200,2027-09-26,Bacharelado,Bacharel,,preservacao e acesso,Presencial,,,EMEC-FAKE-2027-0210,Análise de regularidade do curso 210,2027-05-04,2027-04-19,https://w3id.org/ufes/ontodiplomadigital/instancias-ficticias#enderecoCursoLote04,"Campus de Dados 04, Bloco D",,,,Fortaleza,CE,31004-000,Brasil,,Instituto Superior de Preservacao Informacional,https://w3id.org/ufes/ontodiplomadigital/instancias-ficticias#iesEmissoraLote08,MEC-EM-0008,CNPJ-FICTICIO-0037/CNPJ-FICTICIO-0038,"Avenida Sintetica 108, Setor Emissor",Goiania,GO,29008-000,Brasil,Centro Universitario de Rastreabilidade Acadêmica,https://w3id.org/ufes/ontodiplomadigital/instancias-ficticias#iesRegistradoraLote08,MEC-RG-0008,CNPJ-FICTICIO-0039/CNPJ-FICTICIO-0040,"Rua Registral 208, Setor de Proveniencia",Vitoria,ES,30008-000,Brasil,https://w3id.org/ufes/ontodiplomadigital/instancias-ficticias#registroLote208,ReqDip00000000000000000000000000000000000000000210,PROCESSO-DIPLOMA-0210,2027-10-03,2027-10-18,2027-11-02,L-2027-5,REGISTRO-0210,8,210,Caso sintetico 210 com status ativo e modalidade presencial.,https://w3id.org/ufes/ontodiplomadigital/instancias-ficticias#responsavelRegistroLote208,Pessoa Fictícia-0028,CPF-FICTICIO-0892,RESPONSAVEL-REGISTRO-0210,Assinante Fictício-0145,CPF-FICTICIO-0893,Reitoria de Registro 1,Assinante Fictício-0030,CPF-FICTICIO-0894,Reitora,https://w3id.org/ufes/ontodiplomadigital/instancias-ficticias#assinaturaLote208,2027-11-02T09:18:00,XAdES,Assinatura PJArquivamento Documentacao Academica,Instituto Superior de Preservacao Informacional,,2027-11-02T09:18:00,https://w3id.org/ufes/ontodiplomadigital/instancias-ficticias#codigoValidacaoLote208,CODIGO-VALIDACAO-FICTICIO-0714,https://w3id.org/ufes/ontodiplomadigital/instancias-ficticias#documentacaoAcademicaLote208,ReqDip00000000000000000000000000000000000000000210,Assinante Fictício-0020,CPF-FICTICIO-0052,Diretora Geral,urn:fake:pdfa:ato-designacao:lote08,https://w3id.org/ufes/ontodiplomadigital/instancias-ficticias#historicoLote208,HISTORICO-0210
CASO-0211,https://w3id.org/ufes/ontodiplomadigital/instancias-ficticias#diplomaLote209,DIPLOMA-0211,Diploma digital,Revogado,1.05,homologação,2027-10-31,GovBR Acadêmico Fictício,https://govbr-academico.exemplo.gov.br,https://w3id.org/ufes/ontodiplomadigital/instancias-ficticias#diplomadoLote209,Pessoa Fictícia-0437,Portuguesa,https://w3id.org/ufes/ontodiplomadigital/instancias-ficticias#localNaturalidadeEstrangeiraLisboa,,,,Lisboa,CPF-FICTICIO-0895,https://w3id.org/ufes/ontodiplomadigital/instancias-ficticias#cursoLote209,CURSO-0211,Licenciatura em Gestão da Informação,CURSO-FAKE-0211,3400,2027-09-29,Licenciatura,Licenciado,,governanca de dados,EaD,,,,,,,https://w3id.org/ufes/ontodiplomadigital/instancias-ficticias#enderecoCursoLote05,"Campus de Dados 05, Bloco E",,,,Goiania,GO,31005-000,Brasil,,Universidade do Patrimonio Digital,https://w3id.org/ufes/ontodiplomadigital/instancias-ficticias#iesEmissoraLote09,MEC-EM-0009,CNPJ-FICTICIO-0041/CNPJ-FICTICIO-0042,"Avenida Sintetica 109, Setor Emissor",Sao Paulo,SP,29009-000,Brasil,Universidade Registradora do Brasil Digital,https://w3id.org/ufes/ontodiplomadigital/instancias-ficticias#iesRegistradoraLote01,MEC-RG-0001,CNPJ-FICTICIO-0011/CNPJ-FICTICIO-0012,"Rua Registral 201, Setor de Proveniencia",Curitiba,PR,30001-000,Brasil,https://w3id.org/ufes/ontodiplomadigital/instancias-ficticias#registroLote209,ReqDip00000000000000000000000000000000000000000211,PROCESSO-DIPLOMA-0211,2027-10-06,2027-10-21,2027-11-05,L-2027-6,REGISTRO-0211,9,211,Caso sintetico 211 com status revogado e modalidade ead.,https://w3id.org/ufes/ontodiplomadigital/instancias-ficticias#responsavelRegistroLote209,Pessoa Fictícia-0033,CPF-FICTICIO-0896,RESPONSAVEL-REGISTRO-0211,Assinante Fictício-0147,CPF-FICTICIO-0897,Reitoria de Registro 2,Pessoa Fictícia-0006,CPF-FICTICIO-0898,Diretor Acadêmico,https://w3id.org/ufes/ontodiplomadigital/instancias-ficticias#assinaturaLote209,2027-11-05T10:19:00,CAdES,Assinatura da pessoa jurídica registradora,Universidade Registradora do Brasil Digital,,2027-11-05T10:19:00,https://w3id.org/ufes/ontodiplomadigital/instancias-ficticias#codigoValidacaoLote209,CODIGO-VALIDACAO-FICTICIO-0715,https://w3id.org/ufes/ontodiplomadigital/instancias-ficticias#documentacaoAcademicaLote209,ReqDip00000000000000000000000000000000000000000211,Assinante Fictício-0025,CPF-FICTICIO-0057,Procurador Institucional,urn:fake:pdfa:ato-designacao:lote09,https://w3id.org/ufes/ontodiplomadigital/instancias-ficticias#historicoLote209,HISTORICO-0211
CASO-0212,https://w3id.org/ufes/ontodiplomadigital/instancias-ficticias#diplomaLote210,DIPLOMA-0212,Diploma digital,Anulado,1.05,produção,2027-11-03,Portal Público Fictício de Consulta de Diplomas,https://consulta-diploma.exemplo.gov.br,https://w3id.org/ufes/ontodiplomadigital/instancias-ficticias#diplomadoLote210,Pessoa Fictícia-0438,Brasileira,https://w3id.org/ufes/ontodiplomadigital/instancias-ficticias#localNaturalidadeBr3304557,3304557,Rio de Janeiro,RJ,,CPF-FICTICIO-0899,https://w3id.org/ufes/ontodiplomadigital/instancias-ficticias#cursoLote210,CURSO-0212,Tecnologia em Humanidades Digitais,,2400,2027-10-02,Tecnologia,Tecnólogo,Especialista em Humanidades Digitais,tratamento documental,Semipresencial,Processos de registro academico,2027-10-02,EMEC-FAKE-2027-0212,Análise de regularidade do curso 212,2027-05-10,2027-04-25,https://w3id.org/ufes/ontodiplomadigital/instancias-ficticias#enderecoCursoLote06,"Campus de Dados 06, Bloco A",,,,Sao Paulo,SP,31006-000,Brasil,,Centro Universitario de Modelagem Conceitual,https://w3id.org/ufes/ontodiplomadigital/instancias-ficticias#iesEmissoraLote10,MEC-EM-0010,CNPJ-FICTICIO-0043/CNPJ-FICTICIO-0044,"Avenida Sintetica 110, Setor Emissor",Rio de Janeiro,RJ,29010-000,Brasil,Centro de Registro Interoperável,https://w3id.org/ufes/ontodiplomadigital/instancias-ficticias#iesRegistradoraLote02,MEC-RG-0002,CNPJ-FICTICIO-0015/CNPJ-FICTICIO-0016,"Rua Registral 202, Setor de Proveniencia",Fortaleza,CE,30002-000,Brasil,https://w3id.org/ufes/ontodiplomadigital/instancias-ficticias#registroLote210,ReqDip00000000000000000000000000000000000000000212,PROCESSO-DIPLOMA-0212,2027-10-09,2027-10-24,2027-11-08,L-2027-7,REGISTRO-0212,10,212,Caso sintetico 212 com status anulado e modalidade semipresencial.,https://w3id.org/ufes/ontodiplomadigital/instancias-ficticias#responsavelRegistroLote210,Pessoa Fictícia-0037,CPF-FICTICIO-0900,RESPONSAVEL-REGISTRO-0212,Assinante Fictício-0149 | Assinante Fictício-0439,CPF-FICTICIO-0901 | CPF-FICTICIO-0902,Reitoria de Registro 3 | Secretaria Acadêmica Integrada,Pessoa Fictícia-0011,CPF-FICTICIO-0903,Diretora Acadêmica,https://w3id.org/ufes/ontodiplomadigital/instancias-ficticias#assinaturaLote210,2027-11-08T11:20:00,PAdES,Assinatura da pessoa jurídica emissora,Centro Universitario de Modelagem Conceitual,,2027-11-08T11:20:00,https://w3id.org/ufes/ontodiplomadigital/instancias-ficticias#codigoValidacaoLote210,CODIGO-VALIDACAO-FICTICIO-0716,https://w3id.org/ufes/ontodiplomadigital/instancias-ficticias#documentacaoAcademicaLote210,ReqDip00000000000000000000000000000000000000000212,Assinante Fictício-0030,CPF-FICTICIO-0063,Procuradora Institucional,urn:fake:pdfa:ato-designacao:lote10,https://w3id.org/ufes/ontodiplomadigital/instancias-ficticias#historicoLote210,HISTORICO-0212
CASO-0213,https://w3id.org/ufes/ontodiplomadigital/instancias-ficticias#diplomaLote211,DIPLOMA-0213,Diploma digital,Ativo,1.05,homologação,2027-11-06,GovBR Acadêmico Fictício,https://govbr-academico.exemplo.gov.br,https://w3id.org/ufes/ontodiplomadigital/instancias-ficticias#diplomadoLote211,Pessoa Fictícia-0440,Brasileira,https://w3id.org/ufes/ontodiplomadigital/instancias-ficticias#localNaturalidadeBr2507507,2507507,João Pessoa,PB,,CPF-FICTICIO-0904,https://w3id.org/ufes/ontodiplomadigital/instancias-ficticias#cursoLote211,CURSO-0213,Bacharelado em Documentacao Tecnica,CURSO-FAKE-0213,2600,2027-10-05,Bacharelado,Bacharel,,interoperabilidade semantica,Presencial,,,,,,,https://w3id.org/ufes/ontodiplomadigital/instancias-ficticias#enderecoCursoLote11,"Campus de Dados 11, Bloco A",,,,Belo Horizonte,MG,31011-000,Brasil,,Universidade Aberta do Conhecimento,https://w3id.org/ufes/ontodiplomadigital/instancias-ficticias#iesEmissoraLote01,MEC-EM-0001,CNPJ-FICTICIO-0009/CNPJ-FICTICIO-0010,"Avenida Sintetica 101, Setor Emissor",Vitoria,ES,29001-000,Brasil,Instituto Nacional de Validação Acadêmica,https://w3id.org/ufes/ontodiplomadigital/instancias-ficticias#iesRegistradoraLote03,MEC-RG-0003,CNPJ-FICTICIO-0019/CNPJ-FICTICIO-0020,"Rua Registral 203, Setor de Proveniencia",Goiania,GO,30003-000,Brasil,https://w3id.org/ufes/ontodiplomadigital/instancias-ficticias#registroLote211,ReqDip00000000000000000000000000000000000000000213,PROCESSO-DIPLOMA-0213,2027-10-12,2027-10-27,2027-11-11,L-2027-1,REGISTRO-0213,11,213,Caso sintetico 213 com status ativo e modalidade presencial.,https://w3id.org/ufes/ontodiplomadigital/instancias-ficticias#responsavelRegistroLote211,Pessoa Fictícia-0040,CPF-FICTICIO-0905,RESPONSAVEL-REGISTRO-0213,Assinante Fictício-0151,CPF-FICTICIO-0906,Reitoria de Registro 4,Pessoa Fictícia-0016,CPF-FICTICIO-0907,Secretario Geral Acadêmico,https://w3id.org/ufes/ontodiplomadigital/instancias-ficticias#assinaturaLote211,2027-11-11T12:21:00,XAdES,Assinatura PFResponsavel Registro,,,2027-11-11T12:21:00,https://w3id.org/ufes/ontodiplomadigital/instancias-ficticias#codigoValidacaoLote211,CODIGO-VALIDACAO-FICTICIO-0717,https://w3id.org/ufes/ontodiplomadigital/instancias-ficticias#documentacaoAcademicaLote211,ReqDip00000000000000000000000000000000000000000213,Pessoa Fictícia-0016,CPF-FICTICIO-0016,Diretor Geral,urn:fake:pdfa:ato-designacao:lote01,https://w3id.org/ufes/ontodiplomadigital/instancias-ficticias#historicoLote211,HISTORICO-0213
CASO-0214,https://w3id.org/ufes/ontodiplomadigital/instancias-ficticias#diplomaLote212,DIPLOMA-0214,Diploma digital,Ativo,1.05,produção,2027-11-09,Portal Público Fictício de Consulta de Diplomas,https://consulta-diploma.exemplo.gov.br,https://w3id.org/ufes/ontodiplomadigital/instancias-ficticias#diplomadoLote212,Pessoa Fictícia-0441,Brasileira,https://w3id.org/ufes/ontodiplomadigital/instancias-ficticias#localNaturalidadeBr4314902,4314902,Porto Alegre,RS,,CPF-FICTICIO-0908,https://w3id.org/ufes/ontodiplomadigital/instancias-ficticias#cursoLote212,CURSO-0214,Licenciatura em Governanca Informacional,,2800,2027-10-08,Licenciatura,Licenciado,,curadoria digital,EaD,,,EMEC-FAKE-2027-0214,Análise de regularidade do curso 214,2027-05-16,2027-05-01,https://w3id.org/ufes/ontodiplomadigital/instancias-ficticias#enderecoCursoLote08,"Campus de Dados 08, Bloco C",,,,Florianopolis,SC,31008-000,Brasil,,Centro Universitario Horizonte Semântico,https://w3id.org/ufes/ontodiplomadigital/instancias-ficticias#iesEmissoraLote02,MEC-EM-0002,CNPJ-FICTICIO-0013/CNPJ-FICTICIO-0014,"Avenida Sintetica 102, Setor Emissor",Belo Horizonte,MG,29002-000,Brasil,Universidade Curadora de Diplomas,https://w3id.org/ufes/ontodiplomadigital/instancias-ficticias#iesRegistradoraLote04,MEC-RG-0004,CNPJ-FICTICIO-0023/CNPJ-FICTICIO-0024,"Rua Registral 204, Setor de Proveniencia",Sao Paulo,SP,30004-000,Brasil,https://w3id.org/ufes/ontodiplomadigital/instancias-ficticias#registroLote212,ReqDip00000000000000000000000000000000000000000214,PROCESSO-DIPLOMA-0214,2027-10-15,2027-10-30,2027-11-14,L-2027-2,REGISTRO-0214,12,214,Caso sintetico 214 com status ativo e modalidade ead.,https://w3id.org/ufes/ontodiplomadigital/instancias-ficticias#responsavelRegistroLote212,Pessoa Fictícia-0043,CPF-FICTICIO-0909,RESPONSAVEL-REGISTRO-0214,Assinante Fictício-0154,CPF-FICTICIO-0910,Reitoria de Registro 5,Pessoa Fictícia-0021,CPF-FICTICIO-0911,Secretaria Geral Acadêmica,https://w3id.org/ufes/ontodiplomadigital/instancias-ficticias#assinaturaLote212,2027-11-14T13:22:00,CAdES,Assinatura da pessoa física emissora,,,2027-11-14T13:22:00,https://w3id.org/ufes/ontodiplomadigital/instancias-ficticias#codigoValidacaoLote212,CODIGO-VALIDACAO-FICTICIO-0718,https://w3id.org/ufes/ontodiplomadigital/instancias-ficticias#documentacaoAcademicaLote212,ReqDip00000000000000000000000000000000000000000214,Pessoa Fictícia-0021,CPF-FICTICIO-0021,Diretora Geral,urn:fake:pdfa:ato-designacao:lote02,https://w3id.org/ufes/ontodiplomadigital/instancias-ficticias#historicoLote212,HISTORICO-0214
CASO-0215,https://w3id.org/ufes/ontodiplomadigital/instancias-ficticias#diplomaLote213,DIPLOMA-0215,Diploma digital,Ativo,1.05,homologação,2027-11-12,GovBR Acadêmico Fictício,https://govbr-academico.exemplo.gov.br,https://w3id.org/ufes/ontodiplomadigital/instancias-ficticias#diplomadoLote213,Pessoa Fictícia-0442,Brasileira,https://w3id.org/ufes/ontodiplomadigital/instancias-ficticias#localNaturalidadeBr5208707,5208707,Goiânia,GO,,CPF-FICTICIO-0912,https://w3id.org/ufes/ontodiplomadigital/instancias-ficticias#cursoLote213,CURSO-0215,Tecnologia em Interoperabilidade Semântica,CURSO-FAKE-0215,3000,2027-10-11,Tecnologia,Tecnólogo,,organizacao do conhecimento,Semipresencial,Análise semantica aplicada,2027-10-11,,,,,https://w3id.org/ufes/ontodiplomadigital/instancias-ficticias#enderecoCursoLote01,"Campus de Dados 01, Bloco A",,,,Brasilia,DF,31001-000,Brasil,,Instituto Federal de Curadoria Digital,https://w3id.org/ufes/ontodiplomadigital/instancias-ficticias#iesEmissoraLote03,MEC-EM-0003,CNPJ-FICTICIO-0017/CNPJ-FICTICIO-0018,"Avenida Sintetica 103, Setor Emissor",Salvador,BA,29003-000,Brasil,Centro Registral de Conhecimento Aplicado,https://w3id.org/ufes/ontodiplomadigital/instancias-ficticias#iesRegistradoraLote05,MEC-RG-0005,CNPJ-FICTICIO-0027/CNPJ-FICTICIO-0028,"Rua Registral 205, Setor de Proveniencia",Rio de Janeiro,RJ,30005-000,Brasil,https://w3id.org/ufes/ontodiplomadigital/instancias-ficticias#registroLote213,ReqDip00000000000000000000000000000000000000000215,PROCESSO-DIPLOMA-0215,2027-10-18,2027-11-02,2027-11-17,L-2027-3,REGISTRO-0215,13,215,Caso sintetico 215 com status ativo e modalidade semipresencial.,https://w3id.org/ufes/ontodiplomadigital/instancias-ficticias#responsavelRegistroLote213,Pessoa Fictícia-0046,CPF-FICTICIO-0913,RESPONSAVEL-REGISTRO-0215,Assinante Fictício-0156,CPF-FICTICIO-0914,Reitoria de Registro 6,Pessoa Fictícia-0026,CPF-FICTICIO-0915,Pro-Reitor de Graduacao,https://w3id.org/ufes/ontodiplomadigital/instancias-ficticias#assinaturaLote213,2027-11-17T14:23:00,PAdES,Assinatura PJArquivamento Documentacao Academica,Instituto Federal de Curadoria Digital,,2027-11-17T14:23:00,https://w3id.org/ufes/ontodiplomadigital/instancias-ficticias#codigoValidacaoLote213,CODIGO-VALIDACAO-FICTICIO-0719,https://w3id.org/ufes/ontodiplomadigital/instancias-ficticias#documentacaoAcademicaLote213,ReqDip00000000000000000000000000000000000000000215,Pessoa Fictícia-0026,CPF-FICTICIO-0026,Procurador Institucional,urn:fake:pdfa:ato-designacao:lote03,https://w3id.org/ufes/ontodiplomadigital/instancias-ficticias#historicoLote213,HISTORICO-0215
CASO-0216,https://w3id.org/ufes/ontodiplomadigital/instancias-ficticias#diplomaLote214,DIPLOMA-0216,Diploma digital,Revogado,1.05,produção,2027-11-15,Portal Público Fictício de Consulta de Diplomas,https://consulta-diploma.exemplo.gov.br,https://w3id.org/ufes/ontodiplomadigital/instancias-ficticias#diplomadoLote214,Pessoa Fictícia-0443,Argentina,https://w3id.org/ufes/ontodiplomadigital/instancias-ficticias#localNaturalidadeEstrangeiraBuenosAires,,,,Buenos Aires,CPF-FICTICIO-0916,https://w3id.org/ufes/ontodiplomadigital/instancias-ficticias#cursoLote214,CURSO-0216,Bacharelado em Preservacao Digital,CURSO-FAKE-0216,3200,2027-10-14,Bacharelado,Bacharel,,preservacao e acesso,Presencial,,,,,,,https://w3id.org/ufes/ontodiplomadigital/instancias-ficticias#enderecoCursoLote10,"Campus de Dados 10, Bloco E",,,,Vitoria,ES,31010-000,Brasil,,Universidade Metropolitana da Informação,https://w3id.org/ufes/ontodiplomadigital/instancias-ficticias#iesEmissoraLote04,MEC-EM-0004,CNPJ-FICTICIO-0021/CNPJ-FICTICIO-0022,"Avenida Sintetica 104, Setor Emissor",Brasilia,DF,29004-000,Brasil,Universidade Federal de Registro Semântico,https://w3id.org/ufes/ontodiplomadigital/instancias-ficticias#iesRegistradoraLote06,MEC-RG-0006,CNPJ-FICTICIO-0031/CNPJ-FICTICIO-0032,"Rua Registral 206, Setor de Proveniencia",Florianopolis,SC,30006-000,Brasil,https://w3id.org/ufes/ontodiplomadigital/instancias-ficticias#registroLote214,ReqDip00000000000000000000000000000000000000000216,PROCESSO-DIPLOMA-0216,2027-10-21,2027-11-05,2027-11-20,L-2027-4,REGISTRO-0216,14,216,Caso sintetico 216 com status revogado e modalidade presencial.,https://w3id.org/ufes/ontodiplomadigital/instancias-ficticias#responsavelRegistroLote214,Pessoa Fictícia-0049,CPF-FICTICIO-0917,RESPONSAVEL-REGISTRO-0216,Assinante Fictício-0158,CPF-FICTICIO-0918,Reitoria de Registro 7,Pessoa Fictícia-0031,CPF-FICTICIO-0919,Pro-Reitora de Graduacao,https://w3id.org/ufes/ontodiplomadigital/instancias-ficticias#assinaturaLote214,2027-11-20T15:24:00,XAdES,Assinatura da pessoa jurídica registradora,Universidade Federal de Registro Semântico,Autoridade Certificadora Fictícia Integridade Digital,2027-11-20T15:24:00,https://w3id.org/ufes/ontodiplomadigital/instancias-ficticias#codigoValidacaoLote214,CODIGO-VALIDACAO-FICTICIO-0720,https://w3id.org/ufes/ontodiplomadigital/instancias-ficticias#documentacaoAcademicaLote214,ReqDip00000000000000000000000000000000000000000216,Pessoa Fictícia-0031,CPF-FICTICIO-0031,Procuradora Institucional,urn:fake:pdfa:ato-designacao:lote04,https://w3id.org/ufes/ontodiplomadigital/instancias-ficticias#historicoLote214,HISTORICO-0216
CASO-0217,https://w3id.org/ufes/ontodiplomadigital/instancias-ficticias#diplomaLote215,DIPLOMA-0217,Diploma digital,Anulado,1.05,homologação,2027-11-18,GovBR Acadêmico Fictício,https://govbr-academico.exemplo.gov.br,https://w3id.org/ufes/ontodiplomadigital/instancias-ficticias#diplomadoLote215,Pessoa Fictícia-0444,Brasileira,https://w3id.org/ufes/ontodiplomadigital/instancias-ficticias#localNaturalidadeBr3106200,3106200,Belo Horizonte,MG,,CPF-FICTICIO-0920,https://w3id.org/ufes/ontodiplomadigital/instancias-ficticias#cursoLote215,CURSO-0217,Licenciatura em Análise Territorial de Dados,CURSO-FAKE-0217,3400,2027-10-17,Licenciatura,Licenciado,,governanca de dados,EaD,,,,,,,https://w3id.org/ufes/ontodiplomadigital/instancias-ficticias#enderecoCursoLote02,"Campus de Dados 02, Bloco B",,,,Recife,PE,31002-000,Brasil,,Faculdade Nacional de Dados Ligados,https://w3id.org/ufes/ontodiplomadigital/instancias-ficticias#iesEmissoraLote05,MEC-EM-0005,CNPJ-FICTICIO-0025/CNPJ-FICTICIO-0026,"Avenida Sintetica 105, Setor Emissor",Recife,PE,29005-000,Brasil,Instituto de Segurança Documental,https://w3id.org/ufes/ontodiplomadigital/instancias-ficticias#iesRegistradoraLote07,MEC-RG-0007,CNPJ-FICTICIO-0035/CNPJ-FICTICIO-0036,"Rua Registral 207, Setor de Proveniencia",Belem,PA,30007-000,Brasil,https://w3id.org/ufes/ontodiplomadigital/instancias-ficticias#registroLote215,ReqDip00000000000000000000000000000000000000000217,PROCESSO-DIPLOMA-0217,2027-10-24,2027-11-08,2027-11-23,L-2027-5,REGISTRO-0217,15,217,Caso sintetico 217 com status anulado e modalidade ead.,https://w3id.org/ufes/ontodiplomadigital/instancias-ficticias#responsavelRegistroLote215,Pessoa Fictícia-0053,CPF-FICTICIO-0921,RESPONSAVEL-REGISTRO-0217,Assinante Fictício-0160 | Assinante Fictício-0445,CPF-FICTICIO-0922 | CPF-FICTICIO-0923,Reitoria de Registro 8 | Secretaria Acadêmica Integrada,Assinante Fictício-0005,CPF-FICTICIO-0924,Reitor,https://w3id.org/ufes/ontodiplomadigital/instancias-ficticias#assinaturaLote215,2027-11-23T16:25:00,CAdES,Assinatura da pessoa jurídica emissora,Faculdade Nacional de Dados Ligados,,2027-11-23T16:25:00,https://w3id.org/ufes/ontodiplomadigital/instancias-ficticias#codigoValidacaoLote215,CODIGO-VALIDACAO-FICTICIO-0721,https://w3id.org/ufes/ontodiplomadigital/instancias-ficticias#documentacaoAcademicaLote215,ReqDip00000000000000000000000000000000000000000217,Assinante Fictício-0005,CPF-FICTICIO-0037,Reitor,urn:fake:pdfa:ato-designacao:lote05,https://w3id.org/ufes/ontodiplomadigital/instancias-ficticias#historicoLote215,HISTORICO-0217
CASO-0218,https://w3id.org/ufes/ontodiplomadigital/instancias-ficticias#diplomaLote216,DIPLOMA-0218,Diploma digital,Ativo,1.05,produção,2027-11-21,Portal Público Fictício de Consulta de Diplomas,https://consulta-diploma.exemplo.gov.br,https://w3id.org/ufes/ontodiplomadigital/instancias-ficticias#diplomadoLote216,Pessoa Fictícia-0446,Portuguesa,https://w3id.org/ufes/ontodiplomadigital/instancias-ficticias#localNaturalidadeEstrangeiraLisboa,,,,Lisboa,CPF-FICTICIO-0925,https://w3id.org/ufes/ontodiplomadigital/instancias-ficticias#cursoLote216,CURSO-0218,Tecnologia em Memoria Institucional,,2400,2027-10-20,Tecnologia,Tecnólogo,Especialista em Memoria Institucional,tratamento documental,Semipresencial,Processos de registro academico,2027-10-20,EMEC-FAKE-2027-0218,Análise de regularidade do curso 218,2027-05-28,2027-05-13,https://w3id.org/ufes/ontodiplomadigital/instancias-ficticias#enderecoCursoLote12,"Campus de Dados 12, Bloco B",,,,Salvador,BA,31012-000,Brasil,,Universidade de Estudos Documentais,https://w3id.org/ufes/ontodiplomadigital/instancias-ficticias#iesEmissoraLote06,MEC-EM-0006,CNPJ-FICTICIO-0029/CNPJ-FICTICIO-0030,"Avenida Sintetica 106, Setor Emissor",Curitiba,PR,29006-000,Brasil,Centro Universitario de Rastreabilidade Acadêmica,https://w3id.org/ufes/ontodiplomadigital/instancias-ficticias#iesRegistradoraLote08,MEC-RG-0008,CNPJ-FICTICIO-0039/CNPJ-FICTICIO-0040,"Rua Registral 208, Setor de Proveniencia",Vitoria,ES,30008-000,Brasil,https://w3id.org/ufes/ontodiplomadigital/instancias-ficticias#registroLote216,ReqDip00000000000000000000000000000000000000000218,PROCESSO-DIPLOMA-0218,2027-10-27,2027-11-11,2027-11-26,L-2027-6,REGISTRO-0218,16,218,Caso sintetico 218 com status ativo e modalidade semipresencial.,https://w3id.org/ufes/ontodiplomadigital/instancias-ficticias#responsavelRegistroLote216,Pessoa Fictícia-0056,CPF-FICTICIO-0926,RESPONSAVEL-REGISTRO-0218,Assinante Fictício-0162,CPF-FICTICIO-0927,Reitoria de Registro 9,Assinante Fictício-0010,CPF-FICTICIO-0928,Reitora,https://w3id.org/ufes/ontodiplomadigital/instancias-ficticias#assinaturaLote216,2027-11-26T08:26:00,PAdES,Assinatura PFResponsavel Registro,,,2027-11-26T08:26:00,https://w3id.org/ufes/ontodiplomadigital/instancias-ficticias#codigoValidacaoLote216,CODIGO-VALIDACAO-FICTICIO-0722,https://w3id.org/ufes/ontodiplomadigital/instancias-ficticias#documentacaoAcademicaLote216,ReqDip00000000000000000000000000000000000000000218,Assinante Fictício-0010,CPF-FICTICIO-0042,Reitora,urn:fake:pdfa:ato-designacao:lote06,https://w3id.org/ufes/ontodiplomadigital/instancias-ficticias#historicoLote216,HISTORICO-0218
CASO-0219,https://w3id.org/ufes/ontodiplomadigital/instancias-ficticias#diplomaLote217,DIPLOMA-0219,Diploma digital,Ativo,1.05,homologação,2027-11-24,GovBR Acadêmico Fictício,https://govbr-academico.exemplo.gov.br,https://w3id.org/ufes/ontodiplomadigital/instancias-ficticias#diplomadoLote217,Pessoa Fictícia-0447,Brasileira,https://w3id.org/ufes/ontodiplomadigital/instancias-ficticias#localNaturalidadeBr3550308,3550308,São Paulo,SP,,CPF-FICTICIO-0929,https://w3id.org/ufes/ontodiplomadigital/instancias-ficticias#cursoLote217,CURSO-0219,Bacharelado em Ciência de Dados Publicos,CURSO-FAKE-0219,2600,2027-10-23,Bacharelado,Bacharel,,interoperabilidade semantica,Presencial,,,,,,,https://w3id.org/ufes/ontodiplomadigital/instancias-ficticias#enderecoCursoLote12,"Campus de Dados 12, Bloco B",,,,Salvador,BA,31012-000,Brasil,,Centro Acadêmico de Interoperabilidade,https://w3id.org/ufes/ontodiplomadigital/instancias-ficticias#iesEmissoraLote07,MEC-EM-0007,CNPJ-FICTICIO-0033/CNPJ-FICTICIO-0034,"Avenida Sintetica 107, Setor Emissor",Fortaleza,CE,29007-000,Brasil,Universidade Registradora do Brasil Digital,https://w3id.org/ufes/ontodiplomadigital/instancias-ficticias#iesRegistradoraLote01,MEC-RG-0001,CNPJ-FICTICIO-0011/CNPJ-FICTICIO-0012,"Rua Registral 201, Setor de Proveniencia",Curitiba,PR,30001-000,Brasil,https://w3id.org/ufes/ontodiplomadigital/instancias-ficticias#registroLote217,ReqDip00000000000000000000000000000000000000000219,PROCESSO-DIPLOMA-0219,2027-10-30,2027-11-14,2027-11-29,L-2027-7,REGISTRO-0219,17,219,Caso sintetico 219 com status ativo e modalidade presencial.,https://w3id.org/ufes/ontodiplomadigital/instancias-ficticias#responsavelRegistroLote217,Pessoa Fictícia-0013,CPF-FICTICIO-0930,RESPONSAVEL-REGISTRO-0219,Assinante Fictício-0165,CPF-FICTICIO-0931,Reitoria de Registro 1,Assinante Fictício-0015,CPF-FICTICIO-0932,Diretor Acadêmico,https://w3id.org/ufes/ontodiplomadigital/instancias-ficticias#assinaturaLote217,2027-11-29T09:27:00,XAdES,Assinatura da pessoa física emissora,,,2027-11-29T09:27:00,https://w3id.org/ufes/ontodiplomadigital/instancias-ficticias#codigoValidacaoLote217,CODIGO-VALIDACAO-FICTICIO-0723,https://w3id.org/ufes/ontodiplomadigital/instancias-ficticias#documentacaoAcademicaLote217,ReqDip00000000000000000000000000000000000000000219,Assinante Fictício-0015,CPF-FICTICIO-0047,Diretor Geral,urn:fake:pdfa:ato-designacao:lote07,https://w3id.org/ufes/ontodiplomadigital/instancias-ficticias#historicoLote217,HISTORICO-0219
CASO-0220,https://w3id.org/ufes/ontodiplomadigital/instancias-ficticias#diplomaLote218,DIPLOMA-0220,Diploma digital,Ativo,1.05,produção,2027-11-27,Portal Público Fictício de Consulta de Diplomas,https://consulta-diploma.exemplo.gov.br,https://w3id.org/ufes/ontodiplomadigital/instancias-ficticias#diplomadoLote218,Pessoa Fictícia-0448,Espanhola,https://w3id.org/ufes/ontodiplomadigital/instancias-ficticias#localNaturalidadeEstrangeiraMadri,,,,Madri,CPF-FICTICIO-0933,https://w3id.org/ufes/ontodiplomadigital/instancias-ficticias#cursoLote218,CURSO-0220,Licenciatura em Curadoria Digital,CURSO-FAKE-0220,2800,2027-10-26,Licenciatura,Licenciado,,curadoria digital,EaD,,,,,,,https://w3id.org/ufes/ontodiplomadigital/instancias-ficticias#enderecoCursoLote02,"Campus de Dados 02, Bloco B",,,,Recife,PE,31002-000,Brasil,,Instituto Superior de Preservacao Informacional,https://w3id.org/ufes/ontodiplomadigital/instancias-ficticias#iesEmissoraLote08,MEC-EM-0008,CNPJ-FICTICIO-0037/CNPJ-FICTICIO-0038,"Avenida Sintetica 108, Setor Emissor",Goiania,GO,29008-000,Brasil,Centro de Registro Interoperável,https://w3id.org/ufes/ontodiplomadigital/instancias-ficticias#iesRegistradoraLote02,MEC-RG-0002,CNPJ-FICTICIO-0015/CNPJ-FICTICIO-0016,"Rua Registral 202, Setor de Proveniencia",Fortaleza,CE,30002-000,Brasil,https://w3id.org/ufes/ontodiplomadigital/instancias-ficticias#registroLote218,ReqDip00000000000000000000000000000000000000000220,PROCESSO-DIPLOMA-0220,2027-11-02,2027-11-17,2027-12-02,L-2027-1,REGISTRO-0220,18,220,Caso sintetico 220 com status ativo e modalidade ead.,https://w3id.org/ufes/ontodiplomadigital/instancias-ficticias#responsavelRegistroLote218,Pessoa Fictícia-0018,CPF-FICTICIO-0934,RESPONSAVEL-REGISTRO-0220,Assinante Fictício-0167,CPF-FICTICIO-0935,Reitoria de Registro 2,Assinante Fictício-0020,CPF-FICTICIO-0936,Diretora Acadêmica,https://w3id.org/ufes/ontodiplomadigital/instancias-ficticias#assinaturaLote218,2027-12-02T10:28:00,CAdES,Assinatura PJArquivamento Documentacao Academica,Instituto Superior de Preservacao Informacional,,2027-12-02T10:28:00,https://w3id.org/ufes/ontodiplomadigital/instancias-ficticias#codigoValidacaoLote218,CODIGO-VALIDACAO-FICTICIO-0724,https://w3id.org/ufes/ontodiplomadigital/instancias-ficticias#documentacaoAcademicaLote218,ReqDip00000000000000000000000000000000000000000220,Assinante Fictício-0020,CPF-FICTICIO-0052,Diretora Geral,urn:fake:pdfa:ato-designacao:lote08,https://w3id.org/ufes/ontodiplomadigital/instancias-ficticias#historicoLote218,HISTORICO-0220
CASO-0221,https://w3id.org/ufes/ontodiplomadigital/instancias-ficticias#diplomaLote219,DIPLOMA-0221,Diploma digital,Revogado,1.05,homologação,2027-11-30,GovBR Acadêmico Fictício,https://govbr-academico.exemplo.gov.br,https://w3id.org/ufes/ontodiplomadigital/instancias-ficticias#diplomadoLote219,Pessoa Fictícia-0449,Brasileira,https://w3id.org/ufes/ontodiplomadigital/instancias-ficticias#localNaturalidadeBr1302603,1302603,Manaus,AM,,CPF-FICTICIO-0937,https://w3id.org/ufes/ontodiplomadigital/instancias-ficticias#cursoLote219,CURSO-0221,Tecnologia em Arquivologia Aplicada,CURSO-FAKE-0221,3000,2027-10-29,Tecnologia,Tecnólogo,,organizacao do conhecimento,Semipresencial,Análise semantica aplicada,2027-10-29,,,,,https://w3id.org/ufes/ontodiplomadigital/instancias-ficticias#enderecoCursoLote11,"Campus de Dados 11, Bloco A",,,,Belo Horizonte,MG,31011-000,Brasil,,Universidade do Patrimonio Digital,https://w3id.org/ufes/ontodiplomadigital/instancias-ficticias#iesEmissoraLote09,MEC-EM-0009,CNPJ-FICTICIO-0041/CNPJ-FICTICIO-0042,"Avenida Sintetica 109, Setor Emissor",Sao Paulo,SP,29009-000,Brasil,Instituto Nacional de Validação Acadêmica,https://w3id.org/ufes/ontodiplomadigital/instancias-ficticias#iesRegistradoraLote03,MEC-RG-0003,CNPJ-FICTICIO-0019/CNPJ-FICTICIO-0020,"Rua Registral 203, Setor de Proveniencia",Goiania,GO,30003-000,Brasil,https://w3id.org/ufes/ontodiplomadigital/instancias-ficticias#registroLote219,ReqDip00000000000000000000000000000000000000000221,PROCESSO-DIPLOMA-0221,2027-11-05,2027-11-20,2027-12-05,L-2027-2,REGISTRO-0221,19,221,Caso sintetico 221 com status revogado e modalidade semipresencial.,https://w3id.org/ufes/ontodiplomadigital/instancias-ficticias#responsavelRegistroLote219,Pessoa Fictícia-0023,CPF-FICTICIO-0938,RESPONSAVEL-REGISTRO-0221,Assinante Fictício-0169,CPF-FICTICIO-0939,Reitoria de Registro 3,Assinante Fictício-0025,CPF-FICTICIO-0940,Secretario Geral Acadêmico,https://w3id.org/ufes/ontodiplomadigital/instancias-ficticias#assinaturaLote219,2027-12-05T11:29:00,PAdES,Assinatura da pessoa jurídica registradora,Instituto Nacional de Validação Acadêmica,,2027-12-05T11:29:00,https://w3id.org/ufes/ontodiplomadigital/instancias-ficticias#codigoValidacaoLote219,CODIGO-VALIDACAO-FICTICIO-0725,https://w3id.org/ufes/ontodiplomadigital/instancias-ficticias#documentacaoAcademicaLote219,ReqDip00000000000000000000000000000000000000000221,Assinante Fictício-0025,CPF-FICTICIO-0057,Procurador Institucional,urn:fake:pdfa:ato-designacao:lote09,https://w3id.org/ufes/ontodiplomadigital/instancias-ficticias#historicoLote219,HISTORICO-0221
CASO-0222,https://w3id.org/ufes/ontodiplomadigital/instancias-ficticias#diplomaLote220,DIPLOMA-0222,Diploma digital,Anulado,1.05,produção,2027-12-03,Portal Público Fictício de Consulta de Diplomas,https://consulta-diploma.exemplo.gov.br,https://w3id.org/ufes/ontodiplomadigital/instancias-ficticias#diplomadoLote220,Pessoa Fictícia-0450,Brasileira,https://w3id.org/ufes/ontodiplomadigital/instancias-ficticias#localNaturalidadeBr2927408,2927408,Salvador,BA,,CPF-FICTICIO-0941,https://w3id.org/ufes/ontodiplomadigital/instancias-ficticias#cursoLote220,CURSO-0222,Bacharelado em Biblioteconomia Analitica,,3200,2027-11-01,Bacharelado,Bacharel,,preservacao e acesso,Presencial,,,EMEC-FAKE-2027-0222,Análise de regularidade do curso 222,2027-06-09,2027-05-25,https://w3id.org/ufes/ontodiplomadigital/instancias-ficticias#enderecoCursoLote04,"Campus de Dados 04, Bloco D",,,,Fortaleza,CE,31004-000,Brasil,,Centro Universitario de Modelagem Conceitual,https://w3id.org/ufes/ontodiplomadigital/instancias-ficticias#iesEmissoraLote10,MEC-EM-0010,CNPJ-FICTICIO-0043/CNPJ-FICTICIO-0044,"Avenida Sintetica 110, Setor Emissor",Rio de Janeiro,RJ,29010-000,Brasil,Universidade Curadora de Diplomas,https://w3id.org/ufes/ontodiplomadigital/instancias-ficticias#iesRegistradoraLote04,MEC-RG-0004,CNPJ-FICTICIO-0023/CNPJ-FICTICIO-0024,"Rua Registral 204, Setor de Proveniencia",Sao Paulo,SP,30004-000,Brasil,https://w3id.org/ufes/ontodiplomadigital/instancias-ficticias#registroLote220,ReqDip00000000000000000000000000000000000000000222,PROCESSO-DIPLOMA-0222,2027-11-08,2027-11-23,2027-12-08,L-2027-3,REGISTRO-0222,20,222,Caso sintetico 222 com status anulado e modalidade presencial.,https://w3id.org/ufes/ontodiplomadigital/instancias-ficticias#responsavelRegistroLote220,Pessoa Fictícia-0028,CPF-FICTICIO-0942,RESPONSAVEL-REGISTRO-0222,Assinante Fictício-0171 | Assinante Fictício-0451,CPF-FICTICIO-0943 | CPF-FICTICIO-0944,Reitoria de Registro 4 | Secretaria Acadêmica Integrada,Assinante Fictício-0030,CPF-FICTICIO-0945,Secretaria Geral Acadêmica,https://w3id.org/ufes/ontodiplomadigital/instancias-ficticias#assinaturaLote220,2027-12-08T12:30:00,XAdES,Assinatura da pessoa jurídica emissora,Centro Universitario de Modelagem Conceitual,,2027-12-08T12:30:00,https://w3id.org/ufes/ontodiplomadigital/instancias-ficticias#codigoValidacaoLote220,CODIGO-VALIDACAO-FICTICIO-0726,https://w3id.org/ufes/ontodiplomadigital/instancias-ficticias#documentacaoAcademicaLote220,ReqDip00000000000000000000000000000000000000000222,Assinante Fictício-0030,CPF-FICTICIO-0063,Procuradora Institucional,urn:fake:pdfa:ato-designacao:lote10,https://w3id.org/ufes/ontodiplomadigital/instancias-ficticias#historicoLote220,HISTORICO-0222
CASO-0223,https://w3id.org/ufes/ontodiplomadigital/instancias-ficticias#diplomaLote221,DIPLOMA-0223,Diploma digital,Ativo,1.05,homologação,2027-12-06,GovBR Acadêmico Fictício,https://govbr-academico.exemplo.gov.br,https://w3id.org/ufes/ontodiplomadigital/instancias-ficticias#diplomadoLote221,Pessoa Fictícia-0452,Brasileira,https://w3id.org/ufes/ontodiplomadigital/instancias-ficticias#localNaturalidadeBr3550308,3550308,São Paulo,SP,,CPF-FICTICIO-0946,https://w3id.org/ufes/ontodiplomadigital/instancias-ficticias#cursoLote221,CURSO-0223,Licenciatura em Gestão da Informação,CURSO-FAKE-0223,3400,2027-11-04,Licenciatura,Licenciado,,governanca de dados,EaD,,,,,,,https://w3id.org/ufes/ontodiplomadigital/instancias-ficticias#enderecoCursoCaso1,"Campus Integracao, Bloco A",,,,Vila Semântica,ES,29001-111,Brasil,,Universidade Aberta do Conhecimento,https://w3id.org/ufes/ontodiplomadigital/instancias-ficticias#iesEmissoraLote01,MEC-EM-0001,CNPJ-FICTICIO-0009/CNPJ-FICTICIO-0010,"Avenida Sintetica 101, Setor Emissor",Vitoria,ES,29001-000,Brasil,Centro Registral de Conhecimento Aplicado,https://w3id.org/ufes/ontodiplomadigital/instancias-ficticias#iesRegistradoraLote05,MEC-RG-0005,CNPJ-FICTICIO-0027/CNPJ-FICTICIO-0028,"Rua Registral 205, Setor de Proveniencia",Rio de Janeiro,RJ,30005-000,Brasil,https://w3id.org/ufes/ontodiplomadigital/instancias-ficticias#registroLote221,ReqDip00000000000000000000000000000000000000000223,PROCESSO-DIPLOMA-0223,2027-11-11,2027-11-26,2027-12-11,L-2027-4,REGISTRO-0223,21,223,Caso sintetico 223 com status ativo e modalidade ead.,https://w3id.org/ufes/ontodiplomadigital/instancias-ficticias#responsavelRegistroLote221,Pessoa Fictícia-0033,CPF-FICTICIO-0947,RESPONSAVEL-REGISTRO-0223,Assinante Fictício-0173,CPF-FICTICIO-0948,Reitoria de Registro 5,Pessoa Fictícia-0006,CPF-FICTICIO-0949,Pro-Reitor de Graduacao,https://w3id.org/ufes/ontodiplomadigital/instancias-ficticias#assinaturaLote221,2027-12-11T13:31:00,CAdES,Assinatura PFResponsavel Registro,,,2027-12-11T13:31:00,https://w3id.org/ufes/ontodiplomadigital/instancias-ficticias#codigoValidacaoLote221,CODIGO-VALIDACAO-FICTICIO-0727,https://w3id.org/ufes/ontodiplomadigital/instancias-ficticias#documentacaoAcademicaLote221,ReqDip00000000000000000000000000000000000000000223,Pessoa Fictícia-0016,CPF-FICTICIO-0016,Diretor Geral,urn:fake:pdfa:ato-designacao:lote01,https://w3id.org/ufes/ontodiplomadigital/instancias-ficticias#historicoLote221,HISTORICO-0223
CASO-0224,https://w3id.org/ufes/ontodiplomadigital/instancias-ficticias#diplomaLote222,DIPLOMA-0224,Diploma digital,Ativo,1.05,produção,2027-12-09,Portal Público Fictício de Consulta de Diplomas,https://consulta-diploma.exemplo.gov.br,https://w3id.org/ufes/ontodiplomadigital/instancias-ficticias#diplomadoLote222,Pessoa Fictícia-0453,Brasileira,https://w3id.org/ufes/ontodiplomadigital/instancias-ficticias#localNaturalidadeBr3550308,3550308,São Paulo,SP,,CPF-FICTICIO-0950,https://w3id.org/ufes/ontodiplomadigital/instancias-ficticias#cursoLote222,CURSO-0224,Tecnologia em Humanidades Digitais,,2400,2027-11-07,Tecnologia,Tecnólogo,Especialista em Humanidades Digitais,tratamento documental,Semipresencial,Processos de registro academico,2027-11-07,EMEC-FAKE-2027-0224,Análise de regularidade do curso 224,2027-06-15,2027-05-31,https://w3id.org/ufes/ontodiplomadigital/instancias-ficticias#enderecoCursoLote06,"Campus de Dados 06, Bloco A",,,,Sao Paulo,SP,31006-000,Brasil,,Centro Universitario Horizonte Semântico,https://w3id.org/ufes/ontodiplomadigital/instancias-ficticias#iesEmissoraLote02,MEC-EM-0002,CNPJ-FICTICIO-0013/CNPJ-FICTICIO-0014,"Avenida Sintetica 102, Setor Emissor",Belo Horizonte,MG,29002-000,Brasil,Universidade Federal de Registro Semântico,https://w3id.org/ufes/ontodiplomadigital/instancias-ficticias#iesRegistradoraLote06,MEC-RG-0006,CNPJ-FICTICIO-0031/CNPJ-FICTICIO-0032,"Rua Registral 206, Setor de Proveniencia",Florianopolis,SC,30006-000,Brasil,https://w3id.org/ufes/ontodiplomadigital/instancias-ficticias#registroLote222,ReqDip00000000000000000000000000000000000000000224,PROCESSO-DIPLOMA-0224,2027-11-14,2027-11-29,2027-12-14,L-2027-5,REGISTRO-0224,22,224,Caso sintetico 224 com status ativo e modalidade semipresencial.,https://w3id.org/ufes/ontodiplomadigital/instancias-ficticias#responsavelRegistroLote222,Pessoa Fictícia-0037,CPF-FICTICIO-0951,RESPONSAVEL-REGISTRO-0224,Assinante Fictício-0176,CPF-FICTICIO-0952,Reitoria de Registro 6,Pessoa Fictícia-0011,CPF-FICTICIO-0953,Pro-Reitora de Graduacao,https://w3id.org/ufes/ontodiplomadigital/instancias-ficticias#assinaturaLote222,2027-12-14T14:32:00,PAdES,Assinatura da pessoa física emissora,,,2027-12-14T14:32:00,https://w3id.org/ufes/ontodiplomadigital/instancias-ficticias#codigoValidacaoLote222,CODIGO-VALIDACAO-FICTICIO-0728,https://w3id.org/ufes/ontodiplomadigital/instancias-ficticias#documentacaoAcademicaLote222,ReqDip00000000000000000000000000000000000000000224,Pessoa Fictícia-0021,CPF-FICTICIO-0021,Diretora Geral,urn:fake:pdfa:ato-designacao:lote02,https://w3id.org/ufes/ontodiplomadigital/instancias-ficticias#historicoLote222,HISTORICO-0224
CASO-0225,https://w3id.org/ufes/ontodiplomadigital/instancias-ficticias#diplomaLote223,DIPLOMA-0225,Diploma digital,Ativo,1.05,homologação,2027-12-12,GovBR Acadêmico Fictício,https://govbr-academico.exemplo.gov.br,https://w3id.org/ufes/ontodiplomadigital/instancias-ficticias#diplomadoLote223,Pessoa Fictícia-0454,Brasileira,https://w3id.org/ufes/ontodiplomadigital/instancias-ficticias#localNaturalidadeBr3106200,3106200,Belo Horizonte,MG,,CPF-FICTICIO-0954,https://w3id.org/ufes/ontodiplomadigital/instancias-ficticias#cursoLote223,CURSO-0225,Bacharelado em Documentacao Tecnica,CURSO-FAKE-0225,2600,2027-11-10,Bacharelado,Bacharel,,interoperabilidade semantica,Presencial,,,,,,,https://w3id.org/ufes/ontodiplomadigital/instancias-ficticias#enderecoCursoLote02,"Campus de Dados 02, Bloco B",,,,Recife,PE,31002-000,Brasil,,Instituto Federal de Curadoria Digital,https://w3id.org/ufes/ontodiplomadigital/instancias-ficticias#iesEmissoraLote03,MEC-EM-0003,CNPJ-FICTICIO-0017/CNPJ-FICTICIO-0018,"Avenida Sintetica 103, Setor Emissor",Salvador,BA,29003-000,Brasil,Instituto de Segurança Documental,https://w3id.org/ufes/ontodiplomadigital/instancias-ficticias#iesRegistradoraLote07,MEC-RG-0007,CNPJ-FICTICIO-0035/CNPJ-FICTICIO-0036,"Rua Registral 207, Setor de Proveniencia",Belem,PA,30007-000,Brasil,https://w3id.org/ufes/ontodiplomadigital/instancias-ficticias#registroLote223,ReqDip00000000000000000000000000000000000000000225,PROCESSO-DIPLOMA-0225,2027-11-17,2027-12-02,2027-12-17,L-2027-6,REGISTRO-0225,23,225,Caso sintetico 225 com status ativo e modalidade presencial.,https://w3id.org/ufes/ontodiplomadigital/instancias-ficticias#responsavelRegistroLote223,Pessoa Fictícia-0040,CPF-FICTICIO-0955,RESPONSAVEL-REGISTRO-0225,Assinante Fictício-0178,CPF-FICTICIO-0956,Reitoria de Registro 7,Pessoa Fictícia-0016,CPF-FICTICIO-0957,Reitor,https://w3id.org/ufes/ontodiplomadigital/instancias-ficticias#assinaturaLote223,2027-12-17T15:33:00,XAdES,Assinatura PJArquivamento Documentacao Academica,Instituto Federal de Curadoria Digital,,2027-12-17T15:33:00,https://w3id.org/ufes/ontodiplomadigital/instancias-ficticias#codigoValidacaoLote223,CODIGO-VALIDACAO-FICTICIO-0729,https://w3id.org/ufes/ontodiplomadigital/instancias-ficticias#documentacaoAcademicaLote223,ReqDip00000000000000000000000000000000000000000225,Pessoa Fictícia-0026,CPF-FICTICIO-0026,Procurador Institucional,urn:fake:pdfa:ato-designacao:lote03,https://w3id.org/ufes/ontodiplomadigital/instancias-ficticias#historicoLote223,HISTORICO-0225
CASO-0226,https://w3id.org/ufes/ontodiplomadigital/instancias-ficticias#diplomaLote224,DIPLOMA-0226,Diploma digital,Revogado,1.05,produção,2027-12-15,Portal Público Fictício de Consulta de Diplomas,https://consulta-diploma.exemplo.gov.br,https://w3id.org/ufes/ontodiplomadigital/instancias-ficticias#diplomadoLote224,Pessoa Fictícia-0455,Brasileira,https://w3id.org/ufes/ontodiplomadigital/instancias-ficticias#localNaturalidadeBr1200401,1200401,Rio Branco,AC,,CPF-FICTICIO-0958,https://w3id.org/ufes/ontodiplomadigital/instancias-ficticias#cursoLote224,CURSO-0226,Licenciatura em Governanca Informacional,,2800,2027-11-13,Licenciatura,Licenciado,,curadoria digital,EaD,,,EMEC-FAKE-2027-0226,Análise de regularidade do curso 226,2027-06-21,2027-06-06,https://w3id.org/ufes/ontodiplomadigital/instancias-ficticias#enderecoCursoLote08,"Campus de Dados 08, Bloco C",,,,Florianopolis,SC,31008-000,Brasil,,Universidade Metropolitana da Informação,https://w3id.org/ufes/ontodiplomadigital/instancias-ficticias#iesEmissoraLote04,MEC-EM-0004,CNPJ-FICTICIO-0021/CNPJ-FICTICIO-0022,"Avenida Sintetica 104, Setor Emissor",Brasilia,DF,29004-000,Brasil,Centro Universitario de Rastreabilidade Acadêmica,https://w3id.org/ufes/ontodiplomadigital/instancias-ficticias#iesRegistradoraLote08,MEC-RG-0008,CNPJ-FICTICIO-0039/CNPJ-FICTICIO-0040,"Rua Registral 208, Setor de Proveniencia",Vitoria,ES,30008-000,Brasil,https://w3id.org/ufes/ontodiplomadigital/instancias-ficticias#registroLote224,ReqDip00000000000000000000000000000000000000000226,PROCESSO-DIPLOMA-0226,2027-11-20,2027-12-05,2027-12-20,L-2027-7,REGISTRO-0226,24,226,Caso sintetico 226 com status revogado e modalidade ead.,https://w3id.org/ufes/ontodiplomadigital/instancias-ficticias#responsavelRegistroLote224,Pessoa Fictícia-0043,CPF-FICTICIO-0959,RESPONSAVEL-REGISTRO-0226,Assinante Fictício-0180,CPF-FICTICIO-0960,Reitoria de Registro 8,Pessoa Fictícia-0021,CPF-FICTICIO-0961,Reitora,https://w3id.org/ufes/ontodiplomadigital/instancias-ficticias#assinaturaLote224,2027-12-20T16:34:00,CAdES,Assinatura da pessoa jurídica registradora,Centro Universitario de Rastreabilidade Acadêmica,,2027-12-20T16:34:00,https://w3id.org/ufes/ontodiplomadigital/instancias-ficticias#codigoValidacaoLote224,CODIGO-VALIDACAO-FICTICIO-0730,https://w3id.org/ufes/ontodiplomadigital/instancias-ficticias#documentacaoAcademicaLote224,ReqDip00000000000000000000000000000000000000000226,Pessoa Fictícia-0031,CPF-FICTICIO-0031,Procuradora Institucional,urn:fake:pdfa:ato-designacao:lote04,https://w3id.org/ufes/ontodiplomadigital/instancias-ficticias#historicoLote224,HISTORICO-0226
CASO-0227,https://w3id.org/ufes/ontodiplomadigital/instancias-ficticias#diplomaLote225,DIPLOMA-0227,Diploma digital,Anulado,1.05,homologação,2027-12-18,GovBR Acadêmico Fictício,https://govbr-academico.exemplo.gov.br,https://w3id.org/ufes/ontodiplomadigital/instancias-ficticias#diplomadoLote225,Pessoa Fictícia-0456,Brasileira,https://w3id.org/ufes/ontodiplomadigital/instancias-ficticias#localNaturalidadeBr2304400,2304400,Fortaleza,CE,,CPF-FICTICIO-0962,https://w3id.org/ufes/ontodiplomadigital/instancias-ficticias#cursoLote225,CURSO-0227,Tecnologia em Interoperabilidade Semântica,CURSO-FAKE-0227,3000,2027-11-16,Tecnologia,Tecnólogo,,organizacao do conhecimento,Semipresencial,Análise semantica aplicada,2027-11-16,,,,,https://w3id.org/ufes/ontodiplomadigital/instancias-ficticias#enderecoCursoLote07,"Campus de Dados 07, Bloco B",,,,Rio de Janeiro,RJ,31007-000,Brasil,,Faculdade Nacional de Dados Ligados,https://w3id.org/ufes/ontodiplomadigital/instancias-ficticias#iesEmissoraLote05,MEC-EM-0005,CNPJ-FICTICIO-0025/CNPJ-FICTICIO-0026,"Avenida Sintetica 105, Setor Emissor",Recife,PE,29005-000,Brasil,Universidade Registradora do Brasil Digital,https://w3id.org/ufes/ontodiplomadigital/instancias-ficticias#iesRegistradoraLote01,MEC-RG-0001,CNPJ-FICTICIO-0011/CNPJ-FICTICIO-0012,"Rua Registral 201, Setor de Proveniencia",Curitiba,PR,30001-000,Brasil,https://w3id.org/ufes/ontodiplomadigital/instancias-ficticias#registroLote225,ReqDip00000000000000000000000000000000000000000227,PROCESSO-DIPLOMA-0227,2027-11-23,2027-12-08,2027-12-23,L-2027-1,REGISTRO-0227,25,227,Caso sintetico 227 com status anulado e modalidade semipresencial.,https://w3id.org/ufes/ontodiplomadigital/instancias-ficticias#responsavelRegistroLote225,Pessoa Fictícia-0046,CPF-FICTICIO-0963,RESPONSAVEL-REGISTRO-0227,Assinante Fictício-0182 | Assinante Fictício-0457,CPF-FICTICIO-0964 | CPF-FICTICIO-0965,Reitoria de Registro 9 | Secretaria Acadêmica Integrada,Pessoa Fictícia-0026,CPF-FICTICIO-0966,Diretor Acadêmico,https://w3id.org/ufes/ontodiplomadigital/instancias-ficticias#assinaturaLote225,2027-12-23T08:35:00,PAdES,Assinatura da pessoa jurídica emissora,Faculdade Nacional de Dados Ligados,,2027-12-23T08:35:00,https://w3id.org/ufes/ontodiplomadigital/instancias-ficticias#codigoValidacaoLote225,CODIGO-VALIDACAO-FICTICIO-0731,https://w3id.org/ufes/ontodiplomadigital/instancias-ficticias#documentacaoAcademicaLote225,ReqDip00000000000000000000000000000000000000000227,Assinante Fictício-0005,CPF-FICTICIO-0037,Reitor,urn:fake:pdfa:ato-designacao:lote05,https://w3id.org/ufes/ontodiplomadigital/instancias-ficticias#historicoLote225,HISTORICO-0227
CASO-0228,https://w3id.org/ufes/ontodiplomadigital/instancias-ficticias#diplomaLote226,DIPLOMA-0228,Diploma digital,Ativo,1.05,produção,2027-12-21,Portal Público Fictício de Consulta de Diplomas,https://consulta-diploma.exemplo.gov.br,https://w3id.org/ufes/ontodiplomadigital/instancias-ficticias#diplomadoLote226,Pessoa Fictícia-0458,Brasileira,https://w3id.org/ufes/ontodiplomadigital/instancias-ficticias#localNaturalidadeBr5300108,5300108,Brasília,DF,,CPF-FICTICIO-0967,https://w3id.org/ufes/ontodiplomadigital/instancias-ficticias#cursoLote226,CURSO-0228,Bacharelado em Preservacao Digital,CURSO-FAKE-0228,3200,2027-11-19,Bacharelado,Bacharel,,preservacao e acesso,Presencial,,,,,,,https://w3id.org/ufes/ontodiplomadigital/instancias-ficticias#enderecoCursoLote10,"Campus de Dados 10, Bloco E",,,,Vitoria,ES,31010-000,Brasil,,Universidade de Estudos Documentais,https://w3id.org/ufes/ontodiplomadigital/instancias-ficticias#iesEmissoraLote06,MEC-EM-0006,CNPJ-FICTICIO-0029/CNPJ-FICTICIO-0030,"Avenida Sintetica 106, Setor Emissor",Curitiba,PR,29006-000,Brasil,Centro de Registro Interoperável,https://w3id.org/ufes/ontodiplomadigital/instancias-ficticias#iesRegistradoraLote02,MEC-RG-0002,CNPJ-FICTICIO-0015/CNPJ-FICTICIO-0016,"Rua Registral 202, Setor de Proveniencia",Fortaleza,CE,30002-000,Brasil,https://w3id.org/ufes/ontodiplomadigital/instancias-ficticias#registroLote226,ReqDip00000000000000000000000000000000000000000228,PROCESSO-DIPLOMA-0228,2027-11-26,2027-12-11,2027-12-26,L-2027-2,REGISTRO-0228,26,228,Caso sintetico 228 com status ativo e modalidade presencial.,https://w3id.org/ufes/ontodiplomadigital/instancias-ficticias#responsavelRegistroLote226,Pessoa Fictícia-0049,CPF-FICTICIO-0968,RESPONSAVEL-REGISTRO-0228,Assinante Fictício-0184,CPF-FICTICIO-0969,Reitoria de Registro 1,Pessoa Fictícia-0031,CPF-FICTICIO-0970,Diretora Acadêmica,https://w3id.org/ufes/ontodiplomadigital/instancias-ficticias#assinaturaLote226,2027-12-26T09:36:00,XAdES,Assinatura PFResponsavel Registro,,Autoridade Certificadora Fictícia Integridade Digital,2027-12-26T09:36:00,https://w3id.org/ufes/ontodiplomadigital/instancias-ficticias#codigoValidacaoLote226,CODIGO-VALIDACAO-FICTICIO-0732,https://w3id.org/ufes/ontodiplomadigital/instancias-ficticias#documentacaoAcademicaLote226,ReqDip00000000000000000000000000000000000000000228,Assinante Fictício-0010,CPF-FICTICIO-0042,Reitora,urn:fake:pdfa:ato-designacao:lote06,https://w3id.org/ufes/ontodiplomadigital/instancias-ficticias#historicoLote226,HISTORICO-0228
CASO-0229,https://w3id.org/ufes/ontodiplomadigital/instancias-ficticias#diplomaLote227,DIPLOMA-0229,Diploma digital,Ativo,1.05,homologação,2027-12-24,GovBR Acadêmico Fictício,https://govbr-academico.exemplo.gov.br,https://w3id.org/ufes/ontodiplomadigital/instancias-ficticias#diplomadoLote227,Pessoa Fictícia-0459,Brasileira,https://w3id.org/ufes/ontodiplomadigital/instancias-ficticias#localNaturalidadeBr1501402,1501402,Belém,PA,,CPF-FICTICIO-0971,https://w3id.org/ufes/ontodiplomadigital/instancias-ficticias#cursoLote227,CURSO-0229,Licenciatura em Análise Territorial de Dados,CURSO-FAKE-0229,3400,2027-11-22,Licenciatura,Licenciado,,governanca de dados,EaD,,,,,,,https://w3id.org/ufes/ontodiplomadigital/instancias-ficticias#enderecoCursoLote05,"Campus de Dados 05, Bloco E",,,,Goiania,GO,31005-000,Brasil,,Centro Acadêmico de Interoperabilidade,https://w3id.org/ufes/ontodiplomadigital/instancias-ficticias#iesEmissoraLote07,MEC-EM-0007,CNPJ-FICTICIO-0033/CNPJ-FICTICIO-0034,"Avenida Sintetica 107, Setor Emissor",Fortaleza,CE,29007-000,Brasil,Instituto Nacional de Validação Acadêmica,https://w3id.org/ufes/ontodiplomadigital/instancias-ficticias#iesRegistradoraLote03,MEC-RG-0003,CNPJ-FICTICIO-0019/CNPJ-FICTICIO-0020,"Rua Registral 203, Setor de Proveniencia",Goiania,GO,30003-000,Brasil,https://w3id.org/ufes/ontodiplomadigital/instancias-ficticias#registroLote227,ReqDip00000000000000000000000000000000000000000229,PROCESSO-DIPLOMA-0229,2027-11-29,2027-12-14,2027-12-29,L-2027-3,REGISTRO-0229,27,229,Caso sintetico 229 com status ativo e modalidade ead.,https://w3id.org/ufes/ontodiplomadigital/instancias-ficticias#responsavelRegistroLote227,Pessoa Fictícia-0053,CPF-FICTICIO-0972,RESPONSAVEL-REGISTRO-0229,Assinante Fictício-0187,CPF-FICTICIO-0973,Reitoria de Registro 2,Assinante Fictício-0005,CPF-FICTICIO-0974,Secretario Geral Acadêmico,https://w3id.org/ufes/ontodiplomadigital/instancias-ficticias#assinaturaLote227,2027-12-29T10:37:00,CAdES,Assinatura da pessoa física emissora,,,2027-12-29T10:37:00,https://w3id.org/ufes/ontodiplomadigital/instancias-ficticias#codigoValidacaoLote227,CODIGO-VALIDACAO-FICTICIO-0733,https://w3id.org/ufes/ontodiplomadigital/instancias-ficticias#documentacaoAcademicaLote227,ReqDip00000000000000000000000000000000000000000229,Assinante Fictício-0015,CPF-FICTICIO-0047,Diretor Geral,urn:fake:pdfa:ato-designacao:lote07,https://w3id.org/ufes/ontodiplomadigital/instancias-ficticias#historicoLote227,HISTORICO-0229
CASO-0230,https://w3id.org/ufes/ontodiplomadigital/instancias-ficticias#diplomaLote228,DIPLOMA-0230,Diploma digital,Ativo,1.05,produção,2027-12-27,Portal Público Fictício de Consulta de Diplomas,https://consulta-diploma.exemplo.gov.br,https://w3id.org/ufes/ontodiplomadigital/instancias-ficticias#diplomadoLote228,Pessoa Fictícia-0460,Brasileira,https://w3id.org/ufes/ontodiplomadigital/instancias-ficticias#localNaturalidadeBr5002704,5002704,Campo Grande,MS,,CPF-FICTICIO-0975,https://w3id.org/ufes/ontodiplomadigital/instancias-ficticias#cursoLote228,CURSO-0230,Tecnologia em Memoria Institucional,,2400,2027-11-25,Tecnologia,Tecnólogo,Especialista em Memoria Institucional,tratamento documental,Semipresencial,Processos de registro academico,2027-11-25,EMEC-FAKE-2028-0230,Análise de regularidade do curso 230,2027-07-03,2027-06-18,https://w3id.org/ufes/ontodiplomadigital/instancias-ficticias#enderecoCursoLote12,"Campus de Dados 12, Bloco B",,,,Salvador,BA,31012-000,Brasil,,Instituto Superior de Preservacao Informacional,https://w3id.org/ufes/ontodiplomadigital/instancias-ficticias#iesEmissoraLote08,MEC-EM-0008,CNPJ-FICTICIO-0037/CNPJ-FICTICIO-0038,"Avenida Sintetica 108, Setor Emissor",Goiania,GO,29008-000,Brasil,Universidade Curadora de Diplomas,https://w3id.org/ufes/ontodiplomadigital/instancias-ficticias#iesRegistradoraLote04,MEC-RG-0004,CNPJ-FICTICIO-0023/CNPJ-FICTICIO-0024,"Rua Registral 204, Setor de Proveniencia",Sao Paulo,SP,30004-000,Brasil,https://w3id.org/ufes/ontodiplomadigital/instancias-ficticias#registroLote228,ReqDip00000000000000000000000000000000000000000230,PROCESSO-DIPLOMA-0230,2027-12-02,2027-12-17,2028-01-01,L-2028-4,REGISTRO-0230,28,230,Caso sintetico 230 com status ativo e modalidade semipresencial.,https://w3id.org/ufes/ontodiplomadigital/instancias-ficticias#responsavelRegistroLote228,Pessoa Fictícia-0056,CPF-FICTICIO-0976,RESPONSAVEL-REGISTRO-0230,Assinante Fictício-0189,CPF-FICTICIO-0977,Reitoria de Registro 3,Assinante Fictício-0010,CPF-FICTICIO-0978,Secretaria Geral Acadêmica,https://w3id.org/ufes/ontodiplomadigital/instancias-ficticias#assinaturaLote228,2028-01-01T11:38:00,PAdES,Assinatura PJArquivamento Documentacao Academica,Instituto Superior de Preservacao Informacional,,2028-01-01T11:38:00,https://w3id.org/ufes/ontodiplomadigital/instancias-ficticias#codigoValidacaoLote228,CODIGO-VALIDACAO-FICTICIO-0734,https://w3id.org/ufes/ontodiplomadigital/instancias-ficticias#documentacaoAcademicaLote228,ReqDip00000000000000000000000000000000000000000230,Assinante Fictício-0020,CPF-FICTICIO-0052,Diretora Geral,urn:fake:pdfa:ato-designacao:lote08,https://w3id.org/ufes/ontodiplomadigital/instancias-ficticias#historicoLote228,HISTORICO-0230
CASO-0231,https://w3id.org/ufes/ontodiplomadigital/instancias-ficticias#diplomaLote229,DIPLOMA-0231,Diploma digital,Revogado,1.05,homologação,2027-12-30,GovBR Acadêmico Fictício,https://govbr-academico.exemplo.gov.br,https://w3id.org/ufes/ontodiplomadigital/instancias-ficticias#diplomadoLote229,Pessoa Fictícia-0461,Brasileira,https://w3id.org/ufes/ontodiplomadigital/instancias-ficticias#localNaturalidadeBr3106200,3106200,Belo Horizonte,MG,,CPF-FICTICIO-0979,https://w3id.org/ufes/ontodiplomadigital/instancias-ficticias#cursoLote229,CURSO-0231,Bacharelado em Ciência de Dados Publicos,CURSO-FAKE-0231,2600,2027-11-28,Bacharelado,Bacharel,,interoperabilidade semantica,Presencial,,,,,,,https://w3id.org/ufes/ontodiplomadigital/instancias-ficticias#enderecoCursoLote01,"Campus de Dados 01, Bloco A",,,,Brasilia,DF,31001-000,Brasil,,Universidade do Patrimonio Digital,https://w3id.org/ufes/ontodiplomadigital/instancias-ficticias#iesEmissoraLote09,MEC-EM-0009,CNPJ-FICTICIO-0041/CNPJ-FICTICIO-0042,"Avenida Sintetica 109, Setor Emissor",Sao Paulo,SP,29009-000,Brasil,Centro Registral de Conhecimento Aplicado,https://w3id.org/ufes/ontodiplomadigital/instancias-ficticias#iesRegistradoraLote05,MEC-RG-0005,CNPJ-FICTICIO-0027/CNPJ-FICTICIO-0028,"Rua Registral 205, Setor de Proveniencia",Rio de Janeiro,RJ,30005-000,Brasil,https://w3id.org/ufes/ontodiplomadigital/instancias-ficticias#registroLote229,ReqDip00000000000000000000000000000000000000000231,PROCESSO-DIPLOMA-0231,2027-12-05,2027-12-20,2028-01-04,L-2028-5,REGISTRO-0231,29,231,Caso sintetico 231 com status revogado e modalidade presencial.,https://w3id.org/ufes/ontodiplomadigital/instancias-ficticias#responsavelRegistroLote229,Pessoa Fictícia-0013,CPF-FICTICIO-0980,RESPONSAVEL-REGISTRO-0231,Assinante Fictício-0191,CPF-FICTICIO-0981,Reitoria de Registro 4,Assinante Fictício-0015,CPF-FICTICIO-0982,Pro-Reitor de Graduacao,https://w3id.org/ufes/ontodiplomadigital/instancias-ficticias#assinaturaLote229,2028-01-04T12:39:00,XAdES,Assinatura da pessoa jurídica registradora,Centro Registral de Conhecimento Aplicado,,2028-01-04T12:39:00,https://w3id.org/ufes/ontodiplomadigital/instancias-ficticias#codigoValidacaoLote229,CODIGO-VALIDACAO-FICTICIO-0735,https://w3id.org/ufes/ontodiplomadigital/instancias-ficticias#documentacaoAcademicaLote229,ReqDip00000000000000000000000000000000000000000231,Assinante Fictício-0025,CPF-FICTICIO-0057,Procurador Institucional,urn:fake:pdfa:ato-designacao:lote09,https://w3id.org/ufes/ontodiplomadigital/instancias-ficticias#historicoLote229,HISTORICO-0231
CASO-0232,https://w3id.org/ufes/ontodiplomadigital/instancias-ficticias#diplomaLote230,DIPLOMA-0232,Diploma digital,Anulado,1.05,produção,2028-01-02,Portal Público Fictício de Consulta de Diplomas,https://consulta-diploma.exemplo.gov.br,https://w3id.org/ufes/ontodiplomadigital/instancias-ficticias#diplomadoLote230,Pessoa Fictícia-0462,Brasileira,https://w3id.org/ufes/ontodiplomadigital/instancias-ficticias#localNaturalidadeBr5208707,5208707,Goiânia,GO,,CPF-FICTICIO-0983,https://w3id.org/ufes/ontodiplomadigital/instancias-ficticias#cursoLote230,CURSO-0232,Licenciatura em Curadoria Digital,CURSO-FAKE-0232,2800,2027-12-01,Licenciatura,Licenciado,,curadoria digital,EaD,,,,,,,https://w3id.org/ufes/ontodiplomadigital/instancias-ficticias#enderecoCursoLote02,"Campus de Dados 02, Bloco B",,,,Recife,PE,31002-000,Brasil,,Centro Universitario de Modelagem Conceitual,https://w3id.org/ufes/ontodiplomadigital/instancias-ficticias#iesEmissoraLote10,MEC-EM-0010,CNPJ-FICTICIO-0043/CNPJ-FICTICIO-0044,"Avenida Sintetica 110, Setor Emissor",Rio de Janeiro,RJ,29010-000,Brasil,Universidade Federal de Registro Semântico,https://w3id.org/ufes/ontodiplomadigital/instancias-ficticias#iesRegistradoraLote06,MEC-RG-0006,CNPJ-FICTICIO-0031/CNPJ-FICTICIO-0032,"Rua Registral 206, Setor de Proveniencia",Florianopolis,SC,30006-000,Brasil,https://w3id.org/ufes/ontodiplomadigital/instancias-ficticias#registroLote230,ReqDip00000000000000000000000000000000000000000232,PROCESSO-DIPLOMA-0232,2027-12-08,2027-12-23,2028-01-07,L-2028-6,REGISTRO-0232,30,232,Caso sintetico 232 com status anulado e modalidade ead.,https://w3id.org/ufes/ontodiplomadigital/instancias-ficticias#responsavelRegistroLote230,Pessoa Fictícia-0018,CPF-FICTICIO-0984,RESPONSAVEL-REGISTRO-0232,Assinante Fictício-0193 | Assinante Fictício-0463,CPF-FICTICIO-0985 | CPF-FICTICIO-0986,Reitoria de Registro 5 | Secretaria Acadêmica Integrada,Assinante Fictício-0020,CPF-FICTICIO-0987,Pro-Reitora de Graduacao,https://w3id.org/ufes/ontodiplomadigital/instancias-ficticias#assinaturaLote230,2028-01-07T13:40:00,CAdES,Assinatura da pessoa jurídica emissora,Centro Universitario de Modelagem Conceitual,,2028-01-07T13:40:00,https://w3id.org/ufes/ontodiplomadigital/instancias-ficticias#codigoValidacaoLote230,CODIGO-VALIDACAO-FICTICIO-0736,https://w3id.org/ufes/ontodiplomadigital/instancias-ficticias#documentacaoAcademicaLote230,ReqDip00000000000000000000000000000000000000000232,Assinante Fictício-0030,CPF-FICTICIO-0063,Procuradora Institucional,urn:fake:pdfa:ato-designacao:lote10,https://w3id.org/ufes/ontodiplomadigital/instancias-ficticias#historicoLote230,HISTORICO-0232
CASO-0233,https://w3id.org/ufes/ontodiplomadigital/instancias-ficticias#diplomaLote231,DIPLOMA-0233,Diploma digital,Ativo,1.05,homologação,2028-01-05,GovBR Acadêmico Fictício,https://govbr-academico.exemplo.gov.br,https://w3id.org/ufes/ontodiplomadigital/instancias-ficticias#diplomadoLote231,Pessoa Fictícia-0464,Brasileira,https://w3id.org/ufes/ontodiplomadigital/instancias-ficticias#localNaturalidadeBr3550308,3550308,São Paulo,SP,,CPF-FICTICIO-0988,https://w3id.org/ufes/ontodiplomadigital/instancias-ficticias#cursoLote231,CURSO-0233,Tecnologia em Arquivologia Aplicada,CURSO-FAKE-0233,3000,2027-12-04,Tecnologia,Tecnólogo,,organizacao do conhecimento,Semipresencial,Análise semantica aplicada,2027-12-04,,,,,https://w3id.org/ufes/ontodiplomadigital/instancias-ficticias#enderecoCursoLote12,"Campus de Dados 12, Bloco B",,,,Salvador,BA,31012-000,Brasil,,Universidade Aberta do Conhecimento,https://w3id.org/ufes/ontodiplomadigital/instancias-ficticias#iesEmissoraLote01,MEC-EM-0001,CNPJ-FICTICIO-0009/CNPJ-FICTICIO-0010,"Avenida Sintetica 101, Setor Emissor",Vitoria,ES,29001-000,Brasil,Instituto de Segurança Documental,https://w3id.org/ufes/ontodiplomadigital/instancias-ficticias#iesRegistradoraLote07,MEC-RG-0007,CNPJ-FICTICIO-0035/CNPJ-FICTICIO-0036,"Rua Registral 207, Setor de Proveniencia",Belem,PA,30007-000,Brasil,https://w3id.org/ufes/ontodiplomadigital/instancias-ficticias#registroLote231,ReqDip00000000000000000000000000000000000000000233,PROCESSO-DIPLOMA-0233,2027-12-11,2027-12-26,2028-01-10,L-2028-7,REGISTRO-0233,31,233,Caso sintetico 233 com status ativo e modalidade semipresencial.,https://w3id.org/ufes/ontodiplomadigital/instancias-ficticias#responsavelRegistroLote231,Pessoa Fictícia-0023,CPF-FICTICIO-0989,RESPONSAVEL-REGISTRO-0233,Assinante Fictício-0195,CPF-FICTICIO-0990,Reitoria de Registro 6,Assinante Fictício-0025,CPF-FICTICIO-0991,Reitor,https://w3id.org/ufes/ontodiplomadigital/instancias-ficticias#assinaturaLote231,2028-01-10T14:41:00,PAdES,Assinatura PFResponsavel Registro,,,2028-01-10T14:41:00,https://w3id.org/ufes/ontodiplomadigital/instancias-ficticias#codigoValidacaoLote231,CODIGO-VALIDACAO-FICTICIO-0737,https://w3id.org/ufes/ontodiplomadigital/instancias-ficticias#documentacaoAcademicaLote231,ReqDip00000000000000000000000000000000000000000233,Pessoa Fictícia-0016,CPF-FICTICIO-0016,Diretor Geral,urn:fake:pdfa:ato-designacao:lote01,https://w3id.org/ufes/ontodiplomadigital/instancias-ficticias#historicoLote231,HISTORICO-0233
CASO-0234,https://w3id.org/ufes/ontodiplomadigital/instancias-ficticias#diplomaLote232,DIPLOMA-0234,Diploma digital,Ativo,1.05,produção,2028-01-08,Portal Público Fictício de Consulta de Diplomas,https://consulta-diploma.exemplo.gov.br,https://w3id.org/ufes/ontodiplomadigital/instancias-ficticias#diplomadoLote232,Pessoa Fictícia-0465,Brasileira,https://w3id.org/ufes/ontodiplomadigital/instancias-ficticias#localNaturalidadeBr2304400,2304400,Fortaleza,CE,,CPF-FICTICIO-0992,https://w3id.org/ufes/ontodiplomadigital/instancias-ficticias#cursoLote232,CURSO-0234,Bacharelado em Biblioteconomia Analitica,,3200,2027-12-07,Bacharelado,Bacharel,,preservacao e acesso,Presencial,,,EMEC-FAKE-2028-0234,Análise de regularidade do curso 234,2027-07-15,2027-06-30,https://w3id.org/ufes/ontodiplomadigital/instancias-ficticias#enderecoCursoLote04,"Campus de Dados 04, Bloco D",,,,Fortaleza,CE,31004-000,Brasil,,Centro Universitario Horizonte Semântico,https://w3id.org/ufes/ontodiplomadigital/instancias-ficticias#iesEmissoraLote02,MEC-EM-0002,CNPJ-FICTICIO-0013/CNPJ-FICTICIO-0014,"Avenida Sintetica 102, Setor Emissor",Belo Horizonte,MG,29002-000,Brasil,Centro Universitario de Rastreabilidade Acadêmica,https://w3id.org/ufes/ontodiplomadigital/instancias-ficticias#iesRegistradoraLote08,MEC-RG-0008,CNPJ-FICTICIO-0039/CNPJ-FICTICIO-0040,"Rua Registral 208, Setor de Proveniencia",Vitoria,ES,30008-000,Brasil,https://w3id.org/ufes/ontodiplomadigital/instancias-ficticias#registroLote232,ReqDip00000000000000000000000000000000000000000234,PROCESSO-DIPLOMA-0234,2027-12-14,2027-12-29,2028-01-13,L-2028-1,REGISTRO-0234,32,234,Caso sintetico 234 com status ativo e modalidade presencial.,https://w3id.org/ufes/ontodiplomadigital/instancias-ficticias#responsavelRegistroLote232,Pessoa Fictícia-0028,CPF-FICTICIO-0993,RESPONSAVEL-REGISTRO-0234,Assinante Fictício-0198,CPF-FICTICIO-0994,Reitoria de Registro 7,Assinante Fictício-0030,CPF-FICTICIO-0995,Reitora,https://w3id.org/ufes/ontodiplomadigital/instancias-ficticias#assinaturaLote232,2028-01-13T15:42:00,XAdES,Assinatura da pessoa física emissora,,,2028-01-13T15:42:00,https://w3id.org/ufes/ontodiplomadigital/instancias-ficticias#codigoValidacaoLote232,CODIGO-VALIDACAO-FICTICIO-0738,https://w3id.org/ufes/ontodiplomadigital/instancias-ficticias#documentacaoAcademicaLote232,ReqDip00000000000000000000000000000000000000000234,Pessoa Fictícia-0021,CPF-FICTICIO-0021,Diretora Geral,urn:fake:pdfa:ato-designacao:lote02,https://w3id.org/ufes/ontodiplomadigital/instancias-ficticias#historicoLote232,HISTORICO-0234
CASO-0235,https://w3id.org/ufes/ontodiplomadigital/instancias-ficticias#diplomaLote233,DIPLOMA-0235,Diploma digital,Ativo,1.05,homologação,2028-01-11,GovBR Acadêmico Fictício,https://govbr-academico.exemplo.gov.br,https://w3id.org/ufes/ontodiplomadigital/instancias-ficticias#diplomadoLote233,Pessoa Fictícia-0466,Brasileira,https://w3id.org/ufes/ontodiplomadigital/instancias-ficticias#localNaturalidadeBr2507507,2507507,João Pessoa,PB,,CPF-FICTICIO-0996,https://w3id.org/ufes/ontodiplomadigital/instancias-ficticias#cursoLote233,CURSO-0235,Licenciatura em Gestão da Informação,CURSO-FAKE-0235,3400,2027-12-10,Licenciatura,Licenciado,,governanca de dados,EaD,,,,,,,https://w3id.org/ufes/ontodiplomadigital/instancias-ficticias#enderecoCursoLote04,"Campus de Dados 04, Bloco D",,,,Fortaleza,CE,31004-000,Brasil,,Instituto Federal de Curadoria Digital,https://w3id.org/ufes/ontodiplomadigital/instancias-ficticias#iesEmissoraLote03,MEC-EM-0003,CNPJ-FICTICIO-0017/CNPJ-FICTICIO-0018,"Avenida Sintetica 103, Setor Emissor",Salvador,BA,29003-000,Brasil,Universidade Registradora do Brasil Digital,https://w3id.org/ufes/ontodiplomadigital/instancias-ficticias#iesRegistradoraLote01,MEC-RG-0001,CNPJ-FICTICIO-0011/CNPJ-FICTICIO-0012,"Rua Registral 201, Setor de Proveniencia",Curitiba,PR,30001-000,Brasil,https://w3id.org/ufes/ontodiplomadigital/instancias-ficticias#registroLote233,ReqDip00000000000000000000000000000000000000000235,PROCESSO-DIPLOMA-0235,2027-12-17,2028-01-01,2028-01-16,L-2028-2,REGISTRO-0235,33,235,Caso sintetico 235 com status ativo e modalidade ead.,https://w3id.org/ufes/ontodiplomadigital/instancias-ficticias#responsavelRegistroLote233,Pessoa Fictícia-0033,CPF-FICTICIO-0997,RESPONSAVEL-REGISTRO-0235,Assinante Fictício-0200,CPF-FICTICIO-0998,Reitoria de Registro 8,Pessoa Fictícia-0006,CPF-FICTICIO-0999,Diretor Acadêmico,https://w3id.org/ufes/ontodiplomadigital/instancias-ficticias#assinaturaLote233,2028-01-16T16:43:00,CAdES,Assinatura PJArquivamento Documentacao Academica,Instituto Federal de Curadoria Digital,,2028-01-16T16:43:00,https://w3id.org/ufes/ontodiplomadigital/instancias-ficticias#codigoValidacaoLote233,CODIGO-VALIDACAO-FICTICIO-0739,https://w3id.org/ufes/ontodiplomadigital/instancias-ficticias#documentacaoAcademicaLote233,ReqDip00000000000000000000000000000000000000000235,Pessoa Fictícia-0026,CPF-FICTICIO-0026,Procurador Institucional,urn:fake:pdfa:ato-designacao:lote03,https://w3id.org/ufes/ontodiplomadigital/instancias-ficticias#historicoLote233,HISTORICO-0235
CASO-0236,https://w3id.org/ufes/ontodiplomadigital/instancias-ficticias#diplomaLote234,DIPLOMA-0236,Diploma digital,Revogado,1.05,produção,2028-01-14,Portal Público Fictício de Consulta de Diplomas,https://consulta-diploma.exemplo.gov.br,https://w3id.org/ufes/ontodiplomadigital/instancias-ficticias#diplomadoLote234,Pessoa Fictícia-0467,Brasileira,https://w3id.org/ufes/ontodiplomadigital/instancias-ficticias#localNaturalidadeBr3550308,3550308,São Paulo,SP,,CPF-FICTICIO-1000,https://w3id.org/ufes/ontodiplomadigital/instancias-ficticias#cursoLote234,CURSO-0236,Tecnologia em Humanidades Digitais,,2400,2027-12-13,Tecnologia,Tecnólogo,Especialista em Humanidades Digitais,tratamento documental,Semipresencial,Processos de registro academico,2027-12-13,EMEC-FAKE-2028-0236,Análise de regularidade do curso 236,2027-07-21,2027-07-06,https://w3id.org/ufes/ontodiplomadigital/instancias-ficticias#enderecoCursoLote06,"Campus de Dados 06, Bloco A",,,,Sao Paulo,SP,31006-000,Brasil,,Universidade Metropolitana da Informação,https://w3id.org/ufes/ontodiplomadigital/instancias-ficticias#iesEmissoraLote04,MEC-EM-0004,CNPJ-FICTICIO-0021/CNPJ-FICTICIO-0022,"Avenida Sintetica 104, Setor Emissor",Brasilia,DF,29004-000,Brasil,Centro de Registro Interoperável,https://w3id.org/ufes/ontodiplomadigital/instancias-ficticias#iesRegistradoraLote02,MEC-RG-0002,CNPJ-FICTICIO-0015/CNPJ-FICTICIO-0016,"Rua Registral 202, Setor de Proveniencia",Fortaleza,CE,30002-000,Brasil,https://w3id.org/ufes/ontodiplomadigital/instancias-ficticias#registroLote234,ReqDip00000000000000000000000000000000000000000236,PROCESSO-DIPLOMA-0236,2027-12-20,2028-01-04,2028-01-19,L-2028-3,REGISTRO-0236,34,236,Caso sintetico 236 com status revogado e modalidade semipresencial.,https://w3id.org/ufes/ontodiplomadigital/instancias-ficticias#responsavelRegistroLote234,Pessoa Fictícia-0037,CPF-FICTICIO-1001,RESPONSAVEL-REGISTRO-0236,Assinante Fictício-0202,CPF-FICTICIO-1002,Reitoria de Registro 9,Pessoa Fictícia-0011,CPF-FICTICIO-1003,Diretora Acadêmica,https://w3id.org/ufes/ontodiplomadigital/instancias-ficticias#assinaturaLote234,2028-01-19T08:44:00,PAdES,Assinatura da pessoa jurídica registradora,Centro de Registro Interoperável,,2028-01-19T08:44:00,https://w3id.org/ufes/ontodiplomadigital/instancias-ficticias#codigoValidacaoLote234,CODIGO-VALIDACAO-FICTICIO-0740,https://w3id.org/ufes/ontodiplomadigital/instancias-ficticias#documentacaoAcademicaLote234,ReqDip00000000000000000000000000000000000000000236,Pessoa Fictícia-0031,CPF-FICTICIO-0031,Procuradora Institucional,urn:fake:pdfa:ato-designacao:lote04,https://w3id.org/ufes/ontodiplomadigital/instancias-ficticias#historicoLote234,HISTORICO-0236
CASO-0237,https://w3id.org/ufes/ontodiplomadigital/instancias-ficticias#diplomaLote235,DIPLOMA-0237,Diploma digital,Anulado,1.05,homologação,2028-01-17,GovBR Acadêmico Fictício,https://govbr-academico.exemplo.gov.br,https://w3id.org/ufes/ontodiplomadigital/instancias-ficticias#diplomadoLote235,Pessoa Fictícia-0468,Brasileira,https://w3id.org/ufes/ontodiplomadigital/instancias-ficticias#localNaturalidadeBr5300108,5300108,Brasília,DF,,CPF-FICTICIO-1004,https://w3id.org/ufes/ontodiplomadigital/instancias-ficticias#cursoLote235,CURSO-0237,Bacharelado em Documentacao Tecnica,CURSO-FAKE-0237,2600,2027-12-16,Bacharelado,Bacharel,,interoperabilidade semantica,Presencial,,,,,,,https://w3id.org/ufes/ontodiplomadigital/instancias-ficticias#enderecoCursoCaso1,"Campus Integracao, Bloco A",,,,Vila Semântica,ES,29001-111,Brasil,,Faculdade Nacional de Dados Ligados,https://w3id.org/ufes/ontodiplomadigital/instancias-ficticias#iesEmissoraLote05,MEC-EM-0005,CNPJ-FICTICIO-0025/CNPJ-FICTICIO-0026,"Avenida Sintetica 105, Setor Emissor",Recife,PE,29005-000,Brasil,Instituto Nacional de Validação Acadêmica,https://w3id.org/ufes/ontodiplomadigital/instancias-ficticias#iesRegistradoraLote03,MEC-RG-0003,CNPJ-FICTICIO-0019/CNPJ-FICTICIO-0020,"Rua Registral 203, Setor de Proveniencia",Goiania,GO,30003-000,Brasil,https://w3id.org/ufes/ontodiplomadigital/instancias-ficticias#registroLote235,ReqDip00000000000000000000000000000000000000000237,PROCESSO-DIPLOMA-0237,2027-12-23,2028-01-07,2028-01-22,L-2028-4,REGISTRO-0237,35,237,Caso sintetico 237 com status anulado e modalidade presencial.,https://w3id.org/ufes/ontodiplomadigital/instancias-ficticias#responsavelRegistroLote235,Pessoa Fictícia-0040,CPF-FICTICIO-1005,RESPONSAVEL-REGISTRO-0237,Assinante Fictício-0204 | Assinante Fictício-0469,CPF-FICTICIO-1006 | CPF-FICTICIO-1007,Reitoria de Registro 1 | Secretaria Acadêmica Integrada,Pessoa Fictícia-0016,CPF-FICTICIO-1008,Secretario Geral Acadêmico,https://w3id.org/ufes/ontodiplomadigital/instancias-ficticias#assinaturaLote235,2028-01-22T09:45:00,XAdES,Assinatura da pessoa jurídica emissora,Faculdade Nacional de Dados Ligados,,2028-01-22T09:45:00,https://w3id.org/ufes/ontodiplomadigital/instancias-ficticias#codigoValidacaoLote235,CODIGO-VALIDACAO-FICTICIO-0741,https://w3id.org/ufes/ontodiplomadigital/instancias-ficticias#documentacaoAcademicaLote235,ReqDip00000000000000000000000000000000000000000237,Assinante Fictício-0005,CPF-FICTICIO-0037,Reitor,urn:fake:pdfa:ato-designacao:lote05,https://w3id.org/ufes/ontodiplomadigital/instancias-ficticias#historicoLote235,HISTORICO-0237
CASO-0238,https://w3id.org/ufes/ontodiplomadigital/instancias-ficticias#diplomaLote236,DIPLOMA-0238,Diploma digital,Ativo,1.05,produção,2028-01-20,Portal Público Fictício de Consulta de Diplomas,https://consulta-diploma.exemplo.gov.br,https://w3id.org/ufes/ontodiplomadigital/instancias-ficticias#diplomadoLote236,Pessoa Fictícia-0470,Brasileira,https://w3id.org/ufes/ontodiplomadigital/instancias-ficticias#localNaturalidadeBr2611606,2611606,Recife,PE,,CPF-FICTICIO-1009,https://w3id.org/ufes/ontodiplomadigital/instancias-ficticias#cursoLote236,CURSO-0238,Licenciatura em Governanca Informacional,,2800,2027-12-19,Licenciatura,Licenciado,,curadoria digital,EaD,,,EMEC-FAKE-2028-0238,Análise de regularidade do curso 238,2027-07-27,2027-07-12,https://w3id.org/ufes/ontodiplomadigital/instancias-ficticias#enderecoCursoLote08,"Campus de Dados 08, Bloco C",,,,Florianopolis,SC,31008-000,Brasil,,Universidade de Estudos Documentais,https://w3id.org/ufes/ontodiplomadigital/instancias-ficticias#iesEmissoraLote06,MEC-EM-0006,CNPJ-FICTICIO-0029/CNPJ-FICTICIO-0030,"Avenida Sintetica 106, Setor Emissor",Curitiba,PR,29006-000,Brasil,Universidade Curadora de Diplomas,https://w3id.org/ufes/ontodiplomadigital/instancias-ficticias#iesRegistradoraLote04,MEC-RG-0004,CNPJ-FICTICIO-0023/CNPJ-FICTICIO-0024,"Rua Registral 204, Setor de Proveniencia",Sao Paulo,SP,30004-000,Brasil,https://w3id.org/ufes/ontodiplomadigital/instancias-ficticias#registroLote236,ReqDip00000000000000000000000000000000000000000238,PROCESSO-DIPLOMA-0238,2027-12-26,2028-01-10,2028-01-25,L-2028-5,REGISTRO-0238,36,238,Caso sintetico 238 com status ativo e modalidade ead.,https://w3id.org/ufes/ontodiplomadigital/instancias-ficticias#responsavelRegistroLote236,Pessoa Fictícia-0043,CPF-FICTICIO-1010,RESPONSAVEL-REGISTRO-0238,Assinante Fictício-0206,CPF-FICTICIO-1011,Reitoria de Registro 2,Pessoa Fictícia-0021,CPF-FICTICIO-1012,Secretaria Geral Acadêmica,https://w3id.org/ufes/ontodiplomadigital/instancias-ficticias#assinaturaLote236,2028-01-25T10:46:00,CAdES,Assinatura PFResponsavel Registro,,,2028-01-25T10:46:00,https://w3id.org/ufes/ontodiplomadigital/instancias-ficticias#codigoValidacaoLote236,CODIGO-VALIDACAO-FICTICIO-0742,https://w3id.org/ufes/ontodiplomadigital/instancias-ficticias#documentacaoAcademicaLote236,ReqDip00000000000000000000000000000000000000000238,Assinante Fictício-0010,CPF-FICTICIO-0042,Reitora,urn:fake:pdfa:ato-designacao:lote06,https://w3id.org/ufes/ontodiplomadigital/instancias-ficticias#historicoLote236,HISTORICO-0238
CASO-0239,https://w3id.org/ufes/ontodiplomadigital/instancias-ficticias#diplomaLote237,DIPLOMA-0239,Diploma digital,Ativo,1.05,homologação,2028-01-23,GovBR Acadêmico Fictício,https://govbr-academico.exemplo.gov.br,https://w3id.org/ufes/ontodiplomadigital/instancias-ficticias#diplomadoLote237,Pessoa Fictícia-0471,Brasileira,https://w3id.org/ufes/ontodiplomadigital/instancias-ficticias#localNaturalidadeBr3550308,3550308,São Paulo,SP,,CPF-FICTICIO-1013,https://w3id.org/ufes/ontodiplomadigital/instancias-ficticias#cursoLote237,CURSO-0239,Tecnologia em Interoperabilidade Semântica,CURSO-FAKE-0239,3000,2027-12-22,Tecnologia,Tecnólogo,,organizacao do conhecimento,Semipresencial,Análise semantica aplicada,2027-12-22,,,,,https://w3id.org/ufes/ontodiplomadigital/instancias-ficticias#enderecoCursoLote05,"Campus de Dados 05, Bloco E",,,,Goiania,GO,31005-000,Brasil,,Centro Acadêmico de Interoperabilidade,https://w3id.org/ufes/ontodiplomadigital/instancias-ficticias#iesEmissoraLote07,MEC-EM-0007,CNPJ-FICTICIO-0033/CNPJ-FICTICIO-0034,"Avenida Sintetica 107, Setor Emissor",Fortaleza,CE,29007-000,Brasil,Centro Registral de Conhecimento Aplicado,https://w3id.org/ufes/ontodiplomadigital/instancias-ficticias#iesRegistradoraLote05,MEC-RG-0005,CNPJ-FICTICIO-0027/CNPJ-FICTICIO-0028,"Rua Registral 205, Setor de Proveniencia",Rio de Janeiro,RJ,30005-000,Brasil,https://w3id.org/ufes/ontodiplomadigital/instancias-ficticias#registroLote237,ReqDip00000000000000000000000000000000000000000239,PROCESSO-DIPLOMA-0239,2027-12-29,2028-01-13,2028-01-28,L-2028-6,REGISTRO-0239,37,239,Caso sintetico 239 com status ativo e modalidade semipresencial.,https://w3id.org/ufes/ontodiplomadigital/instancias-ficticias#responsavelRegistroLote237,Pessoa Fictícia-0046,CPF-FICTICIO-1014,RESPONSAVEL-REGISTRO-0239,Assinante Fictício-0209,CPF-FICTICIO-1015,Reitoria de Registro 3,Pessoa Fictícia-0026,CPF-FICTICIO-1016,Pro-Reitor de Graduacao,https://w3id.org/ufes/ontodiplomadigital/instancias-ficticias#assinaturaLote237,2028-01-28T11:47:00,PAdES,Assinatura da pessoa física emissora,,,2028-01-28T11:47:00,https://w3id.org/ufes/ontodiplomadigital/instancias-ficticias#codigoValidacaoLote237,CODIGO-VALIDACAO-FICTICIO-0743,https://w3id.org/ufes/ontodiplomadigital/instancias-ficticias#documentacaoAcademicaLote237,ReqDip00000000000000000000000000000000000000000239,Assinante Fictício-0015,CPF-FICTICIO-0047,Diretor Geral,urn:fake:pdfa:ato-designacao:lote07,https://w3id.org/ufes/ontodiplomadigital/instancias-ficticias#historicoLote237,HISTORICO-0239
CASO-0240,https://w3id.org/ufes/ontodiplomadigital/instancias-ficticias#diplomaLote238,DIPLOMA-0240,Diploma digital,Ativo,1.05,produção,2028-01-26,Portal Público Fictício de Consulta de Diplomas,https://consulta-diploma.exemplo.gov.br,https://w3id.org/ufes/ontodiplomadigital/instancias-ficticias#diplomadoLote238,Pessoa Fictícia-0472,Cabo-verdiana,https://w3id.org/ufes/ontodiplomadigital/instancias-ficticias#localNaturalidadeEstrangeiraPraia,,,,Praia,CPF-FICTICIO-1017,https://w3id.org/ufes/ontodiplomadigital/instancias-ficticias#cursoLote238,CURSO-0240,Bacharelado em Preservacao Digital,CURSO-FAKE-0240,3200,2027-12-25,Bacharelado,Bacharel,,preservacao e acesso,Presencial,,,,,,,https://w3id.org/ufes/ontodiplomadigital/instancias-ficticias#enderecoCursoLote10,"Campus de Dados 10, Bloco E",,,,Vitoria,ES,31010-000,Brasil,,Instituto Superior de Preservacao Informacional,https://w3id.org/ufes/ontodiplomadigital/instancias-ficticias#iesEmissoraLote08,MEC-EM-0008,CNPJ-FICTICIO-0037/CNPJ-FICTICIO-0038,"Avenida Sintetica 108, Setor Emissor",Goiania,GO,29008-000,Brasil,Universidade Federal de Registro Semântico,https://w3id.org/ufes/ontodiplomadigital/instancias-ficticias#iesRegistradoraLote06,MEC-RG-0006,CNPJ-FICTICIO-0031/CNPJ-FICTICIO-0032,"Rua Registral 206, Setor de Proveniencia",Florianopolis,SC,30006-000,Brasil,https://w3id.org/ufes/ontodiplomadigital/instancias-ficticias#registroLote238,ReqDip00000000000000000000000000000000000000000240,PROCESSO-DIPLOMA-0240,2028-01-01,2028-01-16,2028-01-31,L-2028-7,REGISTRO-0240,38,240,Caso sintetico 240 com status ativo e modalidade presencial.,https://w3id.org/ufes/ontodiplomadigital/instancias-ficticias#responsavelRegistroLote238,Pessoa Fictícia-0049,CPF-FICTICIO-1018,RESPONSAVEL-REGISTRO-0240,Assinante Fictício-0211,CPF-FICTICIO-1019,Reitoria de Registro 4,Pessoa Fictícia-0031,CPF-FICTICIO-1020,Pro-Reitora de Graduacao,https://w3id.org/ufes/ontodiplomadigital/instancias-ficticias#assinaturaLote238,2028-01-31T12:48:00,XAdES,Assinatura PJArquivamento Documentacao Academica,Instituto Superior de Preservacao Informacional,Autoridade Certificadora Fictícia Integridade Digital,2028-01-31T12:48:00,https://w3id.org/ufes/ontodiplomadigital/instancias-ficticias#codigoValidacaoLote238,CODIGO-VALIDACAO-FICTICIO-0744,https://w3id.org/ufes/ontodiplomadigital/instancias-ficticias#documentacaoAcademicaLote238,ReqDip00000000000000000000000000000000000000000240,Assinante Fictício-0020,CPF-FICTICIO-0052,Diretora Geral,urn:fake:pdfa:ato-designacao:lote08,https://w3id.org/ufes/ontodiplomadigital/instancias-ficticias#historicoLote238,HISTORICO-0240
CASO-0241,https://w3id.org/ufes/ontodiplomadigital/instancias-ficticias#diplomaLote239,DIPLOMA-0241,Diploma digital,Revogado,1.05,homologação,2028-01-29,GovBR Acadêmico Fictício,https://govbr-academico.exemplo.gov.br,https://w3id.org/ufes/ontodiplomadigital/instancias-ficticias#diplomadoLote239,Pessoa Fictícia-0473,Brasileira,https://w3id.org/ufes/ontodiplomadigital/instancias-ficticias#localNaturalidadeBr1501402,1501402,Belém,PA,,CPF-FICTICIO-1021,https://w3id.org/ufes/ontodiplomadigital/instancias-ficticias#cursoLote239,CURSO-0241,Licenciatura em Análise Territorial de Dados,CURSO-FAKE-0241,3400,2027-12-28,Licenciatura,Licenciado,,governanca de dados,EaD,,,,,,,https://w3id.org/ufes/ontodiplomadigital/instancias-ficticias#enderecoCursoLote10,"Campus de Dados 10, Bloco E",,,,Vitoria,ES,31010-000,Brasil,,Universidade do Patrimonio Digital,https://w3id.org/ufes/ontodiplomadigital/instancias-ficticias#iesEmissoraLote09,MEC-EM-0009,CNPJ-FICTICIO-0041/CNPJ-FICTICIO-0042,"Avenida Sintetica 109, Setor Emissor",Sao Paulo,SP,29009-000,Brasil,Instituto de Segurança Documental,https://w3id.org/ufes/ontodiplomadigital/instancias-ficticias#iesRegistradoraLote07,MEC-RG-0007,CNPJ-FICTICIO-0035/CNPJ-FICTICIO-0036,"Rua Registral 207, Setor de Proveniencia",Belem,PA,30007-000,Brasil,https://w3id.org/ufes/ontodiplomadigital/instancias-ficticias#registroLote239,ReqDip00000000000000000000000000000000000000000241,PROCESSO-DIPLOMA-0241,2028-01-04,2028-01-19,2028-02-03,L-2028-1,REGISTRO-0241,39,241,Caso sintetico 241 com status revogado e modalidade ead.,https://w3id.org/ufes/ontodiplomadigital/instancias-ficticias#responsavelRegistroLote239,Pessoa Fictícia-0053,CPF-FICTICIO-1022,RESPONSAVEL-REGISTRO-0241,Assinante Fictício-0213,CPF-FICTICIO-1023,Reitoria de Registro 5,Assinante Fictício-0005,CPF-FICTICIO-1024,Reitor,https://w3id.org/ufes/ontodiplomadigital/instancias-ficticias#assinaturaLote239,2028-02-03T13:49:00,CAdES,Assinatura da pessoa jurídica registradora,Instituto de Segurança Documental,,2028-02-03T13:49:00,https://w3id.org/ufes/ontodiplomadigital/instancias-ficticias#codigoValidacaoLote239,CODIGO-VALIDACAO-FICTICIO-0745,https://w3id.org/ufes/ontodiplomadigital/instancias-ficticias#documentacaoAcademicaLote239,ReqDip00000000000000000000000000000000000000000241,Assinante Fictício-0025,CPF-FICTICIO-0057,Procurador Institucional,urn:fake:pdfa:ato-designacao:lote09,https://w3id.org/ufes/ontodiplomadigital/instancias-ficticias#historicoLote239,HISTORICO-0241
CASO-0242,https://w3id.org/ufes/ontodiplomadigital/instancias-ficticias#diplomaLote240,DIPLOMA-0242,Diploma digital,Anulado,1.05,produção,2028-02-01,Portal Público Fictício de Consulta de Diplomas,https://consulta-diploma.exemplo.gov.br,https://w3id.org/ufes/ontodiplomadigital/instancias-ficticias#diplomadoLote240,Pessoa Fictícia-0474,Brasileira,https://w3id.org/ufes/ontodiplomadigital/instancias-ficticias#localNaturalidadeBr2304400,2304400,Fortaleza,CE,,CPF-FICTICIO-1025,https://w3id.org/ufes/ontodiplomadigital/instancias-ficticias#cursoLote240,CURSO-0242,Tecnologia em Memoria Institucional,,2400,2027-12-31,Tecnologia,Tecnólogo,Especialista em Memoria Institucional,tratamento documental,Semipresencial,Processos de registro academico,2027-12-31,EMEC-FAKE-2028-0242,Análise de regularidade do curso 242,2027-08-08,2027-07-24,https://w3id.org/ufes/ontodiplomadigital/instancias-ficticias#enderecoCursoLote12,"Campus de Dados 12, Bloco B",,,,Salvador,BA,31012-000,Brasil,,Centro Universitario de Modelagem Conceitual,https://w3id.org/ufes/ontodiplomadigital/instancias-ficticias#iesEmissoraLote10,MEC-EM-0010,CNPJ-FICTICIO-0043/CNPJ-FICTICIO-0044,"Avenida Sintetica 110, Setor Emissor",Rio de Janeiro,RJ,29010-000,Brasil,Centro Universitario de Rastreabilidade Acadêmica,https://w3id.org/ufes/ontodiplomadigital/instancias-ficticias#iesRegistradoraLote08,MEC-RG-0008,CNPJ-FICTICIO-0039/CNPJ-FICTICIO-0040,"Rua Registral 208, Setor de Proveniencia",Vitoria,ES,30008-000,Brasil,https://w3id.org/ufes/ontodiplomadigital/instancias-ficticias#registroLote240,ReqDip00000000000000000000000000000000000000000242,PROCESSO-DIPLOMA-0242,2028-01-07,2028-01-22,2028-02-06,L-2028-2,REGISTRO-0242,40,242,Caso sintetico 242 com status anulado e modalidade semipresencial.,https://w3id.org/ufes/ontodiplomadigital/instancias-ficticias#responsavelRegistroLote240,Pessoa Fictícia-0056,CPF-FICTICIO-1026,RESPONSAVEL-REGISTRO-0242,Assinante Fictício-0215 | Assinante Fictício-0475,CPF-FICTICIO-1027 | CPF-FICTICIO-1028,Reitoria de Registro 6 | Secretaria Acadêmica Integrada,Assinante Fictício-0010,CPF-FICTICIO-1029,Reitora,https://w3id.org/ufes/ontodiplomadigital/instancias-ficticias#assinaturaLote240,2028-02-06T14:10:00,PAdES,Assinatura da pessoa jurídica emissora,Centro Universitario de Modelagem Conceitual,,2028-02-06T14:10:00,https://w3id.org/ufes/ontodiplomadigital/instancias-ficticias#codigoValidacaoLote240,CODIGO-VALIDACAO-FICTICIO-0746,https://w3id.org/ufes/ontodiplomadigital/instancias-ficticias#documentacaoAcademicaLote240,ReqDip00000000000000000000000000000000000000000242,Assinante Fictício-0030,CPF-FICTICIO-0063,Procuradora Institucional,urn:fake:pdfa:ato-designacao:lote10,https://w3id.org/ufes/ontodiplomadigital/instancias-ficticias#historicoLote240,HISTORICO-0242
CASO-0243,https://w3id.org/ufes/ontodiplomadigital/instancias-ficticias#diplomaLote241,DIPLOMA-0243,Diploma digital,Ativo,1.05,homologação,2028-02-04,GovBR Acadêmico Fictício,https://govbr-academico.exemplo.gov.br,https://w3id.org/ufes/ontodiplomadigital/instancias-ficticias#diplomadoLote241,Pessoa Fictícia-0476,Brasileira,https://w3id.org/ufes/ontodiplomadigital/instancias-ficticias#localNaturalidadeBr1600303,1600303,Macapá,AP,,CPF-FICTICIO-1030,https://w3id.org/ufes/ontodiplomadigital/instancias-ficticias#cursoLote241,CURSO-0243,Bacharelado em Ciência de Dados Publicos,CURSO-FAKE-0243,2600,2028-01-03,Bacharelado,Bacharel,,interoperabilidade semantica,Presencial,,,,,,,https://w3id.org/ufes/ontodiplomadigital/instancias-ficticias#enderecoCursoLote01,"Campus de Dados 01, Bloco A",,,,Brasilia,DF,31001-000,Brasil,,Universidade Aberta do Conhecimento,https://w3id.org/ufes/ontodiplomadigital/instancias-ficticias#iesEmissoraLote01,MEC-EM-0001,CNPJ-FICTICIO-0009/CNPJ-FICTICIO-0010,"Avenida Sintetica 101, Setor Emissor",Vitoria,ES,29001-000,Brasil,Universidade Registradora do Brasil Digital,https://w3id.org/ufes/ontodiplomadigital/instancias-ficticias#iesRegistradoraLote01,MEC-RG-0001,CNPJ-FICTICIO-0011/CNPJ-FICTICIO-0012,"Rua Registral 201, Setor de Proveniencia",Curitiba,PR,30001-000,Brasil,https://w3id.org/ufes/ontodiplomadigital/instancias-ficticias#registroLote241,ReqDip00000000000000000000000000000000000000000243,PROCESSO-DIPLOMA-0243,2028-01-10,2028-01-25,2028-02-09,L-2028-3,REGISTRO-0243,41,243,Caso sintetico 243 com status ativo e modalidade presencial.,https://w3id.org/ufes/ontodiplomadigital/instancias-ficticias#responsavelRegistroLote241,Pessoa Fictícia-0013,CPF-FICTICIO-1031,RESPONSAVEL-REGISTRO-0243,Assinante Fictício-0217,CPF-FICTICIO-1032,Reitoria de Registro 7,Assinante Fictício-0015,CPF-FICTICIO-1033,Diretor Acadêmico,https://w3id.org/ufes/ontodiplomadigital/instancias-ficticias#assinaturaLote241,2028-02-09T15:11:00,XAdES,Assinatura PFResponsavel Registro,,,2028-02-09T15:11:00,https://w3id.org/ufes/ontodiplomadigital/instancias-ficticias#codigoValidacaoLote241,CODIGO-VALIDACAO-FICTICIO-0747,https://w3id.org/ufes/ontodiplomadigital/instancias-ficticias#documentacaoAcademicaLote241,ReqDip00000000000000000000000000000000000000000243,Pessoa Fictícia-0016,CPF-FICTICIO-0016,Diretor Geral,urn:fake:pdfa:ato-designacao:lote01,https://w3id.org/ufes/ontodiplomadigital/instancias-ficticias#historicoLote241,HISTORICO-0243
CASO-0244,https://w3id.org/ufes/ontodiplomadigital/instancias-ficticias#diplomaLote242,DIPLOMA-0244,Diploma digital,Ativo,1.05,produção,2028-02-07,Portal Público Fictício de Consulta de Diplomas,https://consulta-diploma.exemplo.gov.br,https://w3id.org/ufes/ontodiplomadigital/instancias-ficticias#diplomadoLote242,Pessoa Fictícia-0477,Brasileira,https://w3id.org/ufes/ontodiplomadigital/instancias-ficticias#localNaturalidadeBr5208707,5208707,Goiânia,GO,,CPF-FICTICIO-1034,https://w3id.org/ufes/ontodiplomadigital/instancias-ficticias#cursoLote242,CURSO-0244,Licenciatura em Curadoria Digital,CURSO-FAKE-0244,2800,2028-01-06,Licenciatura,Licenciado,,curadoria digital,EaD,,,,,,,https://w3id.org/ufes/ontodiplomadigital/instancias-ficticias#enderecoCursoLote02,"Campus de Dados 02, Bloco B",,,,Recife,PE,31002-000,Brasil,,Centro Universitario Horizonte Semântico,https://w3id.org/ufes/ontodiplomadigital/instancias-ficticias#iesEmissoraLote02,MEC-EM-0002,CNPJ-FICTICIO-0013/CNPJ-FICTICIO-0014,"Avenida Sintetica 102, Setor Emissor",Belo Horizonte,MG,29002-000,Brasil,Centro de Registro Interoperável,https://w3id.org/ufes/ontodiplomadigital/instancias-ficticias#iesRegistradoraLote02,MEC-RG-0002,CNPJ-FICTICIO-0015/CNPJ-FICTICIO-0016,"Rua Registral 202, Setor de Proveniencia",Fortaleza,CE,30002-000,Brasil,https://w3id.org/ufes/ontodiplomadigital/instancias-ficticias#registroLote242,ReqDip00000000000000000000000000000000000000000244,PROCESSO-DIPLOMA-0244,2028-01-13,2028-01-28,2028-02-12,L-2028-4,REGISTRO-0244,42,244,Caso sintetico 244 com status ativo e modalidade ead.,https://w3id.org/ufes/ontodiplomadigital/instancias-ficticias#responsavelRegistroLote242,Pessoa Fictícia-0018,CPF-FICTICIO-1035,RESPONSAVEL-REGISTRO-0244,Assinante Fictício-0220,CPF-FICTICIO-1036,Reitoria de Registro 8,Assinante Fictício-0020,CPF-FICTICIO-1037,Diretora Acadêmica,https://w3id.org/ufes/ontodiplomadigital/instancias-ficticias#assinaturaLote242,2028-02-12T16:12:00,CAdES,Assinatura da pessoa física emissora,,,2028-02-12T16:12:00,https://w3id.org/ufes/ontodiplomadigital/instancias-ficticias#codigoValidacaoLote242,CODIGO-VALIDACAO-FICTICIO-0748,https://w3id.org/ufes/ontodiplomadigital/instancias-ficticias#documentacaoAcademicaLote242,ReqDip00000000000000000000000000000000000000000244,Pessoa Fictícia-0021,CPF-FICTICIO-0021,Diretora Geral,urn:fake:pdfa:ato-designacao:lote02,https://w3id.org/ufes/ontodiplomadigital/instancias-ficticias#historicoLote242,HISTORICO-0244
CASO-0245,https://w3id.org/ufes/ontodiplomadigital/instancias-ficticias#diplomaLote243,DIPLOMA-0245,Diploma digital,Ativo,1.05,homologação,2028-02-10,GovBR Acadêmico Fictício,https://govbr-academico.exemplo.gov.br,https://w3id.org/ufes/ontodiplomadigital/instancias-ficticias#diplomadoLote243,Pessoa Fictícia-0478,Brasileira,https://w3id.org/ufes/ontodiplomadigital/instancias-ficticias#localNaturalidadeBr3304557,3304557,Rio de Janeiro,RJ,,CPF-FICTICIO-1038,https://w3id.org/ufes/ontodiplomadigital/instancias-ficticias#cursoLote243,CURSO-0245,Tecnologia em Arquivologia Aplicada,CURSO-FAKE-0245,3000,2028-01-09,Tecnologia,Tecnólogo,,organizacao do conhecimento,Semipresencial,Análise semantica aplicada,2028-01-09,,,,,https://w3id.org/ufes/ontodiplomadigital/instancias-ficticias#enderecoCursoLote04,"Campus de Dados 04, Bloco D",,,,Fortaleza,CE,31004-000,Brasil,,Instituto Federal de Curadoria Digital,https://w3id.org/ufes/ontodiplomadigital/instancias-ficticias#iesEmissoraLote03,MEC-EM-0003,CNPJ-FICTICIO-0017/CNPJ-FICTICIO-0018,"Avenida Sintetica 103, Setor Emissor",Salvador,BA,29003-000,Brasil,Instituto Nacional de Validação Acadêmica,https://w3id.org/ufes/ontodiplomadigital/instancias-ficticias#iesRegistradoraLote03,MEC-RG-0003,CNPJ-FICTICIO-0019/CNPJ-FICTICIO-0020,"Rua Registral 203, Setor de Proveniencia",Goiania,GO,30003-000,Brasil,https://w3id.org/ufes/ontodiplomadigital/instancias-ficticias#registroLote243,ReqDip00000000000000000000000000000000000000000245,PROCESSO-DIPLOMA-0245,2028-01-16,2028-01-31,2028-02-15,L-2028-5,REGISTRO-0245,43,245,Caso sintetico 245 com status ativo e modalidade semipresencial.,https://w3id.org/ufes/ontodiplomadigital/instancias-ficticias#responsavelRegistroLote243,Pessoa Fictícia-0023,CPF-FICTICIO-1039,RESPONSAVEL-REGISTRO-0245,Assinante Fictício-0222,CPF-FICTICIO-1040,Reitoria de Registro 9,Assinante Fictício-0025,CPF-FICTICIO-1041,Secretario Geral Acadêmico,https://w3id.org/ufes/ontodiplomadigital/instancias-ficticias#assinaturaLote243,2028-02-15T08:13:00,PAdES,Assinatura PJArquivamento Documentacao Academica,Instituto Federal de Curadoria Digital,,2028-02-15T08:13:00,https://w3id.org/ufes/ontodiplomadigital/instancias-ficticias#codigoValidacaoLote243,CODIGO-VALIDACAO-FICTICIO-0749,https://w3id.org/ufes/ontodiplomadigital/instancias-ficticias#documentacaoAcademicaLote243,ReqDip00000000000000000000000000000000000000000245,Pessoa Fictícia-0026,CPF-FICTICIO-0026,Procurador Institucional,urn:fake:pdfa:ato-designacao:lote03,https://w3id.org/ufes/ontodiplomadigital/instancias-ficticias#historicoLote243,HISTORICO-0245
CASO-0246,https://w3id.org/ufes/ontodiplomadigital/instancias-ficticias#diplomaLote244,DIPLOMA-0246,Diploma digital,Revogado,1.05,produção,2028-02-13,Portal Público Fictício de Consulta de Diplomas,https://consulta-diploma.exemplo.gov.br,https://w3id.org/ufes/ontodiplomadigital/instancias-ficticias#diplomadoLote244,Pessoa Fictícia-0479,Brasileira,https://w3id.org/ufes/ontodiplomadigital/instancias-ficticias#localNaturalidadeBr3106200,3106200,Belo Horizonte,MG,,CPF-FICTICIO-1042,https://w3id.org/ufes/ontodiplomadigital/instancias-ficticias#cursoLote244,CURSO-0246,Bacharelado em Biblioteconomia Analitica,,3200,2028-01-12,Bacharelado,Bacharel,,preservacao e acesso,Presencial,,,EMEC-FAKE-2028-0246,Análise de regularidade do curso 246,2027-08-20,2027-08-05,https://w3id.org/ufes/ontodiplomadigital/instancias-ficticias#enderecoCursoLote04,"Campus de Dados 04, Bloco D",,,,Fortaleza,CE,31004-000,Brasil,,Universidade Metropolitana da Informação,https://w3id.org/ufes/ontodiplomadigital/instancias-ficticias#iesEmissoraLote04,MEC-EM-0004,CNPJ-FICTICIO-0021/CNPJ-FICTICIO-0022,"Avenida Sintetica 104, Setor Emissor",Brasilia,DF,29004-000,Brasil,Universidade Curadora de Diplomas,https://w3id.org/ufes/ontodiplomadigital/instancias-ficticias#iesRegistradoraLote04,MEC-RG-0004,CNPJ-FICTICIO-0023/CNPJ-FICTICIO-0024,"Rua Registral 204, Setor de Proveniencia",Sao Paulo,SP,30004-000,Brasil,https://w3id.org/ufes/ontodiplomadigital/instancias-ficticias#registroLote244,ReqDip00000000000000000000000000000000000000000246,PROCESSO-DIPLOMA-0246,2028-01-19,2028-02-03,2028-02-18,L-2028-6,REGISTRO-0246,44,246,Caso sintetico 246 com status revogado e modalidade presencial.,https://w3id.org/ufes/ontodiplomadigital/instancias-ficticias#responsavelRegistroLote244,Pessoa Fictícia-0028,CPF-FICTICIO-1043,RESPONSAVEL-REGISTRO-0246,Assinante Fictício-0224,CPF-FICTICIO-1044,Reitoria de Registro 1,Assinante Fictício-0030,CPF-FICTICIO-1045,Secretaria Geral Acadêmica,https://w3id.org/ufes/ontodiplomadigital/instancias-ficticias#assinaturaLote244,2028-02-18T09:14:00,XAdES,Assinatura da pessoa jurídica registradora,Universidade Curadora de Diplomas,,2028-02-18T09:14:00,https://w3id.org/ufes/ontodiplomadigital/instancias-ficticias#codigoValidacaoLote244,CODIGO-VALIDACAO-FICTICIO-0750,https://w3id.org/ufes/ontodiplomadigital/instancias-ficticias#documentacaoAcademicaLote244,ReqDip00000000000000000000000000000000000000000246,Pessoa Fictícia-0031,CPF-FICTICIO-0031,Procuradora Institucional,urn:fake:pdfa:ato-designacao:lote04,https://w3id.org/ufes/ontodiplomadigital/instancias-ficticias#historicoLote244,HISTORICO-0246
CASO-0247,https://w3id.org/ufes/ontodiplomadigital/instancias-ficticias#diplomaLote245,DIPLOMA-0247,Diploma digital,Anulado,1.05,homologação,2028-02-16,GovBR Acadêmico Fictício,https://govbr-academico.exemplo.gov.br,https://w3id.org/ufes/ontodiplomadigital/instancias-ficticias#diplomadoLote245,Pessoa Fictícia-0480,Brasileira,https://w3id.org/ufes/ontodiplomadigital/instancias-ficticias#localNaturalidadeBr4106902,4106902,Curitiba,PR,,CPF-FICTICIO-1046,https://w3id.org/ufes/ontodiplomadigital/instancias-ficticias#cursoLote245,CURSO-0247,Licenciatura em Gestão da Informação,CURSO-FAKE-0247,3400,2028-01-15,Licenciatura,Licenciado,,governanca de dados,EaD,,,,,,,https://w3id.org/ufes/ontodiplomadigital/instancias-ficticias#enderecoCursoLote02,"Campus de Dados 02, Bloco B",,,,Recife,PE,31002-000,Brasil,,Faculdade Nacional de Dados Ligados,https://w3id.org/ufes/ontodiplomadigital/instancias-ficticias#iesEmissoraLote05,MEC-EM-0005,CNPJ-FICTICIO-0025/CNPJ-FICTICIO-0026,"Avenida Sintetica 105, Setor Emissor",Recife,PE,29005-000,Brasil,Centro Registral de Conhecimento Aplicado,https://w3id.org/ufes/ontodiplomadigital/instancias-ficticias#iesRegistradoraLote05,MEC-RG-0005,CNPJ-FICTICIO-0027/CNPJ-FICTICIO-0028,"Rua Registral 205, Setor de Proveniencia",Rio de Janeiro,RJ,30005-000,Brasil,https://w3id.org/ufes/ontodiplomadigital/instancias-ficticias#registroLote245,ReqDip00000000000000000000000000000000000000000247,PROCESSO-DIPLOMA-0247,2028-01-22,2028-02-06,2028-02-21,L-2028-7,REGISTRO-0247,45,247,Caso sintetico 247 com status anulado e modalidade ead.,https://w3id.org/ufes/ontodiplomadigital/instancias-ficticias#responsavelRegistroLote245,Pessoa Fictícia-0033,CPF-FICTICIO-1047,RESPONSAVEL-REGISTRO-0247,Assinante Fictício-0226 | Assinante Fictício-0481,CPF-FICTICIO-1048 | CPF-FICTICIO-1049,Reitoria de Registro 2 | Secretaria Acadêmica Integrada,Pessoa Fictícia-0006,CPF-FICTICIO-1050,Pro-Reitor de Graduacao,https://w3id.org/ufes/ontodiplomadigital/instancias-ficticias#assinaturaLote245,2028-02-21T10:15:00,CAdES,Assinatura da pessoa jurídica emissora,Faculdade Nacional de Dados Ligados,,2028-02-21T10:15:00,https://w3id.org/ufes/ontodiplomadigital/instancias-ficticias#codigoValidacaoLote245,CODIGO-VALIDACAO-FICTICIO-0751,https://w3id.org/ufes/ontodiplomadigital/instancias-ficticias#documentacaoAcademicaLote245,ReqDip00000000000000000000000000000000000000000247,Assinante Fictício-0005,CPF-FICTICIO-0037,Reitor,urn:fake:pdfa:ato-designacao:lote05,https://w3id.org/ufes/ontodiplomadigital/instancias-ficticias#historicoLote245,HISTORICO-0247
CASO-0248,https://w3id.org/ufes/ontodiplomadigital/instancias-ficticias#diplomaLote246,DIPLOMA-0248,Diploma digital,Ativo,1.05,produção,2028-02-19,Portal Público Fictício de Consulta de Diplomas,https://consulta-diploma.exemplo.gov.br,https://w3id.org/ufes/ontodiplomadigital/instancias-ficticias#diplomadoLote246,Pessoa Fictícia-0482,Brasileira,https://w3id.org/ufes/ontodiplomadigital/instancias-ficticias#localNaturalidadeBr3550308,3550308,São Paulo,SP,,CPF-FICTICIO-1051,https://w3id.org/ufes/ontodiplomadigital/instancias-ficticias#cursoLote246,CURSO-0248,Tecnologia em Humanidades Digitais,,2400,2028-01-18,Tecnologia,Tecnólogo,Especialista em Humanidades Digitais,tratamento documental,Semipresencial,Processos de registro academico,2028-01-18,EMEC-FAKE-2028-0248,Análise de regularidade do curso 248,2027-08-26,2027-08-11,https://w3id.org/ufes/ontodiplomadigital/instancias-ficticias#enderecoCursoLote06,"Campus de Dados 06, Bloco A",,,,Sao Paulo,SP,31006-000,Brasil,,Universidade de Estudos Documentais,https://w3id.org/ufes/ontodiplomadigital/instancias-ficticias#iesEmissoraLote06,MEC-EM-0006,CNPJ-FICTICIO-0029/CNPJ-FICTICIO-0030,"Avenida Sintetica 106, Setor Emissor",Curitiba,PR,29006-000,Brasil,Universidade Federal de Registro Semântico,https://w3id.org/ufes/ontodiplomadigital/instancias-ficticias#iesRegistradoraLote06,MEC-RG-0006,CNPJ-FICTICIO-0031/CNPJ-FICTICIO-0032,"Rua Registral 206, Setor de Proveniencia",Florianopolis,SC,30006-000,Brasil,https://w3id.org/ufes/ontodiplomadigital/instancias-ficticias#registroLote246,ReqDip00000000000000000000000000000000000000000248,PROCESSO-DIPLOMA-0248,2028-01-25,2028-02-09,2028-02-24,L-2028-1,REGISTRO-0248,46,248,Caso sintetico 248 com status ativo e modalidade semipresencial.,https://w3id.org/ufes/ontodiplomadigital/instancias-ficticias#responsavelRegistroLote246,Pessoa Fictícia-0037,CPF-FICTICIO-1052,RESPONSAVEL-REGISTRO-0248,Assinante Fictício-0228,CPF-FICTICIO-1053,Reitoria de Registro 3,Pessoa Fictícia-0011,CPF-FICTICIO-1054,Pro-Reitora de Graduacao,https://w3id.org/ufes/ontodiplomadigital/instancias-ficticias#assinaturaLote246,2028-02-24T11:16:00,PAdES,Assinatura PFResponsavel Registro,,,2028-02-24T11:16:00,https://w3id.org/ufes/ontodiplomadigital/instancias-ficticias#codigoValidacaoLote246,CODIGO-VALIDACAO-FICTICIO-0752,https://w3id.org/ufes/ontodiplomadigital/instancias-ficticias#documentacaoAcademicaLote246,ReqDip00000000000000000000000000000000000000000248,Assinante Fictício-0010,CPF-FICTICIO-0042,Reitora,urn:fake:pdfa:ato-designacao:lote06,https://w3id.org/ufes/ontodiplomadigital/instancias-ficticias#historicoLote246,HISTORICO-0248
CASO-0249,https://w3id.org/ufes/ontodiplomadigital/instancias-ficticias#diplomaLote247,DIPLOMA-0249,Diploma digital,Ativo,1.05,homologação,2028-02-22,GovBR Acadêmico Fictício,https://govbr-academico.exemplo.gov.br,https://w3id.org/ufes/ontodiplomadigital/instancias-ficticias#diplomadoLote247,Pessoa Fictícia-0483,Brasileira,https://w3id.org/ufes/ontodiplomadigital/instancias-ficticias#localNaturalidadeBr2304400,2304400,Fortaleza,CE,,CPF-FICTICIO-1055,https://w3id.org/ufes/ontodiplomadigital/instancias-ficticias#cursoLote247,CURSO-0249,Bacharelado em Documentacao Tecnica,CURSO-FAKE-0249,2600,2028-01-21,Bacharelado,Bacharel,,interoperabilidade semantica,Presencial,,,,,,,https://w3id.org/ufes/ontodiplomadigital/instancias-ficticias#enderecoCursoLote12,"Campus de Dados 12, Bloco B",,,,Salvador,BA,31012-000,Brasil,,Centro Acadêmico de Interoperabilidade,https://w3id.org/ufes/ontodiplomadigital/instancias-ficticias#iesEmissoraLote07,MEC-EM-0007,CNPJ-FICTICIO-0033/CNPJ-FICTICIO-0034,"Avenida Sintetica 107, Setor Emissor",Fortaleza,CE,29007-000,Brasil,Instituto de Segurança Documental,https://w3id.org/ufes/ontodiplomadigital/instancias-ficticias#iesRegistradoraLote07,MEC-RG-0007,CNPJ-FICTICIO-0035/CNPJ-FICTICIO-0036,"Rua Registral 207, Setor de Proveniencia",Belem,PA,30007-000,Brasil,https://w3id.org/ufes/ontodiplomadigital/instancias-ficticias#registroLote247,ReqDip00000000000000000000000000000000000000000249,PROCESSO-DIPLOMA-0249,2028-01-28,2028-02-12,2028-02-27,L-2028-2,REGISTRO-0249,47,249,Caso sintetico 249 com status ativo e modalidade presencial.,https://w3id.org/ufes/ontodiplomadigital/instancias-ficticias#responsavelRegistroLote247,Pessoa Fictícia-0040,CPF-FICTICIO-1056,RESPONSAVEL-REGISTRO-0249,Assinante Fictício-0231,CPF-FICTICIO-1057,Reitoria de Registro 4,Pessoa Fictícia-0016,CPF-FICTICIO-1058,Reitor,https://w3id.org/ufes/ontodiplomadigital/instancias-ficticias#assinaturaLote247,2028-02-27T12:17:00,XAdES,Assinatura da pessoa física emissora,,,2028-02-27T12:17:00,https://w3id.org/ufes/ontodiplomadigital/instancias-ficticias#codigoValidacaoLote247,CODIGO-VALIDACAO-FICTICIO-0753,https://w3id.org/ufes/ontodiplomadigital/instancias-ficticias#documentacaoAcademicaLote247,ReqDip00000000000000000000000000000000000000000249,Assinante Fictício-0015,CPF-FICTICIO-0047,Diretor Geral,urn:fake:pdfa:ato-designacao:lote07,https://w3id.org/ufes/ontodiplomadigital/instancias-ficticias#historicoLote247,HISTORICO-0249
CASO-0250,https://w3id.org/ufes/ontodiplomadigital/instancias-ficticias#diplomaLote248,DIPLOMA-0250,Diploma digital,Ativo,1.05,produção,2028-02-25,Portal Público Fictício de Consulta de Diplomas,https://consulta-diploma.exemplo.gov.br,https://w3id.org/ufes/ontodiplomadigital/instancias-ficticias#diplomadoLote248,Pessoa Fictícia-0484,Brasileira,https://w3id.org/ufes/ontodiplomadigital/instancias-ficticias#localNaturalidadeBr1400100,1400100,Boa Vista,RR,,CPF-FICTICIO-1059,https://w3id.org/ufes/ontodiplomadigital/instancias-ficticias#cursoLote248,CURSO-0250,Licenciatura em Governanca Informacional,,2800,2028-01-24,Licenciatura,Licenciado,,curadoria digital,EaD,,,EMEC-FAKE-2028-0250,Análise de regularidade do curso 250,2027-09-01,2027-08-17,https://w3id.org/ufes/ontodiplomadigital/instancias-ficticias#enderecoCursoLote08,"Campus de Dados 08, Bloco C",,,,Florianopolis,SC,31008-000,Brasil,,Instituto Superior de Preservacao Informacional,https://w3id.org/ufes/ontodiplomadigital/instancias-ficticias#iesEmissoraLote08,MEC-EM-0008,CNPJ-FICTICIO-0037/CNPJ-FICTICIO-0038,"Avenida Sintetica 108, Setor Emissor",Goiania,GO,29008-000,Brasil,Centro Universitario de Rastreabilidade Acadêmica,https://w3id.org/ufes/ontodiplomadigital/instancias-ficticias#iesRegistradoraLote08,MEC-RG-0008,CNPJ-FICTICIO-0039/CNPJ-FICTICIO-0040,"Rua Registral 208, Setor de Proveniencia",Vitoria,ES,30008-000,Brasil,https://w3id.org/ufes/ontodiplomadigital/instancias-ficticias#registroLote248,ReqDip00000000000000000000000000000000000000000250,PROCESSO-DIPLOMA-0250,2028-01-31,2028-02-15,2028-03-01,L-2028-3,REGISTRO-0250,48,250,Caso sintetico 250 com status ativo e modalidade ead.,https://w3id.org/ufes/ontodiplomadigital/instancias-ficticias#responsavelRegistroLote248,Pessoa Fictícia-0043,CPF-FICTICIO-1060,RESPONSAVEL-REGISTRO-0250,Assinante Fictício-0233,CPF-FICTICIO-1061,Reitoria de Registro 5,Pessoa Fictícia-0021,CPF-FICTICIO-1062,Reitora,https://w3id.org/ufes/ontodiplomadigital/instancias-ficticias#assinaturaLote248,2028-03-01T13:18:00,CAdES,Assinatura PJArquivamento Documentacao Academica,Instituto Superior de Preservacao Informacional,,2028-03-01T13:18:00,https://w3id.org/ufes/ontodiplomadigital/instancias-ficticias#codigoValidacaoLote248,CODIGO-VALIDACAO-FICTICIO-0754,https://w3id.org/ufes/ontodiplomadigital/instancias-ficticias#documentacaoAcademicaLote248,ReqDip00000000000000000000000000000000000000000250,Assinante Fictício-0020,CPF-FICTICIO-0052,Diretora Geral,urn:fake:pdfa:ato-designacao:lote08,https://w3id.org/ufes/ontodiplomadigital/instancias-ficticias#historicoLote248,HISTORICO-0250
CASO-0251,https://w3id.org/ufes/ontodiplomadigital/instancias-ficticias#diplomaLote249,DIPLOMA-0251,Diploma digital,Revogado,1.05,homologação,2028-02-28,GovBR Acadêmico Fictício,https://govbr-academico.exemplo.gov.br,https://w3id.org/ufes/ontodiplomadigital/instancias-ficticias#diplomadoLote249,Pessoa Fictícia-0485,Brasileira,https://w3id.org/ufes/ontodiplomadigital/instancias-ficticias#localNaturalidadeBr2611606,2611606,Recife,PE,,CPF-FICTICIO-1063,https://w3id.org/ufes/ontodiplomadigital/instancias-ficticias#cursoLote249,CURSO-0251,Tecnologia em Interoperabilidade Semântica,CURSO-FAKE-0251,3000,2028-01-27,Tecnologia,Tecnólogo,,organizacao do conhecimento,Semipresencial,Análise semantica aplicada,2028-01-27,,,,,https://w3id.org/ufes/ontodiplomadigital/instancias-ficticias#enderecoCursoLote01,"Campus de Dados 01, Bloco A",,,,Brasilia,DF,31001-000,Brasil,,Universidade do Patrimonio Digital,https://w3id.org/ufes/ontodiplomadigital/instancias-ficticias#iesEmissoraLote09,MEC-EM-0009,CNPJ-FICTICIO-0041/CNPJ-FICTICIO-0042,"Avenida Sintetica 109, Setor Emissor",Sao Paulo,SP,29009-000,Brasil,Universidade Registradora do Brasil Digital,https://w3id.org/ufes/ontodiplomadigital/instancias-ficticias#iesRegistradoraLote01,MEC-RG-0001,CNPJ-FICTICIO-0011/CNPJ-FICTICIO-0012,"Rua Registral 201, Setor de Proveniencia",Curitiba,PR,30001-000,Brasil,https://w3id.org/ufes/ontodiplomadigital/instancias-ficticias#registroLote249,ReqDip00000000000000000000000000000000000000000251,PROCESSO-DIPLOMA-0251,2028-02-03,2028-02-18,2028-03-04,L-2028-4,REGISTRO-0251,49,251,Caso sintetico 251 com status revogado e modalidade semipresencial.,https://w3id.org/ufes/ontodiplomadigital/instancias-ficticias#responsavelRegistroLote249,Pessoa Fictícia-0046,CPF-FICTICIO-1064,RESPONSAVEL-REGISTRO-0251,Assinante Fictício-0235,CPF-FICTICIO-1065,Reitoria de Registro 6,Pessoa Fictícia-0026,CPF-FICTICIO-1066,Diretor Acadêmico,https://w3id.org/ufes/ontodiplomadigital/instancias-ficticias#assinaturaLote249,2028-03-04T14:19:00,PAdES,Assinatura da pessoa jurídica registradora,Universidade Registradora do Brasil Digital,,2028-03-04T14:19:00,https://w3id.org/ufes/ontodiplomadigital/instancias-ficticias#codigoValidacaoLote249,CODIGO-VALIDACAO-FICTICIO-0755,https://w3id.org/ufes/ontodiplomadigital/instancias-ficticias#documentacaoAcademicaLote249,ReqDip00000000000000000000000000000000000000000251,Assinante Fictício-0025,CPF-FICTICIO-0057,Procurador Institucional,urn:fake:pdfa:ato-designacao:lote09,https://w3id.org/ufes/ontodiplomadigital/instancias-ficticias#historicoLote249,HISTORICO-0251
CASO-0252,https://w3id.org/ufes/ontodiplomadigital/instancias-ficticias#diplomaLote250,DIPLOMA-0252,Diploma digital,Anulado,1.05,produção,2028-03-02,Portal Público Fictício de Consulta de Diplomas,https://consulta-diploma.exemplo.gov.br,https://w3id.org/ufes/ontodiplomadigital/instancias-ficticias#diplomadoLote250,Pessoa Fictícia-0486,Brasileira,https://w3id.org/ufes/ontodiplomadigital/instancias-ficticias#localNaturalidadeBr3204807,3204807,São José do Calçado,ES,,CPF-FICTICIO-1067,https://w3id.org/ufes/ontodiplomadigital/instancias-ficticias#cursoLote250,CURSO-0252,Bacharelado em Preservacao Digital,CURSO-FAKE-0252,3200,2028-01-30,Bacharelado,Bacharel,,preservacao e acesso,Presencial,,,,,,,https://w3id.org/ufes/ontodiplomadigital/instancias-ficticias#enderecoCursoLote10,"Campus de Dados 10, Bloco E",,,,Vitoria,ES,31010-000,Brasil,,Centro Universitario de Modelagem Conceitual,https://w3id.org/ufes/ontodiplomadigital/instancias-ficticias#iesEmissoraLote10,MEC-EM-0010,CNPJ-FICTICIO-0043/CNPJ-FICTICIO-0044,"Avenida Sintetica 110, Setor Emissor",Rio de Janeiro,RJ,29010-000,Brasil,Centro de Registro Interoperável,https://w3id.org/ufes/ontodiplomadigital/instancias-ficticias#iesRegistradoraLote02,MEC-RG-0002,CNPJ-FICTICIO-0015/CNPJ-FICTICIO-0016,"Rua Registral 202, Setor de Proveniencia",Fortaleza,CE,30002-000,Brasil,https://w3id.org/ufes/ontodiplomadigital/instancias-ficticias#registroLote250,ReqDip00000000000000000000000000000000000000000252,PROCESSO-DIPLOMA-0252,2028-02-06,2028-02-21,2028-03-07,L-2028-5,REGISTRO-0252,50,252,Caso sintetico 252 com status anulado e modalidade presencial.,https://w3id.org/ufes/ontodiplomadigital/instancias-ficticias#responsavelRegistroLote250,Pessoa Fictícia-0049,CPF-FICTICIO-1068,RESPONSAVEL-REGISTRO-0252,Assinante Fictício-0237 | Assinante Fictício-0487,CPF-FICTICIO-1069 | CPF-FICTICIO-1070,Reitoria de Registro 7 | Secretaria Acadêmica Integrada,Pessoa Fictícia-0031,CPF-FICTICIO-1071,Diretora Acadêmica,https://w3id.org/ufes/ontodiplomadigital/instancias-ficticias#assinaturaLote250,2028-03-07T15:20:00,XAdES,Assinatura da pessoa jurídica emissora,Centro Universitario de Modelagem Conceitual,Autoridade Certificadora Fictícia Integridade Digital,2028-03-07T15:20:00,https://w3id.org/ufes/ontodiplomadigital/instancias-ficticias#codigoValidacaoLote250,CODIGO-VALIDACAO-FICTICIO-0756,https://w3id.org/ufes/ontodiplomadigital/instancias-ficticias#documentacaoAcademicaLote250,ReqDip00000000000000000000000000000000000000000252,Assinante Fictício-0030,CPF-FICTICIO-0063,Procuradora Institucional,urn:fake:pdfa:ato-designacao:lote10,https://w3id.org/ufes/ontodiplomadigital/instancias-ficticias#historicoLote250,HISTORICO-0252
