id_estavel;iri_slug;iri_individuo;classe_principal;rotulo_pt;issued_by;registered_by;holder;nationality;birth_place;birth_municipality_name;birth_ibge_code;birth_uf;foreign_birth_municipality_name;program;registration;signature;validation_code;transcript;academic_documentation;issue_date;status;version;identifier
diplomaCaso1;diplomaCaso1;rec:diplomaCaso1;DiplomaDigital;Diploma 001;rec:iesEmissoraCaso1;rec:iesRegistradoraCaso1;rec:diplomadoCaso1;Brasileira;rec:localNaturalidadeBr3106200;Belo Horizonte;3106200;MG;;rec:cursoCaso1;rec:registroCaso1;rec:assinaturaCaso1;rec:codigoValidacaoCaso1;rec:historicoCaso1;rec:documentacaoAcademicaCaso1;2027-01-10;vocab:Ativo;1.05;urn:fake:diploma:001
diplomaCaso2;diplomaCaso2;rec:diplomaCaso2;DiplomaDigital;Diploma 002;rec:iesEmissoraCaso2;rec:iesRegistradoraCaso2;rec:diplomadoCaso2;Brasileira;rec:localNaturalidadeBr2611606;Recife;2611606;PE;;rec:cursoCaso2;rec:registroCaso2;rec:assinaturaCaso2;rec:codigoValidacaoCaso2;rec:historicoCaso2;rec:documentacaoAcademicaCaso2;2026-12-22;vocab:Revogado;1.05;urn:fake:diploma:002
diplomaLote001;diplomaLote001;rec:diplomaLote001;DiplomaDigital;Diploma 003;rec:iesEmissoraLote01;rec:iesRegistradoraLote01;rec:diplomadoLote001;Brasileira;rec:localNaturalidadeBr4205407;Florianópolis;4205407;SC;;rec:cursoLote001;rec:registroLote001;rec:assinaturaLote001;rec:codigoValidacaoLote001;rec:historicoLote001;rec:documentacaoAcademicaLote001;2026-02-14;vocab:Ativo;1.05;urn:fake:diploma:003
diplomaLote002;diplomaLote002;rec:diplomaLote002;DiplomaDigital;Diploma 004;rec:iesEmissoraLote02;rec:iesRegistradoraLote02;rec:diplomadoLote002;Brasileira;rec:localNaturalidadeBr4106902;Curitiba;4106902;PR;;rec:cursoLote002;rec:registroLote002;rec:assinaturaLote002;rec:codigoValidacaoLote002;rec:historicoLote002;rec:documentacaoAcademicaLote002;2026-02-17;vocab:Ativo;1.05;urn:fake:diploma:004
diplomaLote003;diplomaLote003;rec:diplomaLote003;DiplomaDigital;Diploma 005;rec:iesEmissoraLote03;rec:iesRegistradoraLote03;rec:diplomadoLote003;Brasileira;rec:localNaturalidadeBr2927408;Salvador;2927408;BA;;rec:cursoLote003;rec:registroLote003;rec:assinaturaLote003;rec:codigoValidacaoLote003;rec:historicoLote003;rec:documentacaoAcademicaLote003;2026-02-20;vocab:Ativo;1.05;urn:fake:diploma:005
diplomaLote004;diplomaLote004;rec:diplomaLote004;DiplomaDigital;Diploma 006;rec:iesEmissoraLote04;rec:iesRegistradoraLote04;rec:diplomadoLote004;Brasileira;rec:localNaturalidadeBr3550308;São Paulo;3550308;SP;;rec:cursoLote004;rec:registroLote004;rec:assinaturaLote004;rec:codigoValidacaoLote004;rec:historicoLote004;rec:documentacaoAcademicaLote004;2026-02-23;vocab:Revogado;1.05;urn:fake:diploma:006
diplomaLote005;diplomaLote005;rec:diplomaLote005;DiplomaDigital;Diploma 007;rec:iesEmissoraLote05;rec:iesRegistradoraLote05;rec:diplomadoLote005;Brasileira;rec:localNaturalidadeBr2408102;Natal;2408102;RN;;rec:cursoLote005;rec:registroLote005;rec:assinaturaLote005;rec:codigoValidacaoLote005;rec:historicoLote005;rec:documentacaoAcademicaLote005;2026-02-26;vocab:Anulado;1.05;urn:fake:diploma:007
diplomaLote006;diplomaLote006;rec:diplomaLote006;DiplomaDigital;Diploma 008;rec:iesEmissoraLote06;rec:iesRegistradoraLote06;rec:diplomadoLote006;Brasileira;rec:localNaturalidadeBr3550308;São Paulo;3550308;SP;;rec:cursoLote006;rec:registroLote006;rec:assinaturaLote006;rec:codigoValidacaoLote006;rec:historicoLote006;rec:documentacaoAcademicaLote006;2026-03-01;vocab:Ativo;1.05;urn:fake:diploma:008
diplomaLote007;diplomaLote007;rec:diplomaLote007;DiplomaDigital;Diploma 009;rec:iesEmissoraLote07;rec:iesRegistradoraLote07;rec:diplomadoLote007;Brasileira;rec:localNaturalidadeBr3550308;São Paulo;3550308;SP;;rec:cursoLote007;rec:registroLote007;rec:assinaturaLote007;rec:codigoValidacaoLote007;rec:historicoLote007;rec:documentacaoAcademicaLote007;2026-03-04;vocab:Ativo;1.05;urn:fake:diploma:009
diplomaLote008;diplomaLote008;rec:diplomaLote008;DiplomaDigital;Diploma 010;rec:iesEmissoraLote08;rec:iesRegistradoraLote08;rec:diplomadoLote008;Brasileira;rec:localNaturalidadeBr2611606;Recife;2611606;PE;;rec:cursoLote008;rec:registroLote008;rec:assinaturaLote008;rec:codigoValidacaoLote008;rec:historicoLote008;rec:documentacaoAcademicaLote008;2026-03-07;vocab:Ativo;1.05;urn:fake:diploma:010
diplomaLote009;diplomaLote009;rec:diplomaLote009;DiplomaDigital;Diploma 011;rec:iesEmissoraLote09;rec:iesRegistradoraLote01;rec:diplomadoLote009;Brasileira;rec:localNaturalidadeBr1600303;Macapá;1600303;AP;;rec:cursoLote009;rec:registroLote009;rec:assinaturaLote009;rec:codigoValidacaoLote009;rec:historicoLote009;rec:documentacaoAcademicaLote009;2026-03-10;vocab:Revogado;1.05;urn:fake:diploma:011
diplomaLote010;diplomaLote010;rec:diplomaLote010;DiplomaDigital;Diploma 012;rec:iesEmissoraLote10;rec:iesRegistradoraLote02;rec:diplomadoLote010;Brasileira;rec:localNaturalidadeBr2800308;Aracaju;2800308;SE;;rec:cursoLote010;rec:registroLote010;rec:assinaturaLote010;rec:codigoValidacaoLote010;rec:historicoLote010;rec:documentacaoAcademicaLote010;2026-03-13;vocab:Anulado;1.05;urn:fake:diploma:012
diplomaLote011;diplomaLote011;rec:diplomaLote011;DiplomaDigital;Diploma 013;rec:iesEmissoraLote01;rec:iesRegistradoraLote03;rec:diplomadoLote011;Brasileira;rec:localNaturalidadeBr1302603;Manaus;1302603;AM;;rec:cursoLote011;rec:registroLote011;rec:assinaturaLote011;rec:codigoValidacaoLote011;rec:historicoLote011;rec:documentacaoAcademicaLote011;2026-03-16;vocab:Ativo;1.05;urn:fake:diploma:013
diplomaLote012;diplomaLote012;rec:diplomaLote012;DiplomaDigital;Diploma 014;rec:iesEmissoraLote02;rec:iesRegistradoraLote04;rec:diplomadoLote012;Brasileira;rec:localNaturalidadeBr3304557;Rio de Janeiro;3304557;RJ;;rec:cursoLote012;rec:registroLote012;rec:assinaturaLote012;rec:codigoValidacaoLote012;rec:historicoLote012;rec:documentacaoAcademicaLote012;2026-03-19;vocab:Ativo;1.05;urn:fake:diploma:014
diplomaLote013;diplomaLote013;rec:diplomaLote013;DiplomaDigital;Diploma 015;rec:iesEmissoraLote03;rec:iesRegistradoraLote05;rec:diplomadoLote013;Brasileira;rec:localNaturalidadeBr3304557;Rio de Janeiro;3304557;RJ;;rec:cursoLote013;rec:registroLote013;rec:assinaturaLote013;rec:codigoValidacaoLote013;rec:historicoLote013;rec:documentacaoAcademicaLote013;2026-03-22;vocab:Ativo;1.05;urn:fake:diploma:015
diplomaLote014;diplomaLote014;rec:diplomaLote014;DiplomaDigital;Diploma 016;rec:iesEmissoraLote04;rec:iesRegistradoraLote06;rec:diplomadoLote014;Brasileira;rec:localNaturalidadeBr3304557;Rio de Janeiro;3304557;RJ;;rec:cursoLote014;rec:registroLote014;rec:assinaturaLote014;rec:codigoValidacaoLote014;rec:historicoLote014;rec:documentacaoAcademicaLote014;2026-03-25;vocab:Revogado;1.05;urn:fake:diploma:016
diplomaLote015;diplomaLote015;rec:diplomaLote015;DiplomaDigital;Diploma 017;rec:iesEmissoraLote05;rec:iesRegistradoraLote07;rec:diplomadoLote015;Angolana;rec:localNaturalidadeEstrangeiraLuanda;;;;Luanda;rec:cursoLote015;rec:registroLote015;rec:assinaturaLote015;rec:codigoValidacaoLote015;rec:historicoLote015;rec:documentacaoAcademicaLote015;2026-03-28;vocab:Anulado;1.05;urn:fake:diploma:017
diplomaLote016;diplomaLote016;rec:diplomaLote016;DiplomaDigital;Diploma 018;rec:iesEmissoraLote06;rec:iesRegistradoraLote08;rec:diplomadoLote016;Brasileira;rec:localNaturalidadeBr3304557;Rio de Janeiro;3304557;RJ;;rec:cursoLote016;rec:registroLote016;rec:assinaturaLote016;rec:codigoValidacaoLote016;rec:historicoLote016;rec:documentacaoAcademicaLote016;2026-03-31;vocab:Ativo;1.05;urn:fake:diploma:018
diplomaLote017;diplomaLote017;rec:diplomaLote017;DiplomaDigital;Diploma 019;rec:iesEmissoraLote07;rec:iesRegistradoraLote01;rec:diplomadoLote017;Brasileira;rec:localNaturalidadeBr3304557;Rio de Janeiro;3304557;RJ;;rec:cursoLote017;rec:registroLote017;rec:assinaturaLote017;rec:codigoValidacaoLote017;rec:historicoLote017;rec:documentacaoAcademicaLote017;2026-04-03;vocab:Ativo;1.05;urn:fake:diploma:019
diplomaLote018;diplomaLote018;rec:diplomaLote018;DiplomaDigital;Diploma 020;rec:iesEmissoraLote08;rec:iesRegistradoraLote02;rec:diplomadoLote018;Brasileira;rec:localNaturalidadeBr3304557;Rio de Janeiro;3304557;RJ;;rec:cursoLote018;rec:registroLote018;rec:assinaturaLote018;rec:codigoValidacaoLote018;rec:historicoLote018;rec:documentacaoAcademicaLote018;2026-04-06;vocab:Ativo;1.05;urn:fake:diploma:020
diplomaLote019;diplomaLote019;rec:diplomaLote019;DiplomaDigital;Diploma 021;rec:iesEmissoraLote09;rec:iesRegistradoraLote03;rec:diplomadoLote019;Brasileira;rec:localNaturalidadeBr5300108;Brasília;5300108;DF;;rec:cursoLote019;rec:registroLote019;rec:assinaturaLote019;rec:codigoValidacaoLote019;rec:historicoLote019;rec:documentacaoAcademicaLote019;2026-04-09;vocab:Revogado;1.05;urn:fake:diploma:021
diplomaLote020;diplomaLote020;rec:diplomaLote020;DiplomaDigital;Diploma 022;rec:iesEmissoraLote10;rec:iesRegistradoraLote04;rec:diplomadoLote020;Brasileira;rec:localNaturalidadeBr2111300;São Luís;2111300;MA;;rec:cursoLote020;rec:registroLote020;rec:assinaturaLote020;rec:codigoValidacaoLote020;rec:historicoLote020;rec:documentacaoAcademicaLote020;2026-04-12;vocab:Anulado;1.05;urn:fake:diploma:022
diplomaLote021;diplomaLote021;rec:diplomaLote021;DiplomaDigital;Diploma 023;rec:iesEmissoraLote01;rec:iesRegistradoraLote05;rec:diplomadoLote021;Brasileira;rec:localNaturalidadeBr3106200;Belo Horizonte;3106200;MG;;rec:cursoLote021;rec:registroLote021;rec:assinaturaLote021;rec:codigoValidacaoLote021;rec:historicoLote021;rec:documentacaoAcademicaLote021;2026-04-15;vocab:Ativo;1.05;urn:fake:diploma:023
diplomaLote022;diplomaLote022;rec:diplomaLote022;DiplomaDigital;Diploma 024;rec:iesEmissoraLote02;rec:iesRegistradoraLote06;rec:diplomadoLote022;Brasileira;rec:localNaturalidadeBr2927408;Salvador;2927408;BA;;rec:cursoLote022;rec:registroLote022;rec:assinaturaLote022;rec:codigoValidacaoLote022;rec:historicoLote022;rec:documentacaoAcademicaLote022;2026-04-18;vocab:Ativo;1.05;urn:fake:diploma:024
diplomaLote023;diplomaLote023;rec:diplomaLote023;DiplomaDigital;Diploma 025;rec:iesEmissoraLote03;rec:iesRegistradoraLote07;rec:diplomadoLote023;Brasileira;rec:localNaturalidadeBr4314902;Porto Alegre;4314902;RS;;rec:cursoLote023;rec:registroLote023;rec:assinaturaLote023;rec:codigoValidacaoLote023;rec:historicoLote023;rec:documentacaoAcademicaLote023;2026-04-21;vocab:Ativo;1.05;urn:fake:diploma:025
diplomaLote024;diplomaLote024;rec:diplomaLote024;DiplomaDigital;Diploma 026;rec:iesEmissoraLote04;rec:iesRegistradoraLote08;rec:diplomadoLote024;Moçambicana;rec:localNaturalidadeEstrangeiraMaputo;;;;Maputo;rec:cursoLote024;rec:registroLote024;rec:assinaturaLote024;rec:codigoValidacaoLote024;rec:historicoLote024;rec:documentacaoAcademicaLote024;2026-04-24;vocab:Revogado;1.05;urn:fake:diploma:026
diplomaLote025;diplomaLote025;rec:diplomaLote025;DiplomaDigital;Diploma 027;rec:iesEmissoraLote05;rec:iesRegistradoraLote01;rec:diplomadoLote025;Brasileira;rec:localNaturalidadeBr3106200;Belo Horizonte;3106200;MG;;rec:cursoLote025;rec:registroLote025;rec:assinaturaLote025;rec:codigoValidacaoLote025;rec:historicoLote025;rec:documentacaoAcademicaLote025;2026-04-27;vocab:Anulado;1.05;urn:fake:diploma:027
diplomaLote026;diplomaLote026;rec:diplomaLote026;DiplomaDigital;Diploma 028;rec:iesEmissoraLote06;rec:iesRegistradoraLote02;rec:diplomadoLote026;Brasileira;rec:localNaturalidadeBr5208707;Goiânia;5208707;GO;;rec:cursoLote026;rec:registroLote026;rec:assinaturaLote026;rec:codigoValidacaoLote026;rec:historicoLote026;rec:documentacaoAcademicaLote026;2026-04-30;vocab:Ativo;1.05;urn:fake:diploma:028
diplomaLote027;diplomaLote027;rec:diplomaLote027;DiplomaDigital;Diploma 029;rec:iesEmissoraLote07;rec:iesRegistradoraLote03;rec:diplomadoLote027;Brasileira;rec:localNaturalidadeBr4205407;Florianópolis;4205407;SC;;rec:cursoLote027;rec:registroLote027;rec:assinaturaLote027;rec:codigoValidacaoLote027;rec:historicoLote027;rec:documentacaoAcademicaLote027;2026-05-03;vocab:Ativo;1.05;urn:fake:diploma:029
diplomaLote028;diplomaLote028;rec:diplomaLote028;DiplomaDigital;Diploma 030;rec:iesEmissoraLote08;rec:iesRegistradoraLote04;rec:diplomadoLote028;Argentina;rec:localNaturalidadeEstrangeiraBuenosAires;;;;Buenos Aires;rec:cursoLote028;rec:registroLote028;rec:assinaturaLote028;rec:codigoValidacaoLote028;rec:historicoLote028;rec:documentacaoAcademicaLote028;2026-05-06;vocab:Ativo;1.05;urn:fake:diploma:030
diplomaLote029;diplomaLote029;rec:diplomaLote029;DiplomaDigital;Diploma 031;rec:iesEmissoraLote09;rec:iesRegistradoraLote05;rec:diplomadoLote029;Brasileira;rec:localNaturalidadeBr3550308;São Paulo;3550308;SP;;rec:cursoLote029;rec:registroLote029;rec:assinaturaLote029;rec:codigoValidacaoLote029;rec:historicoLote029;rec:documentacaoAcademicaLote029;2026-05-09;vocab:Revogado;1.05;urn:fake:diploma:031
diplomaLote030;diplomaLote030;rec:diplomaLote030;DiplomaDigital;Diploma 032;rec:iesEmissoraLote10;rec:iesRegistradoraLote06;rec:diplomadoLote030;Brasileira;rec:localNaturalidadeBr3550308;São Paulo;3550308;SP;;rec:cursoLote030;rec:registroLote030;rec:assinaturaLote030;rec:codigoValidacaoLote030;rec:historicoLote030;rec:documentacaoAcademicaLote030;2026-05-12;vocab:Anulado;1.05;urn:fake:diploma:032
diplomaLote031;diplomaLote031;rec:diplomaLote031;DiplomaDigital;Diploma 033;rec:iesEmissoraLote01;rec:iesRegistradoraLote07;rec:diplomadoLote031;Brasileira;rec:localNaturalidadeBr2927408;Salvador;2927408;BA;;rec:cursoLote031;rec:registroLote031;rec:assinaturaLote031;rec:codigoValidacaoLote031;rec:historicoLote031;rec:documentacaoAcademicaLote031;2026-05-15;vocab:Ativo;1.05;urn:fake:diploma:033
diplomaLote032;diplomaLote032;rec:diplomaLote032;DiplomaDigital;Diploma 034;rec:iesEmissoraLote02;rec:iesRegistradoraLote08;rec:diplomadoLote032;Brasileira;rec:localNaturalidadeBr2611606;Recife;2611606;PE;;rec:cursoLote032;rec:registroLote032;rec:assinaturaLote032;rec:codigoValidacaoLote032;rec:historicoLote032;rec:documentacaoAcademicaLote032;2026-05-18;vocab:Ativo;1.05;urn:fake:diploma:034
diplomaLote033;diplomaLote033;rec:diplomaLote033;DiplomaDigital;Diploma 035;rec:iesEmissoraLote03;rec:iesRegistradoraLote01;rec:diplomadoLote033;Moçambicana;rec:localNaturalidadeEstrangeiraMaputo;;;;Maputo;rec:cursoLote033;rec:registroLote033;rec:assinaturaLote033;rec:codigoValidacaoLote033;rec:historicoLote033;rec:documentacaoAcademicaLote033;2026-05-21;vocab:Ativo;1.05;urn:fake:diploma:035
diplomaLote034;diplomaLote034;rec:diplomaLote034;DiplomaDigital;Diploma 036;rec:iesEmissoraLote04;rec:iesRegistradoraLote02;rec:diplomadoLote034;Brasileira;rec:localNaturalidadeBr3550308;São Paulo;3550308;SP;;rec:cursoLote034;rec:registroLote034;rec:assinaturaLote034;rec:codigoValidacaoLote034;rec:historicoLote034;rec:documentacaoAcademicaLote034;2026-05-24;vocab:Revogado;1.05;urn:fake:diploma:036
diplomaLote035;diplomaLote035;rec:diplomaLote035;DiplomaDigital;Diploma 037;rec:iesEmissoraLote05;rec:iesRegistradoraLote03;rec:diplomadoLote035;Brasileira;rec:localNaturalidadeBr2111300;São Luís;2111300;MA;;rec:cursoLote035;rec:registroLote035;rec:assinaturaLote035;rec:codigoValidacaoLote035;rec:historicoLote035;rec:documentacaoAcademicaLote035;2026-05-27;vocab:Anulado;1.05;urn:fake:diploma:037
diplomaLote036;diplomaLote036;rec:diplomaLote036;DiplomaDigital;Diploma 038;rec:iesEmissoraLote06;rec:iesRegistradoraLote04;rec:diplomadoLote036;Brasileira;rec:localNaturalidadeBr1721000;Palmas;1721000;TO;;rec:cursoLote036;rec:registroLote036;rec:assinaturaLote036;rec:codigoValidacaoLote036;rec:historicoLote036;rec:documentacaoAcademicaLote036;2026-05-30;vocab:Ativo;1.05;urn:fake:diploma:038
diplomaLote037;diplomaLote037;rec:diplomaLote037;DiplomaDigital;Diploma 039;rec:iesEmissoraLote07;rec:iesRegistradoraLote05;rec:diplomadoLote037;Brasileira;rec:localNaturalidadeBr3550308;São Paulo;3550308;SP;;rec:cursoLote037;rec:registroLote037;rec:assinaturaLote037;rec:codigoValidacaoLote037;rec:historicoLote037;rec:documentacaoAcademicaLote037;2026-06-02;vocab:Ativo;1.05;urn:fake:diploma:039
diplomaLote038;diplomaLote038;rec:diplomaLote038;DiplomaDigital;Diploma 040;rec:iesEmissoraLote08;rec:iesRegistradoraLote06;rec:diplomadoLote038;Brasileira;rec:localNaturalidadeBr5300108;Brasília;5300108;DF;;rec:cursoLote038;rec:registroLote038;rec:assinaturaLote038;rec:codigoValidacaoLote038;rec:historicoLote038;rec:documentacaoAcademicaLote038;2026-06-05;vocab:Ativo;1.05;urn:fake:diploma:040
diplomaLote039;diplomaLote039;rec:diplomaLote039;DiplomaDigital;Diploma 041;rec:iesEmissoraLote09;rec:iesRegistradoraLote07;rec:diplomadoLote039;Brasileira;rec:localNaturalidadeBr3304557;Rio de Janeiro;3304557;RJ;;rec:cursoLote039;rec:registroLote039;rec:assinaturaLote039;rec:codigoValidacaoLote039;rec:historicoLote039;rec:documentacaoAcademicaLote039;2026-06-08;vocab:Revogado;1.05;urn:fake:diploma:041
diplomaLote040;diplomaLote040;rec:diplomaLote040;DiplomaDigital;Diploma 042;rec:iesEmissoraLote10;rec:iesRegistradoraLote08;rec:diplomadoLote040;Brasileira;rec:localNaturalidadeBr2611606;Recife;2611606;PE;;rec:cursoLote040;rec:registroLote040;rec:assinaturaLote040;rec:codigoValidacaoLote040;rec:historicoLote040;rec:documentacaoAcademicaLote040;2026-06-11;vocab:Anulado;1.05;urn:fake:diploma:042
diplomaLote041;diplomaLote041;rec:diplomaLote041;DiplomaDigital;Diploma 043;rec:iesEmissoraLote01;rec:iesRegistradoraLote01;rec:diplomadoLote041;Brasileira;rec:localNaturalidadeBr3204807;São José do Calçado;3204807;ES;;rec:cursoLote041;rec:registroLote041;rec:assinaturaLote041;rec:codigoValidacaoLote041;rec:historicoLote041;rec:documentacaoAcademicaLote041;2026-06-14;vocab:Ativo;1.05;urn:fake:diploma:043
diplomaLote042;diplomaLote042;rec:diplomaLote042;DiplomaDigital;Diploma 044;rec:iesEmissoraLote02;rec:iesRegistradoraLote02;rec:diplomadoLote042;Brasileira;rec:localNaturalidadeBr2304400;Fortaleza;2304400;CE;;rec:cursoLote042;rec:registroLote042;rec:assinaturaLote042;rec:codigoValidacaoLote042;rec:historicoLote042;rec:documentacaoAcademicaLote042;2026-06-17;vocab:Ativo;1.05;urn:fake:diploma:044
diplomaLote043;diplomaLote043;rec:diplomaLote043;DiplomaDigital;Diploma 045;rec:iesEmissoraLote03;rec:iesRegistradoraLote03;rec:diplomadoLote043;Brasileira;rec:localNaturalidadeBr2111300;São Luís;2111300;MA;;rec:cursoLote043;rec:registroLote043;rec:assinaturaLote043;rec:codigoValidacaoLote043;rec:historicoLote043;rec:documentacaoAcademicaLote043;2026-06-20;vocab:Ativo;1.05;urn:fake:diploma:045
diplomaLote044;diplomaLote044;rec:diplomaLote044;DiplomaDigital;Diploma 046;rec:iesEmissoraLote04;rec:iesRegistradoraLote04;rec:diplomadoLote044;Brasileira;rec:localNaturalidadeBr2304400;Fortaleza;2304400;CE;;rec:cursoLote044;rec:registroLote044;rec:assinaturaLote044;rec:codigoValidacaoLote044;rec:historicoLote044;rec:documentacaoAcademicaLote044;2026-06-23;vocab:Revogado;1.05;urn:fake:diploma:046
diplomaLote045;diplomaLote045;rec:diplomaLote045;DiplomaDigital;Diploma 047;rec:iesEmissoraLote05;rec:iesRegistradoraLote05;rec:diplomadoLote045;Brasileira;rec:localNaturalidadeBr1100205;Porto Velho;1100205;RO;;rec:cursoLote045;rec:registroLote045;rec:assinaturaLote045;rec:codigoValidacaoLote045;rec:historicoLote045;rec:documentacaoAcademicaLote045;2026-06-26;vocab:Anulado;1.05;urn:fake:diploma:047
diplomaLote046;diplomaLote046;rec:diplomaLote046;DiplomaDigital;Diploma 048;rec:iesEmissoraLote06;rec:iesRegistradoraLote06;rec:diplomadoLote046;Brasileira;rec:localNaturalidadeBr2304400;Fortaleza;2304400;CE;;rec:cursoLote046;rec:registroLote046;rec:assinaturaLote046;rec:codigoValidacaoLote046;rec:historicoLote046;rec:documentacaoAcademicaLote046;2026-06-29;vocab:Ativo;1.05;urn:fake:diploma:048
diplomaLote047;diplomaLote047;rec:diplomaLote047;DiplomaDigital;Diploma 049;rec:iesEmissoraLote07;rec:iesRegistradoraLote07;rec:diplomadoLote047;Brasileira;rec:localNaturalidadeBr1302603;Manaus;1302603;AM;;rec:cursoLote047;rec:registroLote047;rec:assinaturaLote047;rec:codigoValidacaoLote047;rec:historicoLote047;rec:documentacaoAcademicaLote047;2026-07-02;vocab:Ativo;1.05;urn:fake:diploma:049
diplomaLote048;diplomaLote048;rec:diplomaLote048;DiplomaDigital;Diploma 050;rec:iesEmissoraLote08;rec:iesRegistradoraLote08;rec:diplomadoLote048;Brasileira;rec:localNaturalidadeBr2507507;João Pessoa;2507507;PB;;rec:cursoLote048;rec:registroLote048;rec:assinaturaLote048;rec:codigoValidacaoLote048;rec:historicoLote048;rec:documentacaoAcademicaLote048;2026-07-05;vocab:Ativo;1.05;urn:fake:diploma:050
diplomaLote049;diplomaLote049;rec:diplomaLote049;DiplomaDigital;Diploma 051;rec:iesEmissoraLote09;rec:iesRegistradoraLote01;rec:diplomadoLote049;Brasileira;rec:localNaturalidadeBr1501402;Belém;1501402;PA;;rec:cursoLote049;rec:registroLote049;rec:assinaturaLote049;rec:codigoValidacaoLote049;rec:historicoLote049;rec:documentacaoAcademicaLote049;2026-07-08;vocab:Revogado;1.05;urn:fake:diploma:051
diplomaLote050;diplomaLote050;rec:diplomaLote050;DiplomaDigital;Diploma 052;rec:iesEmissoraLote10;rec:iesRegistradoraLote02;rec:diplomadoLote050;Brasileira;rec:localNaturalidadeBr4106902;Curitiba;4106902;PR;;rec:cursoLote050;rec:registroLote050;rec:assinaturaLote050;rec:codigoValidacaoLote050;rec:historicoLote050;rec:documentacaoAcademicaLote050;2026-07-11;vocab:Anulado;1.05;urn:fake:diploma:052
diplomaLote051;diplomaLote051;rec:diplomaLote051;DiplomaDigital;Diploma 053;rec:iesEmissoraLote01;rec:iesRegistradoraLote03;rec:diplomadoLote051;Brasileira;rec:localNaturalidadeBr2704302;Maceió;2704302;AL;;rec:cursoLote051;rec:registroLote051;rec:assinaturaLote051;rec:codigoValidacaoLote051;rec:historicoLote051;rec:documentacaoAcademicaLote051;2026-07-14;vocab:Ativo;1.05;urn:fake:diploma:053
diplomaLote052;diplomaLote052;rec:diplomaLote052;DiplomaDigital;Diploma 054;rec:iesEmissoraLote02;rec:iesRegistradoraLote04;rec:diplomadoLote052;Brasileira;rec:localNaturalidadeBr5300108;Brasília;5300108;DF;;rec:cursoLote052;rec:registroLote052;rec:assinaturaLote052;rec:codigoValidacaoLote052;rec:historicoLote052;rec:documentacaoAcademicaLote052;2026-07-17;vocab:Ativo;1.05;urn:fake:diploma:054
diplomaLote053;diplomaLote053;rec:diplomaLote053;DiplomaDigital;Diploma 055;rec:iesEmissoraLote03;rec:iesRegistradoraLote05;rec:diplomadoLote053;Brasileira;rec:localNaturalidadeBr3304557;Rio de Janeiro;3304557;RJ;;rec:cursoLote053;rec:registroLote053;rec:assinaturaLote053;rec:codigoValidacaoLote053;rec:historicoLote053;rec:documentacaoAcademicaLote053;2026-07-20;vocab:Ativo;1.05;urn:fake:diploma:055
diplomaLote054;diplomaLote054;rec:diplomaLote054;DiplomaDigital;Diploma 056;rec:iesEmissoraLote04;rec:iesRegistradoraLote06;rec:diplomadoLote054;Brasileira;rec:localNaturalidadeBr2927408;Salvador;2927408;BA;;rec:cursoLote054;rec:registroLote054;rec:assinaturaLote054;rec:codigoValidacaoLote054;rec:historicoLote054;rec:documentacaoAcademicaLote054;2026-07-23;vocab:Revogado;1.05;urn:fake:diploma:056
diplomaLote055;diplomaLote055;rec:diplomaLote055;DiplomaDigital;Diploma 057;rec:iesEmissoraLote05;rec:iesRegistradoraLote07;rec:diplomadoLote055;Brasileira;rec:localNaturalidadeBr2304400;Fortaleza;2304400;CE;;rec:cursoLote055;rec:registroLote055;rec:assinaturaLote055;rec:codigoValidacaoLote055;rec:historicoLote055;rec:documentacaoAcademicaLote055;2026-07-26;vocab:Anulado;1.05;urn:fake:diploma:057
diplomaLote056;diplomaLote056;rec:diplomaLote056;DiplomaDigital;Diploma 058;rec:iesEmissoraLote06;rec:iesRegistradoraLote08;rec:diplomadoLote056;Brasileira;rec:localNaturalidadeBr2800308;Aracaju;2800308;SE;;rec:cursoLote056;rec:registroLote056;rec:assinaturaLote056;rec:codigoValidacaoLote056;rec:historicoLote056;rec:documentacaoAcademicaLote056;2026-07-29;vocab:Ativo;1.05;urn:fake:diploma:058
diplomaLote057;diplomaLote057;rec:diplomaLote057;DiplomaDigital;Diploma 059;rec:iesEmissoraLote07;rec:iesRegistradoraLote01;rec:diplomadoLote057;Brasileira;rec:localNaturalidadeBr3550308;São Paulo;3550308;SP;;rec:cursoLote057;rec:registroLote057;rec:assinaturaLote057;rec:codigoValidacaoLote057;rec:historicoLote057;rec:documentacaoAcademicaLote057;2026-08-01;vocab:Ativo;1.05;urn:fake:diploma:059
diplomaLote058;diplomaLote058;rec:diplomaLote058;DiplomaDigital;Diploma 060;rec:iesEmissoraLote08;rec:iesRegistradoraLote02;rec:diplomadoLote058;Brasileira;rec:localNaturalidadeBr3106200;Belo Horizonte;3106200;MG;;rec:cursoLote058;rec:registroLote058;rec:assinaturaLote058;rec:codigoValidacaoLote058;rec:historicoLote058;rec:documentacaoAcademicaLote058;2026-08-04;vocab:Ativo;1.05;urn:fake:diploma:060
diplomaLote059;diplomaLote059;rec:diplomaLote059;DiplomaDigital;Diploma 061;rec:iesEmissoraLote09;rec:iesRegistradoraLote03;rec:diplomadoLote059;Brasileira;rec:localNaturalidadeBr3304557;Rio de Janeiro;3304557;RJ;;rec:cursoLote059;rec:registroLote059;rec:assinaturaLote059;rec:codigoValidacaoLote059;rec:historicoLote059;rec:documentacaoAcademicaLote059;2026-08-07;vocab:Revogado;1.05;urn:fake:diploma:061
diplomaLote060;diplomaLote060;rec:diplomaLote060;DiplomaDigital;Diploma 062;rec:iesEmissoraLote10;rec:iesRegistradoraLote04;rec:diplomadoLote060;Brasileira;rec:localNaturalidadeBr2927408;Salvador;2927408;BA;;rec:cursoLote060;rec:registroLote060;rec:assinaturaLote060;rec:codigoValidacaoLote060;rec:historicoLote060;rec:documentacaoAcademicaLote060;2026-08-10;vocab:Anulado;1.05;urn:fake:diploma:062
diplomaLote061;diplomaLote061;rec:diplomaLote061;DiplomaDigital;Diploma 063;rec:iesEmissoraLote01;rec:iesRegistradoraLote05;rec:diplomadoLote061;Brasileira;rec:localNaturalidadeBr2408102;Natal;2408102;RN;;rec:cursoLote061;rec:registroLote061;rec:assinaturaLote061;rec:codigoValidacaoLote061;rec:historicoLote061;rec:documentacaoAcademicaLote061;2026-08-13;vocab:Ativo;1.05;urn:fake:diploma:063
diplomaLote062;diplomaLote062;rec:diplomaLote062;DiplomaDigital;Diploma 064;rec:iesEmissoraLote02;rec:iesRegistradoraLote06;rec:diplomadoLote062;Brasileira;rec:localNaturalidadeBr4106902;Curitiba;4106902;PR;;rec:cursoLote062;rec:registroLote062;rec:assinaturaLote062;rec:codigoValidacaoLote062;rec:historicoLote062;rec:documentacaoAcademicaLote062;2026-08-16;vocab:Ativo;1.05;urn:fake:diploma:064
diplomaLote063;diplomaLote063;rec:diplomaLote063;DiplomaDigital;Diploma 065;rec:iesEmissoraLote03;rec:iesRegistradoraLote07;rec:diplomadoLote063;Brasileira;rec:localNaturalidadeBr3550308;São Paulo;3550308;SP;;rec:cursoLote063;rec:registroLote063;rec:assinaturaLote063;rec:codigoValidacaoLote063;rec:historicoLote063;rec:documentacaoAcademicaLote063;2026-08-19;vocab:Ativo;1.05;urn:fake:diploma:065
diplomaLote064;diplomaLote064;rec:diplomaLote064;DiplomaDigital;Diploma 066;rec:iesEmissoraLote04;rec:iesRegistradoraLote08;rec:diplomadoLote064;Brasileira;rec:localNaturalidadeBr1501402;Belém;1501402;PA;;rec:cursoLote064;rec:registroLote064;rec:assinaturaLote064;rec:codigoValidacaoLote064;rec:historicoLote064;rec:documentacaoAcademicaLote064;2026-08-22;vocab:Revogado;1.05;urn:fake:diploma:066
diplomaLote065;diplomaLote065;rec:diplomaLote065;DiplomaDigital;Diploma 067;rec:iesEmissoraLote05;rec:iesRegistradoraLote01;rec:diplomadoLote065;Angolana;rec:localNaturalidadeEstrangeiraLuanda;;;;Luanda;rec:cursoLote065;rec:registroLote065;rec:assinaturaLote065;rec:codigoValidacaoLote065;rec:historicoLote065;rec:documentacaoAcademicaLote065;2026-08-25;vocab:Anulado;1.05;urn:fake:diploma:067
diplomaLote066;diplomaLote066;rec:diplomaLote066;DiplomaDigital;Diploma 068;rec:iesEmissoraLote06;rec:iesRegistradoraLote02;rec:diplomadoLote066;Brasileira;rec:localNaturalidadeBr2211001;Teresina;2211001;PI;;rec:cursoLote066;rec:registroLote066;rec:assinaturaLote066;rec:codigoValidacaoLote066;rec:historicoLote066;rec:documentacaoAcademicaLote066;2026-08-28;vocab:Ativo;1.05;urn:fake:diploma:068
diplomaLote067;diplomaLote067;rec:diplomaLote067;DiplomaDigital;Diploma 069;rec:iesEmissoraLote07;rec:iesRegistradoraLote03;rec:diplomadoLote067;Brasileira;rec:localNaturalidadeBr3304557;Rio de Janeiro;3304557;RJ;;rec:cursoLote067;rec:registroLote067;rec:assinaturaLote067;rec:codigoValidacaoLote067;rec:historicoLote067;rec:documentacaoAcademicaLote067;2026-08-31;vocab:Ativo;1.05;urn:fake:diploma:069
diplomaLote068;diplomaLote068;rec:diplomaLote068;DiplomaDigital;Diploma 070;rec:iesEmissoraLote08;rec:iesRegistradoraLote04;rec:diplomadoLote068;Argentina;rec:localNaturalidadeEstrangeiraBuenosAires;;;;Buenos Aires;rec:cursoLote068;rec:registroLote068;rec:assinaturaLote068;rec:codigoValidacaoLote068;rec:historicoLote068;rec:documentacaoAcademicaLote068;2026-09-03;vocab:Ativo;1.05;urn:fake:diploma:070
diplomaLote069;diplomaLote069;rec:diplomaLote069;DiplomaDigital;Diploma 071;rec:iesEmissoraLote09;rec:iesRegistradoraLote05;rec:diplomadoLote069;Brasileira;rec:localNaturalidadeBr4314902;Porto Alegre;4314902;RS;;rec:cursoLote069;rec:registroLote069;rec:assinaturaLote069;rec:codigoValidacaoLote069;rec:historicoLote069;rec:documentacaoAcademicaLote069;2026-09-06;vocab:Revogado;1.05;urn:fake:diploma:071
diplomaLote070;diplomaLote070;rec:diplomaLote070;DiplomaDigital;Diploma 072;rec:iesEmissoraLote10;rec:iesRegistradoraLote06;rec:diplomadoLote070;Francesa;rec:localNaturalidadeEstrangeiraParis;;;;Paris;rec:cursoLote070;rec:registroLote070;rec:assinaturaLote070;rec:codigoValidacaoLote070;rec:historicoLote070;rec:documentacaoAcademicaLote070;2026-09-09;vocab:Anulado;1.05;urn:fake:diploma:072
diplomaLote071;diplomaLote071;rec:diplomaLote071;DiplomaDigital;Diploma 073;rec:iesEmissoraLote01;rec:iesRegistradoraLote07;rec:diplomadoLote071;Brasileira;rec:localNaturalidadeBr1501402;Belém;1501402;PA;;rec:cursoLote071;rec:registroLote071;rec:assinaturaLote071;rec:codigoValidacaoLote071;rec:historicoLote071;rec:documentacaoAcademicaLote071;2026-09-12;vocab:Ativo;1.05;urn:fake:diploma:073
diplomaLote072;diplomaLote072;rec:diplomaLote072;DiplomaDigital;Diploma 074;rec:iesEmissoraLote02;rec:iesRegistradoraLote08;rec:diplomadoLote072;Brasileira;rec:localNaturalidadeBr4314902;Porto Alegre;4314902;RS;;rec:cursoLote072;rec:registroLote072;rec:assinaturaLote072;rec:codigoValidacaoLote072;rec:historicoLote072;rec:documentacaoAcademicaLote072;2026-09-15;vocab:Ativo;1.05;urn:fake:diploma:074
diplomaLote073;diplomaLote073;rec:diplomaLote073;DiplomaDigital;Diploma 075;rec:iesEmissoraLote03;rec:iesRegistradoraLote01;rec:diplomadoLote073;Brasileira;rec:localNaturalidadeBr5300108;Brasília;5300108;DF;;rec:cursoLote073;rec:registroLote073;rec:assinaturaLote073;rec:codigoValidacaoLote073;rec:historicoLote073;rec:documentacaoAcademicaLote073;2026-09-18;vocab:Ativo;1.05;urn:fake:diploma:075
diplomaLote074;diplomaLote074;rec:diplomaLote074;DiplomaDigital;Diploma 076;rec:iesEmissoraLote04;rec:iesRegistradoraLote02;rec:diplomadoLote074;Brasileira;rec:localNaturalidadeBr3304557;Rio de Janeiro;3304557;RJ;;rec:cursoLote074;rec:registroLote074;rec:assinaturaLote074;rec:codigoValidacaoLote074;rec:historicoLote074;rec:documentacaoAcademicaLote074;2026-09-21;vocab:Revogado;1.05;urn:fake:diploma:076
diplomaLote075;diplomaLote075;rec:diplomaLote075;DiplomaDigital;Diploma 077;rec:iesEmissoraLote05;rec:iesRegistradoraLote03;rec:diplomadoLote075;Canadense;rec:localNaturalidadeEstrangeiraToronto;;;;Toronto;rec:cursoLote075;rec:registroLote075;rec:assinaturaLote075;rec:codigoValidacaoLote075;rec:historicoLote075;rec:documentacaoAcademicaLote075;2026-09-24;vocab:Anulado;1.05;urn:fake:diploma:077
diplomaLote076;diplomaLote076;rec:diplomaLote076;DiplomaDigital;Diploma 078;rec:iesEmissoraLote06;rec:iesRegistradoraLote04;rec:diplomadoLote076;Brasileira;rec:localNaturalidadeBr1100205;Porto Velho;1100205;RO;;rec:cursoLote076;rec:registroLote076;rec:assinaturaLote076;rec:codigoValidacaoLote076;rec:historicoLote076;rec:documentacaoAcademicaLote076;2026-09-27;vocab:Ativo;1.05;urn:fake:diploma:078
diplomaLote077;diplomaLote077;rec:diplomaLote077;DiplomaDigital;Diploma 079;rec:iesEmissoraLote07;rec:iesRegistradoraLote05;rec:diplomadoLote077;Brasileira;rec:localNaturalidadeBr5002704;Campo Grande;5002704;MS;;rec:cursoLote077;rec:registroLote077;rec:assinaturaLote077;rec:codigoValidacaoLote077;rec:historicoLote077;rec:documentacaoAcademicaLote077;2026-09-30;vocab:Ativo;1.05;urn:fake:diploma:079
diplomaLote078;diplomaLote078;rec:diplomaLote078;DiplomaDigital;Diploma 080;rec:iesEmissoraLote08;rec:iesRegistradoraLote06;rec:diplomadoLote078;Brasileira;rec:localNaturalidadeBr3106200;Belo Horizonte;3106200;MG;;rec:cursoLote078;rec:registroLote078;rec:assinaturaLote078;rec:codigoValidacaoLote078;rec:historicoLote078;rec:documentacaoAcademicaLote078;2026-10-03;vocab:Ativo;1.05;urn:fake:diploma:080
diplomaLote079;diplomaLote079;rec:diplomaLote079;DiplomaDigital;Diploma 081;rec:iesEmissoraLote09;rec:iesRegistradoraLote07;rec:diplomadoLote079;Brasileira;rec:localNaturalidadeBr1721000;Palmas;1721000;TO;;rec:cursoLote079;rec:registroLote079;rec:assinaturaLote079;rec:codigoValidacaoLote079;rec:historicoLote079;rec:documentacaoAcademicaLote079;2026-10-06;vocab:Revogado;1.05;urn:fake:diploma:081
diplomaLote080;diplomaLote080;rec:diplomaLote080;DiplomaDigital;Diploma 082;rec:iesEmissoraLote10;rec:iesRegistradoraLote08;rec:diplomadoLote080;Brasileira;rec:localNaturalidadeBr4314902;Porto Alegre;4314902;RS;;rec:cursoLote080;rec:registroLote080;rec:assinaturaLote080;rec:codigoValidacaoLote080;rec:historicoLote080;rec:documentacaoAcademicaLote080;2026-10-09;vocab:Anulado;1.05;urn:fake:diploma:082
diplomaLote081;diplomaLote081;rec:diplomaLote081;DiplomaDigital;Diploma 083;rec:iesEmissoraLote01;rec:iesRegistradoraLote01;rec:diplomadoLote081;Brasileira;rec:localNaturalidadeBr2408102;Natal;2408102;RN;;rec:cursoLote081;rec:registroLote081;rec:assinaturaLote081;rec:codigoValidacaoLote081;rec:historicoLote081;rec:documentacaoAcademicaLote081;2026-10-12;vocab:Ativo;1.05;urn:fake:diploma:083
diplomaLote082;diplomaLote082;rec:diplomaLote082;DiplomaDigital;Diploma 084;rec:iesEmissoraLote02;rec:iesRegistradoraLote02;rec:diplomadoLote082;Brasileira;rec:localNaturalidadeBr1302603;Manaus;1302603;AM;;rec:cursoLote082;rec:registroLote082;rec:assinaturaLote082;rec:codigoValidacaoLote082;rec:historicoLote082;rec:documentacaoAcademicaLote082;2026-10-15;vocab:Ativo;1.05;urn:fake:diploma:084
diplomaLote083;diplomaLote083;rec:diplomaLote083;DiplomaDigital;Diploma 085;rec:iesEmissoraLote03;rec:iesRegistradoraLote03;rec:diplomadoLote083;Brasileira;rec:localNaturalidadeBr3550308;São Paulo;3550308;SP;;rec:cursoLote083;rec:registroLote083;rec:assinaturaLote083;rec:codigoValidacaoLote083;rec:historicoLote083;rec:documentacaoAcademicaLote083;2026-10-18;vocab:Ativo;1.05;urn:fake:diploma:085
diplomaLote084;diplomaLote084;rec:diplomaLote084;DiplomaDigital;Diploma 086;rec:iesEmissoraLote04;rec:iesRegistradoraLote04;rec:diplomadoLote084;Brasileira;rec:localNaturalidadeBr2211001;Teresina;2211001;PI;;rec:cursoLote084;rec:registroLote084;rec:assinaturaLote084;rec:codigoValidacaoLote084;rec:historicoLote084;rec:documentacaoAcademicaLote084;2026-10-21;vocab:Revogado;1.05;urn:fake:diploma:086
diplomaLote085;diplomaLote085;rec:diplomaLote085;DiplomaDigital;Diploma 087;rec:iesEmissoraLote05;rec:iesRegistradoraLote05;rec:diplomadoLote085;Brasileira;rec:localNaturalidadeBr5300108;Brasília;5300108;DF;;rec:cursoLote085;rec:registroLote085;rec:assinaturaLote085;rec:codigoValidacaoLote085;rec:historicoLote085;rec:documentacaoAcademicaLote085;2026-10-24;vocab:Anulado;1.05;urn:fake:diploma:087
diplomaLote086;diplomaLote086;rec:diplomaLote086;DiplomaDigital;Diploma 088;rec:iesEmissoraLote06;rec:iesRegistradoraLote06;rec:diplomadoLote086;Brasileira;rec:localNaturalidadeBr2211001;Teresina;2211001;PI;;rec:cursoLote086;rec:registroLote086;rec:assinaturaLote086;rec:codigoValidacaoLote086;rec:historicoLote086;rec:documentacaoAcademicaLote086;2026-10-27;vocab:Ativo;1.05;urn:fake:diploma:088
diplomaLote087;diplomaLote087;rec:diplomaLote087;DiplomaDigital;Diploma 089;rec:iesEmissoraLote07;rec:iesRegistradoraLote07;rec:diplomadoLote087;Brasileira;rec:localNaturalidadeBr1600303;Macapá;1600303;AP;;rec:cursoLote087;rec:registroLote087;rec:assinaturaLote087;rec:codigoValidacaoLote087;rec:historicoLote087;rec:documentacaoAcademicaLote087;2026-10-30;vocab:Ativo;1.05;urn:fake:diploma:089
diplomaLote088;diplomaLote088;rec:diplomaLote088;DiplomaDigital;Diploma 090;rec:iesEmissoraLote08;rec:iesRegistradoraLote08;rec:diplomadoLote088;Moçambicana;rec:localNaturalidadeEstrangeiraMaputo;;;;Maputo;rec:cursoLote088;rec:registroLote088;rec:assinaturaLote088;rec:codigoValidacaoLote088;rec:historicoLote088;rec:documentacaoAcademicaLote088;2026-11-02;vocab:Ativo;1.05;urn:fake:diploma:090
diplomaLote089;diplomaLote089;rec:diplomaLote089;DiplomaDigital;Diploma 091;rec:iesEmissoraLote09;rec:iesRegistradoraLote01;rec:diplomadoLote089;Brasileira;rec:localNaturalidadeBr3106200;Belo Horizonte;3106200;MG;;rec:cursoLote089;rec:registroLote089;rec:assinaturaLote089;rec:codigoValidacaoLote089;rec:historicoLote089;rec:documentacaoAcademicaLote089;2026-11-05;vocab:Revogado;1.05;urn:fake:diploma:091
diplomaLote090;diplomaLote090;rec:diplomaLote090;DiplomaDigital;Diploma 092;rec:iesEmissoraLote10;rec:iesRegistradoraLote02;rec:diplomadoLote090;Brasileira;rec:localNaturalidadeBr3204807;São José do Calçado;3204807;ES;;rec:cursoLote090;rec:registroLote090;rec:assinaturaLote090;rec:codigoValidacaoLote090;rec:historicoLote090;rec:documentacaoAcademicaLote090;2026-11-08;vocab:Anulado;1.05;urn:fake:diploma:092
diplomaLote091;diplomaLote091;rec:diplomaLote091;DiplomaDigital;Diploma 093;rec:iesEmissoraLote01;rec:iesRegistradoraLote03;rec:diplomadoLote091;Brasileira;rec:localNaturalidadeBr3106200;Belo Horizonte;3106200;MG;;rec:cursoLote091;rec:registroLote091;rec:assinaturaLote091;rec:codigoValidacaoLote091;rec:historicoLote091;rec:documentacaoAcademicaLote091;2026-11-11;vocab:Ativo;1.05;urn:fake:diploma:093
diplomaLote092;diplomaLote092;rec:diplomaLote092;DiplomaDigital;Diploma 094;rec:iesEmissoraLote02;rec:iesRegistradoraLote04;rec:diplomadoLote092;Brasileira;rec:localNaturalidadeBr3550308;São Paulo;3550308;SP;;rec:cursoLote092;rec:registroLote092;rec:assinaturaLote092;rec:codigoValidacaoLote092;rec:historicoLote092;rec:documentacaoAcademicaLote092;2026-11-14;vocab:Ativo;1.05;urn:fake:diploma:094
diplomaLote093;diplomaLote093;rec:diplomaLote093;DiplomaDigital;Diploma 095;rec:iesEmissoraLote03;rec:iesRegistradoraLote05;rec:diplomadoLote093;Brasileira;rec:localNaturalidadeBr4314902;Porto Alegre;4314902;RS;;rec:cursoLote093;rec:registroLote093;rec:assinaturaLote093;rec:codigoValidacaoLote093;rec:historicoLote093;rec:documentacaoAcademicaLote093;2026-11-17;vocab:Ativo;1.05;urn:fake:diploma:095
diplomaLote094;diplomaLote094;rec:diplomaLote094;DiplomaDigital;Diploma 096;rec:iesEmissoraLote04;rec:iesRegistradoraLote06;rec:diplomadoLote094;Alemã;rec:localNaturalidadeEstrangeiraBerlim;;;;Berlim;rec:cursoLote094;rec:registroLote094;rec:assinaturaLote094;rec:codigoValidacaoLote094;rec:historicoLote094;rec:documentacaoAcademicaLote094;2026-11-20;vocab:Revogado;1.05;urn:fake:diploma:096
diplomaLote095;diplomaLote095;rec:diplomaLote095;DiplomaDigital;Diploma 097;rec:iesEmissoraLote05;rec:iesRegistradoraLote07;rec:diplomadoLote095;Brasileira;rec:localNaturalidadeBr1302603;Manaus;1302603;AM;;rec:cursoLote095;rec:registroLote095;rec:assinaturaLote095;rec:codigoValidacaoLote095;rec:historicoLote095;rec:documentacaoAcademicaLote095;2026-11-23;vocab:Anulado;1.05;urn:fake:diploma:097
diplomaLote096;diplomaLote096;rec:diplomaLote096;DiplomaDigital;Diploma 098;rec:iesEmissoraLote06;rec:iesRegistradoraLote08;rec:diplomadoLote096;Brasileira;rec:localNaturalidadeBr5103403;Cuiabá;5103403;MT;;rec:cursoLote096;rec:registroLote096;rec:assinaturaLote096;rec:codigoValidacaoLote096;rec:historicoLote096;rec:documentacaoAcademicaLote096;2026-11-26;vocab:Ativo;1.05;urn:fake:diploma:098
diplomaLote097;diplomaLote097;rec:diplomaLote097;DiplomaDigital;Diploma 099;rec:iesEmissoraLote07;rec:iesRegistradoraLote01;rec:diplomadoLote097;Brasileira;rec:localNaturalidadeBr2304400;Fortaleza;2304400;CE;;rec:cursoLote097;rec:registroLote097;rec:assinaturaLote097;rec:codigoValidacaoLote097;rec:historicoLote097;rec:documentacaoAcademicaLote097;2026-11-29;vocab:Ativo;1.05;urn:fake:diploma:099
diplomaLote098;diplomaLote098;rec:diplomaLote098;DiplomaDigital;Diploma 100;rec:iesEmissoraLote08;rec:iesRegistradoraLote02;rec:diplomadoLote098;Brasileira;rec:localNaturalidadeBr3304557;Rio de Janeiro;3304557;RJ;;rec:cursoLote098;rec:registroLote098;rec:assinaturaLote098;rec:codigoValidacaoLote098;rec:historicoLote098;rec:documentacaoAcademicaLote098;2026-12-02;vocab:Ativo;1.05;urn:fake:diploma:100
diplomaLote099;diplomaLote099;rec:diplomaLote099;DiplomaDigital;Diploma 101;rec:iesEmissoraLote09;rec:iesRegistradoraLote03;rec:diplomadoLote099;Brasileira;rec:localNaturalidadeBr4205407;Florianópolis;4205407;SC;;rec:cursoLote099;rec:registroLote099;rec:assinaturaLote099;rec:codigoValidacaoLote099;rec:historicoLote099;rec:documentacaoAcademicaLote099;2026-12-05;vocab:Revogado;1.05;urn:fake:diploma:101
diplomaLote100;diplomaLote100;rec:diplomaLote100;DiplomaDigital;Diploma 102;rec:iesEmissoraLote10;rec:iesRegistradoraLote04;rec:diplomadoLote100;Brasileira;rec:localNaturalidadeBr3550308;São Paulo;3550308;SP;;rec:cursoLote100;rec:registroLote100;rec:assinaturaLote100;rec:codigoValidacaoLote100;rec:historicoLote100;rec:documentacaoAcademicaLote100;2026-12-08;vocab:Anulado;1.05;urn:fake:diploma:102
diplomaLote101;diplomaLote101;rec:diplomaLote101;DiplomaDigital;Diploma 103;rec:iesEmissoraLote01;rec:iesRegistradoraLote05;rec:diplomadoLote101;Brasileira;rec:localNaturalidadeBr3204807;São José do Calçado;3204807;ES;;rec:cursoLote101;rec:registroLote101;rec:assinaturaLote101;rec:codigoValidacaoLote101;rec:historicoLote101;rec:documentacaoAcademicaLote101;2026-12-11;vocab:Ativo;1.05;urn:fake:diploma:103
diplomaLote102;diplomaLote102;rec:diplomaLote102;DiplomaDigital;Diploma 104;rec:iesEmissoraLote02;rec:iesRegistradoraLote06;rec:diplomadoLote102;Brasileira;rec:localNaturalidadeBr3550308;São Paulo;3550308;SP;;rec:cursoLote102;rec:registroLote102;rec:assinaturaLote102;rec:codigoValidacaoLote102;rec:historicoLote102;rec:documentacaoAcademicaLote102;2026-12-14;vocab:Ativo;1.05;urn:fake:diploma:104
diplomaLote103;diplomaLote103;rec:diplomaLote103;DiplomaDigital;Diploma 105;rec:iesEmissoraLote03;rec:iesRegistradoraLote07;rec:diplomadoLote103;Brasileira;rec:localNaturalidadeBr2927408;Salvador;2927408;BA;;rec:cursoLote103;rec:registroLote103;rec:assinaturaLote103;rec:codigoValidacaoLote103;rec:historicoLote103;rec:documentacaoAcademicaLote103;2026-12-17;vocab:Ativo;1.05;urn:fake:diploma:105
diplomaLote104;diplomaLote104;rec:diplomaLote104;DiplomaDigital;Diploma 106;rec:iesEmissoraLote04;rec:iesRegistradoraLote08;rec:diplomadoLote104;Brasileira;rec:localNaturalidadeBr5208707;Goiânia;5208707;GO;;rec:cursoLote104;rec:registroLote104;rec:assinaturaLote104;rec:codigoValidacaoLote104;rec:historicoLote104;rec:documentacaoAcademicaLote104;2026-12-20;vocab:Revogado;1.05;urn:fake:diploma:106
diplomaLote105;diplomaLote105;rec:diplomaLote105;DiplomaDigital;Diploma 107;rec:iesEmissoraLote05;rec:iesRegistradoraLote01;rec:diplomadoLote105;Brasileira;rec:localNaturalidadeBr2927408;Salvador;2927408;BA;;rec:cursoLote105;rec:registroLote105;rec:assinaturaLote105;rec:codigoValidacaoLote105;rec:historicoLote105;rec:documentacaoAcademicaLote105;2026-12-23;vocab:Anulado;1.05;urn:fake:diploma:107
diplomaLote106;diplomaLote106;rec:diplomaLote106;DiplomaDigital;Diploma 108;rec:iesEmissoraLote06;rec:iesRegistradoraLote02;rec:diplomadoLote106;Brasileira;rec:localNaturalidadeBr2611606;Recife;2611606;PE;;rec:cursoLote106;rec:registroLote106;rec:assinaturaLote106;rec:codigoValidacaoLote106;rec:historicoLote106;rec:documentacaoAcademicaLote106;2026-12-26;vocab:Ativo;1.05;urn:fake:diploma:108
diplomaLote107;diplomaLote107;rec:diplomaLote107;DiplomaDigital;Diploma 109;rec:iesEmissoraLote07;rec:iesRegistradoraLote03;rec:diplomadoLote107;Brasileira;rec:localNaturalidadeBr4205407;Florianópolis;4205407;SC;;rec:cursoLote107;rec:registroLote107;rec:assinaturaLote107;rec:codigoValidacaoLote107;rec:historicoLote107;rec:documentacaoAcademicaLote107;2026-12-29;vocab:Ativo;1.05;urn:fake:diploma:109
diplomaLote108;diplomaLote108;rec:diplomaLote108;DiplomaDigital;Diploma 110;rec:iesEmissoraLote08;rec:iesRegistradoraLote04;rec:diplomadoLote108;Brasileira;rec:localNaturalidadeBr2927408;Salvador;2927408;BA;;rec:cursoLote108;rec:registroLote108;rec:assinaturaLote108;rec:codigoValidacaoLote108;rec:historicoLote108;rec:documentacaoAcademicaLote108;2027-01-01;vocab:Ativo;1.05;urn:fake:diploma:110
diplomaLote109;diplomaLote109;rec:diplomaLote109;DiplomaDigital;Diploma 111;rec:iesEmissoraLote09;rec:iesRegistradoraLote05;rec:diplomadoLote109;Brasileira;rec:localNaturalidadeBr1100205;Porto Velho;1100205;RO;;rec:cursoLote109;rec:registroLote109;rec:assinaturaLote109;rec:codigoValidacaoLote109;rec:historicoLote109;rec:documentacaoAcademicaLote109;2027-01-04;vocab:Revogado;1.05;urn:fake:diploma:111
diplomaLote110;diplomaLote110;rec:diplomaLote110;DiplomaDigital;Diploma 112;rec:iesEmissoraLote10;rec:iesRegistradoraLote06;rec:diplomadoLote110;Brasileira;rec:localNaturalidadeBr1200401;Rio Branco;1200401;AC;;rec:cursoLote110;rec:registroLote110;rec:assinaturaLote110;rec:codigoValidacaoLote110;rec:historicoLote110;rec:documentacaoAcademicaLote110;2027-01-07;vocab:Anulado;1.05;urn:fake:diploma:112
diplomaLote111;diplomaLote111;rec:diplomaLote111;DiplomaDigital;Diploma 113;rec:iesEmissoraLote01;rec:iesRegistradoraLote07;rec:diplomadoLote111;Brasileira;rec:localNaturalidadeBr5300108;Brasília;5300108;DF;;rec:cursoLote111;rec:registroLote111;rec:assinaturaLote111;rec:codigoValidacaoLote111;rec:historicoLote111;rec:documentacaoAcademicaLote111;2027-01-10;vocab:Ativo;1.05;urn:fake:diploma:113
diplomaLote112;diplomaLote112;rec:diplomaLote112;DiplomaDigital;Diploma 114;rec:iesEmissoraLote02;rec:iesRegistradoraLote08;rec:diplomadoLote112;Brasileira;rec:localNaturalidadeBr3550308;São Paulo;3550308;SP;;rec:cursoLote112;rec:registroLote112;rec:assinaturaLote112;rec:codigoValidacaoLote112;rec:historicoLote112;rec:documentacaoAcademicaLote112;2027-01-13;vocab:Ativo;1.05;urn:fake:diploma:114
diplomaLote113;diplomaLote113;rec:diplomaLote113;DiplomaDigital;Diploma 115;rec:iesEmissoraLote03;rec:iesRegistradoraLote01;rec:diplomadoLote113;Portuguesa;rec:localNaturalidadeEstrangeiraLisboa;;;;Lisboa;rec:cursoLote113;rec:registroLote113;rec:assinaturaLote113;rec:codigoValidacaoLote113;rec:historicoLote113;rec:documentacaoAcademicaLote113;2027-01-16;vocab:Ativo;1.05;urn:fake:diploma:115
diplomaLote114;diplomaLote114;rec:diplomaLote114;DiplomaDigital;Diploma 116;rec:iesEmissoraLote04;rec:iesRegistradoraLote02;rec:diplomadoLote114;Brasileira;rec:localNaturalidadeBr2111300;São Luís;2111300;MA;;rec:cursoLote114;rec:registroLote114;rec:assinaturaLote114;rec:codigoValidacaoLote114;rec:historicoLote114;rec:documentacaoAcademicaLote114;2027-01-19;vocab:Revogado;1.05;urn:fake:diploma:116
diplomaLote115;diplomaLote115;rec:diplomaLote115;DiplomaDigital;Diploma 117;rec:iesEmissoraLote05;rec:iesRegistradoraLote03;rec:diplomadoLote115;Brasileira;rec:localNaturalidadeBr4106902;Curitiba;4106902;PR;;rec:cursoLote115;rec:registroLote115;rec:assinaturaLote115;rec:codigoValidacaoLote115;rec:historicoLote115;rec:documentacaoAcademicaLote115;2027-01-22;vocab:Anulado;1.05;urn:fake:diploma:117
diplomaLote116;diplomaLote116;rec:diplomaLote116;DiplomaDigital;Diploma 118;rec:iesEmissoraLote06;rec:iesRegistradoraLote04;rec:diplomadoLote116;Brasileira;rec:localNaturalidadeBr5208707;Goiânia;5208707;GO;;rec:cursoLote116;rec:registroLote116;rec:assinaturaLote116;rec:codigoValidacaoLote116;rec:historicoLote116;rec:documentacaoAcademicaLote116;2027-01-25;vocab:Ativo;1.05;urn:fake:diploma:118
diplomaLote117;diplomaLote117;rec:diplomaLote117;DiplomaDigital;Diploma 119;rec:iesEmissoraLote07;rec:iesRegistradoraLote05;rec:diplomadoLote117;Brasileira;rec:localNaturalidadeBr3550308;São Paulo;3550308;SP;;rec:cursoLote117;rec:registroLote117;rec:assinaturaLote117;rec:codigoValidacaoLote117;rec:historicoLote117;rec:documentacaoAcademicaLote117;2027-01-28;vocab:Ativo;1.05;urn:fake:diploma:119
diplomaLote118;diplomaLote118;rec:diplomaLote118;DiplomaDigital;Diploma 120;rec:iesEmissoraLote08;rec:iesRegistradoraLote06;rec:diplomadoLote118;Brasileira;rec:localNaturalidadeBr5208707;Goiânia;5208707;GO;;rec:cursoLote118;rec:registroLote118;rec:assinaturaLote118;rec:codigoValidacaoLote118;rec:historicoLote118;rec:documentacaoAcademicaLote118;2027-01-31;vocab:Ativo;1.05;urn:fake:diploma:120
diplomaLote119;diplomaLote119;rec:diplomaLote119;DiplomaDigital;Diploma 121;rec:iesEmissoraLote09;rec:iesRegistradoraLote07;rec:diplomadoLote119;Brasileira;rec:localNaturalidadeBr3106200;Belo Horizonte;3106200;MG;;rec:cursoLote119;rec:registroLote119;rec:assinaturaLote119;rec:codigoValidacaoLote119;rec:historicoLote119;rec:documentacaoAcademicaLote119;2027-02-03;vocab:Revogado;1.05;urn:fake:diploma:121
diplomaLote120;diplomaLote120;rec:diplomaLote120;DiplomaDigital;Diploma 122;rec:iesEmissoraLote10;rec:iesRegistradoraLote08;rec:diplomadoLote120;Brasileira;rec:localNaturalidadeBr2704302;Maceió;2704302;AL;;rec:cursoLote120;rec:registroLote120;rec:assinaturaLote120;rec:codigoValidacaoLote120;rec:historicoLote120;rec:documentacaoAcademicaLote120;2027-02-06;vocab:Anulado;1.05;urn:fake:diploma:122
diplomaLote121;diplomaLote121;rec:diplomaLote121;DiplomaDigital;Diploma 123;rec:iesEmissoraLote01;rec:iesRegistradoraLote01;rec:diplomadoLote121;Brasileira;rec:localNaturalidadeBr2927408;Salvador;2927408;BA;;rec:cursoLote121;rec:registroLote121;rec:assinaturaLote121;rec:codigoValidacaoLote121;rec:historicoLote121;rec:documentacaoAcademicaLote121;2027-02-09;vocab:Ativo;1.05;urn:fake:diploma:123
diplomaLote122;diplomaLote122;rec:diplomaLote122;DiplomaDigital;Diploma 124;rec:iesEmissoraLote02;rec:iesRegistradoraLote02;rec:diplomadoLote122;Brasileira;rec:localNaturalidadeBr2800308;Aracaju;2800308;SE;;rec:cursoLote122;rec:registroLote122;rec:assinaturaLote122;rec:codigoValidacaoLote122;rec:historicoLote122;rec:documentacaoAcademicaLote122;2027-02-12;vocab:Ativo;1.05;urn:fake:diploma:124
diplomaLote123;diplomaLote123;rec:diplomaLote123;DiplomaDigital;Diploma 125;rec:iesEmissoraLote03;rec:iesRegistradoraLote03;rec:diplomadoLote123;Brasileira;rec:localNaturalidadeBr1501402;Belém;1501402;PA;;rec:cursoLote123;rec:registroLote123;rec:assinaturaLote123;rec:codigoValidacaoLote123;rec:historicoLote123;rec:documentacaoAcademicaLote123;2027-02-15;vocab:Ativo;1.05;urn:fake:diploma:125
diplomaLote124;diplomaLote124;rec:diplomaLote124;DiplomaDigital;Diploma 126;rec:iesEmissoraLote04;rec:iesRegistradoraLote04;rec:diplomadoLote124;Brasileira;rec:localNaturalidadeBr2927408;Salvador;2927408;BA;;rec:cursoLote124;rec:registroLote124;rec:assinaturaLote124;rec:codigoValidacaoLote124;rec:historicoLote124;rec:documentacaoAcademicaLote124;2027-02-18;vocab:Revogado;1.05;urn:fake:diploma:126
diplomaLote125;diplomaLote125;rec:diplomaLote125;DiplomaDigital;Diploma 127;rec:iesEmissoraLote05;rec:iesRegistradoraLote05;rec:diplomadoLote125;Brasileira;rec:localNaturalidadeBr2304400;Fortaleza;2304400;CE;;rec:cursoLote125;rec:registroLote125;rec:assinaturaLote125;rec:codigoValidacaoLote125;rec:historicoLote125;rec:documentacaoAcademicaLote125;2027-02-21;vocab:Anulado;1.05;urn:fake:diploma:127
diplomaLote126;diplomaLote126;rec:diplomaLote126;DiplomaDigital;Diploma 128;rec:iesEmissoraLote06;rec:iesRegistradoraLote06;rec:diplomadoLote126;Brasileira;rec:localNaturalidadeBr5300108;Brasília;5300108;DF;;rec:cursoLote126;rec:registroLote126;rec:assinaturaLote126;rec:codigoValidacaoLote126;rec:historicoLote126;rec:documentacaoAcademicaLote126;2027-02-24;vocab:Ativo;1.05;urn:fake:diploma:128
diplomaLote127;diplomaLote127;rec:diplomaLote127;DiplomaDigital;Diploma 129;rec:iesEmissoraLote07;rec:iesRegistradoraLote07;rec:diplomadoLote127;Brasileira;rec:localNaturalidadeBr4314902;Porto Alegre;4314902;RS;;rec:cursoLote127;rec:registroLote127;rec:assinaturaLote127;rec:codigoValidacaoLote127;rec:historicoLote127;rec:documentacaoAcademicaLote127;2027-02-27;vocab:Ativo;1.05;urn:fake:diploma:129
diplomaLote128;diplomaLote128;rec:diplomaLote128;DiplomaDigital;Diploma 130;rec:iesEmissoraLote08;rec:iesRegistradoraLote08;rec:diplomadoLote128;Brasileira;rec:localNaturalidadeBr2611606;Recife;2611606;PE;;rec:cursoLote128;rec:registroLote128;rec:assinaturaLote128;rec:codigoValidacaoLote128;rec:historicoLote128;rec:documentacaoAcademicaLote128;2027-03-02;vocab:Ativo;1.05;urn:fake:diploma:130
diplomaLote129;diplomaLote129;rec:diplomaLote129;DiplomaDigital;Diploma 131;rec:iesEmissoraLote09;rec:iesRegistradoraLote01;rec:diplomadoLote129;Brasileira;rec:localNaturalidadeBr5103403;Cuiabá;5103403;MT;;rec:cursoLote129;rec:registroLote129;rec:assinaturaLote129;rec:codigoValidacaoLote129;rec:historicoLote129;rec:documentacaoAcademicaLote129;2027-03-05;vocab:Revogado;1.05;urn:fake:diploma:131
diplomaLote130;diplomaLote130;rec:diplomaLote130;DiplomaDigital;Diploma 132;rec:iesEmissoraLote10;rec:iesRegistradoraLote02;rec:diplomadoLote130;Brasileira;rec:localNaturalidadeBr5208707;Goiânia;5208707;GO;;rec:cursoLote130;rec:registroLote130;rec:assinaturaLote130;rec:codigoValidacaoLote130;rec:historicoLote130;rec:documentacaoAcademicaLote130;2027-03-08;vocab:Anulado;1.05;urn:fake:diploma:132
diplomaLote131;diplomaLote131;rec:diplomaLote131;DiplomaDigital;Diploma 133;rec:iesEmissoraLote01;rec:iesRegistradoraLote03;rec:diplomadoLote131;Brasileira;rec:localNaturalidadeBr3304557;Rio de Janeiro;3304557;RJ;;rec:cursoLote131;rec:registroLote131;rec:assinaturaLote131;rec:codigoValidacaoLote131;rec:historicoLote131;rec:documentacaoAcademicaLote131;2027-03-11;vocab:Ativo;1.05;urn:fake:diploma:133
diplomaLote132;diplomaLote132;rec:diplomaLote132;DiplomaDigital;Diploma 134;rec:iesEmissoraLote02;rec:iesRegistradoraLote04;rec:diplomadoLote132;Brasileira;rec:localNaturalidadeBr4205407;Florianópolis;4205407;SC;;rec:cursoLote132;rec:registroLote132;rec:assinaturaLote132;rec:codigoValidacaoLote132;rec:historicoLote132;rec:documentacaoAcademicaLote132;2027-03-14;vocab:Ativo;1.05;urn:fake:diploma:134
diplomaLote133;diplomaLote133;rec:diplomaLote133;DiplomaDigital;Diploma 135;rec:iesEmissoraLote03;rec:iesRegistradoraLote05;rec:diplomadoLote133;Brasileira;rec:localNaturalidadeBr5300108;Brasília;5300108;DF;;rec:cursoLote133;rec:registroLote133;rec:assinaturaLote133;rec:codigoValidacaoLote133;rec:historicoLote133;rec:documentacaoAcademicaLote133;2027-03-17;vocab:Ativo;1.05;urn:fake:diploma:135
diplomaLote134;diplomaLote134;rec:diplomaLote134;DiplomaDigital;Diploma 136;rec:iesEmissoraLote04;rec:iesRegistradoraLote06;rec:diplomadoLote134;Brasileira;rec:localNaturalidadeBr3550308;São Paulo;3550308;SP;;rec:cursoLote134;rec:registroLote134;rec:assinaturaLote134;rec:codigoValidacaoLote134;rec:historicoLote134;rec:documentacaoAcademicaLote134;2027-03-20;vocab:Revogado;1.05;urn:fake:diploma:136
diplomaLote135;diplomaLote135;rec:diplomaLote135;DiplomaDigital;Diploma 137;rec:iesEmissoraLote05;rec:iesRegistradoraLote07;rec:diplomadoLote135;Brasileira;rec:localNaturalidadeBr3106200;Belo Horizonte;3106200;MG;;rec:cursoLote135;rec:registroLote135;rec:assinaturaLote135;rec:codigoValidacaoLote135;rec:historicoLote135;rec:documentacaoAcademicaLote135;2027-03-23;vocab:Anulado;1.05;urn:fake:diploma:137
diplomaLote136;diplomaLote136;rec:diplomaLote136;DiplomaDigital;Diploma 138;rec:iesEmissoraLote06;rec:iesRegistradoraLote08;rec:diplomadoLote136;Brasileira;rec:localNaturalidadeBr3550308;São Paulo;3550308;SP;;rec:cursoLote136;rec:registroLote136;rec:assinaturaLote136;rec:codigoValidacaoLote136;rec:historicoLote136;rec:documentacaoAcademicaLote136;2027-03-26;vocab:Ativo;1.05;urn:fake:diploma:138
diplomaLote137;diplomaLote137;rec:diplomaLote137;DiplomaDigital;Diploma 139;rec:iesEmissoraLote07;rec:iesRegistradoraLote01;rec:diplomadoLote137;Brasileira;rec:localNaturalidadeBr5300108;Brasília;5300108;DF;;rec:cursoLote137;rec:registroLote137;rec:assinaturaLote137;rec:codigoValidacaoLote137;rec:historicoLote137;rec:documentacaoAcademicaLote137;2027-03-29;vocab:Ativo;1.05;urn:fake:diploma:139
diplomaLote138;diplomaLote138;rec:diplomaLote138;DiplomaDigital;Diploma 140;rec:iesEmissoraLote08;rec:iesRegistradoraLote02;rec:diplomadoLote138;Brasileira;rec:localNaturalidadeBr2611606;Recife;2611606;PE;;rec:cursoLote138;rec:registroLote138;rec:assinaturaLote138;rec:codigoValidacaoLote138;rec:historicoLote138;rec:documentacaoAcademicaLote138;2027-04-01;vocab:Ativo;1.05;urn:fake:diploma:140
diplomaLote139;diplomaLote139;rec:diplomaLote139;DiplomaDigital;Diploma 141;rec:iesEmissoraLote09;rec:iesRegistradoraLote03;rec:diplomadoLote139;Brasileira;rec:localNaturalidadeBr2111300;São Luís;2111300;MA;;rec:cursoLote139;rec:registroLote139;rec:assinaturaLote139;rec:codigoValidacaoLote139;rec:historicoLote139;rec:documentacaoAcademicaLote139;2027-04-04;vocab:Revogado;1.05;urn:fake:diploma:141
diplomaLote140;diplomaLote140;rec:diplomaLote140;DiplomaDigital;Diploma 142;rec:iesEmissoraLote10;rec:iesRegistradoraLote04;rec:diplomadoLote140;Brasileira;rec:localNaturalidadeBr2211001;Teresina;2211001;PI;;rec:cursoLote140;rec:registroLote140;rec:assinaturaLote140;rec:codigoValidacaoLote140;rec:historicoLote140;rec:documentacaoAcademicaLote140;2027-04-07;vocab:Anulado;1.05;urn:fake:diploma:142
diplomaLote141;diplomaLote141;rec:diplomaLote141;DiplomaDigital;Diploma 143;rec:iesEmissoraLote01;rec:iesRegistradoraLote05;rec:diplomadoLote141;Brasileira;rec:localNaturalidadeBr3304557;Rio de Janeiro;3304557;RJ;;rec:cursoLote141;rec:registroLote141;rec:assinaturaLote141;rec:codigoValidacaoLote141;rec:historicoLote141;rec:documentacaoAcademicaLote141;2027-04-10;vocab:Ativo;1.05;urn:fake:diploma:143
diplomaLote142;diplomaLote142;rec:diplomaLote142;DiplomaDigital;Diploma 144;rec:iesEmissoraLote02;rec:iesRegistradoraLote06;rec:diplomadoLote142;Brasileira;rec:localNaturalidadeBr2927408;Salvador;2927408;BA;;rec:cursoLote142;rec:registroLote142;rec:assinaturaLote142;rec:codigoValidacaoLote142;rec:historicoLote142;rec:documentacaoAcademicaLote142;2027-04-13;vocab:Ativo;1.05;urn:fake:diploma:144
diplomaLote143;diplomaLote143;rec:diplomaLote143;DiplomaDigital;Diploma 145;rec:iesEmissoraLote03;rec:iesRegistradoraLote07;rec:diplomadoLote143;Brasileira;rec:localNaturalidadeBr2927408;Salvador;2927408;BA;;rec:cursoLote143;rec:registroLote143;rec:assinaturaLote143;rec:codigoValidacaoLote143;rec:historicoLote143;rec:documentacaoAcademicaLote143;2027-04-16;vocab:Ativo;1.05;urn:fake:diploma:145
diplomaLote144;diplomaLote144;rec:diplomaLote144;DiplomaDigital;Diploma 146;rec:iesEmissoraLote04;rec:iesRegistradoraLote08;rec:diplomadoLote144;Brasileira;rec:localNaturalidadeBr3550308;São Paulo;3550308;SP;;rec:cursoLote144;rec:registroLote144;rec:assinaturaLote144;rec:codigoValidacaoLote144;rec:historicoLote144;rec:documentacaoAcademicaLote144;2027-04-19;vocab:Revogado;1.05;urn:fake:diploma:146
diplomaLote145;diplomaLote145;rec:diplomaLote145;DiplomaDigital;Diploma 147;rec:iesEmissoraLote05;rec:iesRegistradoraLote01;rec:diplomadoLote145;Brasileira;rec:localNaturalidadeBr3304557;Rio de Janeiro;3304557;RJ;;rec:cursoLote145;rec:registroLote145;rec:assinaturaLote145;rec:codigoValidacaoLote145;rec:historicoLote145;rec:documentacaoAcademicaLote145;2027-04-22;vocab:Anulado;1.05;urn:fake:diploma:147
diplomaLote146;diplomaLote146;rec:diplomaLote146;DiplomaDigital;Diploma 148;rec:iesEmissoraLote06;rec:iesRegistradoraLote02;rec:diplomadoLote146;Brasileira;rec:localNaturalidadeBr2927408;Salvador;2927408;BA;;rec:cursoLote146;rec:registroLote146;rec:assinaturaLote146;rec:codigoValidacaoLote146;rec:historicoLote146;rec:documentacaoAcademicaLote146;2027-04-25;vocab:Ativo;1.05;urn:fake:diploma:148
diplomaLote147;diplomaLote147;rec:diplomaLote147;DiplomaDigital;Diploma 149;rec:iesEmissoraLote07;rec:iesRegistradoraLote03;rec:diplomadoLote147;Portuguesa;rec:localNaturalidadeEstrangeiraLisboa;;;;Lisboa;rec:cursoLote147;rec:registroLote147;rec:assinaturaLote147;rec:codigoValidacaoLote147;rec:historicoLote147;rec:documentacaoAcademicaLote147;2027-04-28;vocab:Ativo;1.05;urn:fake:diploma:149
diplomaLote148;diplomaLote148;rec:diplomaLote148;DiplomaDigital;Diploma 150;rec:iesEmissoraLote08;rec:iesRegistradoraLote04;rec:diplomadoLote148;Brasileira;rec:localNaturalidadeBr4106902;Curitiba;4106902;PR;;rec:cursoLote148;rec:registroLote148;rec:assinaturaLote148;rec:codigoValidacaoLote148;rec:historicoLote148;rec:documentacaoAcademicaLote148;2027-05-01;vocab:Ativo;1.05;urn:fake:diploma:150
diplomaLote149;diplomaLote149;rec:diplomaLote149;DiplomaDigital;Diploma 151;rec:iesEmissoraLote09;rec:iesRegistradoraLote05;rec:diplomadoLote149;Brasileira;rec:localNaturalidadeBr2800308;Aracaju;2800308;SE;;rec:cursoLote149;rec:registroLote149;rec:assinaturaLote149;rec:codigoValidacaoLote149;rec:historicoLote149;rec:documentacaoAcademicaLote149;2027-05-04;vocab:Revogado;1.05;urn:fake:diploma:151
diplomaLote150;diplomaLote150;rec:diplomaLote150;DiplomaDigital;Diploma 152;rec:iesEmissoraLote10;rec:iesRegistradoraLote06;rec:diplomadoLote150;Brasileira;rec:localNaturalidadeBr4106902;Curitiba;4106902;PR;;rec:cursoLote150;rec:registroLote150;rec:assinaturaLote150;rec:codigoValidacaoLote150;rec:historicoLote150;rec:documentacaoAcademicaLote150;2027-05-07;vocab:Anulado;1.05;urn:fake:diploma:152
diplomaLote151;diplomaLote151;rec:diplomaLote151;DiplomaDigital;Diploma 153;rec:iesEmissoraLote01;rec:iesRegistradoraLote07;rec:diplomadoLote151;Brasileira;rec:localNaturalidadeBr3304557;Rio de Janeiro;3304557;RJ;;rec:cursoLote151;rec:registroLote151;rec:assinaturaLote151;rec:codigoValidacaoLote151;rec:historicoLote151;rec:documentacaoAcademicaLote151;2027-05-10;vocab:Ativo;1.05;urn:fake:diploma:153
diplomaLote152;diplomaLote152;rec:diplomaLote152;DiplomaDigital;Diploma 154;rec:iesEmissoraLote02;rec:iesRegistradoraLote08;rec:diplomadoLote152;Brasileira;rec:localNaturalidadeBr2304400;Fortaleza;2304400;CE;;rec:cursoLote152;rec:registroLote152;rec:assinaturaLote152;rec:codigoValidacaoLote152;rec:historicoLote152;rec:documentacaoAcademicaLote152;2027-05-13;vocab:Ativo;1.05;urn:fake:diploma:154
diplomaLote153;diplomaLote153;rec:diplomaLote153;DiplomaDigital;Diploma 155;rec:iesEmissoraLote03;rec:iesRegistradoraLote01;rec:diplomadoLote153;Brasileira;rec:localNaturalidadeBr5002704;Campo Grande;5002704;MS;;rec:cursoLote153;rec:registroLote153;rec:assinaturaLote153;rec:codigoValidacaoLote153;rec:historicoLote153;rec:documentacaoAcademicaLote153;2027-05-16;vocab:Ativo;1.05;urn:fake:diploma:155
diplomaLote154;diplomaLote154;rec:diplomaLote154;DiplomaDigital;Diploma 156;rec:iesEmissoraLote04;rec:iesRegistradoraLote02;rec:diplomadoLote154;Brasileira;rec:localNaturalidadeBr1302603;Manaus;1302603;AM;;rec:cursoLote154;rec:registroLote154;rec:assinaturaLote154;rec:codigoValidacaoLote154;rec:historicoLote154;rec:documentacaoAcademicaLote154;2027-05-19;vocab:Revogado;1.05;urn:fake:diploma:156
diplomaLote155;diplomaLote155;rec:diplomaLote155;DiplomaDigital;Diploma 157;rec:iesEmissoraLote05;rec:iesRegistradoraLote03;rec:diplomadoLote155;Brasileira;rec:localNaturalidadeBr4314902;Porto Alegre;4314902;RS;;rec:cursoLote155;rec:registroLote155;rec:assinaturaLote155;rec:codigoValidacaoLote155;rec:historicoLote155;rec:documentacaoAcademicaLote155;2027-05-22;vocab:Anulado;1.05;urn:fake:diploma:157
diplomaLote156;diplomaLote156;rec:diplomaLote156;DiplomaDigital;Diploma 158;rec:iesEmissoraLote06;rec:iesRegistradoraLote04;rec:diplomadoLote156;Brasileira;rec:localNaturalidadeBr1200401;Rio Branco;1200401;AC;;rec:cursoLote156;rec:registroLote156;rec:assinaturaLote156;rec:codigoValidacaoLote156;rec:historicoLote156;rec:documentacaoAcademicaLote156;2027-05-25;vocab:Ativo;1.05;urn:fake:diploma:158
diplomaLote157;diplomaLote157;rec:diplomaLote157;DiplomaDigital;Diploma 159;rec:iesEmissoraLote07;rec:iesRegistradoraLote05;rec:diplomadoLote157;Brasileira;rec:localNaturalidadeBr2408102;Natal;2408102;RN;;rec:cursoLote157;rec:registroLote157;rec:assinaturaLote157;rec:codigoValidacaoLote157;rec:historicoLote157;rec:documentacaoAcademicaLote157;2027-05-28;vocab:Ativo;1.05;urn:fake:diploma:159
diplomaLote158;diplomaLote158;rec:diplomaLote158;DiplomaDigital;Diploma 160;rec:iesEmissoraLote08;rec:iesRegistradoraLote06;rec:diplomadoLote158;Brasileira;rec:localNaturalidadeBr4106902;Curitiba;4106902;PR;;rec:cursoLote158;rec:registroLote158;rec:assinaturaLote158;rec:codigoValidacaoLote158;rec:historicoLote158;rec:documentacaoAcademicaLote158;2027-05-31;vocab:Ativo;1.05;urn:fake:diploma:160
diplomaLote159;diplomaLote159;rec:diplomaLote159;DiplomaDigital;Diploma 161;rec:iesEmissoraLote09;rec:iesRegistradoraLote07;rec:diplomadoLote159;Brasileira;rec:localNaturalidadeBr4106902;Curitiba;4106902;PR;;rec:cursoLote159;rec:registroLote159;rec:assinaturaLote159;rec:codigoValidacaoLote159;rec:historicoLote159;rec:documentacaoAcademicaLote159;2027-06-03;vocab:Revogado;1.05;urn:fake:diploma:161
diplomaLote160;diplomaLote160;rec:diplomaLote160;DiplomaDigital;Diploma 162;rec:iesEmissoraLote10;rec:iesRegistradoraLote08;rec:diplomadoLote160;Brasileira;rec:localNaturalidadeBr3204807;São José do Calçado;3204807;ES;;rec:cursoLote160;rec:registroLote160;rec:assinaturaLote160;rec:codigoValidacaoLote160;rec:historicoLote160;rec:documentacaoAcademicaLote160;2027-06-06;vocab:Anulado;1.05;urn:fake:diploma:162
diplomaLote161;diplomaLote161;rec:diplomaLote161;DiplomaDigital;Diploma 163;rec:iesEmissoraLote01;rec:iesRegistradoraLote01;rec:diplomadoLote161;Brasileira;rec:localNaturalidadeBr1400100;Boa Vista;1400100;RR;;rec:cursoLote161;rec:registroLote161;rec:assinaturaLote161;rec:codigoValidacaoLote161;rec:historicoLote161;rec:documentacaoAcademicaLote161;2027-06-09;vocab:Ativo;1.05;urn:fake:diploma:163
diplomaLote162;diplomaLote162;rec:diplomaLote162;DiplomaDigital;Diploma 164;rec:iesEmissoraLote02;rec:iesRegistradoraLote02;rec:diplomadoLote162;Brasileira;rec:localNaturalidadeBr5300108;Brasília;5300108;DF;;rec:cursoLote162;rec:registroLote162;rec:assinaturaLote162;rec:codigoValidacaoLote162;rec:historicoLote162;rec:documentacaoAcademicaLote162;2027-06-12;vocab:Ativo;1.05;urn:fake:diploma:164
diplomaLote163;diplomaLote163;rec:diplomaLote163;DiplomaDigital;Diploma 165;rec:iesEmissoraLote03;rec:iesRegistradoraLote03;rec:diplomadoLote163;Brasileira;rec:localNaturalidadeBr5300108;Brasília;5300108;DF;;rec:cursoLote163;rec:registroLote163;rec:assinaturaLote163;rec:codigoValidacaoLote163;rec:historicoLote163;rec:documentacaoAcademicaLote163;2027-06-15;vocab:Ativo;1.05;urn:fake:diploma:165
diplomaLote164;diplomaLote164;rec:diplomaLote164;DiplomaDigital;Diploma 166;rec:iesEmissoraLote04;rec:iesRegistradoraLote04;rec:diplomadoLote164;Brasileira;rec:localNaturalidadeBr3304557;Rio de Janeiro;3304557;RJ;;rec:cursoLote164;rec:registroLote164;rec:assinaturaLote164;rec:codigoValidacaoLote164;rec:historicoLote164;rec:documentacaoAcademicaLote164;2027-06-18;vocab:Revogado;1.05;urn:fake:diploma:166
diplomaLote165;diplomaLote165;rec:diplomaLote165;DiplomaDigital;Diploma 167;rec:iesEmissoraLote05;rec:iesRegistradoraLote05;rec:diplomadoLote165;Italiana;rec:localNaturalidadeEstrangeiraRoma;;;;Roma;rec:cursoLote165;rec:registroLote165;rec:assinaturaLote165;rec:codigoValidacaoLote165;rec:historicoLote165;rec:documentacaoAcademicaLote165;2027-06-21;vocab:Anulado;1.05;urn:fake:diploma:167
diplomaLote166;diplomaLote166;rec:diplomaLote166;DiplomaDigital;Diploma 168;rec:iesEmissoraLote06;rec:iesRegistradoraLote06;rec:diplomadoLote166;Brasileira;rec:localNaturalidadeBr4205407;Florianópolis;4205407;SC;;rec:cursoLote166;rec:registroLote166;rec:assinaturaLote166;rec:codigoValidacaoLote166;rec:historicoLote166;rec:documentacaoAcademicaLote166;2027-06-24;vocab:Ativo;1.05;urn:fake:diploma:168
diplomaLote167;diplomaLote167;rec:diplomaLote167;DiplomaDigital;Diploma 169;rec:iesEmissoraLote07;rec:iesRegistradoraLote07;rec:diplomadoLote167;Brasileira;rec:localNaturalidadeBr2408102;Natal;2408102;RN;;rec:cursoLote167;rec:registroLote167;rec:assinaturaLote167;rec:codigoValidacaoLote167;rec:historicoLote167;rec:documentacaoAcademicaLote167;2027-06-27;vocab:Ativo;1.05;urn:fake:diploma:169
diplomaLote168;diplomaLote168;rec:diplomaLote168;DiplomaDigital;Diploma 170;rec:iesEmissoraLote08;rec:iesRegistradoraLote08;rec:diplomadoLote168;Brasileira;rec:localNaturalidadeBr3550308;São Paulo;3550308;SP;;rec:cursoLote168;rec:registroLote168;rec:assinaturaLote168;rec:codigoValidacaoLote168;rec:historicoLote168;rec:documentacaoAcademicaLote168;2027-06-30;vocab:Ativo;1.05;urn:fake:diploma:170
diplomaLote169;diplomaLote169;rec:diplomaLote169;DiplomaDigital;Diploma 171;rec:iesEmissoraLote09;rec:iesRegistradoraLote01;rec:diplomadoLote169;Brasileira;rec:localNaturalidadeBr1721000;Palmas;1721000;TO;;rec:cursoLote169;rec:registroLote169;rec:assinaturaLote169;rec:codigoValidacaoLote169;rec:historicoLote169;rec:documentacaoAcademicaLote169;2027-07-03;vocab:Revogado;1.05;urn:fake:diploma:171
diplomaLote170;diplomaLote170;rec:diplomaLote170;DiplomaDigital;Diploma 172;rec:iesEmissoraLote10;rec:iesRegistradoraLote02;rec:diplomadoLote170;Cabo-verdiana;rec:localNaturalidadeEstrangeiraPraia;;;;Praia;rec:cursoLote170;rec:registroLote170;rec:assinaturaLote170;rec:codigoValidacaoLote170;rec:historicoLote170;rec:documentacaoAcademicaLote170;2027-07-06;vocab:Anulado;1.05;urn:fake:diploma:172
diplomaLote171;diplomaLote171;rec:diplomaLote171;DiplomaDigital;Diploma 173;rec:iesEmissoraLote01;rec:iesRegistradoraLote03;rec:diplomadoLote171;Brasileira;rec:localNaturalidadeBr3550308;São Paulo;3550308;SP;;rec:cursoLote171;rec:registroLote171;rec:assinaturaLote171;rec:codigoValidacaoLote171;rec:historicoLote171;rec:documentacaoAcademicaLote171;2027-07-09;vocab:Ativo;1.05;urn:fake:diploma:173
diplomaLote172;diplomaLote172;rec:diplomaLote172;DiplomaDigital;Diploma 174;rec:iesEmissoraLote02;rec:iesRegistradoraLote04;rec:diplomadoLote172;Angolana;rec:localNaturalidadeEstrangeiraLuanda;;;;Luanda;rec:cursoLote172;rec:registroLote172;rec:assinaturaLote172;rec:codigoValidacaoLote172;rec:historicoLote172;rec:documentacaoAcademicaLote172;2027-07-12;vocab:Ativo;1.05;urn:fake:diploma:174
diplomaLote173;diplomaLote173;rec:diplomaLote173;DiplomaDigital;Diploma 175;rec:iesEmissoraLote03;rec:iesRegistradoraLote05;rec:diplomadoLote173;Brasileira;rec:localNaturalidadeBr3106200;Belo Horizonte;3106200;MG;;rec:cursoLote173;rec:registroLote173;rec:assinaturaLote173;rec:codigoValidacaoLote173;rec:historicoLote173;rec:documentacaoAcademicaLote173;2027-07-15;vocab:Ativo;1.05;urn:fake:diploma:175
diplomaLote174;diplomaLote174;rec:diplomaLote174;DiplomaDigital;Diploma 176;rec:iesEmissoraLote04;rec:iesRegistradoraLote06;rec:diplomadoLote174;Brasileira;rec:localNaturalidadeBr5103403;Cuiabá;5103403;MT;;rec:cursoLote174;rec:registroLote174;rec:assinaturaLote174;rec:codigoValidacaoLote174;rec:historicoLote174;rec:documentacaoAcademicaLote174;2027-07-18;vocab:Revogado;1.05;urn:fake:diploma:176
diplomaLote175;diplomaLote175;rec:diplomaLote175;DiplomaDigital;Diploma 177;rec:iesEmissoraLote05;rec:iesRegistradoraLote07;rec:diplomadoLote175;Brasileira;rec:localNaturalidadeBr2611606;Recife;2611606;PE;;rec:cursoLote175;rec:registroLote175;rec:assinaturaLote175;rec:codigoValidacaoLote175;rec:historicoLote175;rec:documentacaoAcademicaLote175;2027-07-21;vocab:Anulado;1.05;urn:fake:diploma:177
diplomaLote176;diplomaLote176;rec:diplomaLote176;DiplomaDigital;Diploma 178;rec:iesEmissoraLote06;rec:iesRegistradoraLote08;rec:diplomadoLote176;Brasileira;rec:localNaturalidadeBr2304400;Fortaleza;2304400;CE;;rec:cursoLote176;rec:registroLote176;rec:assinaturaLote176;rec:codigoValidacaoLote176;rec:historicoLote176;rec:documentacaoAcademicaLote176;2027-07-24;vocab:Ativo;1.05;urn:fake:diploma:178
diplomaLote177;diplomaLote177;rec:diplomaLote177;DiplomaDigital;Diploma 179;rec:iesEmissoraLote07;rec:iesRegistradoraLote01;rec:diplomadoLote177;Brasileira;rec:localNaturalidadeBr3550308;São Paulo;3550308;SP;;rec:cursoLote177;rec:registroLote177;rec:assinaturaLote177;rec:codigoValidacaoLote177;rec:historicoLote177;rec:documentacaoAcademicaLote177;2027-07-27;vocab:Ativo;1.05;urn:fake:diploma:179
diplomaLote178;diplomaLote178;rec:diplomaLote178;DiplomaDigital;Diploma 180;rec:iesEmissoraLote08;rec:iesRegistradoraLote02;rec:diplomadoLote178;Brasileira;rec:localNaturalidadeBr3106200;Belo Horizonte;3106200;MG;;rec:cursoLote178;rec:registroLote178;rec:assinaturaLote178;rec:codigoValidacaoLote178;rec:historicoLote178;rec:documentacaoAcademicaLote178;2027-07-30;vocab:Ativo;1.05;urn:fake:diploma:180
diplomaLote179;diplomaLote179;rec:diplomaLote179;DiplomaDigital;Diploma 181;rec:iesEmissoraLote09;rec:iesRegistradoraLote03;rec:diplomadoLote179;Brasileira;rec:localNaturalidadeBr1200401;Rio Branco;1200401;AC;;rec:cursoLote179;rec:registroLote179;rec:assinaturaLote179;rec:codigoValidacaoLote179;rec:historicoLote179;rec:documentacaoAcademicaLote179;2027-08-02;vocab:Revogado;1.05;urn:fake:diploma:181
diplomaLote180;diplomaLote180;rec:diplomaLote180;DiplomaDigital;Diploma 182;rec:iesEmissoraLote10;rec:iesRegistradoraLote04;rec:diplomadoLote180;Brasileira;rec:localNaturalidadeBr2704302;Maceió;2704302;AL;;rec:cursoLote180;rec:registroLote180;rec:assinaturaLote180;rec:codigoValidacaoLote180;rec:historicoLote180;rec:documentacaoAcademicaLote180;2027-08-05;vocab:Anulado;1.05;urn:fake:diploma:182
diplomaLote181;diplomaLote181;rec:diplomaLote181;DiplomaDigital;Diploma 183;rec:iesEmissoraLote01;rec:iesRegistradoraLote05;rec:diplomadoLote181;Brasileira;rec:localNaturalidadeBr3304557;Rio de Janeiro;3304557;RJ;;rec:cursoLote181;rec:registroLote181;rec:assinaturaLote181;rec:codigoValidacaoLote181;rec:historicoLote181;rec:documentacaoAcademicaLote181;2027-08-08;vocab:Ativo;1.05;urn:fake:diploma:183
diplomaLote182;diplomaLote182;rec:diplomaLote182;DiplomaDigital;Diploma 184;rec:iesEmissoraLote02;rec:iesRegistradoraLote06;rec:diplomadoLote182;Brasileira;rec:localNaturalidadeBr4106902;Curitiba;4106902;PR;;rec:cursoLote182;rec:registroLote182;rec:assinaturaLote182;rec:codigoValidacaoLote182;rec:historicoLote182;rec:documentacaoAcademicaLote182;2027-08-11;vocab:Ativo;1.05;urn:fake:diploma:184
diplomaLote183;diplomaLote183;rec:diplomaLote183;DiplomaDigital;Diploma 185;rec:iesEmissoraLote03;rec:iesRegistradoraLote07;rec:diplomadoLote183;Brasileira;rec:localNaturalidadeBr3304557;Rio de Janeiro;3304557;RJ;;rec:cursoLote183;rec:registroLote183;rec:assinaturaLote183;rec:codigoValidacaoLote183;rec:historicoLote183;rec:documentacaoAcademicaLote183;2027-08-14;vocab:Ativo;1.05;urn:fake:diploma:185
diplomaLote184;diplomaLote184;rec:diplomaLote184;DiplomaDigital;Diploma 186;rec:iesEmissoraLote04;rec:iesRegistradoraLote08;rec:diplomadoLote184;Estadunidense;rec:localNaturalidadeEstrangeiraNovaIorque;;;;Nova Iorque;rec:cursoLote184;rec:registroLote184;rec:assinaturaLote184;rec:codigoValidacaoLote184;rec:historicoLote184;rec:documentacaoAcademicaLote184;2027-08-17;vocab:Revogado;1.05;urn:fake:diploma:186
diplomaLote185;diplomaLote185;rec:diplomaLote185;DiplomaDigital;Diploma 187;rec:iesEmissoraLote05;rec:iesRegistradoraLote01;rec:diplomadoLote185;Brasileira;rec:localNaturalidadeBr1100205;Porto Velho;1100205;RO;;rec:cursoLote185;rec:registroLote185;rec:assinaturaLote185;rec:codigoValidacaoLote185;rec:historicoLote185;rec:documentacaoAcademicaLote185;2027-08-20;vocab:Anulado;1.05;urn:fake:diploma:187
diplomaLote186;diplomaLote186;rec:diplomaLote186;DiplomaDigital;Diploma 188;rec:iesEmissoraLote06;rec:iesRegistradoraLote02;rec:diplomadoLote186;Brasileira;rec:localNaturalidadeBr1302603;Manaus;1302603;AM;;rec:cursoLote186;rec:registroLote186;rec:assinaturaLote186;rec:codigoValidacaoLote186;rec:historicoLote186;rec:documentacaoAcademicaLote186;2027-08-23;vocab:Ativo;1.05;urn:fake:diploma:188
diplomaLote187;diplomaLote187;rec:diplomaLote187;DiplomaDigital;Diploma 189;rec:iesEmissoraLote07;rec:iesRegistradoraLote03;rec:diplomadoLote187;Brasileira;rec:localNaturalidadeBr2507507;João Pessoa;2507507;PB;;rec:cursoLote187;rec:registroLote187;rec:assinaturaLote187;rec:codigoValidacaoLote187;rec:historicoLote187;rec:documentacaoAcademicaLote187;2027-08-26;vocab:Ativo;1.05;urn:fake:diploma:189
diplomaLote188;diplomaLote188;rec:diplomaLote188;DiplomaDigital;Diploma 190;rec:iesEmissoraLote08;rec:iesRegistradoraLote04;rec:diplomadoLote188;Brasileira;rec:localNaturalidadeBr3550308;São Paulo;3550308;SP;;rec:cursoLote188;rec:registroLote188;rec:assinaturaLote188;rec:codigoValidacaoLote188;rec:historicoLote188;rec:documentacaoAcademicaLote188;2027-08-29;vocab:Ativo;1.05;urn:fake:diploma:190
diplomaLote189;diplomaLote189;rec:diplomaLote189;DiplomaDigital;Diploma 191;rec:iesEmissoraLote09;rec:iesRegistradoraLote05;rec:diplomadoLote189;Brasileira;rec:localNaturalidadeBr1501402;Belém;1501402;PA;;rec:cursoLote189;rec:registroLote189;rec:assinaturaLote189;rec:codigoValidacaoLote189;rec:historicoLote189;rec:documentacaoAcademicaLote189;2027-09-01;vocab:Revogado;1.05;urn:fake:diploma:191
diplomaLote190;diplomaLote190;rec:diplomaLote190;DiplomaDigital;Diploma 192;rec:iesEmissoraLote10;rec:iesRegistradoraLote06;rec:diplomadoLote190;Brasileira;rec:localNaturalidadeBr2111300;São Luís;2111300;MA;;rec:cursoLote190;rec:registroLote190;rec:assinaturaLote190;rec:codigoValidacaoLote190;rec:historicoLote190;rec:documentacaoAcademicaLote190;2027-09-04;vocab:Anulado;1.05;urn:fake:diploma:192
diplomaLote191;diplomaLote191;rec:diplomaLote191;DiplomaDigital;Diploma 193;rec:iesEmissoraLote01;rec:iesRegistradoraLote07;rec:diplomadoLote191;Brasileira;rec:localNaturalidadeBr3106200;Belo Horizonte;3106200;MG;;rec:cursoLote191;rec:registroLote191;rec:assinaturaLote191;rec:codigoValidacaoLote191;rec:historicoLote191;rec:documentacaoAcademicaLote191;2027-09-07;vocab:Ativo;1.05;urn:fake:diploma:193
diplomaLote192;diplomaLote192;rec:diplomaLote192;DiplomaDigital;Diploma 194;rec:iesEmissoraLote02;rec:iesRegistradoraLote08;rec:diplomadoLote192;Brasileira;rec:localNaturalidadeBr2611606;Recife;2611606;PE;;rec:cursoLote192;rec:registroLote192;rec:assinaturaLote192;rec:codigoValidacaoLote192;rec:historicoLote192;rec:documentacaoAcademicaLote192;2027-09-10;vocab:Ativo;1.05;urn:fake:diploma:194
diplomaLote193;diplomaLote193;rec:diplomaLote193;DiplomaDigital;Diploma 195;rec:iesEmissoraLote03;rec:iesRegistradoraLote01;rec:diplomadoLote193;Brasileira;rec:localNaturalidadeBr3304557;Rio de Janeiro;3304557;RJ;;rec:cursoLote193;rec:registroLote193;rec:assinaturaLote193;rec:codigoValidacaoLote193;rec:historicoLote193;rec:documentacaoAcademicaLote193;2027-09-13;vocab:Ativo;1.05;urn:fake:diploma:195
diplomaLote194;diplomaLote194;rec:diplomaLote194;DiplomaDigital;Diploma 196;rec:iesEmissoraLote04;rec:iesRegistradoraLote02;rec:diplomadoLote194;Brasileira;rec:localNaturalidadeBr5208707;Goiânia;5208707;GO;;rec:cursoLote194;rec:registroLote194;rec:assinaturaLote194;rec:codigoValidacaoLote194;rec:historicoLote194;rec:documentacaoAcademicaLote194;2027-09-16;vocab:Revogado;1.05;urn:fake:diploma:196
diplomaLote195;diplomaLote195;rec:diplomaLote195;DiplomaDigital;Diploma 197;rec:iesEmissoraLote05;rec:iesRegistradoraLote03;rec:diplomadoLote195;Brasileira;rec:localNaturalidadeBr3204807;São José do Calçado;3204807;ES;;rec:cursoLote195;rec:registroLote195;rec:assinaturaLote195;rec:codigoValidacaoLote195;rec:historicoLote195;rec:documentacaoAcademicaLote195;2027-09-19;vocab:Anulado;1.05;urn:fake:diploma:197
diplomaLote196;diplomaLote196;rec:diplomaLote196;DiplomaDigital;Diploma 198;rec:iesEmissoraLote06;rec:iesRegistradoraLote04;rec:diplomadoLote196;Brasileira;rec:localNaturalidadeBr2927408;Salvador;2927408;BA;;rec:cursoLote196;rec:registroLote196;rec:assinaturaLote196;rec:codigoValidacaoLote196;rec:historicoLote196;rec:documentacaoAcademicaLote196;2027-09-22;vocab:Ativo;1.05;urn:fake:diploma:198
diplomaLote197;diplomaLote197;rec:diplomaLote197;DiplomaDigital;Diploma 199;rec:iesEmissoraLote07;rec:iesRegistradoraLote05;rec:diplomadoLote197;Brasileira;rec:localNaturalidadeBr2704302;Maceió;2704302;AL;;rec:cursoLote197;rec:registroLote197;rec:assinaturaLote197;rec:codigoValidacaoLote197;rec:historicoLote197;rec:documentacaoAcademicaLote197;2027-09-25;vocab:Ativo;1.05;urn:fake:diploma:199
diplomaLote198;diplomaLote198;rec:diplomaLote198;DiplomaDigital;Diploma 200;rec:iesEmissoraLote08;rec:iesRegistradoraLote06;rec:diplomadoLote198;Brasileira;rec:localNaturalidadeBr5103403;Cuiabá;5103403;MT;;rec:cursoLote198;rec:registroLote198;rec:assinaturaLote198;rec:codigoValidacaoLote198;rec:historicoLote198;rec:documentacaoAcademicaLote198;2027-09-28;vocab:Ativo;1.05;urn:fake:diploma:200
diplomaLote199;diplomaLote199;rec:diplomaLote199;DiplomaDigital;Diploma 201;rec:iesEmissoraLote09;rec:iesRegistradoraLote07;rec:diplomadoLote199;Brasileira;rec:localNaturalidadeBr2507507;João Pessoa;2507507;PB;;rec:cursoLote199;rec:registroLote199;rec:assinaturaLote199;rec:codigoValidacaoLote199;rec:historicoLote199;rec:documentacaoAcademicaLote199;2027-10-01;vocab:Revogado;1.05;urn:fake:diploma:201
diplomaLote200;diplomaLote200;rec:diplomaLote200;DiplomaDigital;Diploma 202;rec:iesEmissoraLote10;rec:iesRegistradoraLote08;rec:diplomadoLote200;Japonesa;rec:localNaturalidadeEstrangeiraToquio;;;;Tóquio;rec:cursoLote200;rec:registroLote200;rec:assinaturaLote200;rec:codigoValidacaoLote200;rec:historicoLote200;rec:documentacaoAcademicaLote200;2027-10-04;vocab:Anulado;1.05;urn:fake:diploma:202
diplomaLote201;diplomaLote201;rec:diplomaLote201;DiplomaDigital;Diploma 203;rec:iesEmissoraLote01;rec:iesRegistradoraLote01;rec:diplomadoLote201;Brasileira;rec:localNaturalidadeBr1302603;Manaus;1302603;AM;;rec:cursoLote201;rec:registroLote201;rec:assinaturaLote201;rec:codigoValidacaoLote201;rec:historicoLote201;rec:documentacaoAcademicaLote201;2027-10-07;vocab:Ativo;1.05;urn:fake:diploma:203
diplomaLote202;diplomaLote202;rec:diplomaLote202;DiplomaDigital;Diploma 204;rec:iesEmissoraLote02;rec:iesRegistradoraLote02;rec:diplomadoLote202;Brasileira;rec:localNaturalidadeBr3550308;São Paulo;3550308;SP;;rec:cursoLote202;rec:registroLote202;rec:assinaturaLote202;rec:codigoValidacaoLote202;rec:historicoLote202;rec:documentacaoAcademicaLote202;2027-10-10;vocab:Ativo;1.05;urn:fake:diploma:204
diplomaLote203;diplomaLote203;rec:diplomaLote203;DiplomaDigital;Diploma 205;rec:iesEmissoraLote03;rec:iesRegistradoraLote03;rec:diplomadoLote203;Brasileira;rec:localNaturalidadeBr3204807;São José do Calçado;3204807;ES;;rec:cursoLote203;rec:registroLote203;rec:assinaturaLote203;rec:codigoValidacaoLote203;rec:historicoLote203;rec:documentacaoAcademicaLote203;2027-10-13;vocab:Ativo;1.05;urn:fake:diploma:205
diplomaLote204;diplomaLote204;rec:diplomaLote204;DiplomaDigital;Diploma 206;rec:iesEmissoraLote04;rec:iesRegistradoraLote04;rec:diplomadoLote204;Brasileira;rec:localNaturalidadeBr2704302;Maceió;2704302;AL;;rec:cursoLote204;rec:registroLote204;rec:assinaturaLote204;rec:codigoValidacaoLote204;rec:historicoLote204;rec:documentacaoAcademicaLote204;2027-10-16;vocab:Revogado;1.05;urn:fake:diploma:206
diplomaLote205;diplomaLote205;rec:diplomaLote205;DiplomaDigital;Diploma 207;rec:iesEmissoraLote05;rec:iesRegistradoraLote05;rec:diplomadoLote205;Brasileira;rec:localNaturalidadeBr5002704;Campo Grande;5002704;MS;;rec:cursoLote205;rec:registroLote205;rec:assinaturaLote205;rec:codigoValidacaoLote205;rec:historicoLote205;rec:documentacaoAcademicaLote205;2027-10-19;vocab:Anulado;1.05;urn:fake:diploma:207
diplomaLote206;diplomaLote206;rec:diplomaLote206;DiplomaDigital;Diploma 208;rec:iesEmissoraLote06;rec:iesRegistradoraLote06;rec:diplomadoLote206;Brasileira;rec:localNaturalidadeBr2211001;Teresina;2211001;PI;;rec:cursoLote206;rec:registroLote206;rec:assinaturaLote206;rec:codigoValidacaoLote206;rec:historicoLote206;rec:documentacaoAcademicaLote206;2027-10-22;vocab:Ativo;1.05;urn:fake:diploma:208
diplomaLote207;diplomaLote207;rec:diplomaLote207;DiplomaDigital;Diploma 209;rec:iesEmissoraLote07;rec:iesRegistradoraLote07;rec:diplomadoLote207;Brasileira;rec:localNaturalidadeBr3106200;Belo Horizonte;3106200;MG;;rec:cursoLote207;rec:registroLote207;rec:assinaturaLote207;rec:codigoValidacaoLote207;rec:historicoLote207;rec:documentacaoAcademicaLote207;2027-10-25;vocab:Ativo;1.05;urn:fake:diploma:209
diplomaLote208;diplomaLote208;rec:diplomaLote208;DiplomaDigital;Diploma 210;rec:iesEmissoraLote08;rec:iesRegistradoraLote08;rec:diplomadoLote208;Brasileira;rec:localNaturalidadeBr1400100;Boa Vista;1400100;RR;;rec:cursoLote208;rec:registroLote208;rec:assinaturaLote208;rec:codigoValidacaoLote208;rec:historicoLote208;rec:documentacaoAcademicaLote208;2027-10-28;vocab:Ativo;1.05;urn:fake:diploma:210
diplomaLote209;diplomaLote209;rec:diplomaLote209;DiplomaDigital;Diploma 211;rec:iesEmissoraLote09;rec:iesRegistradoraLote01;rec:diplomadoLote209;Portuguesa;rec:localNaturalidadeEstrangeiraLisboa;;;;Lisboa;rec:cursoLote209;rec:registroLote209;rec:assinaturaLote209;rec:codigoValidacaoLote209;rec:historicoLote209;rec:documentacaoAcademicaLote209;2027-10-31;vocab:Revogado;1.05;urn:fake:diploma:211
diplomaLote210;diplomaLote210;rec:diplomaLote210;DiplomaDigital;Diploma 212;rec:iesEmissoraLote10;rec:iesRegistradoraLote02;rec:diplomadoLote210;Brasileira;rec:localNaturalidadeBr3304557;Rio de Janeiro;3304557;RJ;;rec:cursoLote210;rec:registroLote210;rec:assinaturaLote210;rec:codigoValidacaoLote210;rec:historicoLote210;rec:documentacaoAcademicaLote210;2027-11-03;vocab:Anulado;1.05;urn:fake:diploma:212
diplomaLote211;diplomaLote211;rec:diplomaLote211;DiplomaDigital;Diploma 213;rec:iesEmissoraLote01;rec:iesRegistradoraLote03;rec:diplomadoLote211;Brasileira;rec:localNaturalidadeBr2507507;João Pessoa;2507507;PB;;rec:cursoLote211;rec:registroLote211;rec:assinaturaLote211;rec:codigoValidacaoLote211;rec:historicoLote211;rec:documentacaoAcademicaLote211;2027-11-06;vocab:Ativo;1.05;urn:fake:diploma:213
diplomaLote212;diplomaLote212;rec:diplomaLote212;DiplomaDigital;Diploma 214;rec:iesEmissoraLote02;rec:iesRegistradoraLote04;rec:diplomadoLote212;Brasileira;rec:localNaturalidadeBr4314902;Porto Alegre;4314902;RS;;rec:cursoLote212;rec:registroLote212;rec:assinaturaLote212;rec:codigoValidacaoLote212;rec:historicoLote212;rec:documentacaoAcademicaLote212;2027-11-09;vocab:Ativo;1.05;urn:fake:diploma:214
diplomaLote213;diplomaLote213;rec:diplomaLote213;DiplomaDigital;Diploma 215;rec:iesEmissoraLote03;rec:iesRegistradoraLote05;rec:diplomadoLote213;Brasileira;rec:localNaturalidadeBr5208707;Goiânia;5208707;GO;;rec:cursoLote213;rec:registroLote213;rec:assinaturaLote213;rec:codigoValidacaoLote213;rec:historicoLote213;rec:documentacaoAcademicaLote213;2027-11-12;vocab:Ativo;1.05;urn:fake:diploma:215
diplomaLote214;diplomaLote214;rec:diplomaLote214;DiplomaDigital;Diploma 216;rec:iesEmissoraLote04;rec:iesRegistradoraLote06;rec:diplomadoLote214;Argentina;rec:localNaturalidadeEstrangeiraBuenosAires;;;;Buenos Aires;rec:cursoLote214;rec:registroLote214;rec:assinaturaLote214;rec:codigoValidacaoLote214;rec:historicoLote214;rec:documentacaoAcademicaLote214;2027-11-15;vocab:Revogado;1.05;urn:fake:diploma:216
diplomaLote215;diplomaLote215;rec:diplomaLote215;DiplomaDigital;Diploma 217;rec:iesEmissoraLote05;rec:iesRegistradoraLote07;rec:diplomadoLote215;Brasileira;rec:localNaturalidadeBr3106200;Belo Horizonte;3106200;MG;;rec:cursoLote215;rec:registroLote215;rec:assinaturaLote215;rec:codigoValidacaoLote215;rec:historicoLote215;rec:documentacaoAcademicaLote215;2027-11-18;vocab:Anulado;1.05;urn:fake:diploma:217
diplomaLote216;diplomaLote216;rec:diplomaLote216;DiplomaDigital;Diploma 218;rec:iesEmissoraLote06;rec:iesRegistradoraLote08;rec:diplomadoLote216;Portuguesa;rec:localNaturalidadeEstrangeiraLisboa;;;;Lisboa;rec:cursoLote216;rec:registroLote216;rec:assinaturaLote216;rec:codigoValidacaoLote216;rec:historicoLote216;rec:documentacaoAcademicaLote216;2027-11-21;vocab:Ativo;1.05;urn:fake:diploma:218
diplomaLote217;diplomaLote217;rec:diplomaLote217;DiplomaDigital;Diploma 219;rec:iesEmissoraLote07;rec:iesRegistradoraLote01;rec:diplomadoLote217;Brasileira;rec:localNaturalidadeBr3550308;São Paulo;3550308;SP;;rec:cursoLote217;rec:registroLote217;rec:assinaturaLote217;rec:codigoValidacaoLote217;rec:historicoLote217;rec:documentacaoAcademicaLote217;2027-11-24;vocab:Ativo;1.05;urn:fake:diploma:219
diplomaLote218;diplomaLote218;rec:diplomaLote218;DiplomaDigital;Diploma 220;rec:iesEmissoraLote08;rec:iesRegistradoraLote02;rec:diplomadoLote218;Espanhola;rec:localNaturalidadeEstrangeiraMadri;;;;Madri;rec:cursoLote218;rec:registroLote218;rec:assinaturaLote218;rec:codigoValidacaoLote218;rec:historicoLote218;rec:documentacaoAcademicaLote218;2027-11-27;vocab:Ativo;1.05;urn:fake:diploma:220
diplomaLote219;diplomaLote219;rec:diplomaLote219;DiplomaDigital;Diploma 221;rec:iesEmissoraLote09;rec:iesRegistradoraLote03;rec:diplomadoLote219;Brasileira;rec:localNaturalidadeBr1302603;Manaus;1302603;AM;;rec:cursoLote219;rec:registroLote219;rec:assinaturaLote219;rec:codigoValidacaoLote219;rec:historicoLote219;rec:documentacaoAcademicaLote219;2027-11-30;vocab:Revogado;1.05;urn:fake:diploma:221
diplomaLote220;diplomaLote220;rec:diplomaLote220;DiplomaDigital;Diploma 222;rec:iesEmissoraLote10;rec:iesRegistradoraLote04;rec:diplomadoLote220;Brasileira;rec:localNaturalidadeBr2927408;Salvador;2927408;BA;;rec:cursoLote220;rec:registroLote220;rec:assinaturaLote220;rec:codigoValidacaoLote220;rec:historicoLote220;rec:documentacaoAcademicaLote220;2027-12-03;vocab:Anulado;1.05;urn:fake:diploma:222
diplomaLote221;diplomaLote221;rec:diplomaLote221;DiplomaDigital;Diploma 223;rec:iesEmissoraLote01;rec:iesRegistradoraLote05;rec:diplomadoLote221;Brasileira;rec:localNaturalidadeBr3550308;São Paulo;3550308;SP;;rec:cursoLote221;rec:registroLote221;rec:assinaturaLote221;rec:codigoValidacaoLote221;rec:historicoLote221;rec:documentacaoAcademicaLote221;2027-12-06;vocab:Ativo;1.05;urn:fake:diploma:223
diplomaLote222;diplomaLote222;rec:diplomaLote222;DiplomaDigital;Diploma 224;rec:iesEmissoraLote02;rec:iesRegistradoraLote06;rec:diplomadoLote222;Brasileira;rec:localNaturalidadeBr3550308;São Paulo;3550308;SP;;rec:cursoLote222;rec:registroLote222;rec:assinaturaLote222;rec:codigoValidacaoLote222;rec:historicoLote222;rec:documentacaoAcademicaLote222;2027-12-09;vocab:Ativo;1.05;urn:fake:diploma:224
diplomaLote223;diplomaLote223;rec:diplomaLote223;DiplomaDigital;Diploma 225;rec:iesEmissoraLote03;rec:iesRegistradoraLote07;rec:diplomadoLote223;Brasileira;rec:localNaturalidadeBr3106200;Belo Horizonte;3106200;MG;;rec:cursoLote223;rec:registroLote223;rec:assinaturaLote223;rec:codigoValidacaoLote223;rec:historicoLote223;rec:documentacaoAcademicaLote223;2027-12-12;vocab:Ativo;1.05;urn:fake:diploma:225
diplomaLote224;diplomaLote224;rec:diplomaLote224;DiplomaDigital;Diploma 226;rec:iesEmissoraLote04;rec:iesRegistradoraLote08;rec:diplomadoLote224;Brasileira;rec:localNaturalidadeBr1200401;Rio Branco;1200401;AC;;rec:cursoLote224;rec:registroLote224;rec:assinaturaLote224;rec:codigoValidacaoLote224;rec:historicoLote224;rec:documentacaoAcademicaLote224;2027-12-15;vocab:Revogado;1.05;urn:fake:diploma:226
diplomaLote225;diplomaLote225;rec:diplomaLote225;DiplomaDigital;Diploma 227;rec:iesEmissoraLote05;rec:iesRegistradoraLote01;rec:diplomadoLote225;Brasileira;rec:localNaturalidadeBr2304400;Fortaleza;2304400;CE;;rec:cursoLote225;rec:registroLote225;rec:assinaturaLote225;rec:codigoValidacaoLote225;rec:historicoLote225;rec:documentacaoAcademicaLote225;2027-12-18;vocab:Anulado;1.05;urn:fake:diploma:227
diplomaLote226;diplomaLote226;rec:diplomaLote226;DiplomaDigital;Diploma 228;rec:iesEmissoraLote06;rec:iesRegistradoraLote02;rec:diplomadoLote226;Brasileira;rec:localNaturalidadeBr5300108;Brasília;5300108;DF;;rec:cursoLote226;rec:registroLote226;rec:assinaturaLote226;rec:codigoValidacaoLote226;rec:historicoLote226;rec:documentacaoAcademicaLote226;2027-12-21;vocab:Ativo;1.05;urn:fake:diploma:228
diplomaLote227;diplomaLote227;rec:diplomaLote227;DiplomaDigital;Diploma 229;rec:iesEmissoraLote07;rec:iesRegistradoraLote03;rec:diplomadoLote227;Brasileira;rec:localNaturalidadeBr1501402;Belém;1501402;PA;;rec:cursoLote227;rec:registroLote227;rec:assinaturaLote227;rec:codigoValidacaoLote227;rec:historicoLote227;rec:documentacaoAcademicaLote227;2027-12-24;vocab:Ativo;1.05;urn:fake:diploma:229
diplomaLote228;diplomaLote228;rec:diplomaLote228;DiplomaDigital;Diploma 230;rec:iesEmissoraLote08;rec:iesRegistradoraLote04;rec:diplomadoLote228;Brasileira;rec:localNaturalidadeBr5002704;Campo Grande;5002704;MS;;rec:cursoLote228;rec:registroLote228;rec:assinaturaLote228;rec:codigoValidacaoLote228;rec:historicoLote228;rec:documentacaoAcademicaLote228;2027-12-27;vocab:Ativo;1.05;urn:fake:diploma:230
diplomaLote229;diplomaLote229;rec:diplomaLote229;DiplomaDigital;Diploma 231;rec:iesEmissoraLote09;rec:iesRegistradoraLote05;rec:diplomadoLote229;Brasileira;rec:localNaturalidadeBr3106200;Belo Horizonte;3106200;MG;;rec:cursoLote229;rec:registroLote229;rec:assinaturaLote229;rec:codigoValidacaoLote229;rec:historicoLote229;rec:documentacaoAcademicaLote229;2027-12-30;vocab:Revogado;1.05;urn:fake:diploma:231
diplomaLote230;diplomaLote230;rec:diplomaLote230;DiplomaDigital;Diploma 232;rec:iesEmissoraLote10;rec:iesRegistradoraLote06;rec:diplomadoLote230;Brasileira;rec:localNaturalidadeBr5208707;Goiânia;5208707;GO;;rec:cursoLote230;rec:registroLote230;rec:assinaturaLote230;rec:codigoValidacaoLote230;rec:historicoLote230;rec:documentacaoAcademicaLote230;2028-01-02;vocab:Anulado;1.05;urn:fake:diploma:232
diplomaLote231;diplomaLote231;rec:diplomaLote231;DiplomaDigital;Diploma 233;rec:iesEmissoraLote01;rec:iesRegistradoraLote07;rec:diplomadoLote231;Brasileira;rec:localNaturalidadeBr3550308;São Paulo;3550308;SP;;rec:cursoLote231;rec:registroLote231;rec:assinaturaLote231;rec:codigoValidacaoLote231;rec:historicoLote231;rec:documentacaoAcademicaLote231;2028-01-05;vocab:Ativo;1.05;urn:fake:diploma:233
diplomaLote232;diplomaLote232;rec:diplomaLote232;DiplomaDigital;Diploma 234;rec:iesEmissoraLote02;rec:iesRegistradoraLote08;rec:diplomadoLote232;Brasileira;rec:localNaturalidadeBr2304400;Fortaleza;2304400;CE;;rec:cursoLote232;rec:registroLote232;rec:assinaturaLote232;rec:codigoValidacaoLote232;rec:historicoLote232;rec:documentacaoAcademicaLote232;2028-01-08;vocab:Ativo;1.05;urn:fake:diploma:234
diplomaLote233;diplomaLote233;rec:diplomaLote233;DiplomaDigital;Diploma 235;rec:iesEmissoraLote03;rec:iesRegistradoraLote01;rec:diplomadoLote233;Brasileira;rec:localNaturalidadeBr2507507;João Pessoa;2507507;PB;;rec:cursoLote233;rec:registroLote233;rec:assinaturaLote233;rec:codigoValidacaoLote233;rec:historicoLote233;rec:documentacaoAcademicaLote233;2028-01-11;vocab:Ativo;1.05;urn:fake:diploma:235
diplomaLote234;diplomaLote234;rec:diplomaLote234;DiplomaDigital;Diploma 236;rec:iesEmissoraLote04;rec:iesRegistradoraLote02;rec:diplomadoLote234;Brasileira;rec:localNaturalidadeBr3550308;São Paulo;3550308;SP;;rec:cursoLote234;rec:registroLote234;rec:assinaturaLote234;rec:codigoValidacaoLote234;rec:historicoLote234;rec:documentacaoAcademicaLote234;2028-01-14;vocab:Revogado;1.05;urn:fake:diploma:236
diplomaLote235;diplomaLote235;rec:diplomaLote235;DiplomaDigital;Diploma 237;rec:iesEmissoraLote05;rec:iesRegistradoraLote03;rec:diplomadoLote235;Brasileira;rec:localNaturalidadeBr5300108;Brasília;5300108;DF;;rec:cursoLote235;rec:registroLote235;rec:assinaturaLote235;rec:codigoValidacaoLote235;rec:historicoLote235;rec:documentacaoAcademicaLote235;2028-01-17;vocab:Anulado;1.05;urn:fake:diploma:237
diplomaLote236;diplomaLote236;rec:diplomaLote236;DiplomaDigital;Diploma 238;rec:iesEmissoraLote06;rec:iesRegistradoraLote04;rec:diplomadoLote236;Brasileira;rec:localNaturalidadeBr2611606;Recife;2611606;PE;;rec:cursoLote236;rec:registroLote236;rec:assinaturaLote236;rec:codigoValidacaoLote236;rec:historicoLote236;rec:documentacaoAcademicaLote236;2028-01-20;vocab:Ativo;1.05;urn:fake:diploma:238
diplomaLote237;diplomaLote237;rec:diplomaLote237;DiplomaDigital;Diploma 239;rec:iesEmissoraLote07;rec:iesRegistradoraLote05;rec:diplomadoLote237;Brasileira;rec:localNaturalidadeBr3550308;São Paulo;3550308;SP;;rec:cursoLote237;rec:registroLote237;rec:assinaturaLote237;rec:codigoValidacaoLote237;rec:historicoLote237;rec:documentacaoAcademicaLote237;2028-01-23;vocab:Ativo;1.05;urn:fake:diploma:239
diplomaLote238;diplomaLote238;rec:diplomaLote238;DiplomaDigital;Diploma 240;rec:iesEmissoraLote08;rec:iesRegistradoraLote06;rec:diplomadoLote238;Cabo-verdiana;rec:localNaturalidadeEstrangeiraPraia;;;;Praia;rec:cursoLote238;rec:registroLote238;rec:assinaturaLote238;rec:codigoValidacaoLote238;rec:historicoLote238;rec:documentacaoAcademicaLote238;2028-01-26;vocab:Ativo;1.05;urn:fake:diploma:240
diplomaLote239;diplomaLote239;rec:diplomaLote239;DiplomaDigital;Diploma 241;rec:iesEmissoraLote09;rec:iesRegistradoraLote07;rec:diplomadoLote239;Brasileira;rec:localNaturalidadeBr1501402;Belém;1501402;PA;;rec:cursoLote239;rec:registroLote239;rec:assinaturaLote239;rec:codigoValidacaoLote239;rec:historicoLote239;rec:documentacaoAcademicaLote239;2028-01-29;vocab:Revogado;1.05;urn:fake:diploma:241
diplomaLote240;diplomaLote240;rec:diplomaLote240;DiplomaDigital;Diploma 242;rec:iesEmissoraLote10;rec:iesRegistradoraLote08;rec:diplomadoLote240;Brasileira;rec:localNaturalidadeBr2304400;Fortaleza;2304400;CE;;rec:cursoLote240;rec:registroLote240;rec:assinaturaLote240;rec:codigoValidacaoLote240;rec:historicoLote240;rec:documentacaoAcademicaLote240;2028-02-01;vocab:Anulado;1.05;urn:fake:diploma:242
diplomaLote241;diplomaLote241;rec:diplomaLote241;DiplomaDigital;Diploma 243;rec:iesEmissoraLote01;rec:iesRegistradoraLote01;rec:diplomadoLote241;Brasileira;rec:localNaturalidadeBr1600303;Macapá;1600303;AP;;rec:cursoLote241;rec:registroLote241;rec:assinaturaLote241;rec:codigoValidacaoLote241;rec:historicoLote241;rec:documentacaoAcademicaLote241;2028-02-04;vocab:Ativo;1.05;urn:fake:diploma:243
diplomaLote242;diplomaLote242;rec:diplomaLote242;DiplomaDigital;Diploma 244;rec:iesEmissoraLote02;rec:iesRegistradoraLote02;rec:diplomadoLote242;Brasileira;rec:localNaturalidadeBr5208707;Goiânia;5208707;GO;;rec:cursoLote242;rec:registroLote242;rec:assinaturaLote242;rec:codigoValidacaoLote242;rec:historicoLote242;rec:documentacaoAcademicaLote242;2028-02-07;vocab:Ativo;1.05;urn:fake:diploma:244
diplomaLote243;diplomaLote243;rec:diplomaLote243;DiplomaDigital;Diploma 245;rec:iesEmissoraLote03;rec:iesRegistradoraLote03;rec:diplomadoLote243;Brasileira;rec:localNaturalidadeBr3304557;Rio de Janeiro;3304557;RJ;;rec:cursoLote243;rec:registroLote243;rec:assinaturaLote243;rec:codigoValidacaoLote243;rec:historicoLote243;rec:documentacaoAcademicaLote243;2028-02-10;vocab:Ativo;1.05;urn:fake:diploma:245
diplomaLote244;diplomaLote244;rec:diplomaLote244;DiplomaDigital;Diploma 246;rec:iesEmissoraLote04;rec:iesRegistradoraLote04;rec:diplomadoLote244;Brasileira;rec:localNaturalidadeBr3106200;Belo Horizonte;3106200;MG;;rec:cursoLote244;rec:registroLote244;rec:assinaturaLote244;rec:codigoValidacaoLote244;rec:historicoLote244;rec:documentacaoAcademicaLote244;2028-02-13;vocab:Revogado;1.05;urn:fake:diploma:246
diplomaLote245;diplomaLote245;rec:diplomaLote245;DiplomaDigital;Diploma 247;rec:iesEmissoraLote05;rec:iesRegistradoraLote05;rec:diplomadoLote245;Brasileira;rec:localNaturalidadeBr4106902;Curitiba;4106902;PR;;rec:cursoLote245;rec:registroLote245;rec:assinaturaLote245;rec:codigoValidacaoLote245;rec:historicoLote245;rec:documentacaoAcademicaLote245;2028-02-16;vocab:Anulado;1.05;urn:fake:diploma:247
diplomaLote246;diplomaLote246;rec:diplomaLote246;DiplomaDigital;Diploma 248;rec:iesEmissoraLote06;rec:iesRegistradoraLote06;rec:diplomadoLote246;Brasileira;rec:localNaturalidadeBr3550308;São Paulo;3550308;SP;;rec:cursoLote246;rec:registroLote246;rec:assinaturaLote246;rec:codigoValidacaoLote246;rec:historicoLote246;rec:documentacaoAcademicaLote246;2028-02-19;vocab:Ativo;1.05;urn:fake:diploma:248
diplomaLote247;diplomaLote247;rec:diplomaLote247;DiplomaDigital;Diploma 249;rec:iesEmissoraLote07;rec:iesRegistradoraLote07;rec:diplomadoLote247;Brasileira;rec:localNaturalidadeBr2304400;Fortaleza;2304400;CE;;rec:cursoLote247;rec:registroLote247;rec:assinaturaLote247;rec:codigoValidacaoLote247;rec:historicoLote247;rec:documentacaoAcademicaLote247;2028-02-22;vocab:Ativo;1.05;urn:fake:diploma:249
diplomaLote248;diplomaLote248;rec:diplomaLote248;DiplomaDigital;Diploma 250;rec:iesEmissoraLote08;rec:iesRegistradoraLote08;rec:diplomadoLote248;Brasileira;rec:localNaturalidadeBr1400100;Boa Vista;1400100;RR;;rec:cursoLote248;rec:registroLote248;rec:assinaturaLote248;rec:codigoValidacaoLote248;rec:historicoLote248;rec:documentacaoAcademicaLote248;2028-02-25;vocab:Ativo;1.05;urn:fake:diploma:250
diplomaLote249;diplomaLote249;rec:diplomaLote249;DiplomaDigital;Diploma 251;rec:iesEmissoraLote09;rec:iesRegistradoraLote01;rec:diplomadoLote249;Brasileira;rec:localNaturalidadeBr2611606;Recife;2611606;PE;;rec:cursoLote249;rec:registroLote249;rec:assinaturaLote249;rec:codigoValidacaoLote249;rec:historicoLote249;rec:documentacaoAcademicaLote249;2028-02-28;vocab:Revogado;1.05;urn:fake:diploma:251
diplomaLote250;diplomaLote250;rec:diplomaLote250;DiplomaDigital;Diploma 252;rec:iesEmissoraLote10;rec:iesRegistradoraLote02;rec:diplomadoLote250;Brasileira;rec:localNaturalidadeBr3204807;São José do Calçado;3204807;ES;;rec:cursoLote250;rec:registroLote250;rec:assinaturaLote250;rec:codigoValidacaoLote250;rec:historicoLote250;rec:documentacaoAcademicaLote250;2028-03-02;vocab:Anulado;1.05;urn:fake:diploma:252
